canonical_smiles,molecule_chembl_id,standard_value,value
CC(C)C[C@H](NC(=O)[C@@H](NC(=O)[C@@H](N)CCC(=O)O)C(C)C)C(=O)N[C@@H](Cc1ccccc1)[C@@H](O)C(=O)N[C@@H](CC(=O)O)C(=O)N[C@@H](C)C(=O)N[C@@H](CCC(=O)O)C(=O)N[C@@H](Cc1ccccc1)C(=O)O,CHEMBL406146,413.0,413.0
CC(C)C[C@H](NC(=O)[C@H](CC(N)=O)NC(=O)[C@@H](NC(=O)[C@@H](N)CCC(=O)O)C(C)C)[C@@H](O)C[C@@H](C)C(=O)N[C@@H](C)C(=O)N[C@@H](CCC(=O)O)C(=O)N[C@@H](Cc1ccccc1)C(=O)O,CHEMBL78946,2.0,0.002
CCC(C)C[C@H](NC(=O)[C@H](CC(C)C)NC(C)=O)[C@@H](O)CC(=O)NC(CCSC)[C@@H](O)CC(=O)N[C@H](C(=O)NCc1ccc(C(=O)O)cc1)C(C)C,CHEMBL324109,460.0,0.46
CC(=O)NCC(=O)N[C@@H](Cc1ccccc1)[C@@H](O)CC(=O)N[C@@H](CC1CCCCC1)[C@@H](O)CC(=O)N[C@H](C(=O)NCc1ccc(C(=O)O)cc1)C(C)C,CHEMBL114147,9000.0,9.0
CC(=O)N[C@@H](Cc1ccccc1)C(=O)N[C@@H](Cc1ccccc1)[C@@H](O)CC(=O)N[C@@H](CC1CCCCC1)[C@@H](O)CC(=O)N[C@H](C(=O)NCc1ccc(C(=O)O)cc1)C(C)C,CHEMBL419949,5600.0,5.6
CCC(C)C[C@H](NC(=O)[C@H](CC(C)C)NC(C)=O)[C@@H](O)CC(=O)NC(CC[S+](C)[O-])[C@@H](O)CC(=O)N[C@H](C(=O)NCc1ccc(C(=O)O)cc1)C(C)C,CHEMBL116826,34000.0,34.0
CC(C)[C@H](NC(=O)C[C@H](O)[C@H](Cc1cc(F)cc(F)c1)NC(=O)C(O)c1ccccc1-c1ccccc1)C(=O)Nc1cc(C(=O)O)cc(C(=O)O)c1,CHEMBL143239,20.0,0.02
CCC(C)C[C@H](NC(=O)[C@H](CC(C)C)NC(C)=O)[C@@H](O)CC(=O)N[C@@H](Cc1ccccc1)[C@@H](O)CC(=O)N[C@H](C(=O)NCc1ccc(C(=O)O)cc1)C(C)C,CHEMBL332948,21.0,0.021
CSCC[C@H](NC(=O)[C@@H](NC(C)=O)C(C)C)C(=O)N[C@@H](CC(C)C)[C@@H](O)CC(=O)N[C@H](C(=O)N[C@@H](C)C(=O)N[C@@H](CCC(=O)O)C(=O)N[C@@H](Cc1ccccc1)C(=O)O)C(C)C,CHEMBL51386,300.0,0.3
CC(=O)N[C@@H](CC(C)C)C(=O)N[C@@H](Cc1ccccc1)[C@@H](O)CC(=O)N[C@@H](CC1CCCCC1)[C@@H](O)CC(=O)N[C@H](C(=O)NCc1ccc(C(=O)O)cc1)C(C)C,CHEMBL332260,50.0,0.05
CCC(O)[C@H](NC(=O)[C@@H](N)CCCN)C(=O)N[C@@H](CCC(=O)O)C(=O)N[C@@H](CCC(=O)O)C(=O)N[C@H](C(=O)N[C@@H](CO)C(=O)N[C@@H](CCC(=O)O)C(=O)N[C@H](C(=O)N[C@@H](CCSC)C(=O)N[C@@H](CC(C)C)[C@@H](O)CC(=O)N[C@H](C(=O)N[C@@H](C)C(=O)N[C@@H](CCC(=O)O)C(=O)N[C@@H](Cc1ccccc1)C(=O)O)C(C)C)C(C)C)[C@@H](C)CC,CHEMBL2370886,30.0,0.03
c1ccc(-c2ccc(COc3ccc4c(c3)CCC(CCN3CCCCC3)C4)cc2)cc1,CHEMBL142715,350.0,0.35
CC(C)[C@H](NC(=O)C[C@H](O)[C@H](CC1CCCCC1)NC(=O)C[C@H](O)[C@H](Cc1ccccc1)NC(=O)OC(C)(C)C)C(=O)NCc1ccc(C(=O)O)cc1,CHEMBL326488,100000.0,100.0
CSCC[C@H](NC(=O)[C@@H](NC(=O)OC(C)(C)C)C(C)C)C(=O)N[C@@H](CC(C)C)[C@@H](O)C[C@@H](C)C(=O)N[C@H](C(=O)NCc1ccccc1)C(C)C,CHEMBL290001,2.0,0.002
CC(=O)N[C@@H](CCC(=O)O)C(=O)N[C@@H](Cc1ccccc1)[C@@H](O)CC(=O)N[C@@H](CC1CCCCC1)[C@@H](O)CC(=O)N[C@H](C(=O)NCc1ccc(C(=O)O)cc1)C(C)C,CHEMBL324122,42000.0,42.0
CC(C)[C@H](NC(=O)C[C@H](O)[C@H](CC1CCCCC1)NC(=O)C[C@H](O)[C@H](Cc1ccccc1)NC(=O)[C@@H]1CCCN1)C(=O)NCc1ccc(C(=O)O)cc1,CHEMBL114169,1300.0,1.3
COC(=O)c1cc(NC(=O)[C@@H](NC(=O)C[C@H](O)[C@H](Cc2cc(F)cc(F)c2)NC(=O)C(O)c2ccccc2-c2ccccc2)C(C)C)cc(C(=O)OC)c1,CHEMBL143687,120.0,0.12
CCC(C)C[C@H](NC(=O)C[C@H](O)[C@H](Cc1ccccc1)NC(=O)[C@H](CC(C)C)NC(C)=O)[C@@H](O)CC(=O)N[C@H](C(=O)NCc1ccc(C(=O)O)cc1)C(C)C,CHEMBL309438,650.0,0.65
CC(C)[C@H](NC(=O)C[C@H](O)[C@H](CC1CCCCC1)NC(=O)C[C@H](O)[C@@H](N)Cc1ccccc1)C(=O)NCc1ccc(C(=O)O)cc1,CHEMBL332713,100000.0,100.0
CC(C)[C@H](F)C(=O)N[C@@H](C)C(=O)N[C@@H](Cc1ccccc1)[C@@H](O)C[C@@H](C)C(=O)N[C@H](C(=O)NCc1ccncc1)C(C)C,CHEMBL82270,1130.0,1130.0
CC(C)[C@H](N)C(=O)N[C@@H](C)C(=O)N[C@@H](Cc1ccccc1)[C@@H](O)C[C@@H](C)C(=O)N[C@H](C(=O)NCc1ccncc1)C(C)C,CHEMBL138386,190.0,190.0
CC[C@H](C)[C@H](O)C(=O)N[C@@H](CCC(F)F)C(=O)N[C@@H](Cc1ccccc1)[C@@H](O)C[C@@H](CCC(F)F)C(=O)N[C@H](C(=O)NCc1ccncc1)C(C)C,CHEMBL432560,45.0,0.045
CC(C)CC(=O)N[C@@H](C)C(=O)N[C@@H](Cc1ccccc1)[C@@H](O)C[C@@H](C)C(=O)N[C@H](C(=O)NCc1ccncc1)C(C)C,CHEMBL84835,1740.0,1740.0
CC(C)[C@H](O)C(=O)N[C@@H](C)C(=O)N[C@@H](Cc1ccccc1)[C@@H](O)C[C@@H](C)C(=O)N[C@H](C(=O)NCc1ccccc1)C(C)C,CHEMBL316181,37.0,0.037
CC(C)[C@H](NC(=O)[C@H](C)C[C@H](O)[C@H](Cc1ccccc1)NC(=O)[C@H](C)NC(=O)[C@@H](O)CC(F)(F)F)C(=O)NCc1ccncc1,CHEMBL84022,220.0,0.22
CC[C@H](C)[C@H](O)C(=O)N[C@@H](CCCF)C(=O)N[C@@H](Cc1ccccc1)[C@@H](O)C[C@@H](CCCF)C(=O)N[C@H](C(=O)NCc1ccncc1)C(C)C,CHEMBL433329,67.0,0.067
CC(C)C[C@H](O)C(=O)N[C@@H](C)C(=O)N[C@@H](Cc1ccccc1)[C@@H](O)C[C@@H](C)C(=O)N[C@H](C(=O)NCc1ccncc1)C(C)C,CHEMBL82102,230.0,0.23
CC[C@H](C[C@H](O)[C@H](Cc1ccccc1)NC(=O)[C@H](C)NC(=O)[C@@H](O)C(C)C)C(=O)N[C@H](C(=O)N[C@@H](C)c1ccccc1)C(C)C,CHEMBL84249,60.0,0.06
CC(C)[C@H](NC(=O)OC(C)(C)C)C(=O)N[C@@H](C)C(=O)N[C@@H](Cc1ccccc1)[C@@H](O)C[C@@H](C)C(=O)N[C@H](C(=O)NCc1ccncc1)C(C)C,CHEMBL81671,82.0,82.0
CC(C)[C@H](O)C(=O)N[C@@H](C)C(=O)N[C@@H](Cc1ccccc1)[C@@H](O)C[C@@H](C)C(=O)N[C@H](C(=O)NCc1ccncc1)C(C)C,CHEMBL312058,130.0,130.0
CC[C@H](C)[C@H](O)C(=O)N[C@@H](C)C(=O)N[C@@H](Cc1ccccc1)[C@@H](O)C[C@@H](C)C(=O)N[C@H](C(=O)NCc1ccncc1)C(C)C,CHEMBL1790644,35.0,0.035
CC(C)[C@H](O)C(=O)N[C@@H](CO)C(=O)N[C@@H](Cc1ccccc1)[C@@H](O)C[C@@H](C)C(=O)N[C@H](C(=O)NCc1ccncc1)C(C)C,CHEMBL33724,350.0,0.35
CC(C)[C@H](O)C(=O)N[C@@H](COC(C)(C)C)C(=O)N[C@@H](Cc1ccccc1)[C@@H](O)C[C@@H](C)C(=O)N[C@H](C(=O)NCc1ccncc1)C(C)C,CHEMBL85378,4490.0,4.49
CC(C)[C@H](O)C(=O)N[C@H](C(=O)N[C@@H](Cc1ccccc1)[C@@H](O)C[C@@H](C)C(=O)N[C@H](C(=O)NCc1ccncc1)C(C)C)C(C)C,CHEMBL312956,4640.0,4.64
CCC[C@H](NC(=O)[C@@H](O)C(C)C)C(=O)N[C@@H](Cc1ccccc1)[C@@H](O)C[C@@H](C)C(=O)N[C@H](C(=O)NCc1ccncc1)C(C)C,CHEMBL84834,550.0,0.55
CSCC[C@H](NC(=O)[C@@H](O)C(C)C)C(=O)N[C@@H](Cc1ccccc1)[C@@H](O)C[C@@H](C)C(=O)N[C@H](C(=O)NCc1ccncc1)C(C)C,CHEMBL82352,350.0,0.35
CC[C@H](C)[C@H](O)C(=O)N[C@@H](CC(C)C)C(=O)N[C@@H](Cc1ccccc1)[C@@H](O)C[C@@H](CC(C)C)C(=O)N[C@H](C(=O)NCc1ccncc1)C(C)C,CHEMBL280244,176.0,0.176
CC[C@H](C[C@H](O)[C@H](Cc1ccccc1)NC(=O)[C@H](C)NC(=O)[C@@H](O)C(C)C)C(=O)N[C@H](C(=O)N[C@H](C)c1ccccc1)C(C)C,CHEMBL82504,100.0,0.1
CC[C@H](C)[C@H](O)C(=O)N[C@@H](CC(F)F)C(=O)N[C@@H](Cc1ccccc1)[C@@H](O)C[C@@H](CC(F)F)C(=O)N[C@H](C(=O)NCc1ccncc1)C(C)C,CHEMBL85379,3180.0,3.18
CC(C)[C@H](NC(=O)OC(C)(C)C)C(=O)N[C@H](C)C(=O)N[C@@H](Cc1ccccc1)[C@@H](O)C[C@@H](C)C(=O)N[C@H](C(=O)NCc1ccncc1)C(C)C,CHEMBL2114169,1058.0,1058.0
CCC[C@H](NC(=O)OC(C)(C)C)C(=O)N[C@@H](CCSC)C(=O)N[C@@H](Cc1ccccc1)[C@@H](O)C[C@@H](C)C(=O)N[C@H](C(=O)NCc1ccncc1)C(C)C,CHEMBL81037,60.0,60.0
CCC[C@H](NC(=O)OC(C)(C)C)C(=O)N[C@@H](C)C(=O)N[C@@H](Cc1ccccc1)[C@@H](O)C[C@@H](C)C(=O)N[C@H](C(=O)NCc1ccncc1)C(C)C,CHEMBL78781,41.0,41.0
CC(C)[C@H](NC(=O)[C@H](C)C[C@H](O)[C@H](Cc1ccccc1)NC(=O)[C@H](C)NC(=O)[C@H](CC(F)F)NC(=O)OC(C)(C)C)C(=O)NCc1ccncc1,CHEMBL81490,45.0,45.0
COCC[C@H](NC(=O)OC(C)(C)C)C(=O)N[C@@H](C)C(=O)N[C@@H](Cc1ccccc1)[C@@H](O)C[C@@H](C)C(=O)N[C@H](C(=O)NCc1ccncc1)C(C)C,CHEMBL82593,705.0,705.0
CC[C@H](NC(=O)OC(C)(C)C)C(=O)N[C@@H](C)C(=O)N[C@@H](Cc1ccccc1)[C@@H](O)C[C@@H](C)C(=O)N[C@H](C(=O)NCc1ccncc1)C(C)C,CHEMBL78459,75.0,75.0
CC(C)[C@H](NC(=O)[C@H](C)C[C@H](O)[C@H](Cc1ccccc1)NC(=O)[C@H](C)NC(=O)[C@H](CCN(C)C)NC(=O)OC(C)(C)C)C(=O)NCc1ccncc1,CHEMBL81518,89000.0,89.0
CC(C)C[C@H](NC(=O)OC(C)(C)C)C(=O)N[C@@H](C)C(=O)N[C@@H](Cc1ccccc1)[C@@H](O)C[C@@H](C)C(=O)N[C@H](C(=O)NCc1ccncc1)C(C)C,CHEMBL309884,63.0,63.0
CSCC[C@H](NC(=O)[C@@H](NC(=O)OC(C)(C)C)C(C)C)C(=O)N[C@@H](Cc1ccccc1)[C@@H](O)C[C@@H](C)C(=O)N[C@H](C(=O)NCc1ccncc1)C(C)C,CHEMBL310452,70.0,70.0
CC(C)[C@H](NC(=O)[C@@H](N)CCC(=O)O)C(=O)N[C@@H](CC(N)=O)C(=O)N[C@@H](CC1CCCCC1)[C@@H](O)C[C@H](C(=O)N[C@H](C)C(=O)N[C@H](CCC(=O)O)C(=O)N[C@H](Cc1ccccc1)C(=O)O)C(C)(C)O,CHEMBL311262,49.0,49.0
COCC[C@H](NC(=O)[C@@H](NC(=O)OC(C)(C)C)C(C)C)C(=O)N[C@@H](Cc1ccccc1)[C@@H](O)C[C@@H](C)C(=O)N[C@H](C(=O)NCc1ccncc1)C(C)C,CHEMBL314014,127.0,127.0
CC[C@@H](C)[C@H](NC(=O)OC(C)(C)C)C(=O)N[C@@H](C)C(=O)N[C@@H](Cc1ccccc1)[C@@H](O)C[C@@H](C)C(=O)N[C@H](C(=O)NCc1ccncc1)C(C)C,CHEMBL1790594,42.0,42.0
CC(C)[C@H](NC(=O)[C@H](C)C[C@H](O)[C@H](Cc1ccccc1)NC(=O)[C@H](C)NC(=O)[C@H](CC(F)(F)C(F)F)NC(=O)OC(C)(C)C)C(=O)NCc1ccncc1,CHEMBL82607,281.0,281.0
CC(C)[C@H](NC(=O)[C@H](C)C[C@H](O)[C@H](Cc1ccccc1)NC(=O)[C@H](C)NC(=O)[C@H](CCCC(F)(F)F)NC(=O)OC(C)(C)C)C(=O)NCc1ccncc1,CHEMBL309296,419.0,419.0
CSCC[C@H](NC(=O)[C@@H](NC(=O)OC(C)(C)C)C(C)C)C(=O)N[C@@H](Cc1ccccc1)[C@@H](O)C[C@@H](C)C(=O)N[C@H](C(=O)NCc1ccccc1)C(C)C,CHEMBL312277,28.0,28.0
COC[C@H](NC(=O)OC(C)(C)C)C(=O)N[C@@H](C)C(=O)N[C@@H](Cc1ccccc1)[C@@H](O)C[C@@H](C)C(=O)N[C@H](C(=O)NCc1ccncc1)C(C)C,CHEMBL82594,118.0,118.0
CC(C)[C@H](NC(=O)[C@H](C)C[C@H](O)[C@H](Cc1ccccc1)NC(=O)[C@H](C)NC(=O)[C@H](CN(C)C)NC(=O)OC(C)(C)C)C(=O)NCc1ccncc1,CHEMBL81218,2530.0,2.53
CC(C)C[C@H](NC(=O)[C@H](CC(N)=O)NC(=O)[C@@H](NC(=O)[C@@H](N)CCC(=O)O)C(C)C)C(O)CC(=O)N[C@H](C(=O)N[C@@H](C)C(=O)N[C@@H](CCC(=O)O)C(=O)N[C@@H](Cc1ccccc1)C(=O)O)C(C)C,CHEMBL2370116,40.0,0.04
CSCC[C@H](NC(=O)[C@@H](NC(C)=O)C(C)C)C(=O)N[C@@H](CC(C)C)C(O)CC(=O)N[C@H](C(=O)N[C@@H](C)C(=O)N[C@@H](CCC(=O)O)C(=O)N[C@@H](C)C(=O)O)C(C)C,CHEMBL2370107,1200.0,1.2
CSCC[C@H](NC(=O)[C@@H](NC(C)=O)C(C)C)C(=O)N[C@@H](CC(C)C)C(O)CC(=O)N[C@H](C(=O)N[C@@H](C)C(=O)N[C@@H](CCC(=O)O)C(=O)N[C@@H](C)C(=O)O)C(C)(C)C,CHEMBL2370115,20000.0,20.0
CSCC[C@H](NC(=O)[C@@H](NC(C)=O)C(C)C)C(=O)NC(CC(C)C)C(O)CC(=O)N[C@H](C(=O)N[C@@H](C)C(=O)N[C@@H](CCC(=O)O)C(=O)O)C(C)C,CHEMBL327386,1000.0,1.0
CC[C@H](C)[C@H](NC(=O)[C@H](CCC(=O)O)NC(=O)[C@H](CCC(=O)O)NC(=O)[C@@H](NC(=O)[C@@H](N)CCCCN)[C@@H](C)O)C(=O)N[C@@H](CO)C(=O)N[C@@H](CCC(=O)O)C(=O)N[C@H](C(=O)N[C@@H](CC(N)=O)C(=O)N[C@@H](CC(C)C)[C@H](CC(=O)N[C@@H](CC(=O)O)C(=O)N[C@@H](C)C(=O)N[C@@H](CCC(=O)O)C(=O)N[C@@H](Cc1ccccc1)C(=O)O)OC(C)=O)C(C)C,CHEMBL2370123,200000.0,200.0
CSCC[C@H](NC(=O)[C@@H](NC(C)=O)C(C)C)C(=O)N[C@@H](CC1CCCCC1)C(O)CC(=O)N[C@H](C(=O)N[C@@H](C)C(=O)N[C@@H](CCC(=O)O)C(=O)N[C@@H](Cc1ccccc1)C(=O)O)C(C)C,CHEMBL89118,5000.0,5.0
CC[C@H](C)[C@H](NC(=O)[C@H](CCC(=O)O)NC(=O)[C@H](CCC(=O)O)NC(=O)[C@@H](NC(=O)[C@H](CCCCN)NC(=O)[C@@H](NC(=O)[C@H](CC(N)=O)NC(=O)[C@@H](N)[C@@H](C)O)[C@@H](C)CC)[C@@H](C)O)C(=O)N[C@@H](CO)C(=O)N[C@@H](CCC(=O)O)C(=O)N[C@H](C(=O)N[C@@H](CC(N)=O)C(=O)N[C@H](C(=O)N[C@@H](CC(=O)O)C(=O)N[C@@H](C)C(=O)N[C@@H](CCC(=O)O)C(=O)N[C@@H](Cc1ccccc1)C(=O)N[C@@H](CCCN=C(N)N)C(=O)O)C(C)C)C(C)C,CHEMBL405443,200000.0,200.0
CC[C@H](C)[C@H](NC(=O)[C@H](CCC(=O)O)NC(=O)[C@H](CCC(=O)O)NC(=O)[C@@H](NC(=O)[C@H](CCCCN)NC(=O)[C@@H](NC(=O)[C@H](CC(N)=O)NC(=O)[C@@H](N)[C@@H](C)O)[C@@H](C)CC)[C@@H](C)O)C(=O)N[C@@H](CO)C(=O)N[C@@H](CCC(=O)O)C(=O)N[C@H](C(=O)N[C@@H](CC(N)=O)C(=O)N[C@@H](CC(C)C)C(=O)N[C@@H](CCCCN)C(=O)N[C@@H](C)C(=O)N[C@@H](CCC(=O)O)C(=O)N[C@@H](Cc1ccccc1)C(=O)N[C@@H](CCCN=C(N)N)C(=O)O)C(C)C,CHEMBL406089,40000.0,40.0
CC[C@H](C)[C@H](NC(=O)[C@H](CCC(=O)O)NC(=O)[C@H](CCC(=O)O)NC(=O)[C@@H](NC(=O)[C@H](CCCCN)NC(=O)[C@@H](NC(=O)[C@H](CC(N)=O)NC(=O)[C@@H](N)[C@@H](C)O)[C@@H](C)CC)[C@@H](C)O)C(=O)N[C@@H](CO)C(=O)N[C@@H](CCC(=O)O)C(=O)N[C@H](C(=O)N[C@@H](CC(N)=O)C(=O)N[C@@H](CC(C)C)C(=O)N[C@@H](Cc1ccccc1)C(=O)N[C@@H](C)C(=O)N[C@@H](CCC(=O)O)C(=O)N[C@@H](Cc1ccccc1)C(=O)N[C@@H](CCCN=C(N)N)C(=O)O)C(C)C,CHEMBL263333,40000.0,40.0
CC(C)C[C@H](NC(=O)[C@H](CC(N)=O)NC(=O)[C@H](C)NC(=O)[C@@H](N)CCC(=O)O)C(O)CC(=O)N[C@H](C(=O)N[C@@H](C)C(=O)N[C@@H](CCC(=O)O)C(=O)N[C@@H](Cc1ccccc1)C(=O)O)C(C)C,CHEMBL2370117,2500.0,2.5
CC[C@H](C)[C@H](NC(=O)[C@H](CCC(=O)O)NC(=O)[C@H](CCC(=O)O)NC(=O)[C@@H](NC(=O)[C@@H](N)CCCCN)[C@@H](C)O)C(=O)N[C@@H](CO)C(=O)N[C@@H](CCC(=O)O)C(=O)N[C@H](C(=O)N[C@@H](CC(N)=O)C(=O)N[C@@H](CC(C)C)[C@H](O)CC(=O)N[C@@H](CC(=O)O)C(=O)N[C@@H](C)C(=O)N[C@@H](CCC(=O)O)C(=O)N[C@@H](Cc1ccccc1)C(=O)O)C(C)C,CHEMBL2370095,200000.0,200.0
CC(C)C[C@H](NC(=O)[C@H](CC(N)=O)NC(=O)[C@@H](N)C(C)C)C(O)CC(=O)N[C@H](C(=O)N[C@@H](C)C(=O)N[C@@H](CCC(=O)O)C(=O)N[C@@H](Cc1ccccc1)C(=O)O)C(C)C,CHEMBL2370094,9000.0,9.0
CC[C@H](C)[C@H](NC(=O)[C@H](CCC(=O)O)NC(=O)[C@H](CCC(=O)O)NC(=O)[C@@H](NC(=O)[C@H](CCCCN)NC(=O)[C@@H](NC(=O)[C@H](CC(N)=O)NC(=O)[C@@H](N)[C@@H](C)O)[C@@H](C)CC)[C@@H](C)O)C(=O)N[C@@H](CO)C(=O)N[C@@H](CCC(=O)O)C(=O)N[C@H](C(=O)N[C@@H](CC(N)=O)C(=O)N[C@@H](C)C(=O)N[C@@H](CC(=O)O)C(=O)N[C@@H](C)C(=O)N[C@@H](CCC(=O)O)C(=O)N[C@@H](Cc1ccccc1)C(=O)N[C@@H](CCCN=C(N)N)C(=O)O)C(C)C,CHEMBL413728,200000.0,200.0
CC[C@H](C)[C@H](NC(=O)[C@H](CCC(=O)O)NC(=O)[C@H](CCC(=O)O)NC(=O)[C@@H](NC(=O)[C@H](CCCCN)NC(=O)[C@@H](NC(=O)[C@H](CC(N)=O)NC(=O)[C@@H](N)[C@@H](C)O)[C@@H](C)CC)[C@@H](C)O)C(=O)N[C@@H](CO)C(=O)N[C@@H](CCC(=O)O)C(=O)N[C@H](C(=O)N[C@@H](CC(N)=O)C(=O)N[C@@H](Cc1ccccc1)C(=O)N[C@@H](CC(=O)O)C(=O)N[C@@H](C)C(=O)N[C@@H](CCC(=O)O)C(=O)N[C@@H](Cc1ccccc1)C(=O)N[C@@H](CCCN=C(N)N)C(=O)O)C(C)C,CHEMBL266203,200000.0,200.0
CC[C@H](C)[C@H](NC(=O)[C@H](CCC(=O)O)NC(=O)[C@H](CCC(=O)O)NC(=O)[C@@H](NC(=O)[C@H](CCCCN)NC(=O)[C@@H](NC(=O)[C@H](CC(N)=O)NC(=O)[C@@H](N)[C@@H](C)O)[C@@H](C)CC)[C@@H](C)O)C(=O)N[C@@H](CO)C(=O)N[C@@H](CCC(=O)O)C(=O)N[C@H](C(=O)N[C@@H](CC(N)=O)C(=O)N[C@@H](Cc1c[nH]cn1)C(=O)N[C@@H](CC(=O)O)C(=O)N[C@@H](C)C(=O)N[C@@H](CCC(=O)O)C(=O)N[C@@H](Cc1ccccc1)C(=O)N[C@@H](CCCN=C(N)N)C(=O)O)C(C)C,CHEMBL426153,200000.0,200.0
CC[C@H](C)[C@H](NC(=O)[C@H](CCC(=O)O)NC(=O)[C@H](CCC(=O)O)NC(=O)[C@@H](NC(=O)[C@H](CCCCN)NC(=O)[C@@H](NC(=O)[C@H](CC(N)=O)NC(=O)[C@@H](N)[C@@H](C)O)[C@@H](C)CC)[C@@H](C)O)C(=O)N[C@@H](CO)C(=O)N[C@@H](CCC(=O)O)C(=O)N[C@H](C(=O)N[C@@H](CC(N)=O)C(=O)N[C@@H](CCSC)C(=O)N[C@@H](CC(=O)O)C(=O)N[C@@H](C)C(=O)N[C@@H](CCC(=O)O)C(=O)N[C@@H](Cc1ccccc1)C(=O)N[C@@H](CCCN=C(N)N)C(=O)O)C(C)C,CHEMBL405808,200000.0,200.0
CC[C@H](C)[C@H](NC(=O)[C@H](CCC(=O)O)NC(=O)[C@H](CCC(=O)O)NC(=O)[C@@H](NC(=O)[C@@H](N)CCCCN)[C@@H](C)O)C(=O)N[C@@H](CO)C(=O)N[C@@H](CCC(=O)O)C(=O)N[C@H](C(=O)N[C@@H](CC(N)=O)C(=O)N[C@@H](CC(C)C)[C@@H](O)CC(=O)N[C@@H](C)C(=O)N[C@@H](C)C(=O)N[C@@H](CCC(=O)O)C(=O)N[C@@H](Cc1ccccc1)C(=O)O)C(C)C,CHEMBL2370121,500.0,0.5
CC[C@H](C)[C@H](NC(=O)[C@H](CCC(=O)O)NC(=O)[C@H](CCC(=O)O)NC(=O)[C@@H](NC(=O)[C@H](CCCCN)NC(=O)[C@@H](NC(=O)[C@H](CC(N)=O)NC(=O)[C@@H](N)[C@@H](C)O)[C@@H](C)CC)[C@@H](C)O)C(=O)N[C@@H](CO)C(=O)N[C@@H](CCC(=O)O)C(=O)N[C@H](C(=O)N[C@@H](CC(N)=O)C(=O)N[C@@H](CC(C)C)C(=O)N[C@@H](CC(=O)O)C(=O)N[C@@H](C)C(=O)N[C@@H](CCC(=O)O)C(=O)N[C@@H](Cc1ccccc1)C(=O)N[C@@H](CCCN=C(N)N)C(=O)O)C(C)C,CHEMBL437425,200000.0,200.0
CSCC[C@H](NC(=O)[C@@H](NC(C)=O)C(C)C)C(=O)NC(CC(C)C)C(O)CC(=O)N1CCC[C@@H]1C(=O)N[C@@H](C)C(=O)N[C@@H](CCC(=O)O)C(=O)N[C@@H](Cc1ccccc1)C(=O)O,CHEMBL420418,200000.0,200.0
CSCC[C@H](NC(=O)[C@@H](NC(C)=O)C(C)C)C(=O)N[C@@H](CC(C)C)C(O)C[C@H](C(=O)N[C@@H](C)C(=O)N[C@@H](CCC(=O)O)C(=O)N[C@@H](Cc1ccccc1)C(=O)O)C(C)C,CHEMBL90043,20.0,0.02
CC[C@H](C)[C@H](NC(=O)[C@H](CCC(=O)O)NC(=O)[C@H](CCC(=O)O)NC(=O)[C@@H](NC(=O)[C@H](CCCCN)NC(=O)[C@@H](NC(=O)[C@H](CC(N)=O)NC(=O)[C@@H](N)[C@@H](C)O)[C@@H](C)CC)[C@@H](C)O)C(=O)N[C@@H](CO)C(=O)N[C@@H](CCC(=O)O)C(=O)N[C@H](C(=O)N[C@@H](CC(N)=O)C(=O)N[C@@H](CCC(=O)O)C(=O)N[C@@H](CC(=O)O)C(=O)N[C@@H](C)C(=O)N[C@@H](CCC(=O)O)C(=O)N[C@@H](Cc1ccccc1)C(=O)N[C@@H](CCCN=C(N)N)C(=O)O)C(C)C,CHEMBL410405,200000.0,200.0
CSCC[C@H](NC(=O)[C@@H](NC(C)=O)C(C)C)C(=O)NC(CC(C)C)C(O)CC(=O)N[C@@H](Cc1ccccc1)C(=O)N[C@@H](C)C(=O)N[C@@H](CCC(=O)O)C(=O)N[C@@H](Cc1ccccc1)C(=O)O,CHEMBL89703,15000.0,15.0
CSCC[C@H](NC(=O)[C@@H](NC(C)=O)C(C)C)C(=O)NC(CC(C)C)C(O)CC(=O)N[C@H](C(=O)N[C@@H](C)C(=O)O)C(C)C,CHEMBL327545,100000.0,100.0
CC[C@H](C)[C@H](NC(=O)[C@H](CCC(=O)O)NC(=O)[C@H](CCC(=O)O)NC(=O)[C@@H](NC(=O)[C@H](CCCCN)NC(=O)[C@@H](NC(=O)[C@H](CC(N)=O)NC(=O)[C@@H](N)[C@@H](C)O)[C@@H](C)CC)[C@@H](C)O)C(=O)N[C@@H](CO)C(=O)N[C@@H](CCC(=O)O)C(=O)N[C@H](C(=O)N[C@@H](CC(N)=O)C(=O)NCC(=O)N[C@@H](CC(=O)O)C(=O)N[C@@H](C)C(=O)N[C@@H](CCC(=O)O)C(=O)N[C@@H](Cc1ccccc1)C(=O)N[C@@H](CCCN=C(N)N)C(=O)O)C(C)C,CHEMBL440612,200000.0,200.0
CSCC[C@H](NC(=O)[C@@H](NC(C)=O)C(C)C)C(=O)NC(CC(C)C)C(O)CC(=O)N[C@H](C(=O)N[C@@H](C)C(=O)N[C@@H](CCC(=O)O)C(=O)N[C@@H](Cc1ccccc1)C(=O)O)[C@H](C)O,CHEMBL1790741,100000.0,100.0
CC(C)CC(NC(=O)[C@@H](N)CC(N)=O)C(O)CC(=O)N[C@H](C(=O)N[C@@H](C)C(=O)N[C@@H](CCC(=O)O)C(=O)N[C@@H](Cc1ccccc1)C(=O)O)C(C)C,CHEMBL89773,150000.0,150.0
CSCC[C@H](NC(=O)[C@@H](NC(C)=O)C(C)C)C(=O)N[C@@H](Cc1ccccc1)C(O)CC(=O)N[C@H](C(=O)N[C@@H](C)C(=O)N[C@@H](CCC(=O)O)C(=O)N[C@@H](Cc1ccccc1)C(=O)O)C(C)C,CHEMBL89530,500.0,0.5
CC[C@H](C)[C@H](NC(=O)[C@H](CCC(=O)O)NC(=O)[C@H](CCC(=O)O)NC(=O)[C@@H](NC(=O)[C@@H](N)CCCCN)[C@@H](C)O)C(=O)N[C@@H](CO)C(=O)N[C@@H](CCC(=O)O)C(=O)N[C@H](C(=O)N[C@@H](CC(N)=O)C(=O)N[C@@H](CC(C)C)[C@@H](O)CC(=O)N[C@@H](CC(=O)O)C(=O)N[C@@H](C)C(=O)N[C@@H](CCC(=O)O)C(=O)N[C@@H](Cc1ccccc1)C(=O)O)C(C)C,CHEMBL2370074,40000.0,40.0
CC[C@H](C)[C@H](NC(=O)[C@H](CCC(=O)O)NC(=O)[C@H](CCC(=O)O)NC(=O)[C@@H](NC(=O)[C@H](CCCCN)NC(=O)[C@@H](NC(=O)[C@H](CC(N)=O)NC(=O)[C@@H](N)[C@@H](C)O)[C@@H](C)CC)[C@@H](C)O)C(=O)N[C@@H](CO)C(=O)N[C@@H](CCC(=O)O)C(=O)N[C@H](C(=O)N[C@@H](CC(N)=O)C(=O)N[C@@H](CC(C)C)C(=O)NCC(=O)N[C@@H](C)C(=O)N[C@@H](CCC(=O)O)C(=O)N[C@@H](Cc1ccccc1)C(=O)N[C@@H](CCCN=C(N)N)C(=O)O)C(C)C,CHEMBL437918,119000.0,119.0
CSCC[C@H](NC(=O)[C@@H](NC(C)=O)C(C)C)C(=O)NC(CC(C)C)C(O)CC(=O)N[C@@H](C)C(=O)N[C@@H](C)C(=O)N[C@@H](CCC(=O)O)C(=O)N[C@@H](Cc1ccccc1)C(=O)O,CHEMBL90615,5000.0,5.0
CSCC[C@H](NC(=O)[C@@H](NC(C)=O)C(C)C)C(=O)NC(CC(C)C)C(O)CC(=O)N[C@H](C(=O)O)C(C)C,CHEMBL89438,100000.0,100.0
CSCC[C@H](NC(=O)[C@@H](NC(C)=O)C(C)C)C(=O)N[C@@H](CC(C)C)C(O)CC(=O)N[C@@H](CC(=O)O)C(=O)N[C@@H](C)C(=O)N[C@@H](CCC(=O)O)C(=O)N[C@@H](C)C(=O)O,CHEMBL2370096,100000.0,100.0
CC[C@H](C)[C@H](NC(=O)[C@H](CCC(=O)O)NC(=O)[C@H](CCC(=O)O)NC(=O)[C@@H](NC(=O)[C@H](CCCCN)NC(=O)[C@@H](NC(=O)[C@H](CC(N)=O)NC(=O)[C@@H](N)[C@@H](C)O)[C@@H](C)CC)[C@@H](C)O)C(=O)N[C@@H](CO)C(=O)N[C@@H](CCC(=O)O)C(=O)N[C@H](C(=O)N[C@@H](CC(N)=O)C(=O)N[C@@H](CCCN=C(N)N)C(=O)N[C@@H](CC(=O)O)C(=O)N[C@@H](C)C(=O)N[C@@H](CCC(=O)O)C(=O)N[C@@H](Cc1ccccc1)C(=O)N[C@@H](CCCN=C(N)N)C(=O)O)C(C)C,CHEMBL411367,200000.0,200.0
CC(=O)N[C@H](C(=O)N[C@@H](CC(N)=O)C(=O)NC(CC(C)C)C(O)CC(=O)N[C@H](C(=O)N[C@@H](C)C(=O)N[C@@H](CCC(=O)O)C(=O)N[C@@H](Cc1ccccc1)C(=O)O)C(C)C)C(C)C,CHEMBL315706,500.0,0.5
CC[C@H](C)[C@H](NC(=O)[C@H](CCC(=O)O)NC(=O)[C@H](CCC(=O)O)NC(=O)[C@@H](NC(=O)[C@@H](N)CCCCN)[C@@H](C)O)C(=O)N[C@@H](CO)C(=O)N[C@@H](CCC(=O)O)C(=O)N[C@H](C(=O)N[C@@H](CC(N)=O)C(=O)N[C@@H](CC(C)C)[C@@H](O)CC(=O)N[C@H](C(=O)N[C@@H](C)C(=O)N[C@@H](CCC(=O)O)C(=O)N[C@@H](Cc1ccccc1)C(=O)O)C(C)C)C(C)C,CHEMBL412768,30.0,0.03
CC[C@H](C)[C@H](NC(=O)[C@H](CCC(=O)O)NC(=O)[C@H](CCC(=O)O)NC(=O)[C@@H](NC(=O)[C@H](CCCCN)NC(=O)[C@@H](NC(=O)[C@H](CC(N)=O)NC(=O)[C@@H](N)[C@@H](C)O)[C@@H](C)CC)[C@@H](C)O)C(=O)N[C@@H](CO)C(=O)N[C@@H](CCC(=O)O)C(=O)N[C@H](C(=O)N[C@@H](CC(N)=O)C(=O)N[C@@H](CC(C)C)C(=O)N[C@H](C(=O)N[C@@H](C)C(=O)N[C@@H](CCC(=O)O)C(=O)N[C@@H](Cc1ccccc1)C(=O)N[C@@H](CCCN=C(N)N)C(=O)O)C(C)C)C(C)C,CHEMBL441187,3000.0,3.0
CSCC[C@H](NC(=O)[C@@H](NC(C)=O)C(C)C)C(=O)NC(CC(C)C)C(O)CC(=O)N[C@H](C(=O)N[C@@H](C)C(=O)N[C@@H](CCC(=O)O)C(=O)N[C@@H](Cc1ccccc1)C(=O)O)C(C)C,CHEMBL265041,300.0,0.3
CC[C@H](C)[C@H](NC(=O)[C@H](CCC(=O)O)NC(=O)[C@H](CCC(=O)O)NC(=O)[C@@H](NC(=O)[C@H](CCCCN)NC(=O)[C@@H](NC(=O)[C@H](CC(N)=O)NC(=O)[C@@H](N)[C@@H](C)O)[C@@H](C)CC)[C@@H](C)O)C(=O)N[C@@H](CO)C(=O)N[C@@H](CCC(=O)O)C(=O)N[C@H](C(=O)N[C@@H](CC(N)=O)C(=O)N[C@H](C(=O)N[C@@H](CC(=O)O)C(=O)N[C@@H](C)C(=O)N[C@@H](CCC(=O)O)C(=O)N[C@@H](Cc1ccccc1)C(=O)N[C@@H](CCCN=C(N)N)C(=O)O)[C@@H](C)O)C(C)C,CHEMBL2370091,200000.0,200.0
CSCC[C@H](NC(=O)[C@@H](NC(C)=O)C(C)C)C(=O)N[C@@H](CC(C)C)C(O)CC(=O)N[C@H](C(=O)N[C@@H](C)C(=O)N[C@@H](C)C(=O)N[C@@H](Cc1ccccc1)C(=O)O)C(C)C,CHEMBL2370097,2000.0,2.0
CC[C@H](C)[C@H](NC(=O)[C@H](CCC(=O)O)NC(=O)[C@H](CCC(=O)O)NC(=O)[C@@H](NC(=O)[C@H](CCCCN)NC(=O)[C@@H](NC(=O)[C@H](CC(N)=O)NC(=O)[C@@H](N)[C@@H](C)O)[C@@H](C)CC)[C@@H](C)O)C(=O)N[C@@H](CO)C(=O)N[C@@H](CCC(=O)O)C(=O)N[C@H](C(=O)N[C@@H](CC(N)=O)C(=O)N[C@@H](CC(C)C)C(=O)N[C@@H](CC(C)C)C(=O)N[C@@H](C)C(=O)N[C@@H](CCC(=O)O)C(=O)N[C@@H](Cc1ccccc1)C(=O)N[C@@H](CCCN=C(N)N)C(=O)O)C(C)C,CHEMBL265158,45000.0,45.0
CC[C@H](C)[C@H](NC(=O)[C@H](CCC(=O)O)NC(=O)[C@H](CCC(=O)O)NC(=O)[C@@H](NC(=O)[C@H](CCCCN)NC(=O)[C@@H](NC(=O)[C@H](CC(N)=O)NC(=O)[C@@H](N)[C@@H](C)O)[C@@H](C)CC)[C@@H](C)O)C(=O)N[C@@H](CO)C(=O)N[C@@H](CCC(=O)O)C(=O)N[C@H](C(=O)N[C@@H](CC(N)=O)C(=O)N[C@@H](CC(C)C)C(=O)N[C@@H](C)C(=O)N[C@@H](C)C(=O)N[C@@H](CCC(=O)O)C(=O)N[C@@H](Cc1ccccc1)C(=O)N[C@@H](CCCN=C(N)N)C(=O)O)C(C)C,CHEMBL427580,200000.0,200.0
CC[C@H](C)[C@H](NC(=O)[C@H](CCC(=O)O)NC(=O)[C@H](CCC(=O)O)NC(=O)[C@@H](NC(=O)[C@@H](N)CCCCN)[C@@H](C)O)C(=O)N[C@@H](CO)C(=O)N[C@@H](CCC(=O)O)C(=O)N[C@H](C(=O)N[C@@H](CC(N)=O)C(=O)N[C@@H](CC(C)C)[C@@H](O)CC(=O)N[C@@H](CC(=O)O)C(=O)N[C@@H](C)C(=O)N[C@@H](CCC(=O)O)C(=O)N[C@@H](Cc1ccccc1)C(=O)N[C@@H](CCCN=C(N)N)C(=O)O)C(C)C,CHEMBL2370075,60000.0,60.0
CO[C@](C)(C(=O)NC(CC(C)C)[C@@H](O)CC(=O)N[C@@H](C(=O)N[C@H](C)C(=O)N[C@H](CCC(=O)O)C(=O)N[C@H](Cc1ccccc1)C(=O)O)C(C)C)c1ccccc1,CHEMBL52961,41000.0,41.0
CSCC[C@H](NC(=O)[C@@H](NC(=O)OC(C)(C)C)C(C)C)C(=O)NC(CC(C)C)[C@@H](O)CC(=O)N[C@@H](C(=O)NCc1ccccc1)C(C)C,CHEMBL49711,200000.0,200.0
COC(=O)CCCNC(=O)[C@H](NC(=O)C[C@H](O)C(CC(C)C)NC(=O)[C@H](CCSC)NC(=O)[C@@H](NC(=O)OC(C)(C)C)C(C)C)C(C)C,CHEMBL52174,47000.0,47.0
CC(C)CC(NC(=O)C(O)c1cccc(Oc2ccccc2)c1)[C@@H](O)CC(=O)N[C@@H](C(=O)N[C@H](C)C(=O)N[C@H](CCC(=O)O)C(=O)N[C@H](Cc1ccccc1)C(=O)O)C(C)C,CHEMBL298147,6000.0,6.0
CC(C)CC(NC(=O)C(O)c1ccccc1Br)[C@@H](O)CC(=O)N[C@@H](C(=O)N[C@H](C)C(=O)N[C@H](CCC(=O)O)C(=O)N[C@H](Cc1ccccc1)C(=O)O)C(C)C,CHEMBL51304,3000.0,3.0
CC(C)CC(NC(=O)CCCOc1ccccc1)[C@@H](O)CC(=O)N[C@@H](C(=O)N[C@H](C)C(=O)N[C@H](CCC(=O)O)C(=O)N[C@H](Cc1ccccc1)C(=O)O)C(C)C,CHEMBL51003,25000.0,25.0
CSCC[C@H](NC(=O)[C@@H](NC(=O)OC(C)(C)C)C(C)C)C(=O)NC(CC(C)C)[C@@H](O)CC(=O)N[C@@H](C(=O)NO)C(C)C,CHEMBL50827,94000.0,94.0
CC(C)CC(NC(=O)C(O)c1ccccc1Oc1ccccc1)[C@@H](O)CC(=O)N[C@@H](C(=O)N[C@H](C)C(=O)N[C@H](CCC(=O)O)C(=O)N[C@H](Cc1ccccc1)C(=O)O)C(C)C,CHEMBL51779,14000.0,14.0
CC(C)CC(NC(=O)[C@@H](O)c1ccccc1)[C@@H](O)CC(=O)N[C@@H](C(=O)N[C@H](C)C(=O)N[C@H](CCC(=O)O)C(=O)N[C@H](Cc1ccccc1)C(=O)O)C(C)C,CHEMBL52545,17000.0,17.0
COc1cc(CC(=O)NC(CC(C)C)[C@@H](O)CC(=O)N[C@@H](C(=O)N[C@H](C)C(=O)N[C@H](CCC(=O)O)C(=O)N[C@H](Cc2ccccc2)C(=O)O)C(C)C)cc(OC)c1OC,CHEMBL301944,94000.0,94.0
CC(C)CC(NC(=O)C(O)c1cccc2ccccc12)[C@@H](O)CC(=O)N[C@@H](C(=O)N[C@H](C)C(=O)N[C@H](CCC(=O)O)C(=O)N[C@H](Cc1ccccc1)C(=O)O)C(C)C,CHEMBL297910,4000.0,4.0
CCCCNC(=O)[C@H](NC(=O)C[C@H](O)C(CC(C)C)NC(=O)[C@H](CCSC)NC(=O)[C@@H](NC(=O)OC(C)(C)C)C(C)C)C(C)C,CHEMBL52225,200000.0,200.0
CSCC[C@H](NC(=O)[C@@H](NC(=O)OC(C)(C)C)C(C)C)C(=O)NC(CC(C)C)[C@@H](O)CC(=O)N[C@@H](C(=O)NC1C[C@@H](C(=O)O)C[C@@H](C(=O)O)C1)C(C)C,CHEMBL50930,300.0,0.3
CC(C)CC(NC(=O)Cc1ccc(-c2ccccc2)cc1)[C@@H](O)CC(=O)N[C@@H](C(=O)N[C@H](C)C(=O)N[C@H](CCC(=O)O)C(=O)N[C@H](Cc1ccccc1)C(=O)O)C(C)C,CHEMBL300665,56000.0,56.0
CC(C)CC(NC(=O)c1ccc2ccccc2c1)[C@@H](O)CC(=O)N[C@@H](C(=O)N[C@H](C)C(=O)N[C@H](CCC(=O)O)C(=O)N[C@H](Cc1ccccc1)C(=O)O)C(C)C,CHEMBL297739,48000.0,48.0
CSCC[C@H](NC(=O)[C@@H](NC(=O)OC(C)(C)C)C(C)C)C(=O)NC(CC(C)C)[C@@H](O)CC(=O)N[C@@H](C(=O)NCc1ccncc1)C(C)C,CHEMBL299351,100000.0,100.0
CSCC[C@H](NC(=O)[C@@H](NC(=O)OC(C)(C)C)C(C)C)C(=O)NC(CC(C)C)[C@@H](O)CC(=O)N[C@@H](C(=O)NCc1cccc(OCC(=O)O)c1)C(C)C,CHEMBL51188,5000.0,5.0
CC(C)CC(NC(=O)Cc1cccc2ccccc12)[C@@H](O)CC(=O)N[C@@H](C(=O)N[C@H](C)C(=O)N[C@H](CCC(=O)O)C(=O)N[C@H](Cc1ccccc1)C(=O)O)C(C)C,CHEMBL53919,42000.0,42.0
CC(C)CC(NC(=O)C(O)c1ccccc1OCc1ccccc1)[C@@H](O)CC(=O)N[C@@H](C(=O)N[C@H](C)C(=O)N[C@H](CCC(=O)O)C(=O)N[C@H](Cc1ccccc1)C(=O)O)C(C)C,CHEMBL54083,11000.0,11.0
CSCC[C@H](NC(=O)[C@@H](NC(=O)OC(C)(C)C)C(C)C)C(=O)NC(CC(C)C)[C@@H](O)CC(=O)N[C@@H](C(=O)NCc1cccc(C(=O)O)c1)C(C)C,CHEMBL300657,4000.0,4.0
CC(C)C[C@H](NC(=O)C(O)c1cccc2ccccc12)[C@@H](O)CC(=O)N[C@H](C(=O)NC1C[C@@H](C(=O)O)C[C@@H](C(=O)O)C1)C(C)C,CHEMBL297486,3000.0,3.0
COC(=O)CCCCC(=O)NC(CC(C)C)[C@@H](O)CC(=O)N[C@@H](C(=O)N[C@H](C)C(=O)N[C@H](CCC(=O)O)C(=O)N[C@H](Cc1ccccc1)C(=O)O)C(C)C,CHEMBL48843,50000.0,50.0
CC(C)Cc1ccc(C(=O)NC(CC(C)C)[C@@H](O)CC(=O)N[C@@H](C(=O)N[C@H](C)C(=O)N[C@H](CCC(=O)O)C(=O)N[C@H](Cc2ccccc2)C(=O)O)C(C)C)cc1,CHEMBL49989,28000.0,28.0
COC(=O)[C@@H]1CC(NC(=O)[C@H](NC(=O)C[C@H](O)C(CC(C)C)NC(=O)[C@H](CCSC)NC(=O)[C@@H](NC(=O)OC(C)(C)C)C(C)C)C(C)C)C[C@H](C(=O)OC)C1,CHEMBL33417,10000.0,10.0
CSCC[C@H](NC(=O)[C@@H](NC(=O)OC(C)(C)C)C(C)C)C(=O)NC(CC(C)C)[C@@H](O)CC(=O)N[C@@H](C(=O)NCCCC(=O)O)C(C)C,CHEMBL53648,47000.0,47.0
CSCC[C@H](NC(=O)[C@@H](NC(=O)OC(C)(C)C)C(C)C)C(=O)NC(CC(C)C)[C@@H](O)CC(=O)N[C@@H](C(=O)NC1CCCCC1)C(C)C,CHEMBL298141,200000.0,200.0
CSCC[C@H](NC(=O)[C@@H](NC(=O)OC(C)(C)C)C(C)C)C(=O)NC(CC(C)C)[C@@H](O)CC(=O)N[C@@H](C(=O)NCc1ccc2c(c1)OCO2)C(C)C,CHEMBL50313,100000.0,100.0
CC(C)C[C@H](NC(=O)C(O)c1cccc2ccccc12)[C@@H](O)CC(=O)N[C@H](C(=O)NCc1ccc(C(=O)O)cc1)C(C)C,CHEMBL53024,50000.0,50.0
CC(C)CC(NC(=O)Cc1ccccc1)[C@@H](O)CC(=O)N[C@@H](C(=O)N[C@H](C)C(=O)N[C@H](CCC(=O)O)C(=O)N[C@H](Cc1ccccc1)C(=O)O)C(C)C,CHEMBL298126,130000.0,130.0
CCCCOc1ccc(C(=O)NC(CC(C)C)[C@@H](O)CC(=O)N[C@@H](C(=O)N[C@H](C)C(=O)N[C@H](CCC(=O)O)C(=O)N[C@H](Cc2ccccc2)C(=O)O)C(C)C)cc1,CHEMBL52317,27000.0,27.0
CSCC[C@H](NC(=O)[C@@H](NC(=O)OC(C)(C)C)C(C)C)C(=O)NC(CC(C)C)[C@@H](O)CC(=O)N[C@@H](C(=O)NCc1ccc(C(=O)O)cc1)C(C)C,CHEMBL297913,4000.0,4.0
COC(=O)[C@@H]1CC(NC(=O)[C@H](NC(=O)C[C@H](O)[C@@H](Cc2cc(F)cc(F)c2)NC(=O)C(O)c2ccccc2-c2ccccc2)C(C)C)C[C@H](C(=O)OC)C1,CHEMBL296166,120.0,0.12
CC(C)CC(NC(=O)Cc1ccc(F)cc1F)[C@@H](O)CC(=O)N[C@@H](C(=O)N[C@H](C)C(=O)N[C@H](CCC(=O)O)C(=O)N[C@H](Cc1ccccc1)C(=O)O)C(C)C,CHEMBL433080,140000.0,140.0
CO[C@H](C(=O)NC(CC(C)C)[C@@H](O)CC(=O)N[C@@H](C(=O)N[C@H](C)C(=O)N[C@H](CCC(=O)O)C(=O)N[C@H](Cc1ccccc1)C(=O)O)C(C)C)c1ccccc1,CHEMBL301153,28000.0,28.0
CSCC[C@H](NC(=O)[C@@H](NC(=O)OC(C)(C)C)C(C)C)C(=O)NC(CC(C)C)[C@@H](O)CC(=O)N[C@@H](C(=O)NCCC(=O)O)C(C)C,CHEMBL54022,30000.0,30.0
CC(C)C[C@H](NC(=O)C(O)c1ccccc1Br)[C@@H](O)CC(=O)N[C@H](C(=O)NCc1ccc(C(=O)O)cc1)C(C)C,CHEMBL49971,40000.0,40.0
COC(=O)[C@@H]1CC(NC(=O)[C@@H](NC(=O)C[C@H](O)[C@H](CC(C)C)NC(=O)C(O)c2cccc3ccccc23)C(C)C)C[C@H](C(=O)OC)C1,CHEMBL53668,140000.0,140.0
CC(C)C[C@H](NC(=O)[C@H](CC(N)=O)NC(=O)[C@@H](NC(=O)[C@@H](N)CCC(=O)O)C(C)C)[C@@H](O)CC(=O)N[C@H](C(N)=O)C(C)C,CHEMBL137547,9400.0,9.4
CC(C)C[C@H](NC(=O)[C@H](CC(N)=O)NC(=O)[C@@H](NC(=O)[C@@H](N)CCC(=O)O)C(C)C)[C@@H](O)CC(N)=O,CHEMBL341944,91000.0,91.0
CC(=O)N[C@@H](CC(C)C)C(=O)N[C@@H](C)C(=O)N[C@@H](CC(C)C)[C@@H](O)CC(=O)N[C@H](C(=O)NCc1cccc(C(=O)O)c1)C(C)C,CHEMBL137101,520.0,0.52
CC(C)C[C@H](NC(=O)[C@H](CC(N)=O)NC(=O)[C@@H](NC(=O)[C@@H](N)CCC(=O)O)C(C)C)[C@@H](O)CC(=O)N[C@H](C(=O)N[C@@H](C)C(=O)N[C@@H](CCC(=O)O)C(=O)N[C@@H](Cc1ccccc1)C(=O)O)C(C)C,CHEMBL137755,46.0,0.046
CC[C@H](C)[C@H](NC(C)=O)C(=O)N[C@@H](CCSC)C(=O)N[C@@H](CC(C)C)[C@@H](O)CC(=O)N[C@@H](Cc1ccccc1)C(=O)NCc1cccc(C(=O)O)c1,CHEMBL1791011,140.0,0.14
CSCC[C@H](NC(=O)[C@H](CC(C)C)NC(C)=O)C(=O)N[C@@H](CC(C)C)[C@@H](O)CC(=O)N[C@@H](C(=O)NCc1cccc(C(=O)O)c1)C(C)C,CHEMBL343563,91000.0,91.0
CC[C@H](C)[C@H](NC(=O)C1CCCCO1)C(=O)N[C@@H](C)C(=O)N[C@@H](CC(C)C)[C@@H](O)CC(=O)N[C@H](C(=O)NCc1cccc(C(=O)O)c1)C(C)C,CHEMBL1791017,69.0,0.069
CCCC[C@H](NC(=O)C[C@H](O)[C@H](CC(C)C)NC(=O)[C@H](C)NC(=O)[C@@H](NC(C)=O)[C@@H](C)CC)C(=O)NCc1cccc(C(=O)O)c1,CHEMBL1791009,180.0,0.18
CC(=O)N[C@H](C(=O)N[C@@H](C)C(=O)N[C@@H](CC(C)C)[C@@H](O)CC(=O)N[C@H](C(=O)NCc1cccc(C(=O)O)c1)C(C)C)C(C)C,CHEMBL344932,3800.0,3.8
CSCC[C@H](NC(=O)[C@H](CC(C)C)NC(C)=O)C(=O)N[C@@H](CC(C)C)[C@@H](O)CC(=O)N[C@H](C(=O)NCc1cccc(C(=O)O)c1)C(C)C,CHEMBL138002,890.0,0.89
CCC[C@H](NC(=O)C[C@H](O)[C@H](CC(C)C)NC(=O)[C@H](CCSC)NC(=O)[C@@H](NC(C)=O)[C@@H](C)CC)C(=O)NCc1cccc(C(=O)O)c1,CHEMBL1791016,130.0,0.13
CC[C@H](C)[C@H](NC(=O)C[C@H](O)[C@H](CC(C)C)NC(=O)[C@H](CCSC)NC(=O)[C@@H](NC(=O)[C@@H](N)CCC(=O)O)C(C)C)C(=O)N[C@@H](C)C(=O)N[C@@H](CCC(=O)O)C(=O)N[C@@H](Cc1ccccc1)C(=O)O,CHEMBL1791021,220.0,0.22
CC[C@H](C)[C@H](NC(C)=O)C(=O)N[C@@H](C)C(=O)N[C@@H](CC(C)C)[C@@H](O)CC(=O)N[C@@H](CC(C)C)C(=O)NCc1cccc(C(=O)O)c1,CHEMBL1791014,260.0,0.26
CSCC[C@H](NC(=O)[C@@H](NC(=O)[C@@H](N)CCC(=O)O)C(C)C)C(=O)N[C@@H](CC(C)C)[C@@H](O)CC(=O)N[C@@H](CC(C)C)C(=O)N[C@@H](C)C(=O)N[C@@H](CCC(=O)O)C(=O)N[C@@H](Cc1ccccc1)C(=O)O,CHEMBL134730,140.0,0.14
CCCC[C@H](NC(=O)C[C@H](O)[C@H](CC(C)C)NC(=O)[C@H](CCSC)NC(=O)[C@@H](NC(C)=O)[C@@H](C)CC)C(=O)NCc1cccc(C(=O)O)c1,CHEMBL1791018,86.0,0.086
CC(C)C[C@H](NC(=O)[C@H](CC(N)=O)NC(=O)[C@@H](NC(=O)[C@@H](N)CCC(=O)O)C(C)C)[C@@H](O)CC(=O)N[C@H](C(=O)N[C@@H](C)C(=O)N[C@@H](CCC(=O)O)C(N)=O)C(C)C,CHEMBL343757,110.0,0.11
CCC[C@H](NC(C)=O)C(=O)N[C@@H](C)C(=O)N[C@@H](CC(C)C)[C@@H](O)CC(=O)N[C@H](C(=O)NCc1cccc(C(=O)O)c1)C(C)C,CHEMBL136868,830.0,0.83
CC(=O)N[C@@H](CC(C)C)C(=O)N[C@H](C)C(=O)N[C@@H](CC(C)C)[C@@H](O)CC(=O)N[C@H](C(=O)NCc1cccc(C(=O)O)c1)C(C)C,CHEMBL334591,91000.0,91.0
CC[C@H](C)[C@H](NC(C)=O)C(=O)N[C@@H](CCSC)C(=O)N[C@@H](CC(C)C)[C@@H](O)CC(=O)N[C@@H](Cc1ccc(O)cc1)C(=O)NCc1cccc(C(=O)O)c1,CHEMBL1791010,91.0,0.091
CC(C)C[C@H](NC(=O)[C@H](CC(N)=O)NC(=O)[C@@H](N)C(C)C)[C@@H](O)CC(=O)N[C@H](C(=O)N[C@@H](C)C(=O)N[C@@H](CCC(=O)O)C(=O)N[C@@H](Cc1ccccc1)C(=O)O)C(C)C,CHEMBL137614,2000.0,2.0
CC(C)C[C@H](NC(=O)[C@@H](N)CC(N)=O)[C@@H](O)CC(=O)N[C@H](C(=O)N[C@@H](C)C(=O)N[C@@H](CCC(=O)O)C(=O)N[C@@H](Cc1ccccc1)C(=O)O)C(C)C,CHEMBL137131,91000.0,91.0
CC[C@@H](C)[C@@H](NC(C)=O)C(=O)N[C@@H](C)C(=O)N[C@@H](CC(C)C)[C@@H](O)CC(=O)N[C@H](C(=O)NCc1cccc(C(=O)O)c1)C(C)C,CHEMBL1791019,91000.0,91.0
CC[C@H](C)[C@H](NC(C)=O)C(=O)N[C@@H](C)C(=O)N[C@@H](CC(C)C)[C@@H](O)CC(=O)N[C@H](C(=O)NCc1cccc(C(=O)O)c1)C(C)C,CHEMBL1791020,250.0,0.25
CSCC[C@@H](NC(=O)[C@H](CC(C)C)NC(C)=O)C(=O)N[C@@H](CC(C)C)[C@@H](O)CC(=O)N[C@H](C(=O)NCc1cccc(C(=O)O)c1)C(C)C,CHEMBL185920,91000.0,91.0
CC[C@H](C)[C@H](NC(C)=O)C(=O)N[C@@H](C)C(=O)N[C@@H](CC(C)C)[C@@H](O)CC(=O)N[C@@H](Cc1ccccc1)C(=O)NCc1cccc(C(=O)O)c1,CHEMBL1791013,250.0,0.25
CC(C)C[C@H](NC(=O)[C@H](C)NC(=O)[C@@H](NC(=O)[C@@H](N)CCC(=O)O)C(C)C)[C@@H](O)CC(=O)N[C@H](C(=O)N[C@@H](C)C(=O)N[C@@H](CCC(=O)O)C(=O)N[C@@H](Cc1ccccc1)C(=O)O)C(C)C,CHEMBL335277,110.0,0.11
CC[C@H](C)[C@H](NC(C)=O)C(=O)N[C@@H](C)C(=O)N[C@@H](CC(C)C)[C@@H](O)CC(=O)N[C@@H](Cc1ccc(O)cc1)C(=O)NCc1cccc(C(=O)O)c1,CHEMBL1791012,110.0,0.11
CSCC[C@H](NC(=O)[C@@H](NC(=O)[C@@H](N)CCC(=O)O)C(C)C)C(=O)N[C@@H](CC(C)C)[C@@H](O)CC(=O)N[C@H](C(=O)N[C@@H](C)C(=O)N[C@@H](CCC(=O)O)C(=O)N[C@@H](Cc1ccccc1)C(=O)O)C(C)C,CHEMBL335837,58.0,0.058
CC(C)C[C@H](NC(=O)[C@H](CC(N)=O)NC(=O)[C@@H](NC(=O)[C@@H](N)CCC(=O)O)C(C)C)[C@@H](O)CC(=O)N[C@H](C(=O)N[C@@H](C)C(N)=O)C(C)C,CHEMBL137756,530.0,0.53
CCCC[C@H](NC(C)=O)C(=O)N[C@@H](C)C(=O)N[C@@H](CC(C)C)[C@@H](O)CC(=O)N[C@H](C(=O)NCc1cccc(C(=O)O)c1)C(C)C,CHEMBL137319,1400.0,1.4
O=C(O[C@H]1Cc2c(O)cc(O)cc2O[C@H]1c1cc(O)c(O)c(O)c1)c1cc(O)c(O)c(O)c1,CHEMBL338988,1600.0,0.0000016
Oc1cc(O)c2c(c1)O[C@H](c1ccc(O)c(O)c1)[C@@H](O)C2,CHEMBL311498,35000.0,0.000035
CC(C)C[C@H](NC(=O)[C@@H](NC(=O)[C@@H](N)CNC(=O)O)C(C)C)C(=O)N[C@@H](Cc1ccccc1)[C@@H](O)C(=O)N[C@@H](CC(=O)O)C(=O)N[C@@H](C)C(=O)N[C@@H](CCC(=O)O)C(=O)O,CHEMBL39360,84.0,84.0
Oc1cc(O)c2c(c1)O[C@@H](c1cc(O)c(O)c(O)c1)[C@@H](O)C2,CHEMBL130415,2400.0,0.0000024
Oc1cc(O)c2c(c1)O[C@H](c1cc(O)c(O)c(O)c1)[C@@H](O)C2,CHEMBL125743,2500.0,0.0000025
O=C(O[C@H]1Cc2c(O)cc(O)cc2O[C@@H]1c1cc(O)c(O)c(O)c1)c1cc(O)c(O)c(O)c1,CHEMBL126079,1800.0,0.0000018
O=C(O[C@@H]1Cc2c(O)cc(O)cc2O[C@H]1c1ccc(O)c(O)c1)c1cc(O)c(O)c(O)c1,CHEMBL129451,6000.0,0.000006
CC(C)C[C@H](NC(=O)[C@@H](NC(=O)[C@@H](N)CNC(=O)O)C(C)C)C(=O)N[C@@H](Cc1ccccc1)[C@@H](O)C(=O)Nc1cc(C(=O)O)cc(C(=O)O)c1,CHEMBL288713,3.4,3.4
Oc1cc(O)c2c(c1)O[C@@H](c1ccc(O)c(O)c1)[C@H](O)C2,CHEMBL200715,30000.0,0.00003
CC(C)C[C@H](NC(=O)[C@@H](NC(=O)[C@@H](N)CNC(=O)O)C(C)C)C(=O)N[C@@H](Cc1ccccc1)[C@@H](O)C(=O)Nc1cccc(C(=O)O)c1,CHEMBL38830,16.0,16.0
Oc1cc(O)c2c(c1)O[C@@H](c1ccc(O)c(O)c1)[C@@H](O)C2,CHEMBL129482,28000.0,0.000028
O=C(O[C@@H]1O[C@@H]2COC(=O)c3cc(O)c(O)c(O)c3-c3c(cc(O)c(O)c3O)C(=O)OO[C@H]([C@H]1O)[C@@H]2O)c1cc(O)c(O)c(O)c1,CHEMBL2303749,160000.0,0.00016
CC(C)C[C@H](NC(=O)[C@@H](NC(=O)[C@@H](N)CCC(=O)O)C(C)C)C(=O)N[C@@H](Cc1ccccc1)[C@@H](O)C(=O)Nc1cc(C(=O)O)cc(C(=O)O)c1,CHEMBL288919,55.0,55.0
O=C(O[C@H]1Cc2c(O)cc(O)cc2O[C@H]1c1ccc(O)c(O)c1)c1cc(O)c(O)c(O)c1,CHEMBL126142,4500.0,0.0000045
O=C(OC[C@@H]1O[C@H](OC(=O)c2cc(O)c(O)c(O)c2)[C@@H](OC(=O)c2cc(O)c(O)c(O)c2)[C@H](OC(=O)c2cc(O)c(O)c(O)c2)[C@H]1OC(=O)c1cc(O)c(O)c(O)c1)c1cc(O)c(O)c(O)c1,CHEMBL127911,160000.0,0.00016
CC(C)C[C@H](NC(=O)[C@@H]1CC(=O)NCCCCCOC(=O)N[C@@H](C(C)C)C(=O)N1)[C@@H](O)C[C@@H](C)C(=O)N[C@H](C(=O)NCc1ccccc1)C(C)C,CHEMBL361977,3900.0,3.9
CC(C)C[C@H](NC(=O)[C@@H](NC(=O)[C@@H](N)CNC(=O)C(=O)O)C(C)C)C(=O)N[C@@H](Cc1ccccc1)[C@@H](O)C(=O)N[C@@H](CC(=O)O)C(=O)N[C@@H](C)C(=O)N[C@@H](CCC(=O)O)C(=O)O,CHEMBL183059,84.0,84.0
CC(C)C[C@H](NC(=O)[C@@H](NC(=O)[C@@H](N)CNC(=O)C(=O)O)C(C)C)C(=O)N[C@@H](Cc1ccccc1)[C@@H](O)C(=O)Nc1cccc(C(=O)O)c1,CHEMBL367139,16.0,16.0
CC(C)C[C@H](NC(=O)[C@@H](NC(=O)[C@@H](N)CNC(=O)C(=O)O)C(C)C)C(=O)N[C@@H](Cc1ccccc1)[C@@H](O)C(=O)Nc1cc(C(=O)O)cc(C(=O)O)c1,CHEMBL181826,4.7,4.7
CC(C)C[C@H](NC(=O)[C@@H](NC(=O)[C@@H](N)CNC(=O)c1nn[nH]n1)C(C)C)C(=O)N[C@@H](Cc1ccccc1)[C@@H](O)C(=O)Nc1cccc(C(=O)O)c1,CHEMBL183494,8.2,8.2
CC(C)C[C@H](NC(=O)[C@@H](NC(=O)[C@@H](N)CNC(=O)c1nn[nH]n1)C(C)C)C(=O)N[C@@H](Cc1ccccc1)[C@@H](O)C(=O)Nc1cc(C(=O)O)cc(C(=O)O)c1,CHEMBL183546,3.9,3.9
CCCN(CCC)C(=O)c1cccc(C(=O)N[C@@H](Cc2cc(F)cc(F)c2)[C@@H](O)C[C@@H](CC)C(=O)NC[C@H]2CC[C@H](C(=O)O)CC2)c1,CHEMBL42453,50.0,50.0
CCCN(CCC)C(=O)c1cccc(C(=O)N[C@@H](Cc2cc(F)cc(F)c2)[C@@H](O)C[C@@H](CC)C(=O)NCCCCC(=O)O)c1,CHEMBL263260,400.0,400.0
CCCN(CCC)C(=O)c1cccc(C(=O)N[C@@H](Cc2cc(F)cc(F)c2)[C@@H](O)C[C@@H](CC)C(=O)NCc2ccccc2)c1,CHEMBL43962,1400.0,1400.0
CCCN(CCC)C(=O)c1cccc(C(=O)N[C@@H](Cc2cc(F)cc(F)c2)[C@@H](O)C[C@@H](CC)C(=O)NCCC(=O)O)c1,CHEMBL295996,2800.0,2800.0
CCCN(CCC)C(=O)c1cccc(C(=O)N[C@@H](Cc2cc(F)cc(F)c2)[C@@H](O)C[C@@H](CC)C(=O)N[C@H]2C[C@@H](OC)C[C@@H](OC)C2)c1,CHEMBL295109,6600.0,6600.0
CC(C)C[C@H](NC(=O)[C@H](CC(N)=O)NC(=O)[C@@H](NC(=O)[C@@H](N)CCC(=O)O)C(C)C)[C@@H](O)C[C@@H](C)C(=O)N[C@@H](C)C(=O)O,CHEMBL189901,12.0,0.012
CC(C)C[C@H](NC(=O)[C@H](CC(N)=O)NC(=O)[C@@H](NC(=O)[C@@H](N)CCC(=O)O)C(C)C)[C@@H](O)[C@@H]1CCC[C@H]1C(=O)N[C@@H](C)C(=O)N[C@@H](CCC(=O)O)C(=O)N[C@@H](Cc1ccccc1)C(=O)O,CHEMBL434943,16.0,0.016
CC(C)C[C@H](NC(=O)[C@H](CC(N)=O)NC(=O)[C@@H](NC(=O)[C@@H](N)CCC(=O)O)C(C)C)[C@@H](O)[C@@H]1CCC[C@H]1C(=O)N[C@@H](C)C(=O)N[C@@H](CCC(=O)O)C(=O)O,CHEMBL363783,40.0,0.04
CC(C)C[C@H](NC(=O)[C@H](CC(N)=O)NC(=O)[C@@H](NC(=O)[C@@H](N)CCC(=O)O)C(C)C)[C@@H](O)[C@@H]1CCC[C@H]1C(=O)N[C@@H](C)C(=O)O,CHEMBL191122,39.0,0.039
CSCC[C@H](NC(=O)[C@H](CC(C)C)NC(C)=O)C(=O)N[C@@H](CC(C)C)[C@@H](O)[C@@H]1CCC[C@H]1C(=O)N[C@H](C(=O)O)C(C)C,CHEMBL364446,190.0,0.19
CCCCNC(=O)[C@H](C)NC(=O)[C@@H]1CCC[C@H]1[C@H](O)[C@H](CC(C)C)NC(=O)[C@H](CCSC)NC(=O)[C@H](CC(C)C)NC(C)=O,CHEMBL192836,185.0,0.185
CCCCNC(=O)[C@@H](NC(=O)[C@@H]1CCC[C@H]1[C@H](O)[C@H](CC(C)C)NC(=O)[C@H](CCSC)NC(=O)[C@H](CC(C)C)NC(C)=O)C(C)C,CHEMBL191344,25.0,0.025
CCCCNC(=O)[C@@H]1CCC[C@H]1[C@H](O)[C@H](CC(C)C)NC(=O)[C@H](CCSC)NC(=O)[C@H](CC(C)C)NC(C)=O,CHEMBL190058,1820.0,1.82
CCCCNC(=O)[C@@H](NC(=O)[C@@H]1CC(=O)C[C@H]1[C@H](O)[C@H](CC(C)C)NC(=O)[C@H](CCSC)NC(=O)[C@H](CC(C)C)NC(C)=O)C(C)C,CHEMBL191129,10.0,0.01
CCCCNC(=O)[C@@H](NC(=O)[C@@H]1CN(C)C[C@H]1[C@H](O)[C@H](CC(C)C)NC(=O)[C@H](CCSC)NC(=O)[C@H](CC(C)C)NC(C)=O)C(C)C,CHEMBL439671,3440.0,3.44
CCCCNC(=O)[C@@H](NC(=O)[C@@H]1C(=O)N(CC)C[C@H]1[C@H](O)[C@H](CC(C)C)NC(=O)[C@H](CCSC)NC(=O)[C@H](CC(C)C)NC(C)=O)C(C)C,CHEMBL191100,3350.0,3.35
CCCCNC(=O)[C@@H](NC(=O)[C@H]1[C@H]([C@H](O)[C@H](CC(C)C)NC(=O)[C@H](CCSC)NC(=O)[C@H](CC(C)C)NC(C)=O)CC(=O)N1C)C(C)C,CHEMBL436104,10.0,0.01
CCCCNC(=O)[C@@H](NC(=O)[C@@H]1OCC[C@H]1[C@H](O)[C@H](CC(C)C)NC(=O)[C@H](CCSC)NC(=O)[C@H](CC(C)C)NC(C)=O)C(C)C,CHEMBL364664,9560.0,9.56
CSCC[C@H](NC(=O)[C@H](CC(C)C)NC(C)=O)C(=O)N[C@@H](CC(C)C)[C@@H](O)[C@@H]1CCC[C@H]1C(=O)N[C@@H](C)C(=O)O,CHEMBL190010,60.0,0.06
CSCC[C@H](NC(=O)[C@H](CC(C)C)NC(C)=O)C(=O)N[C@@H](CC(C)C)[C@@H](O)[C@@H]1CC(=O)C[C@H]1C(=O)N[C@@H](C)C(=O)O,CHEMBL187765,720.0,0.72
C=C1C[C@@H]([C@H](O)[C@H](CC(C)C)NC(=O)[C@H](CCSC)NC(=O)[C@H](CC(C)C)NC(C)=O)[C@H](C(=O)N[C@@H](C)C(=O)O)C1,CHEMBL191123,10000.0,10.0
CN(C)c1ccc(NC(=O)Nc2cc(C(F)(F)F)cc(C(F)(F)F)c2)cc1C(=O)NCCCN1CCOCC1,CHEMBL370043,57.8,57.8
CCSc1nsc(NC(=O)Nc2cccc(C(C)=O)c2)n1,CHEMBL190346,25.0,25.0
CCOCCCNC(=O)c1cc(NC(=O)Nc2cccc(Cl)c2)ccc1N(C)C,CHEMBL190644,97.0,97.0
COCCCNC(=O)c1cc(NC(=O)Nc2cc(C(F)(F)F)cc(C(F)(F)F)c2)ccc1N(C)C,CHEMBL363539,283900.0,283.9
CC[C@H](C)[C@H](NC(=O)OC(C)(C)C)C(=O)N1CCCCC[C@@H]([C@@H](O)C[C@@H](C)C(=O)N[C@H](C(=O)NCc2ccncc2)C(C)C)NC(=O)[C@@H]1C,CHEMBL370955,65.0,0.065
CC(C)[C@H](NC(=O)[C@H](C)C[C@H](O)[C@@H]1CCCCCN(C(=O)[C@@H](NC(=O)OC(C)(C)C)C(C)C)[C@@H](C)C(=O)N1)C(=O)NCc1ccncc1,CHEMBL200617,260.0,0.26
CC(C)[C@H](NC(=O)[C@H](C)C[C@H](O)[C@@H]1CCCCCC[C@H](N)C(=O)N[C@@H](C)C(=O)N1)C(=O)NCc1ccccc1,CHEMBL200510,2397.0,2.397
CC(C)[C@H](NC(=O)[C@H](C)C[C@H](O)[C@@H]1CCCCCC[C@H](NC(=O)OC(C)(C)C)C(=O)N[C@@H](C)C(=O)N1)C(=O)NCc1ccncc1,CHEMBL370185,4925.0,4.925
CC(C)[C@H](NC(=O)[C@H](C)C[C@H](O)[C@@H]1CCCCCC[C@H](NC(=O)OC(C)(C)C)C(=O)N[C@@H](C)C(=O)N1)C(=O)NCc1ccccc1,CHEMBL200195,285.0,0.285
CC(C)[C@H](NC(=O)CC[C@H](O)[C@@H]1CCCCCC[C@H](NC(=O)OC(C)(C)C)C(=O)N[C@@H](C)C(=O)N1)C(=O)NCc1ccccc1,CHEMBL373255,9704.0,9.704
CC(C)C(=O)c1cc(C(=O)N[C@@H](Cc2ccccc2)[C@H](O)CNC2CC2)cc(N(C)S(C)(=O)=O)c1,CHEMBL370369,240.0,240.0
CN(c1cc(/C=C/C2CC2)cc(C(=O)N[C@@H](Cc2ccccc2)[C@H](O)CNC2CC2)c1)S(C)(=O)=O,CHEMBL370801,730.0,730.0
CN(c1cc(C(=O)N[C@@H](Cc2ccccc2)[C@H](O)CNC2CC2)cc(C(=O)C2CCCC2)c1)S(C)(=O)=O,CHEMBL383772,180.0,180.0
CN(c1cc(/C=C\C2CC2)cc(C(=O)N[C@@H](Cc2ccccc2)[C@H](O)CNC2CC2)c1)S(C)(=O)=O,CHEMBL201730,35.0,35.0
CNC(=O)c1cc(C(=O)N[C@@H](Cc2ccccc2)[C@H](O)CNC2CC2)cc(N(C)S(C)(=O)=O)c1,CHEMBL201961,980.0,980.0
CN(c1cc(CCC2CC2)cc(C(=O)N[C@@H](Cc2ccccc2)[C@H](O)CNC2CC2)c1)S(C)(=O)=O,CHEMBL201155,420.0,420.0
CN(c1cc(C(=O)N[C@@H](Cc2ccccc2)[C@H](O)CNC2CC2)cc(C(=O)C2CCCCC2)c1)S(C)(=O)=O,CHEMBL202057,450.0,450.0
CN(c1cc(Cc2ccccc2)cc(C(=O)N[C@@H](Cc2ccccc2)[C@H](O)CNC2CC2)c1)S(C)(=O)=O,CHEMBL201940,4630.0,4630.0
C=C(c1ccccc1)c1cc(C(=O)N[C@@H](Cc2ccccc2)[C@H](O)CNC2CC2)cc(N(C)S(C)(=O)=O)c1,CHEMBL201049,1300.0,1300.0
CN(c1cc(C(=O)N[C@@H](Cc2ccccc2)[C@H](O)CNC2CC2)cc(C(O)c2ccccc2)c1)S(C)(=O)=O,CHEMBL201802,5900.0,5900.0
CN(c1cc(C(=O)N[C@@H](Cc2ccccc2)[C@H](O)CNC2CC2)cc(C(=O)c2ccccc2)c1)S(C)(=O)=O,CHEMBL202602,98.0,98.0
CN(c1cc(C(=O)N[C@@H](Cc2ccccc2)[C@H](O)CNC2CC2)cc(C(O)Cc2ccccc2)c1)S(C)(=O)=O,CHEMBL202015,5500.0,5500.0
CN(c1cc(C(=O)Cc2ccccc2)cc(C(=O)N[C@@H](Cc2ccccc2)[C@H](O)CNC2CC2)c1)S(C)(=O)=O,CHEMBL202549,1400.0,1400.0
CCC(=O)c1cc(C(=O)N[C@@H](Cc2ccccc2)[C@H](O)CNC2CC2)cc(N(C)S(C)(=O)=O)c1,CHEMBL382233,1500.0,1500.0
CC(C)(C)OC(=O)N1CCN(c2ccc(Br)cc2NC(=O)c2cccc3ccccc23)CC1,CHEMBL381618,1700.0,1.7
O=C(Nc1cc(Br)ccc1N1CCNCC1)c1ccc2ccccc2n1.O=C(O)C(F)(F)F,CHEMBL377745,3500.0,3.5
CC(C)(C)OC(=O)N1CCN(c2ccc(Br)cc2NC(=O)c2ccc3ccccc3n2)CC1,CHEMBL206651,1700.0,1.7
O=C(Nc1cc(Br)ccc1N1CCN(S(=O)(=O)c2cccs2)CC1)c1cc(=O)c2ccccc2o1,CHEMBL206097,2600.0,2.6
O=C(Nc1cc(Br)ccc1N1CCNCC1)c1cc(=O)c2ccccc2o1.O=C(O)C(F)(F)F,CHEMBL381272,1600.0,1.6
CC(C)(C)OC(=O)N1CCN(c2ccc(Br)cc2NC(=O)c2cc(=O)c3ccccc3o2)CC1,CHEMBL206665,1900.0,1.9
COc1ccc2c(CC(=O)Nc3cc(Br)ccc3N3CCN(S(=O)(=O)c4cccs4)CC3)cc(=O)oc2c1,CHEMBL205637,1130.0,1.13
COc1ccc2c(CC(=O)Nc3cc(Br)ccc3N3CCNCC3)cc(=O)oc2c1.O=C(O)C(F)(F)F,CHEMBL205241,1700.0,1.7
COc1ccc2c(CC(=O)Nc3cc(Br)ccc3N3CCN(C(=O)OC(C)(C)C)CC3)cc(=O)oc2c1,CHEMBL205309,93.0,0.093
COc1cccc2cc(C(=O)Nc3cc(Br)ccc3N3CCNCC3)c(=O)oc12.O=C(O)C(F)(F)F,CHEMBL206557,5000.0,5.0
COc1cccc2cc(C(=O)Nc3cc(Br)ccc3N3CCN(Cc4ccccc4)CC3)c(=O)oc12,CHEMBL381617,5500.0,5.5
COc1cccc2cc(C(=O)Nc3cc(Br)ccc3N3CCN(C(=O)OC(C)(C)C)CC3)c(=O)oc12,CHEMBL206854,2400.0,2.4
O=C(Nc1cc(Br)ccc1N1CCNCC1)c1cc2ccccc2oc1=O.O=C(O)C(F)(F)F,CHEMBL381919,670.0,0.67
O=C(Nc1cc(Br)ccc1N1CCN(Cc2ccccc2)CC1)c1cc2ccccc2oc1=O,CHEMBL206442,760.0,0.76
CC(C)(C)OC(=O)N1CCN(c2ccc(Br)cc2NC(=O)c2cc3ccccc3oc2=O)CC1,CHEMBL207083,1000.0,1.0
O=C(Nc1cc(Br)ccc1N1CCNCC1)c1cccc2ccccc12.O=C(O)C(F)(F)F,CHEMBL203120,1000.0,1.0
O=C(Nc1cc(Br)ccc1N1CCN(Cc2ccccc2)CC1)c1cccc2ccccc12,CHEMBL380521,5200.0,5.2
CC(C)C[C@H](NC(=O)[C@@H](NC(=O)[C@@H](N)CCC(=O)O)C(C)C)C(=O)N[C@@H](Cc1ccccc1)[C@@H](O)C(=O)Nc1cc(-c2nn[nH]n2)cc(-c2nn[nH]n2)c1,CHEMBL205217,6.4,6.4
CC(C)C[C@H](NC(=O)[C@@H](NC(=O)[C@@H](N)CNC(=O)c1nn[nH]n1)C(C)C)C(=O)N[C@@H](Cc1ccccc1)[C@@H](O)C(=O)Nc1cccc(-c2noc(S)n2)c1,CHEMBL208060,6.4,6.4
CC(C)C[C@H](NC(=O)[C@@H](NC(=O)[C@@H](N)CNC(=O)c1nn[nH]n1)C(C)C)C(=O)N[C@@H](Cc1ccccc1)[C@@H](O)C(=O)Nc1cccc(-c2noc(O)n2)c1,CHEMBL205333,6.6,6.6
CC(C)C[C@H](NC(=O)[C@@H](NC(=O)[C@@H](N)CNC(=O)c1nn[nH]n1)C(C)C)C(=O)N[C@@H](Cc1ccccc1)[C@@H](O)C(=O)Nc1cc(-c2nn[nH]n2)cc(-c2nn[nH]n2)c1,CHEMBL439521,1.2,1.2
CC(C)C[C@H](NC(=O)[C@@H](NC(=O)[C@@H](N)CNC(=O)c1nn[nH]n1)C(C)C)C(=O)N[C@@H](Cc1ccccc1)[C@@H](O)C(=O)Nc1cccc(-c2nn[nH]n2)c1,CHEMBL381826,4.8,4.8
CC(C)CNC(=O)[C@H](C)NC[C@H](Cc1ccccc1)NC(=O)c1cc(CCC2C[C@@H]2C)cc(N(C)S(C)(=O)=O)c1,CHEMBL210414,23.0,23.0
C[C@H](NC[C@H](Cc1ccccc1)NC(=O)c1cc(C(=O)N[C@H](C)c2ccc(F)cc2)cc(N(C)S(C)(=O)=O)c1)C(=O)NCc1ccccc1,CHEMBL212203,731.0,731.0
C[C@H](NC[C@H](Cc1ccccc1)NC(=O)c1cc(C(=O)N[C@H](C)c2ccc(F)cc2)cc(N(C)S(C)(=O)=O)c1)C(=O)N1CCC[C@H]1C(=O)O,CHEMBL377624,20000.0,20000.0
C[C@H](NC[C@H](Cc1ccccc1)NC(=O)c1cc(C(=O)N[C@H](C)c2ccc(F)cc2)cc(N(C)S(C)(=O)=O)c1)C(=O)NC1CC1,CHEMBL208809,133.0,133.0
CCNC(=O)[C@H](C)NC[C@H](Cc1ccccc1)NC(=O)c1cc(C(=O)N[C@H](C)c2ccc(F)cc2)cc(N(C)S(C)(=O)=O)c1,CHEMBL208808,242.0,242.0
C[C@@H](NC(=O)c1cc(C(=O)N[C@H](CN)Cc2ccccc2)cc(N(C)S(C)(=O)=O)c1)c1ccc(F)cc1,CHEMBL211937,5900.0,5.9
C[C@@H](NC(=O)c1cc(C(=O)N[C@H](CO)Cc2ccccc2)cc(N(C)S(C)(=O)=O)c1)c1ccc(F)cc1,CHEMBL380257,630.0,630.0
CC(C)CNC(=O)[C@H](CCS(C)(=O)=O)NC[C@H](Cc1ccccc1)NC(=O)c1cc(C(=O)N[C@H](C)c2ccc(F)cc2)cc(N(C)S(C)(=O)=O)c1,CHEMBL211899,17500.0,17500.0
CC(C)CNC(=O)[C@H](CCO)NC[C@H](Cc1ccccc1)NC(=O)c1cc(C(=O)N[C@H](C)c2ccc(F)cc2)cc(N(C)S(C)(=O)=O)c1,CHEMBL379781,751.0,751.0
CCC[C@H](NC[C@H](Cc1ccccc1)NC(=O)c1cc(C(=O)N[C@H](C)c2ccc(F)cc2)cc(N(C)S(C)(=O)=O)c1)C(=O)NCC(C)C,CHEMBL211563,17.0,17.0
CC[C@H](NC[C@H](Cc1ccccc1)NC(=O)c1cc(C(=O)N[C@H](C)c2ccc(F)cc2)cc(N(C)S(C)(=O)=O)c1)C(=O)NCC(C)C,CHEMBL209372,20.0,20.0
CC(C)CNC(=O)[C@H](C)NC[C@H](Cc1ccccc1)NC(=O)c1cc(C(=O)N[C@H](C)c2ccc(F)cc2)cc(N(C)S(C)(=O)=O)c1,CHEMBL379513,22.0,22.0
CC(C)CNC(=O)CNC[C@H](Cc1ccccc1)NC(=O)c1cc(C(=O)N[C@H](C)c2ccc(F)cc2)cc(N(C)S(C)(=O)=O)c1,CHEMBL384678,3710.0,3710.0
CCCCNC(=O)[C@H](C)C[C@H](O)[C@@H]1CSC/C=C/CC[C@H]2CCCN[C@H]2C(=O)N[C@@H](C)C(=O)N1,CHEMBL210022,10000.0,10.0
CCCCNC(=O)[C@H](C)C[C@H](O)[C@@H]1CSC/C=C/CC[C@@H]2CCCN[C@@H]2C(=O)N[C@@H](C)C(=O)N1,CHEMBL437496,10000.0,10.0
CCCCNC(=O)[C@H](C)C[C@H](O)[C@@H]1CSC/C=C/CC[C@H]2CNCC[C@H]2C(=O)N[C@@H](C)C(=O)N1,CHEMBL439148,10000.0,10.0
CCCCNC(=O)[C@H](C)C[C@H](O)[C@@H]1CSC/C=C/CC[C@@H]2CNCC[C@@H]2C(=O)N[C@@H](C)C(=O)N1,CHEMBL211193,10000.0,10.0
CCCCNC(=O)[C@H](C)C[C@H](O)[C@@H]1CSC/C=C/CS[C@H]2CCCN[C@H]2C(=O)N[C@@H](C)C(=O)N1,CHEMBL210240,190.0,0.19
CCCCNC(=O)[C@H](C)C[C@H](O)[C@@H]1CSC/C=C/CS[C@@H]2CCCN[C@@H]2C(=O)N[C@@H](C)C(=O)N1,CHEMBL211194,12000.0,12.0
CCCCNC(=O)[C@H](C)C[C@H](O)[C@@H]1CSC/C=C/CS[C@H]2CNCC[C@H]2C(=O)N[C@@H](C)C(=O)N1,CHEMBL213300,10000.0,10.0
CCCCNC(=O)[C@H](C)C[C@H](O)[C@@H]1CSC/C=C/CS[C@@H]2CNCC[C@@H]2C(=O)N[C@@H](C)C(=O)N1,CHEMBL210176,10000.0,10.0
CCCCNC(=O)[C@@H](NC(=O)[C@H](C)C[C@H](O)[C@@H]1CSC/C=C/CSC[C@H](NC(=O)OC(C)(C)C)C(=O)N[C@@H](C)C(=O)N1)C(C)C,CHEMBL377149,156.0,0.156
CCCCNC(=O)[C@@H](NC(=O)[C@H](C)C[C@H](O)[C@@H]1CSC/C=C\CSC[C@H](NC(=O)OC(C)(C)C)C(=O)N[C@@H](C)C(=O)N1)C(C)C,CHEMBL208681,1970.0,1.97
CCCCNC(=O)[C@H](C)C[C@H](O)[C@@H]1COC/C=C/CSC[C@H](NC(C)=O)C(=O)N[C@@H](C)C(=O)N1,CHEMBL212102,1120.0,1.12
CCCCNC(=O)[C@H](C)C[C@H](O)[C@@H]1CSCc2ccc(cc2)CSC[C@H](NC(C)=O)C(=O)N[C@@H](C)C(=O)N1,CHEMBL425424,10000.0,10.0
CCCCNC(=O)[C@H](C)C[C@H](O)[C@@H]1COC/C=C/CSC[C@H](NC(=O)OC(C)(C)C)C(=O)N[C@@H](C)C(=O)N1,CHEMBL377548,510.0,0.51
CCCCNC(=O)[C@H](C)C[C@H](O)[C@@H]1COC/C=C/COC[C@H](NC(=O)OC(C)(C)C)C(=O)N[C@@H](C)C(=O)N1,CHEMBL213595,20300.0,20.3
CCCCNC(=O)[C@H](C)C[C@H](O)[C@@H]1COCCCCOC[C@H](NC(=O)OC(C)(C)C)C(=O)N[C@@H](C)C(=O)N1,CHEMBL379824,10000.0,10.0
CCCCNC(=O)[C@H](C)C[C@H](O)[C@H](CC(C)C)NC(=O)[C@H](C)N(C)C(=O)[C@H](CC(C)C)NC(C)=O,CHEMBL211384,100.0,0.1
CCCCNC(=O)[C@H](C)C[C@H](O)[C@H](CC(C)C)NC(=O)[C@H](C)NC(=O)[C@H](CC(C)C)NC(C)=O,CHEMBL209795,120.0,0.12
CCCCNC(=O)[C@H](C)C[C@H](O)[C@@H]1CSC/C=C/CSC[C@H](N)C(=O)N[C@@H](C)C(=O)N1,CHEMBL209847,10000.0,10.0
CCCCNC(=O)[C@H](C)C[C@H](O)[C@@H]1CSC/C=C/CSCCC(=O)N[C@@H](C)C(=O)N1,CHEMBL212321,10000.0,10.0
CCCCNC(=O)[C@H](C)C[C@H](O)[C@@H]1CSC/C=C\CSCCC(=O)N[C@@H](C)C(=O)N1,CHEMBL211848,10000.0,10.0
CCCCNC(=O)[C@H](C)C[C@H](O)[C@@H]1CSCCCCCCSC[C@H](NC(C)=O)C(=O)N[C@@H](C)C(=O)N1,CHEMBL213830,10000.0,10.0
CCCCNC(=O)[C@H](C)C[C@H](O)[C@@H]1CSCCCCCSC[C@H](NC(C)=O)C(=O)N[C@@H](C)C(=O)N1,CHEMBL213858,10000.0,10.0
CCCCNC(=O)[C@H](C)C[C@H](O)[C@@H]1CSCCCCSC[C@H](NC(C)=O)C(=O)N[C@@H](C)C(=O)N1,CHEMBL211152,10000.0,10.0
CCCCNC(=O)[C@H](C)C[C@H](O)[C@@H]1CSC/C=C/CSC[C@H](NC(=O)OC(C)(C)C)C(=O)N[C@@H](C)C(=O)N1,CHEMBL378897,1300.0,1.3
CCCCNC(=O)[C@H](C)C[C@H](O)[C@@H]1CSC/C=C\CSC[C@H](NC(=O)OC(C)(C)C)C(=O)N[C@@H](C)C(=O)N1,CHEMBL211499,9000.0,9.0
CCCCNC(=O)[C@H](C)C[C@H](O)[C@@H]1CSCc2ccc(cc2)CSC[C@H](NC(=O)OC(C)(C)C)C(=O)N[C@@H](C)C(=O)N1,CHEMBL212357,10000.0,10.0
CCCCNC(=O)[C@H](C)C[C@H](O)[C@@H]1CSCCCCCCSC[C@H](NC(=O)OC(C)(C)C)C(=O)N[C@@H](C)C(=O)N1,CHEMBL211107,10000.0,10.0
CCCCNC(=O)[C@H](C)C[C@H](O)[C@@H]1CSCCCCCSC[C@H](NC(=O)OC(C)(C)C)C(=O)N[C@@H](C)C(=O)N1,CHEMBL211432,16900.0,16.9
CCCCNC(=O)[C@H](C)C[C@H](O)[C@@H]1CSCCCCSC[C@H](NC(=O)OC(C)(C)C)C(=O)N[C@@H](C)C(=O)N1,CHEMBL213301,20000.0,20.0
O=C(Nc1cc(-c2ccccc2)ccc1N1CCNCC1)c1cc2ccccc2oc1=O.O=C(O)C(F)(F)F,CHEMBL209632,580.0,0.58
O=C(Nc1cc(-c2ccccc2)ccc1N1CCN(Cc2ccccc2)CC1)c1cc2ccccc2oc1=O,CHEMBL212578,151.0,0.151
CC(C)(C)OC(=O)N1CCN(c2ccc(-c3ccccc3)cc2NC(=O)c2cc3ccccc3oc2=O)CC1,CHEMBL210451,10000.0,10.0
COc1cccc2cc(C(=O)Nc3cc(Br)ccc3N3CCN(CCO)CC3)c(=O)oc12,CHEMBL209052,1000.0,1.0
COc1cccc2cc(C(=O)Nc3cc(Br)ccc3N3CCOCC3)c(=O)oc12,CHEMBL379100,10000.0,10.0
O=C(Nc1cc(Br)ccc1N1CCN(CCO)CC1)c1cc2ccccc2oc1=O,CHEMBL211214,630.0,0.63
O=C(Nc1cc(Br)ccc1N1CCOCC1)c1cc2ccccc2oc1=O,CHEMBL212873,10000.0,10.0
O=C(Nc1cc(-c2ccccc2)ccc1N1CCN(C(=O)CCCCC2SCCS2)CC1)c1cccc2ccccc12,CHEMBL211097,3800.0,3.8
O=C(Nc1cc(-c2ccccc2)ccc1N1CCN(C(=O)c2ccccc2)CC1)c1cccc2ccccc12,CHEMBL212627,79.0,0.079
O=C(Nc1cc(-c2ccccc2)ccc1N1CCN(CC[C@@H](O)c2ccccc2)CC1)c1cccc2ccccc12,CHEMBL208903,46.0,0.046
O=C(Nc1cc(-c2ccccc2)ccc1N1CCN(CC[C@H](O)c2ccccc2)CC1)c1cccc2ccccc12,CHEMBL378052,69.0,0.069
NCCCCCN1CCN(c2ccc(-c3ccccc3)cc2NC(=O)c2cccc3ccccc23)CC1,CHEMBL379820,68.0,0.068
O=C(Nc1cc(-c2ccccc2)ccc1N1CCN(CCCCCN2C(=O)c3ccccc3C2=O)CC1)c1cccc2ccccc12,CHEMBL379067,100.0,0.1
CCOC(=O)CN1CCN(c2ccc(-c3ccccc3)cc2NC(=O)c2cccc3ccccc23)CC1,CHEMBL211256,90.0,0.09
O=C(Nc1cc(-c2ccccc2)ccc1N1CCN(CCO)CC1)c1cccc2ccccc12,CHEMBL377581,110.0,0.11
O=C(Nc1cc(-c2ccccc2)ccc1N1CCNCC1)c1cccc2ccccc12,CHEMBL211995,300.0,0.3
O=C(Nc1cc(-c2ccccc2)ccc1N1CCN(Cc2ccccc2)CC1)c1cccc2ccccc12,CHEMBL379334,1250.0,1.25
O=C(Nc1cc(Br)ccc1N1CCN(CCO)CC1)c1cccc2ccccc12,CHEMBL213904,79.0,0.079
O=C(Nc1cc(Br)ccc1N1CCNCC1)c1cccc2ccccc12,CHEMBL378032,1000.0,1.0
O=C(Nc1cc(Br)ccc1N1CCOCC1)c1cccc2ccccc12,CHEMBL212681,20000.0,20.0
CC(C)[C@H](NC(=O)[C@@H](N)CNC(=O)c1[nH]c(=O)[nH]c(=O)c1F)C(=O)N[C@@H](CC1CCCCC1)C(=O)N[C@@H](Cc1ccccc1)[C@@H](O)C(=O)Nc1cccc(-c2nn[nH]n2)c1,CHEMBL255838,5.6,5.6
CC(C)[C@H](NC(=O)[C@@H](N)CNC(=O)c1nn[nH]n1)C(=O)N[C@@H](CC1CCCCC1)C(=O)N[C@@H](Cc1ccccc1)[C@@H](O)C(=O)Nc1cccc(-c2nn[nH]n2)c1,CHEMBL411711,3.3,3.3
CC(C)C[C@H](NC(=O)[C@@H](NC(=O)[C@@H](N)CNC(=O)c1[nH]c(=O)[nH]c(=O)c1F)C(C)C)C(=O)N[C@@H](Cc1ccccc1)[C@@H](O)C(=O)Nc1cccc(-c2nn[nH]n2)c1,CHEMBL380381,6.5,6.5
CC[C@H](NCC1Cc2cccc(c2)OCCNC(=O)c2cc(cc(N(C)S(C)(=O)=O)c2)C(=O)N1)C(=O)NCC(C)C,CHEMBL384496,5400.0,5400.0
CNC(=O)c1cc(C(=O)NC(CO)Cc2cccc(OC)c2)cc(N(C)S(C)(=O)=O)c1,CHEMBL264296,100000.0,100.0
CCCC[C@H](NC[C@@H]1Cc2cccc(c2)CCCCc2cc(cc(N(CCC)S(C)(=O)=O)c2)C(=O)N1)C(=O)NCC(C)C,CHEMBL385374,4.0,4.0
CC[C@H](NCC1Cc2cccc(c2)CCCCc2cc(cc(N(C)S(C)(=O)=O)c2)C(=O)N1)C(=O)NCC(C)C,CHEMBL217374,90.0,90.0
CC[C@H](NCC1Cc2cccc(c2)CCCCCc2cc(cc(N(C)S(C)(=O)=O)c2)C(=O)N1)C(=O)NCC(C)C,CHEMBL214963,1100.0,1100.0
CN(c1cc2cc(c1)C(=O)NC(CO)Cc1cccc(c1)OCCNC2=O)S(C)(=O)=O,CHEMBL386666,2900.0,2.9
N=C(N)NC(=O)Cn1c(-c2ccccc2)ccc1-c1ccccc1,CHEMBL217068,3700.0,3.7
CCCOc1ccc(-c2ccc(-c3ccccc3Cl)n2CC(=O)/N=C(/N)NCCCO)cc1,CHEMBL401587,110.0,0.11
N/C(=N/C(=O)Cn1c(-c2ccccc2)ccc1C12CC3CC(CC(C3)C1)C2)NCCCO,CHEMBL403819,240.0,0.24
CC(=O)c1ccc(Oc2ccc(-c3ccc(-c4ccccc4Cl)n3CC(=O)NC(=N)N)cc2)cc1,CHEMBL253237,160.0,0.16
NC(N)=NC(=O)Cn1c(-c2ccccc2)ccc1C12CC3CC(CC(C3)C1)C2,CHEMBL402330,600.0,0.6
C[C@@H](NC(=O)c1cc(-c2nnc([C@](C)(N)Cc3ccccc3)o2)cc(N(C)S(C)(=O)=O)c1)c1ccc(F)cc1,CHEMBL219601,65.0,65.0
C[C@@H](NC(=O)c1cc(COC(=O)[C@](C)(N)Cc2ccccc2)cc(N(C)S(C)(=O)=O)c1)c1ccc(F)cc1,CHEMBL218451,27.0,27.0
C[C@@H](NC(=O)c1cc(COC[C@](C)(N)Cc2ccccc2)cc(N(C)S(C)(=O)=O)c1)c1ccc(F)cc1,CHEMBL373423,430.0,430.0
C[C@@H](NC(=O)c1cc(COC[C@@](N)(CO)Cc2ccccc2)cc(N(C)S(C)(=O)=O)c1)c1ccc(F)cc1,CHEMBL386445,1370.0,1370.0
C[C@@H](NC(=O)c1cc(C(=O)NC(CO)(CO)Cc2ccccc2)cc(N(C)S(C)(=O)=O)c1)c1ccc(F)cc1,CHEMBL218846,2700.0,2700.0
C[C@@H](NC(=O)c1cc(C(=O)OCC(N)(CO)Cc2ccccc2)cc(N(C)S(C)(=O)=O)c1)c1ccc(F)cc1,CHEMBL375217,200.0,200.0
C[C@@H](NC(=O)c1cc(C2=NC(CO)(Cc3ccccc3)CO2)cc(N(C)S(C)(=O)=O)c1)c1ccc(F)cc1,CHEMBL216593,12500.0,12500.0
CCCN(CCC)C(=O)c1cccc(C(=O)N[C@@H](Cc2cc(F)cc(F)c2)[C@H](O)CN[C@@H](C)C(=O)NCC(C)C)c1,CHEMBL375540,130.0,130.0
CCCN(CCC)C(=O)c1cc(C)cc(C(=O)N[C@@H](Cc2cc(F)cc(F)c2)[C@H](O)CNCc2cccc(OC)c2)c1,CHEMBL221597,20.0,20.0
CCCN(CCC)C(=O)c1cc(C)cc(C(=O)N[C@@H](Cc2cc(F)cc(F)c2)[C@H](O)CNCc2cccc(I)c2)c1,CHEMBL373533,5.0,5.0
CCCN(CCC)C(=O)c1cc(C)cc(C(=O)N[C@@H](Cc2cc(F)cc(F)c2)[C@H](O)CNCc2ccccc2)c1,CHEMBL221086,130.0,130.0
CCCN(CCC)C(=O)c1cc(C)cc(C(=O)N[C@@H](Cc2cc(F)cc(F)c2)[C@H](O)CNC(C)(C)C(=O)NCC(C)C)c1,CHEMBL265862,200.0,200.0
CCCN(CCC)C(=O)c1cc(C)cc(C(=O)N[C@@H](Cc2cc(F)cc(F)c2)[C@H](O)CN[C@@H](C)C(=O)NCC(C)C)c1,CHEMBL265861,70.0,70.0
CCCN(CCC)C(=O)c1cccc(C(=O)N[C@@H](Cc2cc(F)cc(F)c2)[C@H](O)CN[C@H](C)C(=O)NCC(C)C)c1,CHEMBL220813,500.0,500.0
Nc1ccc2ccccc2n1,CHEMBL61236,2000000.0,2.0
Nc1cccc(CCc2ccccc2)n1,CHEMBL219680,2000000.0,2.0
Nc1cccc(CCc2ccc3cc[nH]c3c2)n1,CHEMBL221118,94000.0,94.0
COc1cccc(-c2cccc(CCc3cccc(N)n3)c2)c1,CHEMBL221170,25000.0,25.0
CCCOc1cncc(-c2cccc(CNc3cccnc3N)c2)c1,CHEMBL220895,24000.0,24.0
COc1cncc(-c2cccc(CNc3cccnc3N)c2)c1,CHEMBL220396,40000.0,40.0
Nc1ncccc1NCc1cccc(-c2cccnc2)c1,CHEMBL220346,100000.0,100.0
Nc1ncccc1NCc1ccccc1,CHEMBL435747,310000.0,310.0
Nc1ncccc1NCc1cc(-c2ccc3cc[nH]c3c2)ccc1OCc1ccccn1,CHEMBL220428,4200.0,4.2
Nc1ncccc1NCc1cc(-c2ccc3cc[nH]c3c2)ccc1OCc1ccccc1,CHEMBL220826,690.0,0.69
Nc1ncccc1NCc1cccc(-c2ccc3cc[nH]c3c2)c1,CHEMBL220896,9100.0,9.1
C=CCN(CC=C)C(=O)c1cc(OCC(=O)NCCCCCN)cc(C(=O)N[C@H](C)c2ccccc2)c1,CHEMBL222533,25000.0,25.0
C[C@@H](NC(=O)c1cc(OCC(=O)NCCCCCN)cc(OS(=O)(=O)Cc2ccccc2)c1)c1ccc(F)cc1,CHEMBL426717,1400.0,1.4
C[C@@H](NC(=O)c1cc(OCC(=O)NCCCCCN)cc(OS(=O)(=O)Cc2ccccc2)c1)c1ccccc1,CHEMBL374512,100000.0,100.0
C[C@@H](NC(=O)c1cc(OCC(=O)NCCCCCN)cc(-c2ccccc2C#N)c1)c1ccccc1,CHEMBL222794,21000.0,21.0
C[C@@H](NC(=O)c1cc(C(=O)N[C@@H](Cc2ccccc2)C(O)CNC2CC2)cc(N(C)S(C)(=O)=O)c1)c1ccccc1,CHEMBL221454,15.0,15.0
C[C@@H](NC(=O)c1cc(C(=O)N[C@@H](Cc2ccccc2)[C@H](O)CNC2CC2)cc(N(C)S(=O)(=O)N(C)C)c1)c1ccccc1,CHEMBL376277,14.0,14.0
CC(C)S(=O)(=O)N(C)c1cc(C(=O)N[C@@H](Cc2ccccc2)[C@H](O)CNC2CC2)cc(C(=O)N[C@H](C)c2ccccc2)c1,CHEMBL162970,41.0,41.0
C[C@@H](NC(=O)c1cc(C(=O)N[C@@H](Cc2ccccc2)[C@H](O)CNC(C)(C)C)cc(N(C)S(C)(=O)=O)c1)c1ccc(F)cc1,CHEMBL266891,15.0,15.0
CCNC[C@@H](O)[C@H](Cc1ccccc1)NC(=O)c1cc(C(=O)N[C@H](C)c2ccc(F)cc2)cc(N(C)S(C)(=O)=O)c1,CHEMBL376072,15.0,15.0
C[C@@H](NC(=O)c1cc(C(=O)N[C@@H](Cc2ccccc2)[C@H](O)CN)cc(N(C)S(C)(=O)=O)c1)c1ccc(F)cc1,CHEMBL225442,23.0,23.0
C[C@@H](NC(=O)c1cc(C(=O)N[C@@H](Cc2ccccc2)[C@H](O)CNC2CC2)cc(N(C)S(C)(=O)=O)c1)c1ccc(F)cc1,CHEMBL377625,10.0,10.0
C[C@@H](NC(=O)c1cc(NS(C)(=O)=O)cc(C(=O)N[C@@H](Cc2ccccc2)C(O)CNC2CC2)c1)c1ccc(F)cc1,CHEMBL222209,63.0,63.0
CCCNC(=O)c1cc(C(=O)N[C@@H](CC(C)C)[C@@H](O)C[C@@H](C)C(=O)N[C@H](C(=O)NC(C)C)C(C)C)cc(N(C)S(C)(=O)=O)c1,CHEMBL227641,3600.0,3.6
C[C@@H](NC(=O)c1cc(C(=O)N[C@@H](Cc2ccccc2)[C@H](O)CNC2CC2)cc(N(C)S(C)(=O)=O)c1)c1ccccc1,CHEMBL378225,78.0,0.078
Cc1nc(C(C)NC(=O)c2cc(C(=O)N[C@@H](CC(C)C)[C@@H](O)C[C@@H](C)C(=O)N[C@H](C(=O)NC(C)C)C(C)C)cc(N(C)S(C)(=O)=O)c2)c(C)o1,CHEMBL390159,10300.0,10.3
CC(C)C[C@H](NC(=O)c1cc(C(=O)N[C@H](CO)c2ccccc2)cc(N(C)S(C)(=O)=O)c1)[C@@H](O)C[C@@H](C)C(=O)N[C@H](C(=O)NC(C)C)C(C)C,CHEMBL387984,190000.0,190.0
CC(C)C[C@H](NC(=O)c1cc(C(=O)N[C@H](C)c2ccccc2)cc(N(C)S(C)(=O)=O)c1)[C@@H](O)C[C@@H](C)C(=O)N[C@H](C(=O)NC(C)C)C(C)C,CHEMBL387771,39.0,0.039
CC(C)C[C@H](NC(=O)c1cc(C(=O)NCc2ccccc2)cc(N(C)S(C)(=O)=O)c1)[C@@H](O)C[C@@H](C)C(=O)N[C@H](C(=O)NC(C)C)C(C)C,CHEMBL227758,5600.0,5.6
Cc1nc(CNC(=O)c2cc(C(=O)N[C@@H](CC(C)C)[C@@H](O)C[C@@H](C)C(=O)N[C@H](C(=O)NC(C)C)C(C)C)cc(N(C)S(C)(=O)=O)c2)c(C)o1,CHEMBL376504,1800.0,1.8
CCCN(CCC)C(=O)c1cc(C)cc(C(=O)N[C@@H](Cc2cc(F)cc(F)c2)[C@H](O)CNCc2cccc(CC)c2)c1,CHEMBL397275,2.0,2.0
CCCN(CCC)C(=O)c1cc(C(=O)N[C@@H](Cc2ccccc2)[C@H](O)CNCc2cccc(OC)c2)cc(C(=O)OCC)c1,CHEMBL394596,132.0,132.0
CCCN(CCC)C(=O)c1cc(C(=O)N[C@@H](Cc2ccccc2)[C@H](O)CNCc2cccc(OC)c2)cc(C(=O)N(C)C)c1,CHEMBL230807,70.0,70.0
CCCN(CCC)C(=O)c1cc(C(=O)O)cc(C(=O)N[C@@H](Cc2ccccc2)[C@H](O)CNCc2cccc(OC)c2)c1,CHEMBL394595,30.0,30.0
CCCN(CCC)C(=O)c1cc(C(N)=O)cc(C(=O)N[C@@H](Cc2ccc(O)cc2)[C@H](O)CNCc2cccc(OC)c2)c1,CHEMBL397715,300.0,300.0
CCCN(CCC)C(=O)c1cc(C(N)=O)cc(C(=O)N[C@@H](Cc2cc(F)cc(F)c2)[C@H](O)CNCc2cccc(CC)c2)c1,CHEMBL397714,5.0,5.0
CCCN(CCC)C(=O)c1cc(C(=O)N[C@@H](Cc2ccccc2)[C@H](O)CNCc2cccc(OC)c2)cc(C(=O)N(CCC)CCC)c1,CHEMBL124380,250.0,250.0
CCCNC(=O)c1cc(C(N)=O)cc(C(=O)N[C@@H](Cc2ccccc2)[C@H](O)CNCc2cccc(OC)c2)c1,CHEMBL396010,1900.0,1900.0
CCCNC(=O)c1cc(C#N)cc(C(=O)N[C@@H](Cc2ccccc2)[C@H](O)CNCc2cccc(OC)c2)c1,CHEMBL230314,770.0,770.0
CCCN(CCC)C(=O)c1cc(CC#N)cc(C(=O)N[C@@H](Cc2ccccc2)[C@H](O)CNCc2cccc(OC)c2)c1,CHEMBL230190,360.0,360.0
CCCN(CCC)C(=O)c1cc(C#N)cc(C(=O)N[C@@H](Cc2ccccc2)[C@H](O)CNCc2cccc(OC)c2)c1,CHEMBL231646,90.0,90.0
CCCN(CCC)C(=O)c1cc(C(N)=O)cc(C(=O)N[C@@H](Cc2cc(F)cc(F)c2)[C@H](O)CNCc2cccc(OC)c2)c1,CHEMBL396765,11.0,11.0
CCCN(CCC)C(=O)c1cc(C(N)=O)cc(C(=O)N[C@@H](Cc2ccccc2)[C@H](O)CNCc2cccc(OC)c2)c1,CHEMBL231325,100.0,100.0
CCCN(CCC)C(=O)c1cc(C)cc(C(=O)N[C@@H](Cc2ccccc2)[C@H](O)CNCc2cccc(OC)c2)c1,CHEMBL231542,100.0,100.0
CC(C)S(=O)(=O)N(C)c1cc(C(=O)N[C@@H](Cc2cc(F)cc(F)c2)[C@@H](N)CF)cc(N(C)C[C@H]2C[C@@H]2C)n1,CHEMBL230355,18.0,18.0
COC[C@H](N)[C@H](Cc1cc(F)cc(F)c1)NC(=O)c1cc(N(C)C[C@H]2C[C@@H]2C)nc(N(C)S(C)(=O)=O)c1,CHEMBL425828,12.0,12.0
CC1CC1CNc1cc(C(=O)N[C@H](CN)Cc2cc(F)cc(F)c2)cc(N(C)S(C)(=O)=O)n1,CHEMBL230250,34.0,34.0
CC(C)S(=O)(=O)N(C)c1cc(C(=O)N[C@H](CO)Cc2cc(F)cc(F)c2)cc(NC[C@H]2C[C@@H]2C)n1,CHEMBL395084,14.0,14.0
CCCN(CC1CC1)c1cc(C(=O)N[C@H](CO)Cc2cc(F)cc(F)c2)cc(N(C)S(=O)(=O)C(C)C)n1,CHEMBL394850,350.0,350.0
CN(c1cc(C(=O)N[C@H](CO)Cc2cc(F)cc(F)c2)cc(NCC2CC2)n1)S(C)(=O)=O,CHEMBL230349,1100.0,1100.0
CC(C)S(=O)(=O)N(C)c1cc(C(=O)N[C@@H](Cc2ccccc2)[C@@H](N)CF)cc(NC[C@H]2C[C@@H]2C)n1,CHEMBL230245,2.0,2.0
COCCCOc1cc(C[C@@H](C[C@H](N)[C@@H](O)C[C@H](C(=O)NCC(C)(C)C(N)=O)C(C)C)C(C)C)ccc1OC.Cl,CHEMBL559358,10000.0,10.0
CC(C)CC(NC(=O)[C@H](CC(=O)O)NC(=O)[C@H](CC(C)C)NC(=O)[C@@H](N)CCC(=O)O)P(=O)(O)CC(C)C(=O)N[C@H](C(=O)N[C@@H](CCC(=O)O)C(=O)N[C@@H](Cc1ccccc1)C(=O)O)C(C)C,CHEMBL242323,675.0,675.0
CC(C)C[C@H](NC(=O)[C@@H](N)CCC(=O)O)C(=O)N[C@@H](CC(=O)O)C(=O)N[C@@H](CC(C)C)[C@@H](O)C[C@@H](C)C(=O)N[C@H](C(=O)N[C@@H](CCC(=O)O)C(=O)N[C@@H](Cc1ccccc1)C(=O)O)C(C)C,CHEMBL390456,6.0,6.0
CC(C)C[C@H](NC(=O)[C@@H](N)CCC(=O)O)C(=O)N[C@@H](CC(=O)O)C(=O)N[C@@H](CC(C)C)P(=O)(O)CC(C)C(=O)N[C@H](C(=O)N[C@@H](CCC(=O)O)C(=O)N[C@@H](Cc1ccccc1)C(=O)O)C(C)C,CHEMBL242315,12.0,12.0
CC(C)C[C@H](NC(=O)[C@@H](N)CCC(=O)O)C(=O)N[C@@H](CC(=O)O)C(=O)N[C@H](CC(C)C)P(=O)(O)CC(C)C(=O)N[C@H](C(=O)N[C@@H](CCC(=O)O)C(=O)N[C@@H](Cc1ccccc1)C(=O)O)C(C)C,CHEMBL389831,2020.0,2020.0
CCCC(CCC)S(=O)(=O)C[C@@H](NC(=O)c1ccccc1)C(=O)N[C@@H](Cc1cc(F)cc(F)c1)[C@H](O)CNCc1cccc(CC)c1,CHEMBL234762,495.0,495.0
CCCCS(=O)(=O)C[C@@H](NC(=O)OCc1ccncc1)C(=O)N[C@@H](Cc1cc(F)cc(F)c1)[C@H](O)CNCc1cccc(CC)c1,CHEMBL409950,11.0,11.0
CCCCS(=O)(=O)C[C@@H](NC(=O)OCc1cccnc1)C(=O)N[C@@H](Cc1cc(F)cc(F)c1)[C@H](O)CNCc1cccc(CC)c1,CHEMBL409949,10.0,10.0
CCCCS(=O)(=O)C[C@@H](NC(=O)OCCNC(C)=O)C(=O)N[C@@H](Cc1cc(F)cc(F)c1)[C@H](O)CNCc1cccc(CC)c1,CHEMBL391145,27.0,27.0
CCCCS(=O)(=O)C[C@@H](NC(=O)SC1CCOC1)C(=O)N[C@@H](Cc1cc(F)cc(F)c1)[C@H](O)CNCc1cccc(CC)c1,CHEMBL409948,15.0,15.0
CCCCS(=O)(=O)C[C@@H](NC(=O)OCC(F)(F)F)C(=O)N[C@@H](Cc1cc(F)cc(F)c1)[C@H](O)CNCc1cccc(CC)c1,CHEMBL231865,4.0,4.0
CCCCS(=O)(=O)CC(NC(=O)OCCC#N)C(=O)N[C@@H](Cc1cc(F)cc(F)c1)[C@H](O)CNCc1cccc(CC)c1,CHEMBL231864,8.0,8.0
CCCCS(=O)(=O)C[C@@H](NC(=O)OC)C(=O)N[C@@H](Cc1cc(F)cc(F)c1)[C@H](O)CNCc1cccc(CC)c1,CHEMBL393733,4.0,4.0
CCCCS(=O)(=O)C[C@@H](NC(=O)c1cnccc1O)C(=O)N[C@@H](Cc1cc(F)cc(F)c1)[C@H](O)CNCc1cccc(CC)c1,CHEMBL266531,5.0,5.0
CCCCS(=O)(=O)C[C@@H](NC(=O)c1ncc[nH]1)C(=O)N[C@@H](Cc1cc(F)cc(F)c1)[C@H](O)CNCc1cccc(CC)c1,CHEMBL391144,4.0,4.0
CCCCS(=O)(=O)C[C@@H](NC(=O)c1cnccn1)C(=O)N[C@@H](Cc1cc(F)cc(F)c1)[C@H](O)CNCc1cccc(CC)c1,CHEMBL409875,4.0,4.0
CCCCS(=O)(=O)C[C@@H](NC(=O)c1cc(C)[nH]n1)C(=O)N[C@@H](Cc1cc(F)cc(F)c1)[C@H](O)CNCc1cccc(CC)c1,CHEMBL409947,4.0,4.0
CCCCS(=O)(=O)C[C@@H](NC(=O)c1ccncc1)C(=O)N[C@@H](Cc1cc(F)cc(F)c1)[C@H](O)CNCc1cccc(CC)c1,CHEMBL394271,5.0,5.0
CCCCS(=O)(=O)C[C@@H](NC(=O)C1CC1)C(=O)N[C@@H](Cc1cc(F)cc(F)c1)[C@H](O)CNCc1cccc(CC)c1,CHEMBL231669,10.0,10.0
CCCCS(=O)(=O)C[C@@H](NC(=O)COC)C(=O)N[C@@H](Cc1cc(F)cc(F)c1)[C@H](O)CNCc1cccc(CC)c1,CHEMBL398775,22.0,22.0
CCCCS(=O)(=O)C[C@@H](NC(C)=O)C(=O)N[C@@H](Cc1cc(F)cc(F)c1)[C@H](O)CNCc1cccc(CC)c1,CHEMBL232490,13.0,13.0
CCCCS(=O)(=O)C[C@@H](NC(=O)c1cccnc1)C(=O)N[C@@H](Cc1cc(F)cc(F)c1)[C@H](O)CNCc1cccc(CC)c1,CHEMBL266567,2.0,2.0
CCCC(CCC)S(=O)(=O)C[C@@H](NC(=O)OC)C(=O)N[C@@H](Cc1cc(F)cc(F)c1)[C@H](O)CNCc1cccc(CC)c1,CHEMBL414145,3.0,3.0
CCCC(CCC)S(=O)(=O)C[C@@H](NC(=O)OCc1ccncc1)C(=O)N[C@@H](Cc1cc(F)cc(F)c1)[C@H](O)CNCc1cccc(CC)c1,CHEMBL394270,3.0,3.0
CCCC(CCC)S(=O)(=O)C[C@@H](NC(=O)OCc1cccnc1)C(=O)N[C@@H](Cc1cc(F)cc(F)c1)[C@H](O)CNCc1cccc(CC)c1,CHEMBL414776,4.0,4.0
CCCC(CCC)S(=O)(=O)C[C@@H](NC(=O)OCc1ccccc1)C(=O)N[C@@H](Cc1cc(F)cc(F)c1)[C@H](O)CNCc1cccc(CC)c1,CHEMBL231863,3.0,3.0
CCCC(CCC)S(=O)(=O)C[C@@H](NC(=O)c1cccnc1)C(=O)N[C@@H](Cc1cc(F)cc(F)c1)[C@H](O)CNCc1cccc(CC)c1,CHEMBL231862,1.0,1.0
CCCC(CCC)S(=O)(=O)C[C@@H](NC(=O)c1cccc(O)c1)C(=O)N[C@@H](Cc1cc(F)cc(F)c1)[C@H](O)CNCc1cccc(CC)c1,CHEMBL266566,2.0,2.0
CCCC(CCC)S(=O)(=O)C[C@@H](NC(=O)c1ccccc1C)C(=O)N[C@@H](Cc1cc(F)cc(F)c1)[C@H](O)CNCc1cccc(CC)c1,CHEMBL393140,15.0,15.0
CCCC(CCC)S(=O)(=O)C[C@@H](NC(=O)c1cccc(Cl)c1)C(=O)N[C@@H](Cc1cc(F)cc(F)c1)[C@H](O)CNCc1cccc(CC)c1,CHEMBL266565,5.0,5.0
CCCC(CCC)S(=O)(=O)C[C@@H](NC(=O)c1ccc(C(F)(F)F)cc1)C(=O)N[C@@H](Cc1cc(F)cc(F)c1)[C@H](O)CNCc1cccc(CC)c1,CHEMBL234555,53.0,53.0
CCCC(CCC)S(=O)(=O)C[C@@H](NC(=O)c1ccc(OC)cc1)C(=O)N[C@@H](Cc1cc(F)cc(F)c1)[C@H](O)CNCc1cccc(CC)c1,CHEMBL231861,2.0,2.0
CCCC(CCC)S(=O)(=O)C[C@@H](NC(=O)c1ccc(C)cc1)C(=O)N[C@@H](Cc1cc(F)cc(F)c1)[C@H](O)CNCc1cccc(CC)c1,CHEMBL412852,4.0,4.0
NC(N)=NC(=O)Cc1c(-c2ccccc2)csc1-c1ccccc1,CHEMBL236850,8300.0,8.3
CCC(CC)NC(=O)c1ccc(-c2scc(-c3ccccc3Cl)c2CC(=O)/N=C(/N)NCCCO)cc1,CHEMBL237494,930.0,0.93
CCCCNC(=O)c1ccc(-c2scc(-c3ccccc3Cl)c2CC(=O)/N=C(/N)NCCCO)cc1,CHEMBL391109,280.0,0.28
N/C(=N/C(=O)Cc1c(-c2ccccc2Cl)csc1-c1ccc(C(=O)NCC2CC2)cc1)NCCCO,CHEMBL237493,140.0,0.14
CCCNC(=O)c1ccc(-c2scc(-c3ccccc3Cl)c2CC(=O)/N=C(/N)NCCCO)cc1,CHEMBL237284,260.0,0.26
N/C(=N/C(=O)Cc1c(-c2ccccc2Cl)csc1-c1ccc(C(=O)NCC(F)(F)F)cc1)NCCCO,CHEMBL237283,200.0,0.2
CCCOc1ccc(-c2scc(-c3ccccc3Cl)c2CC(=O)/N=C(/N)NCCCO)c(C)c1,CHEMBL391108,1550.0,1.55
CCCOc1ccc(-c2scc(-c3ccccc3Cl)c2CC(=O)/N=C(/N)NCCCO)cc1C,CHEMBL237282,1540.0,1.54
CCCOc1ccc(-c2scc(-c3ccccc3Cl)c2CC(=O)/N=C(/N)NCCCO)cc1,CHEMBL237063,150.0,0.15
CCCOc1ccc(-c2csc(-c3ccccc3Cl)c2CC(=O)NC(=N)N)cc1,CHEMBL391087,590.0,0.59
CCCOc1ccc(-c2scc(-c3ccccc3Cl)c2CC(=O)N=C(N)N)cc1,CHEMBL237062,630.0,0.63
CCCOc1ccc(-c2csc(-c3ccccc3)c2CC(=O)N=C(N)N)cc1,CHEMBL237061,1890.0,1.89
CCCOc1ccc(-c2scc(-c3ccccc3)c2CC(=O)N=C(N)N)cc1,CHEMBL236852,680.0,0.68
NC(N)=NC(=O)Cc1c(-c2ccccc2Cl)csc1-c1ccc(OCCc2cn[nH]c2)cc1,CHEMBL393559,6900.0,6.9
CC(=O)c1ccc(Oc2ccc(-c3scc(-c4ccccc4Cl)c3CC(=O)N=C(N)N)cc2)cc1,CHEMBL236851,750.0,0.75
CN(c1cc2cc(c1)C(=O)N[C@@H](c1ccccc1)CCc1cccc(c1)C[C@@](C)(N)C(=O)OC2)S(C)(=O)=O,CHEMBL400438,2.0,2.0
C[C@@H](NC(c1cc(-c2nnc([C@](C)(N)Cc3ccc(F)cc3)o2)cc(N(C)S(C)(=O)=O)c1)C(F)(F)F)c1ccc(F)cc1,CHEMBL238409,15000.0,15000.0
CN(c1cc2cc(c1)C(C(F)(F)F)N[C@@H](c1ccccc1)CCc1cccc(c1)C[C@@](C)(N)C(=O)OC2)S(C)(=O)=O,CHEMBL392564,3700.0,3700.0
CN(c1cc2cc(n1)CCCCCc1cccc(c1)C[C@@](C)(N)C(=O)OC2)S(C)(=O)=O,CHEMBL399595,15000.0,15000.0
CN(c1cc2cc(n1)CCC(c1ccccc1)CCc1cccc(c1)C[C@@](C)(N)C(=O)OC2)S(C)(=O)=O,CHEMBL235854,7000.0,7000.0
CC1CCc2cccc(c2)C[C@@](C)(N)C(=O)OCc2cc(nc(N(C)S(C)(=O)=O)c2)CC1,CHEMBL235853,1800.0,1800.0
CC1CCc2cccc(c2)C[C@@](C)(N)C(=O)OCc2cc(cc(N(C)S(C)(=O)=O)c2)CC1,CHEMBL394225,1700.0,1700.0
CN(c1cc2cc(n1)N(CC1CC1)CCCCc1cccc(c1)C[C@@](C)(N)C(=O)OC2)S(C)(=O)=O,CHEMBL394224,6000.0,6000.0
CC(C)N1CCCCc2cccc(c2)C[C@@](C)(N)C(=O)OCc2cc1nc(N(C)S(C)(=O)=O)c2,CHEMBL442238,22000.0,22000.0
CN(c1cc2cc(n1)N(Cc1ccccc1)CCCCc1cccc(c1)C[C@@](C)(N)C(=O)OC2)S(C)(=O)=O,CHEMBL235645,13000.0,13000.0
CN(c1cc2cc(n1)NCCCCc1cccc(c1)C[C@@](C)(N)C(=O)OC2)S(C)(=O)=O,CHEMBL392361,400.0,400.0
C[C@H](NC(=O)OC[C@H](O)[C@H](Cc1ccccc1)NC(=O)c1ccc(S(C)(=O)=O)cc1)C(=O)N[C@@H](CCC(=O)O)C(=O)N[C@@H](Cc1ccccc1)C(=O)O,CHEMBL235820,30000.0,30.0
Nc1nc(CCc2ccc3cc[nH]c3c2)cc(=O)[nH]1,CHEMBL236777,130000.0,130.0
COc1cccc(-c2cccc(C3(C)CC(=O)N(C)C(N)=N3)c2)c1,CHEMBL392662,670.0,0.67
CN1C(=O)CC(C)(c2ccc(Cl)c(Cl)c2)N=C1N,CHEMBL239425,7500.0,7.5
CC1(c2ccc(Cl)c(Cl)c2)CC(=O)NC(N)=N1,CHEMBL397162,79000.0,79.0
NC1=NC(c2ccc(Cl)c(Cl)c2)CC(=O)N1,CHEMBL235763,480000.0,480.0
CC1(c2ccccc2)CC(=O)NC(N)=N1,CHEMBL238087,140000.0,140.0
COc1cccc(-c2cccc(CCc3cc(=O)n(C)c(N)n3)c2)c1,CHEMBL235754,5700.0,5.7
Cn1c(N)nc(CCc2cccc(-c3ccc[nH]3)c2)cc1=O,CHEMBL396830,51000.0,51.0
Cn1c(N)nc(CCc2cccc(-c3cccnc3)c2)cc1=O,CHEMBL235753,24000.0,24.0
Cn1c(N)nc(CCc2ccc3cc[nH]c3c2)cc1=O,CHEMBL237891,16000.0,16.0
Cn1c(N)nc(CCc2ccc3ccccc3c2)cc1=O,CHEMBL237889,28000.0,28.0
Cn1c(N)nc(CCc2ccccc2)cc1=O,CHEMBL237888,180000.0,180.0
COc1cccc(-c2cccc(CC[C@]3(C)CC(=O)N(C)C(N)=N3)c2)c1,CHEMBL239857,80.0,0.08
COc1cccc(-c2cccc(CC[C@@]3(C)CC(=O)N(C)C(N)=N3)c2)c1,CHEMBL239641,35000.0,35.0
COc1cccc(-c2cccc(CCC3(C)CC(=O)N(C)C(N)=N3)c2)c1,CHEMBL393911,200.0,0.2
CN1C(=O)CC(C)(CCc2cccc(-c3ccccc3)c2)N=C1N,CHEMBL239640,1600.0,1.6
CN1C(=O)CC(C)(CCc2ccccc2)N=C1N,CHEMBL239639,34000.0,34.0
CN1C(=O)CC(C)(c2ccccc2)N=C1N,CHEMBL239638,2000.0,2.0
Cn1c(N)nc(CCc2cccc(-c3ccccc3)c2)cc1=O,CHEMBL393501,29000.0,29.0
C[C@H]1C[C@@H]1CNc1cc(C(=O)N[C@H](CO)Cc2cc(F)cc(F)c2)cc(N(C)S(C)(=O)=O)n1,CHEMBL396338,74.0,74.0
COCCN(C[C@H]1C[C@@H]1C)c1cc(C(=O)N[C@@H](Cc2ccccc2)[C@@H](N)COC)cc(N(C)S(=O)(=O)C(C)C)n1,CHEMBL429477,6.0,6.0
CCOC[C@H](N)[C@H](Cc1ccccc1)NC(=O)c1cc(N(C)C[C@H]2C[C@@H]2C)nc(N(C)S(=O)(=O)C(C)C)c1,CHEMBL248245,24.0,24.0
COC[C@H](N)[C@H](Cc1ccccc1)NC(=O)c1cc(N(C)C[C@H]2C[C@@H]2C)nc(N(C)S(=O)(=O)C(C)C)c1,CHEMBL401008,24.0,24.0
COC[C@H](N)[C@H](Cc1ccccc1)NC(=O)c1cc(N(C)C[C@H]2C[C@@H]2C)nc(N(C)S(C)(=O)=O)c1,CHEMBL248228,12.0,12.0
CCCN(c1cc(C(=O)N[C@@H](Cc2ccccc2)[C@H](C)N)cc(N(C)C[C@H]2C[C@@H]2C)n1)S(C)(=O)=O,CHEMBL399113,67.0,67.0
CCCC[C@H](N)[C@H](Cc1ccccc1)NC(=O)c1cc(N(C)C[C@H]2C[C@@H]2C)nc(N(CCC)S(C)(=O)=O)c1,CHEMBL248056,39.0,39.0
CCCC[C@H](N)[C@H](Cc1ccccc1)NC(=O)c1cc(N(C)C[C@H]2C[C@@H]2C)nc(N(C)S(C)(=O)=O)c1,CHEMBL248223,31.0,31.0
CC1CC1CNc1cc(C(=O)N[C@@H](Cc2ccsc2)[C@H](C)N)cc(N(C)S(C)(=O)=O)n1,CHEMBL247596,32.0,32.0
CCCC[C@H](N)[C@H](Cc1ccsc1)NC(=O)c1cc(NCC2CC2C)nc(N(C)S(C)(=O)=O)c1,CHEMBL440957,11.0,11.0
CC1CC1CNc1cc(C(=O)N[C@@H](Cc2ccccc2)[C@@H](N)CCC(F)(F)F)cc(N(C)S(C)(=O)=O)n1,CHEMBL247416,2.0,2.0
CCCC[C@H](N)[C@H](Cc1ccccc1)NC(=O)c1cc(NCC2CC2C)nc(N(C)S(C)(=O)=O)c1,CHEMBL247415,20.0,20.0
CC1CC1CNc1cc(C(=O)N[C@H](CN)Cc2ccccc2)cc(N(C)S(C)(=O)=O)n1,CHEMBL393850,34.0,34.0
CCCC[C@H](N)[C@H](Cc1cc(F)cc(F)c1)NC(=O)c1cc(NCC2CC2C)nc(N(C)S(C)(=O)=O)c1,CHEMBL247043,9.0,9.0
CCCC[C@H](O)[C@H](Cc1cc(F)cc(F)c1)NC(=O)c1cc(NCC2CC2C)nc(N(C)S(C)(=O)=O)c1,CHEMBL247595,13.0,13.0
CCCN(c1cc2cc(c1)C(=O)N[C@@H](c1ccccc1)CCc1cccc(c1)C[C@@](C)(N)COC2)S(C)(=O)=O,CHEMBL248699,17.0,17.0
C[C@@]1(N)Cc2ccc(F)c(c2)CC[C@H](c2ccc(F)cc2)NC(=O)c2cc(cc(-c3cccc(F)c3C#N)c2)COC1=O,CHEMBL399425,46.0,46.0
C[C@@]1(N)Cc2cccc(c2)CC[C@H](c2ccc(F)cc2)NC(=O)c2cc(cc(-c3cccc(F)c3C#N)c2)COC1=O,CHEMBL399362,22.0,22.0
C[C@@]1(N)Cc2cccc(c2F)CC[C@H](c2ccc(F)cc2)NC(=O)c2cc(cc(-c3ccccc3C#N)c2)COC1=O,CHEMBL401181,78.0,78.0
C[C@@]1(N)Cc2ccc(F)c(c2)CC[C@H](c2ccc(F)cc2)NC(=O)c2cc(cc(-c3ccccc3C#N)c2)COC1=O,CHEMBL251310,46.0,46.0
C[C@@]1(N)Cc2cc(F)cc(c2)CC[C@H](c2ccc(F)cc2)NC(=O)c2cc(cc(-c3ccccc3C#N)c2)COC1=O,CHEMBL251309,130.0,130.0
C[C@@]1(N)Cc2cccc(c2)CC[C@H](c2ccccc2)NC(=O)c2cc(cc(-c3ccccc3C#N)c2)COC1=O,CHEMBL401180,27.0,27.0
C[C@@]1(N)Cc2cccc(c2)CC[C@H](c2ccccc2)NC(=O)c2cc(cc(-c3ncco3)c2)COC1=O,CHEMBL251307,780.0,780.0
C[C@@]1(N)Cc2cccc(c2)CC[C@H](c2ccccc2)NC(=O)c2cc(Br)cc(c2)COC1=O,CHEMBL251118,270.0,270.0
CN(C)S(=O)(=O)N(C)c1cc2cc(c1)C(=O)N[C@@H](c1ccccc1)CCc1cccc(c1)C[C@@](C)(N)C(=O)OC2,CHEMBL427884,4.0,4.0
CN(c1cc2cc(c1)C(=O)N[C@@H](c1ccccc1)CCc1cccc(c1)C[C@@](C)(N)C(=O)OC2)S(=O)(=O)C(F)(F)F,CHEMBL250918,38.0,38.0
CN(c1cc2cc(c1)C(=O)N[C@@H](c1ccccc1)CCc1cccc(c1)C[C@@](C)(N)C(=O)OC2)S(=O)(=O)CC(F)(F)F,CHEMBL402921,16.0,16.0
CCCN(c1cc2cc(c1)C(=O)N[C@@H](C1CC1)CCc1cccc(c1)C[C@@](C)(N)COC2)S(C)(=O)=O,CHEMBL398839,1100.0,1100.0
C#C[C@H]1CCc2cccc(c2)C[C@@](C)(N)COCc2cc(cc(N(CCC)S(C)(=O)=O)c2)C(=O)N1,CHEMBL248876,53.0,53.0
CCCN(c1cc2cc(c1)C(=O)N[C@@H](C(C)C)CCc1cccc(c1)C[C@@](C)(N)COC2)S(C)(=O)=O,CHEMBL250712,175.0,175.0
CCCN(c1cc2cc(c1)C(=O)N[C@@H](CC)CCc1cccc(c1)C[C@@](C)(N)COC2)S(C)(=O)=O,CHEMBL399276,85.0,85.0
CCCN(c1cc2cc(c1)C(=O)N[C@@H](C)CCc1cccc(c1)C[C@@](C)(N)COC2)S(C)(=O)=O,CHEMBL399776,290.0,290.0
CCCN(c1cc2cc(c1)C(=O)N[C@@H](c1ccc(F)cc1)CCc1cccc(c1)C[C@@](C)(N)COC2)S(C)(=O)=O,CHEMBL429666,10.0,10.0
CC(C)S(=O)(=O)N(C)c1cc2cc(c1)C(=O)N[C@@H](c1ccccc1)CCc1cccc(c1)C[C@@](C)(N)COC2,CHEMBL251533,196.0,196.0
CCS(=O)(=O)N(C)c1cc2cc(c1)C(=O)N[C@@H](c1ccccc1)CCc1cccc(c1)C[C@@](C)(N)COC2,CHEMBL438691,56.0,56.0
C[C@@]1(N)Cc2cccc(c2)CC[C@H](c2ccccc2)NC(=O)c2cc(cc(N(c3ccccc3)S(C)(=O)=O)c2)COC1=O,CHEMBL250295,1.0,1.0
C[C@]1(N)COCc2cc(cc(N(c3ccccc3)S(C)(=O)=O)c2)C(=O)N[C@@H](c2ccccc2)CCc2cccc(c2)C1,CHEMBL248884,12.0,12.0
CN(c1cc2cc(c1)C(=O)N[C@@H](c1ccccc1)CCc1cccc(c1)C[C@@](C)(N)COC2)S(C)(=O)=O,CHEMBL250120,49.0,49.0
CCCN(c1cc2cc(c1)C(=O)N[C@@H](c1ccccc1)CCc1cccc(c1)C[C@@](C)(N)C(=O)OC2)S(C)(=O)=O,CHEMBL400530,2.0,2.0
CCCC(CCC)S(=O)(=O)CCC(=O)N[C@@H](Cc1ccccc1)[C@H](O)CNCc1cccc(OC)c1,CHEMBL401141,314.0,314.0
CCCN(CCC)C(=O)c1cccc(C(=O)N[C@@H](Cc2ccccc2)[C@H](O)CNCc2cccc(OC)c2)c1,CHEMBL443239,500.0,500.0
CCCC(CCC)S(=O)(=O)CC(NC(=O)OCc1ccccc1)C(=O)N[C@@H](Cc1ccccc1)[C@H](O)CNCc1cccc(OC)c1,CHEMBL253800,112.0,112.0
CCCCN(CCCC)S(=O)(=O)CCC(=O)N[C@@H](Cc1ccccc1)[C@H](O)CNCc1cccc(OC)c1,CHEMBL253165,484.0,484.0
CCCN(CCC)S(=O)(=O)CCCC(=O)N[C@@H](Cc1ccccc1)[C@H](O)CNCc1cccc(OC)c1,CHEMBL252962,7950.0,7950.0
CCCN(CCC)S(=O)(=O)CCC(=O)N[C@@H](Cc1ccccc1)[C@H](O)CNCc1cccc(OC)c1,CHEMBL252961,1090.0,1090.0
COc1cccc(CNC[C@@H](O)[C@H](Cc2ccccc2)NC(=O)CCS(=O)(=O)NCCC(C)C)c1,CHEMBL401338,5015.0,5015.0
COc1cccc(CNC[C@@H](O)[C@H](Cc2ccccc2)NC(=O)CCS(=O)(=O)N2CCCCC2)c1,CHEMBL252960,3785.0,3785.0
COc1cccc(CNC[C@@H](O)[C@H](Cc2ccccc2)NC(=O)CCCS(=O)(=O)N2CCCCC2)c1,CHEMBL252756,6461.0,6461.0
CCCC(C)S(=O)(=O)CCC(=O)N[C@@H](Cc1ccccc1)[C@H](O)CNCc1cccc(OC)c1,CHEMBL252755,5614.0,5614.0
COc1cccc(CNC[C@@H](O)[C@H](Cc2ccccc2)NC(=O)CCCS(=O)(=O)CCC(C)C)c1,CHEMBL252754,20000.0,20000.0
COc1cccc(CNC[C@@H](O)[C@H](Cc2ccccc2)NC(=O)CCS(C)(=O)=O)c1,CHEMBL252549,20000.0,20000.0
COc1cccc(CNC[C@@H](O)[C@H](Cc2ccccc2)NC(=O)CCS(=O)(=O)C2CCCCC2)c1,CHEMBL398925,3670.0,3670.0
COc1cccc(CNC[C@@H](O)[C@H](Cc2ccccc2)NC(=O)CCCS(=O)(=O)C2CCCCC2)c1,CHEMBL252548,20000.0,20000.0
COc1cccc(CNC[C@@H](O)[C@H](Cc2ccccc2)NC(=O)CCS(=O)(=O)c2ccccc2)c1,CHEMBL437961,5214.0,5214.0
COc1cccc(CNC[C@@H](O)[C@H](Cc2ccccc2)NC(=O)CCCS(=O)(=O)c2ccccc2)c1,CHEMBL252547,4131.0,4131.0
COc1cccc(CNC[C@@H](O)[C@H](Cc2ccccc2)NC(=O)CCCCS(=O)(=O)c2ccccc2)c1,CHEMBL399749,20000.0,20000.0
Cc1cccc(C(=O)N[C@@H](Cc2cc(F)cc(F)c2)[C@H](O)CNCc2cccc(I)c2)c1,CHEMBL254626,4100.0,4100.0
CCCN(CCC)C(=O)c1cccc(C(=O)N[C@@H](Cc2ccccc2)[C@H](O)CNCc2cccc(I)c2)c1,CHEMBL254625,310.0,310.0
CC(=O)c1ccccc1-c1cc(C(=O)N[C@@H](Cc2ccccc2)[C@H](O)CN2CCC2)cc(C(=O)N[C@H](C)c2ccccc2)c1,CHEMBL401320,10000.0,10000.0
CC(=O)c1ccccc1-c1cc(C(=O)N[C@@H](Cc2ccccc2)[C@H](O)CN(C)Cc2ccccc2)cc(C(=O)N[C@H](C)c2ccccc2)c1,CHEMBL401319,10000.0,10000.0
CC(=O)c1ccccc1-c1cc(C(=O)N[C@@H](Cc2ccccc2)[C@H](O)CN[C@H](C)c2ccccc2)cc(C(=O)N[C@H](C)c2ccccc2)c1,CHEMBL251970,348.0,348.0
CC(=O)c1ccccc1-c1cc(C(=O)N[C@@H](Cc2ccccc2)[C@H](O)CN[C@@H](C)c2ccccc2)cc(C(=O)N[C@H](C)c2ccccc2)c1,CHEMBL401318,115.0,115.0
CC(=O)c1ccccc1-c1cc(C(=O)N[C@@H](Cc2ccccc2)[C@H](O)CNc2ccccc2)cc(C(=O)N[C@H](C)c2ccccc2)c1,CHEMBL400916,110.0,110.0
CC(=O)c1ccccc1-c1cc(C(=O)N[C@@H](Cc2ccccc2)[C@H](O)CNCc2ccccc2)cc(C(=O)N[C@H](C)c2ccccc2)c1,CHEMBL254634,115.0,115.0
CC(=O)c1ccccc1-c1cc(C(=O)N[C@@H](Cc2ccccc2)[C@H](O)CNC2CCC2)cc(C(=O)N[C@H](C)c2ccccc2)c1,CHEMBL254633,1400.0,1400.0
CC(=O)c1ccccc1-c1cc(C(=O)N[C@@H](Cc2ccccc2)[C@H](O)CNCC2CC2)cc(C(=O)N[C@H](C)c2ccccc2)c1,CHEMBL267053,418.0,418.0
CC(=O)c1ccccc1-c1cc(C(=O)N[C@@H](Cc2ccccc2)[C@H](O)CNC2CC2)cc(C(=O)N[C@H](C)c2ccccc2)c1,CHEMBL399748,317.0,317.0
CC(=O)c1ccccc1-c1cc(C(=O)N[C@@H](Cc2ccccc2)[C@H](O)CNC(C)C)cc(C(=O)N[C@H](C)c2ccccc2)c1,CHEMBL253557,674.0,674.0
C=CCNC[C@@H](O)[C@H](Cc1ccccc1)NC(=O)c1cc(C(=O)N[C@H](C)c2ccccc2)cc(-c2ccccc2C(C)=O)c1,CHEMBL253799,223.0,223.0
CC(=O)c1ccccc1-c1cc(C(=O)N[C@H](CO)Cc2ccccc2)cc(C(=O)N[C@H](C)c2ccccc2)c1,CHEMBL252351,9900.0,9900.0
N#Cc1ccc(COc2ccc(-c3ccc(-c4ccccc4)n3CC(=O)NC(=N)N)cc2)cc1,CHEMBL253421,1900.0,1.9
CCCCOc1ccc(-c2ccc(-c3ccccc3)n2CC(=O)NC(=N)N)cc1,CHEMBL253420,1800.0,1.8
N=C(N)NC(=O)Cn1c(-c2ccc(Oc3ccccc3)cc2)ccc1-c1ccccc1Cl,CHEMBL398315,1100.0,1.1
CC(=O)c1ccc(Oc2ccc(-c3ccc(-c4cccc(C#N)c4)n3CC(=O)NC(=N)N)cc2)cc1,CHEMBL400087,800.0,0.8
N#Cc1cccc(-c2ccc(-c3ccc(Oc4ccccc4)cc3)n2CC(=O)NC(=N)N)c1,CHEMBL398316,600.0,0.6
COc1cccc(-c2ccc(-c3ccc(Oc4ccc(C(C)=O)cc4)cc3)n2CC(=O)NC(=N)N)c1,CHEMBL254092,1300.0,1.3
COc1cccc(-c2ccc(-c3ccc(Oc4ccccc4)cc3)n2CC(=O)NC(=N)N)c1,CHEMBL254091,1500.0,1.5
N=C(N)NC(=O)Cn1c(-c2ccc(Oc3ccccc3)cc2)ccc1-c1cccc(Cl)c1,CHEMBL253449,1300.0,1.3
CC(=O)c1ccc(Oc2ccc(-c3ccc(-c4cccc(F)c4)n3CC(=O)NC(=N)N)cc2)cc1,CHEMBL253241,1200.0,1.2
N=C(N)NC(=O)Cn1c(-c2ccc(Oc3ccccc3)cc2)ccc1-c1cccc(F)c1,CHEMBL253031,1400.0,1.4
COc1ccccc1-c1ccc(-c2ccc(Oc3ccc(C(C)=O)cc3)cc2)n1CC(=O)NC(=N)N,CHEMBL252219,1600.0,1.6
COc1ccccc1-c1ccc(-c2ccc(Oc3ccccc3)cc2)n1CC(=O)NC(=N)N,CHEMBL252218,1300.0,1.3
N=C(N)NC(=O)Cn1c(-c2ccc(F)cc2)ccc1-c1ccccc1Cl,CHEMBL252626,2000.0,2.0
N#CCCCOc1ccc(-c2ccc(-c3ccccc3)n2CC(=O)NC(=N)N)cc1,CHEMBL401172,900.0,0.9
C=CCOc1ccc(-c2ccc(-c3ccccc3)n2CC(=O)NC(=N)N)cc1,CHEMBL401171,1700.0,1.7
CCOc1ccc(-c2ccc(-c3ccccc3)n2CC(=O)NC(=N)N)cc1,CHEMBL253214,1600.0,1.6
N=C(N)NC(=O)Cn1c(-c2ccccc2)ccc1-c1ccc(NC(=O)c2ccc(Br)cc2)cc1,CHEMBL252191,1400.0,1.4
COc1cccc(C(=O)Nc2ccc(-c3ccc(-c4ccccc4)n3CC(=O)NC(=N)N)cc2)c1,CHEMBL252190,1800.0,1.8
N=C(N)NC(=O)Cn1c(-c2ccccc2)ccc1-c1ccc(NC(=O)c2cccc(Br)c2)cc1,CHEMBL252189,600.0,0.6
N=C(N)NC(=O)Cn1c(-c2ccccc2)ccc1-c1ccc(NC(=O)c2ccc(Cl)cc2Cl)cc1,CHEMBL251993,1200.0,1.2
N=C(N)NC(=O)Cn1c(-c2ccc(Oc3ccccc3)cc2)ccc1-c1csc2ccccc12,CHEMBL254891,700.0,0.7
CC(=O)c1ccc(Oc2ccc(-c3ccc(-c4ccc(C(F)(F)F)cc4)n3CC(=O)NC(=N)N)cc2)cc1,CHEMBL252007,900.0,0.9
N=C(N)NC(=O)Cn1c(-c2ccc(Oc3ccccc3)cc2)ccc1-c1ccc(C(F)(F)F)cc1,CHEMBL399083,600.0,0.6
COc1ccc(-c2ccc(-c3ccc(Oc4ccc(C(C)=O)cc4)cc3)n2CC(=O)NC(=N)N)cc1,CHEMBL254058,600.0,0.6
COc1ccc(-c2ccc(-c3ccc(Oc4ccccc4)cc3)n2CC(=O)NC(=N)N)cc1,CHEMBL254057,500.0,0.5
CC(=O)c1ccc(Oc2ccc(-c3ccc(-c4ccc(F)cc4)n3CC(=O)NC(=N)N)cc2)cc1,CHEMBL252026,1300.0,1.3
N=C(N)NC(=O)Cn1c(-c2ccc(F)cc2)ccc1-c1ccc(Oc2ccccc2)cc1,CHEMBL252025,1400.0,1.4
N=C(N)NC(=O)Cn1c(-c2ccc(F)cc2)ccc1-c1cc(Cl)ccc1Cl,CHEMBL251828,2000.0,2.0
CC(=O)c1ccc(Oc2ccc(-c3ccc(-c4ccccc4)n3CC(=O)NC(=N)N)cc2)cc1,CHEMBL401289,1000.0,1.0
N=C(N)NC(=O)Cn1c(-c2ccccc2)ccc1-c1ccc(Oc2ccccc2)cc1,CHEMBL253863,1300.0,1.3
N=C(N)NC(=O)Cn1c(-c2ccccc2)ccc1-c1cc(Cl)ccc1Cl,CHEMBL399837,3500.0,3.5
Cc1cccc(-c2ccc(-c3ccccc3)n2CC(=O)NC(=N)N)c1,CHEMBL399423,4600.0,4.6
N=C(N)NC(=O)Cn1c(-c2ccccc2)ccc1-c1ccccc1Cl,CHEMBL404860,3000.0,3.0
C[C@H](NC[C@@H](O)[C@H](Cc1ccccc1)NC(=O)c1cccc(S(C)(=O)=O)c1)C(=O)NC1CCCCC1,CHEMBL402120,5400.0,5400.0
CCNc1cc(C(=O)N[C@@H](Cc2ccccc2)[C@H](O)CN[C@@H](C)C(=O)NC2CCCCC2)cc(N2CCCC2=O)c1,CHEMBL251862,13.0,13.0
CCNc1cc(C(=O)N[C@@H](Cc2ccccc2)[C@H](O)CNC2CCCCC2)cc(N2CCCC2=O)c1,CHEMBL252057,180.0,180.0
CCNc1cc(C(=O)N[C@@H](Cc2ccccc2)[C@H](O)CNCc2cnn(CC)c2)cc(N2CCCC2=O)c1,CHEMBL402171,230.0,230.0
CCNc1cc(C(=O)N[C@@H](Cc2ccccc2)[C@H](O)CNCc2cccc(OC)n2)cc(N2CCCC2=O)c1,CHEMBL254138,330.0,330.0
CCNc1cc(C(=O)N[C@@H](Cc2ccccc2)[C@H](O)CNCc2cc(OC)cc(OC)c2)cc(N2CCCC2=O)c1,CHEMBL403820,100.0,100.0
CCNc1cc(C(=O)N[C@@H](Cc2ccccc2)[C@H](O)CNCc2cccc(Cl)c2)cc(N2CCCC2=O)c1,CHEMBL253719,83.0,83.0
CCNc1cc(C(=O)N[C@@H](Cc2ccccc2)[C@H](O)CNCc2cccc(OC(F)(F)F)c2)cc(N2CCCC2=O)c1,CHEMBL402348,20.0,20.0
CCNc1cc(C(=O)N[C@@H](Cc2ccccc2)[C@H](O)CNC2(c3cccc(OC)c3)CCCCC2)cc(N2CCCC2=O)c1,CHEMBL403427,14.0,14.0
CCNc1cc(C(=O)N[C@@H](Cc2ccccc2)[C@H](O)CN[C@@H]2CCc3ccccc32)cc(N2CCCC2=O)c1,CHEMBL252495,34670.0,34670.0
CCNc1cc(C(=O)N[C@@H](Cc2ccccc2)[C@H](O)CN[C@H]2CCc3ccccc32)cc(N2CCCC2=O)c1,CHEMBL253060,160.0,160.0
CCNc1cc(C(=O)N[C@@H](Cc2ccccc2)[C@H](O)CNCCc2ccccc2)cc(N2CCCC2=O)c1,CHEMBL404501,600.0,600.0
CCNc1cc(C(=O)N[C@@H](Cc2ccccc2)[C@H](O)CNc2ccccc2)cc(N2CCCC2=O)c1,CHEMBL252861,1700.0,1700.0
CCNc1cc(C(=O)N[C@@H](Cc2ccccc2)[C@H](O)CNCc2ccc(OC)cc2)cc(N2CCCC2=O)c1,CHEMBL404500,2090.0,2090.0
CCNc1cc(C(=O)N[C@@H](Cc2ccccc2)[C@H](O)CNCc2ccccc2OC)cc(N2CCCC2=O)c1,CHEMBL429668,1350.0,1350.0
CCNc1cc(C(=O)N[C@@H](Cc2ccccc2)[C@H](O)CNC(C)(C)c2cccc(C(F)(F)F)c2)cc(N2CCCC2=O)c1,CHEMBL403207,17.0,17.0
CCNc1cc(C(=O)N[C@@H](Cc2ccccc2)[C@H](O)CNCc2ccccc2)cc(N2CCCC2=O)c1,CHEMBL252860,760.0,760.0
CCNc1cc(C(=O)N[C@@H](Cc2ccccc2)[C@H](O)CNCc2cccc(OC)c2)cc(N2CCCC2=O)c1,CHEMBL252656,43.0,43.0
CCNc1cc(C(=O)N[C@@H](Cc2ccccc2)[C@H](O)CNCc2cccc(C(F)(F)F)c2)cc(N2CCCC2=O)c1,CHEMBL403429,40.0,40.0
CCNc1cc(C(=O)N[C@@H](Cc2ccccc2)[C@H](O)CNC(C)(C)COCC(C)C)cc(N2CCCC2=O)c1,CHEMBL252655,790.0,790.0
CCCCCC(C)(C)NC[C@@H](O)[C@H](Cc1ccccc1)NC(=O)c1cc(NCC)cc(N2CCCC2=O)c1,CHEMBL252459,550.0,550.0
CCNc1cc(C(=O)N[C@@H](Cc2ccccc2)[C@H](O)CNCCCCC(C)C)cc(N2CCCC2=O)c1,CHEMBL428587,305.0,305.0
CCNc1cc(C(=O)N[C@@H](Cc2ccccc2)[C@H](O)CNC(C)(C)CCCC(C)C)cc(N2CCCC2=O)c1,CHEMBL252458,33.0,33.0
CCNc1cc(C(=O)N[C@@H](Cc2ccccc2)[C@H](O)CNC(C)CCCC(C)C)cc(N2CCCC2=O)c1,CHEMBL252263,33.0,33.0
CCNc1cc(C(=O)N[C@@H](Cc2ccccc2)[C@H](O)CNCC2CCCCC2)cc(N2CCCC2=O)c1,CHEMBL252262,5890.0,5890.0
CCNc1cc(C(=O)N[C@@H](Cc2ccccc2)[C@H](O)CNC2CCSCC2)cc(N2CCCC2=O)c1,CHEMBL252058,650.0,650.0
CCNc1cc(C(=O)N[C@@H](Cc2ccccc2)[C@H](O)CNC2CCCC2)cc(N2CCCC2=O)c1,CHEMBL402122,2450.0,2450.0
CCNc1cc(C(=O)N[C@@H](Cc2ccccc2)[C@H](O)CNC2CCCCCC2)cc(N2CCCC2=O)c1,CHEMBL430400,1120.0,1120.0
CCNc1cc(C(=O)N[C@@H](Cc2ccccc2)[C@H](O)CNCc2cnn(CC)c2)c(F)c(N2CCCCS2(=O)=O)c1,CHEMBL254485,14.0,14.0
CCOc1cc(C(=O)N[C@@H](Cc2ccccc2)[C@H](O)CNCc2cccc(C(F)(F)F)c2)cc(N2CCCCS2(=O)=O)c1,CHEMBL253867,205.0,205.0
CCOc1cc(C(=O)N[C@@H](Cc2ccccc2)[C@H](O)CNCc2cccc(C(F)(F)F)c2)cc(N2CCCC2=O)c1,CHEMBL398418,380.0,380.0
CCNc1cc(C(=O)N[C@@H](Cc2ccccc2)[C@H](O)CNCc2cccc(C(F)(F)F)c2)c(F)c(N2CCCCS2(=O)=O)c1,CHEMBL253641,5.0,5.0
CCNc1cc(C(=O)N[C@@H](Cc2ccccc2)[C@H](O)CNCc2cccc(OC)c2)c(F)c(N2CCCCS2(=O)=O)c1,CHEMBL264322,4.0,4.0
CCNc1cc(C(=O)N[C@@H](C(C)C)[C@H](O)CNCc2cccc(OC)c2)cc(N2CCCCS2(=O)=O)c1,CHEMBL254273,5750.0,5750.0
CCNc1cc(C(=O)N[C@@H](Cn2cccn2)[C@H](O)CNCc2cccc(OC)c2)cc(N2CCCCS2(=O)=O)c1,CHEMBL399862,2690.0,2690.0
CCNc1cc(C(=O)N[C@@H](Cc2ccco2)[C@H](O)CNCc2cccc(OC)c2)cc(N2CCCCS2(=O)=O)c1,CHEMBL254272,40.0,40.0
CCNc1cc(C(=O)N[C@@H](Cc2cc(F)cc(F)c2)[C@H](O)CNCc2cccc(OC)c2)cc(N2CCCCS2(=O)=O)c1,CHEMBL409766,5.0,5.0
CCNc1cc(C(=O)N[C@@H](Cc2ccccc2)[C@H](O)CNCc2cccc(OC)c2)cc(N2CCCCS2(=O)=O)c1,CHEMBL427719,8.0,8.0
CCNc1cc(C(=O)N[C@@H](Cc2ccccc2)[C@H](O)CNCc2cnn(CC)c2)cc(N2CCCCS2(=O)=O)c1,CHEMBL399656,12.0,12.0
CCNc1cc(C(=O)N[C@@H](Cc2ccccc2)[C@H](O)CNC2CCc3ccc(OC)cc32)cc(N2CCCCS2(=O)=O)c1,CHEMBL401475,18.0,18.0
CCNc1cc(C(=O)N[C@@H](Cc2ccccc2)[C@H](O)CN[C@H]2CCc3ccccc32)cc(N2CCCCS2(=O)=O)c1,CHEMBL254069,34.0,34.0
CCNc1cc(C(=O)N[C@@H](Cc2ccccc2)[C@H](O)CNCc2ccccc2)cc(N2CCCCS2(=O)=O)c1,CHEMBL254068,120.0,120.0
CCNc1cc(C(=O)N[C@@H](Cc2ccccc2)[C@H](O)CNCc2cccc(OC(F)(F)F)c2)cc(N2CCCCS2(=O)=O)c1,CHEMBL409753,5.0,5.0
CCOc1cc(C(=O)N[C@@H](Cc2ccccc2)[C@H](O)CNCc2cccc(OC(F)(F)F)c2)cc(N2CCCCS2(=O)=O)c1,CHEMBL409752,5.0,5.0
CC(C)Nc1cc(C(=O)N[C@@H](Cc2ccccc2)[C@H](O)CNCc2cccc(C(F)(F)F)c2)cc(N2CCCCS2(=O)=O)c1,CHEMBL401474,11.0,11.0
CCCc1cc(C(=O)N[C@@H](Cc2ccccc2)[C@H](O)CNCc2cccc(C(F)(F)F)c2)cc(N2CCCCS2(=O)=O)c1,CHEMBL264321,5.0,5.0
CCNc1cc(C(=O)N[C@@H](Cc2ccccc2)[C@H](O)CNCc2cccc(C(F)(F)F)c2)cc(N2CCCCS2(=O)=O)c1,CHEMBL401473,3.0,3.0
CCOc1cc(C(=O)N[C@@H](Cc2ccccc2)[C@H](O)CNCc2cccc(C(F)(F)F)c2)cc(N2CCCS2(=O)=O)c1,CHEMBL264110,50.0,50.0
CCOc1cc(C(=O)N[C@@H](Cc2ccccc2)[C@H](O)CNCc2cccc(C(F)(F)F)c2)cc(-c2ccccc2C#N)c1,CHEMBL253866,160.0,160.0
CCOc1cc(C(=O)N[C@@H](Cc2ccccc2)[C@H](O)CNCc2cccc(C(F)(F)F)c2)cc(-c2ccccc2C(C)=O)c1,CHEMBL401067,280.0,280.0
CCOc1cc(C(=O)N[C@@H](Cc2ccccc2)[C@H](O)CNCc2cccc(C(F)(F)F)c2)cc(C2=C(C)CCC2=O)c1,CHEMBL400654,250.0,250.0
C[C@@H](NC(=O)c1cc(C(=O)N[C@@H](Cc2ccccc2)[C@H](O)CNCc2ccc3cc[nH]c3c2)cc(N(C)S(C)(=O)=O)c1)c1ccccc1,CHEMBL253929,620.0,0.62
CC(C)NC[C@@H](O)[C@H](Cc1ccccc1)NC(=O)c1cc(C(=O)N[C@H](C)c2ccccc2)cc(N(C)S(C)(=O)=O)c1,CHEMBL253103,1100.0,1.1
COc1cccc(CNC[C@@H](O)[C@H](Cc2ccccc2)NC(=O)c2cc(C(=O)N[C@H](C)c3ccccc3)cc(N(C)S(C)(=O)=O)c2)c1,CHEMBL403268,1.0,0.001
C[C@@H](NC(=O)c1cc(C(=O)N[C@@H](Cc2ccccc2)[C@H](O)CNCc2ccc3ccn(S(C)(=O)=O)c3c2)cc(N(C)S(C)(=O)=O)c1)c1ccccc1,CHEMBL253930,200.0,0.2
CCN(CCCCCCNC1=CC(=O)C(NCCCCCCN(CC)Cc2ccccc2OC)=CC1=O)Cc1ccccc1OC,CHEMBL231160,108.0,108.0
O=C(N[C@@H](Cc1ccccc1)[C@H](O)C(=O)Nc1cccc(-c2nn[nH]n2)c1)c1cc(=O)cc(C(=O)N2COC[C@@H]2c2ccccc2)o1,CHEMBL400043,50.0,50.0
O=C(N[C@@H](Cc1ccccc1)[C@H](O)C(=O)Nc1cccc(-c2nn[nH]n2)c1)c1cc(=O)cc(C(=O)N2COC[C@@H]2c2ccccc2)[nH]1,CHEMBL253865,360.0,360.0
CS(=O)(=O)Oc1cc(C(=O)N[C@@H](Cc2ccccc2)[C@H](O)C(=O)Nc2cccc(-c3nn[nH]n3)c2)nc(C(=O)N2COC[C@@H]2c2ccccc2)c1,CHEMBL399840,96.0,96.0
O=C(N[C@@H](Cc1ccccc1)[C@H](O)C(=O)Nc1cccc(-c2nn[nH]n2)c1)c1cccc(C(=O)N2COC[C@@H]2c2ccccc2)n1,CHEMBL399839,140.0,140.0
CCCN(CCC)C(=O)c1cccc(C(=O)N[C@@H](Cc2cc(F)cc(F)c2)[C@@H](O)C[C@@H](C)C(=O)NCC(C)C)c1,CHEMBL42908,30.0,30.0
CCCN(CCC)C(=O)c1cc(C)cc(C(=O)N[C@@H](Cc2cc(F)cc(F)c2)[C@H](O)[C@H]2C[C@@H](OCc3ccccc3)CN2)c1,CHEMBL270359,5.0,5.0
CCCN(CCC)C(=O)c1cc(C)cc(C(=O)N[C@@H](Cc2cc(F)cc(F)c2)[C@H](O)[C@H]2C[C@@H](Oc3ccccc3)CN2)c1,CHEMBL403727,3.0,3.0
CCCCCN1C[C@@H](C(=O)N[C@@H](Cc2cc(F)cc(F)c2)[C@H](O)[C@H]2C[C@@H](OCc3ccccc3)CN2)[C@H](CC(C)C)C1=O,CHEMBL256679,365.0,365.0
CCCCCN1C[C@@H](C(=O)N[C@@H](Cc2cc(F)cc(F)c2)[C@H](O)[C@H]2C[C@@H](OCc3ccccc3)CN2)[C@H](C2CCCC2)C1=O,CHEMBL403253,295.0,295.0
CCCCCN1C[C@@H](C(=O)N[C@@H](Cc2cc(F)cc(F)c2)[C@H](O)[C@H]2C[C@@H](OCc3ccccc3)CN2)[C@H](C2CC2)C1=O,CHEMBL403050,570.0,570.0
CCCCN1C[C@@H](C(=O)N[C@@H](Cc2cc(F)cc(F)c2)[C@H](O)[C@H]2C[C@@H](OCc3ccccc3)CN2)[C@H](Cc2ccccc2)C1=O,CHEMBL403109,78.0,78.0
CCCCN1C[C@@H](C(=O)N[C@@H](Cc2cc(F)cc(F)c2)[C@H](O)[C@H]2C[C@@H](OCc3ccccc3)CN2)[C@H](CC(C)C)C1=O,CHEMBL403108,57.0,57.0
CCCCN1C[C@@H](C(=O)N[C@@H](Cc2cc(F)cc(F)c2)[C@H](O)[C@H]2C[C@@H](OCc3ccccc3)CN2)[C@H](CCC)C1=O,CHEMBL404369,110.0,110.0
CCCCN1C[C@@H](C(=O)N[C@@H](Cc2cc(F)cc(F)c2)[C@H](O)[C@H]2C[C@@H](OCc3ccccc3)CN2)[C@H](CC)C1=O,CHEMBL257433,142.0,142.0
O=C(N[C@@H](Cc1cc(F)cc(F)c1)[C@H](O)[C@H]1C[C@@H](OCc2ccccc2)CN1)[C@H]1CC(=O)N(Cc2nccs2)C1,CHEMBL430039,1200.0,1200.0
O=C(N[C@@H](Cc1cc(F)cc(F)c1)[C@H](O)[C@H]1C[C@@H](OCc2ccccc2)CN1)[C@H]1CC(=O)N(Cc2cccs2)C1,CHEMBL402754,303.0,303.0
O=C(N[C@@H](Cc1cc(F)cc(F)c1)[C@H](O)[C@H]1C[C@@H](OCc2ccccc2)CN1)[C@H]1CC(=O)N(Cc2ccco2)C1,CHEMBL404682,225.0,225.0
O=C(N[C@@H](Cc1cc(F)cc(F)c1)[C@H](O)[C@H]1C[C@@H](OCc2ccccc2)CN1)[C@H]1CC(=O)N(Cc2cccnc2)C1,CHEMBL270822,219.0,219.0
O=C(N[C@@H](Cc1cc(F)cc(F)c1)[C@H](O)[C@H]1C[C@@H](OCc2ccccc2)CN1)[C@H]1CC(=O)N(Cc2ccccn2)C1,CHEMBL404839,312.0,312.0
O=C(N[C@@H](Cc1cc(F)cc(F)c1)[C@H](O)[C@H]1C[C@@H](OCc2ccccc2)CN1)[C@H]1CC(=O)N(Cc2ccccc2F)C1,CHEMBL255602,365.0,365.0
Cc1cccc(CN2C[C@@H](C(=O)N[C@@H](Cc3cc(F)cc(F)c3)[C@H](O)[C@H]3C[C@@H](OCc4ccccc4)CN3)CC2=O)c1,CHEMBL402307,350.0,350.0
O=C(N[C@@H](Cc1cc(F)cc(F)c1)[C@H](O)[C@H]1C[C@@H](OCc2ccccc2)CN1)[C@H]1CC(=O)N(Cc2cccc(F)c2)C1,CHEMBL402374,338.0,338.0
O=C(N[C@@H](Cc1cc(F)cc(F)c1)[C@H](O)[C@H]1C[C@@H](OCc2ccccc2)CN1)[C@H]1CC(=O)N(Cc2ccc(C(F)(F)F)cc2)C1,CHEMBL402373,46000.0,46000.0
O=C(N[C@@H](Cc1cc(F)cc(F)c1)[C@H](O)[C@H]1C[C@@H](OCc2ccccc2)CN1)[C@H]1CC(=O)N(Cc2ccc(Cl)cc2)C1,CHEMBL401993,18800.0,18800.0
O=C(N[C@@H](Cc1cc(F)cc(F)c1)[C@H](O)[C@H]1C[C@@H](OCc2ccccc2)CN1)[C@H]1CC(=O)N(Cc2ccc(F)cc2)C1,CHEMBL403241,2800.0,2800.0
O=C(N[C@@H](Cc1cc(F)cc(F)c1)[C@H](O)[C@H]1C[C@@H](OCc2ccccc2)CN1)[C@H]1CC(=O)N(Cc2ccccc2)C1,CHEMBL271249,290.0,290.0
CCCOCCN1C[C@@H](C(=O)N[C@@H](Cc2cc(F)cc(F)c2)[C@H](O)[C@H]2C[C@@H](OCc3ccccc3)CN2)CC1=O,CHEMBL403850,850.0,850.0
CCOCCN1C[C@@H](C(=O)N[C@@H](Cc2cc(F)cc(F)c2)[C@H](O)[C@H]2C[C@@H](OCc3ccccc3)CN2)CC1=O,CHEMBL401717,270.0,270.0
COCCCN1C[C@@H](C(=O)N[C@@H](Cc2cc(F)cc(F)c2)[C@H](O)[C@H]2C[C@@H](OCc3ccccc3)CN2)CC1=O,CHEMBL255336,2950.0,2950.0
CCOCCCN1C[C@@H](C(=O)N[C@@H](Cc2cc(F)cc(F)c2)[C@H](O)[C@H]2C[C@@H](OCc3ccccc3)CN2)CC1=O,CHEMBL428952,2000.0,2000.0
O=C(N[C@@H](Cc1cc(F)cc(F)c1)[C@H](O)[C@H]1C[C@@H](OCc2ccccc2)CN1)[C@H]1CC(=O)N(CC2CC2)C1,CHEMBL402070,155.0,155.0
CCCC(CCC)N1C[C@@H](C(=O)N[C@@H](Cc2cc(F)cc(F)c2)[C@H](O)[C@H]2C[C@@H](OCc3ccccc3)CN2)CC1=O,CHEMBL255540,71.0,71.0
CCCCCCN1C[C@@H](C(=O)N[C@@H](Cc2cc(F)cc(F)c2)[C@H](O)[C@H]2C[C@@H](OCc3ccccc3)CN2)CC1=O,CHEMBL403593,100.0,100.0
CCCCCN1C[C@@H](C(=O)N[C@@H](Cc2cc(F)cc(F)c2)[C@H](O)[C@H]2C[C@@H](OCc3ccccc3)CN2)CC1=O,CHEMBL428870,45.0,45.0
CCCCN1C[C@@H](C(=O)N[C@@H](Cc2cc(F)cc(F)c2)[C@H](O)[C@H]2C[C@@H](OCc3ccccc3)CN2)CC1=O,CHEMBL429505,370.0,370.0
CC(C)N1C[C@@H](C(=O)N[C@@H](Cc2cc(F)cc(F)c2)[C@H](O)[C@H]2C[C@@H](OCc3ccccc3)CN2)CC1=O,CHEMBL258350,3000.0,3000.0
CCCN1C[C@@H](C(=O)N[C@@H](Cc2cc(F)cc(F)c2)[C@H](O)[C@H]2C[C@@H](OCc3ccccc3)CN2)CC1=O,CHEMBL258351,900.0,900.0
CCN1C[C@@H](C(=O)N[C@@H](Cc2cc(F)cc(F)c2)[C@H](O)[C@H]2C[C@@H](OCc3ccccc3)CN2)CC1=O,CHEMBL410555,7000.0,7000.0
CCCCCN1C[C@@H](C(=O)N[C@@H](Cc2cc(F)cc(F)c2)[C@H](O)[C@H]2C[C@@H](OCc3ccccc3)CN2)[C@H](Cc2ccccc2)C1=O,CHEMBL255400,293.0,293.0
COC[C@H]1CCCN1C(=O)c1cc(C)cc(C(=O)N[C@@H](Cc2cc(F)cc(F)c2)[C@H](O)[C@H]2C[C@@H](Oc3ccccc3)CN2)c1,CHEMBL403195,0.7,0.7
CCN(Cc1ccccc1)Cc1ccc(-c2cc3cc(OC)c(OC)cc3oc2=O)cc1,CHEMBL244416,238.0,0.238
CCN(Cc1ccccc1)Cc1ccc(-c2cc3ccc(OCCNC(=O)/C=C/c4ccc(Cl)c(Cl)c4)cc3oc2=O)cc1,CHEMBL270248,151.0,0.151
CCN(Cc1ccccc1)Cc1ccc(-c2cc3ccc(OCCNC(=O)CCc4ccc(F)c(F)c4)cc3oc2=O)cc1,CHEMBL271710,114.0,0.114
CCN(Cc1ccccc1)Cc1ccc(-c2cc3ccc(OCCNC(=O)/C=C/c4cc(F)cc(F)c4)cc3oc2=O)cc1,CHEMBL271709,121.0,0.121
CCN(Cc1ccccc1)Cc1ccc(-c2cc3ccc(OCCNC(=O)Cc4cc(F)cc(F)c4)cc3oc2=O)cc1,CHEMBL26125,150.0,0.15
CCN(Cc1ccccc1)Cc1ccc(-c2cc3cc(OCCNC(=O)/C=C/c4ccc(Cl)c(Cl)c4)ccc3oc2=O)cc1,CHEMBL407904,133.0,0.133
CCN(Cc1ccccc1)Cc1ccc(-c2cc3cc(OCCNC(=O)CCc4ccc(F)c(F)c4)ccc3oc2=O)cc1,CHEMBL248922,116.0,0.116
CCN(Cc1ccccc1)Cc1ccc(-c2cc3cc(OCCNC(=O)/C=C/c4cc(F)cc(F)c4)ccc3oc2=O)cc1,CHEMBL239046,99.0,0.099
CCN(Cc1ccccc1)Cc1ccc(-c2cc3cc(OCCNC(=O)Cc4cc(F)cc(F)c4)ccc3oc2=O)cc1,CHEMBL272700,149.0,0.149
CCCN(CCC)C(=O)c1cc(C)cc(C(=O)N[C@@H](Cc2cc(F)cc(F)c2)[C@H](O)[C@H]2CCN2)c1,CHEMBL272320,770.0,770.0
CCCN(CCC)C(=O)c1cc(C)cc(C(=O)N[C@@H](Cc2cc(F)cc(F)c2)[C@H](O)[C@H]2C[C@@H](OCC3CCCCC3)CCN2)c1,CHEMBL402276,12.0,12.0
CCCN(CCC)C(=O)c1cc(C)cc(C(=O)N[C@@H](Cc2cc(F)cc(F)c2)[C@H](O)[C@H]2C[C@@H](OCCN(C)C)CCN2)c1,CHEMBL256372,26.0,26.0
CCCN(CCC)C(=O)c1cc(C)cc(C(=O)N[C@@H](Cc2cc(F)cc(F)c2)[C@H](O)[C@H]2C[C@@H](OCCOC)CCN2)c1,CHEMBL257645,4.0,4.0
CCCN(CCC)C(=O)c1cc(C)cc(C(=O)N[C@@H](Cc2cc(F)cc(F)c2)[C@H](O)[C@H]2C[C@@H](OCC3CC3)CCN2)c1,CHEMBL404078,6.0,6.0
CCCN(CCC)C(=O)c1cc(C)cc(C(=O)N[C@@H](Cc2cc(F)cc(F)c2)[C@H](O)[C@H]2C[C@@H](OC(C)C)CCN2)c1,CHEMBL401527,120.0,120.0
CCCCO[C@H]1CCN[C@@H]([C@@H](O)[C@H](Cc2cc(F)cc(F)c2)NC(=O)c2cc(C)cc(C(=O)N(CCC)CCC)c2)C1,CHEMBL399979,7.0,7.0
CCCN(CCC)C(=O)c1cc(C)cc(C(=O)N[C@@H](Cc2cc(F)cc(F)c2)[C@H](O)[C@H]2C[C@@H](OCC)CCN2)c1,CHEMBL257278,8.0,8.0
CCCN(CCC)C(=O)c1cc(C)cc(C(=O)N[C@@H](Cc2cc(F)cc(F)c2)[C@H](O)[C@H]2C[C@@H](OC(C)=O)CCN2)c1,CHEMBL256676,2000.0,2000.0
CCCN(CCC)C(=O)c1cc(C)cc(C(=O)N[C@@H](Cc2cc(F)cc(F)c2)[C@H](O)[C@H]2C[C@@H](CC3CCCCC3)CCN2)c1,CHEMBL257087,630.0,630.0
CCCN(CCC)C(=O)c1cc(C)cc(C(=O)N[C@@H](Cc2cc(F)cc(F)c2)[C@H](O)[C@H]2C[C@@H](C3CCCCC3)CCN2)c1,CHEMBL257091,610.0,610.0
CCCN(CCC)C(=O)c1cc(C)cc(C(=O)N[C@@H](Cc2cc(F)cc(F)c2)[C@H](O)[C@H]2C[C@@H](CCc3ccccc3)CCN2)c1,CHEMBL256904,191.0,191.0
CCCN(CCC)C(=O)c1cc(C)cc(C(=O)N[C@@H](Cc2cc(F)cc(F)c2)[C@H](O)[C@H]2C[C@@H](Cc3ccc(OC)cc3)CCN2)c1,CHEMBL428074,440.0,440.0
CCCN(CCC)C(=O)c1cc(C)cc(C(=O)N[C@@H](Cc2cc(F)cc(F)c2)[C@H](O)[C@H]2C[C@@H](Cc3cccc(OC)c3)CCN2)c1,CHEMBL257907,330.0,330.0
CCCN(CCC)C(=O)c1cc(C)cc(C(=O)N[C@@H](Cc2cc(F)cc(F)c2)[C@H](O)[C@H]2C[C@@H](Cc3ccccc3OC)CCN2)c1,CHEMBL257735,1350.0,1350.0
CCCN(CCC)C(=O)c1cc(C)cc(C(=O)N[C@@H](Cc2cc(F)cc(F)c2)[C@H](O)[C@H]2C[C@@H](Cc3ccccc3)CCN2)c1,CHEMBL255194,14.0,14.0
CCC[C@H]1CCN[C@@H]([C@@H](O)[C@H](Cc2cc(F)cc(F)c2)NC(=O)c2cc(C)cc(C(=O)N(CCC)CCC)c2)C1,CHEMBL258083,70.0,70.0
CCCN(CCC)C(=O)c1cc(C)cc(C(=O)N[C@@H](Cc2cc(F)cc(F)c2)[C@H](O)[C@H]2CCCCN2)c1,CHEMBL270153,130.0,130.0
CCCN(CCC)C(=O)c1cc(C)cc(C(=O)N[C@@H](Cc2cc(F)cc(F)c2)[C@H](O)[C@H]2C[C@@H](OC)CN2)c1,CHEMBL255372,187.0,187.0
CCCN(CCC)C(=O)c1cc(C)cc(C(=O)N[C@@H](Cc2cc(F)cc(F)c2)[C@H](O)[C@H]2C[C@@H](O)CN2)c1,CHEMBL404680,89.0,89.0
CCCN(CCC)C(=O)c1cc(C)cc(C(=O)N[C@@H](Cc2cc(F)cc(F)c2)[C@H](O)[C@H]2CCCN2)c1,CHEMBL256434,65.0,65.0
CCCOc1ccc(-c2ccc(-c3ccccc3Cl)n2CC(=O)/N=C(/N)N[C@H]2CC[C@H](C(=O)O)CC2)cc1,CHEMBL271914,78.0,0.078
CCCOc1ccc(-c2ccc(-c3ccccc3Cl)n2CC(=O)/N=C(/N)NCc2ccc(O)c(OC)c2)cc1,CHEMBL271440,651.0,0.651
CCCOc1ccc(-c2ccc(-c3ccccc3Cl)n2CC(=O)/N=C(/N)NCc2ccc(F)c(F)c2F)cc1,CHEMBL269943,203.0,0.203
CCCOc1ccc(-c2ccc(-c3ccccc3Cl)n2CC(=O)/N=C(/N)NCc2ccco2)cc1,CHEMBL404341,558.0,0.558
CCCOc1ccc(-c2ccc(-c3ccccc3Cl)n2CC(=O)/N=C(/N)NCc2cccs2)cc1,CHEMBL270154,752.0,0.752
CCCOc1ccc(-c2ccc(-c3ccccc3Cl)n2CC(=O)/N=C(/N)NCCCn2ccnc2)cc1,CHEMBL272719,241.0,0.241
CCCOc1ccc(-c2ccc(-c3ccccc3Cl)n2CC(=O)/N=C(/N)NCCC2OCCO2)cc1,CHEMBL272718,269.0,0.269
CCCOc1ccc(-c2ccc(-c3ccccc3Cl)n2CC(=O)/N=C(/N)NCCCSC)cc1,CHEMBL403107,321.0,0.321
CCCOc1ccc(-c2ccc(-c3ccccc3Cl)n2CC(=O)/N=C(/N)NCC(C)(C)CO)cc1,CHEMBL271422,203.0,0.203
CCCOc1ccc(-c2ccc(-c3ccccc3Cl)n2CC(=O)/N=C(/N)NCCCC(N)=O)cc1,CHEMBL256000,137.0,0.137
CCCOc1ccc(-c2ccc(-c3ccccc3Cl)n2CC(=O)/N=C(/N)NCC(O)CO)cc1,CHEMBL430034,124.0,0.124
CCCOc1ccc(-c2ccc(-c3ccccc3Cl)n2CC(=O)/N=C(/N)NCCC(N)=O)cc1,CHEMBL272970,172.0,0.172
CCCOc1ccc(-c2ccc(-c3ccccc3Cl)n2CC(=O)/N=C(/N)NCCC(=O)O)cc1,CHEMBL270820,278.0,0.278
CCCOc1ccc(-c2ccc(-c3ccccc3Cl)n2CC(=O)/N=C(/N)NCCCC(=O)O)cc1,CHEMBL273186,130.0,0.13
CCCOc1ccc(-c2ccc(-c3ccccc3Cl)n2CC(=O)/N=C(/N)N[C@H]2CC[C@H](O)CC2)cc1,CHEMBL428075,125.0,0.125
N/C(=N/C(=O)Cn1c(-c2ccccc2)ccc1C12CC3CC(CC(C3)C1)C2)NCCc1ccsc1,CHEMBL404020,565.0,0.565
N/C(=N/C(=O)Cn1c(-c2ccccc2)ccc1C12CC3CC(CC(C3)C1)C2)NCc1cccc(N)c1,CHEMBL257099,744.0,0.744
N/C(=N/C(=O)Cn1c(-c2ccccc2)ccc1C12CC3CC(CC(C3)C1)C2)NCCc1cccs1,CHEMBL272765,559.0,0.559
Cc1csc(CN/C(N)=N\C(=O)Cn2c(-c3ccccc3)ccc2C23CC4CC(CC(C4)C2)C3)n1,CHEMBL404166,276.0,0.276
Cc1nnc(CN/C(N)=N\C(=O)Cn2c(-c3ccccc3)ccc2C23CC4CC(CC(C4)C2)C3)o1,CHEMBL272766,665.0,0.665
N/C(=N/C(=O)Cn1c(-c2ccccc2)ccc1C12CC3CC(CC(C3)C1)C2)NC1CCCCC1,CHEMBL404256,7200.0,7.2
N/C(=N/C(=O)Cn1c(-c2ccccc2)ccc1C12CC3CC(CC(C3)C1)C2)N[C@H]1CC[C@H](O)CC1,CHEMBL402576,283.0,0.283
N/C(=N/C(=O)Cn1c(-c2ccccc2)ccc1C12CC3CC(CC(C3)C1)C2)NCCCn1ccnc1,CHEMBL256823,1710.0,1.71
N/C(=N/C(=O)Cn1c(-c2ccccc2)ccc1C12CC3CC(CC(C3)C1)C2)NCC(O)CO,CHEMBL401832,536.0,0.536
C[C@H](O)CN/C(N)=N\C(=O)Cn1c(-c2ccccc2)ccc1C12CC3CC(CC(C3)C1)C2,CHEMBL258315,942.0,0.942
C[C@@H](O)CN/C(N)=N\C(=O)Cn1c(-c2ccccc2)ccc1C12CC3CC(CC(C3)C1)C2,CHEMBL256063,437.0,0.437
N/C(=N/C(=O)Cn1c(-c2ccccc2)ccc1C12CC3CC(CC(C3)C1)C2)NCCCCO,CHEMBL404897,255.0,0.255
N#CCCN/C(N)=N\C(=O)Cn1c(-c2ccccc2)ccc1C12CC3CC(CC(C3)C1)C2,CHEMBL258356,310.0,0.31
N/C(=N/C(=O)Cn1c(-c2ccccc2)ccc1C12CC3CC(CC(C3)C1)C2)NCCO,CHEMBL258355,680.0,0.68
N#CCCCN/C(N)=N\C(=O)Cn1c(-c2ccccc2)ccc1C12CC3CC(CC(C3)C1)C2,CHEMBL438355,255.0,0.255
C[C@@H](C(=O)NC1CCCCC1)N(C)C[C@@H](O)[C@H](Cc1ccccc1)NC(=O)c1cccc(S(C)(=O)=O)c1,CHEMBL403087,500000.0,500.0
C[C@H](NC[C@H](O)[C@H](Cc1ccccc1)NC(=O)c1cccc(S(C)(=O)=O)c1)C(=O)NC1CCCCC1,CHEMBL256581,500000.0,500.0
CC(C)C[C@H](NC(=O)c1cccc(S(C)(=O)=O)c1)[C@H](O)CN[C@@H](C)C(=O)NC1CCCCC1,CHEMBL256162,500000.0,500.0
CCCc1cc(C(=O)N[C@@H](Cc2ccccc2)[C@H](O)CN[C@@H](C)C(=O)NC2CCCCC2)cc(N2CCCC2=O)c1,CHEMBL257871,72.0,72.0
C[C@H](NC[C@@H](O)[C@H](Cc1ccccc1)NC(=O)c1cc(N2CCCC2)cc(N2CCCC2=O)c1)C(=O)NC1CCCCC1,CHEMBL255192,860.0,860.0
CC(C)CNc1cc(C(=O)N[C@@H](Cc2ccccc2)[C@H](O)CN[C@@H](C)C(=O)NC2CCCCC2)cc(N2CCCC2=O)c1,CHEMBL255964,180.0,180.0
CC(C)Nc1cc(C(=O)N[C@@H](Cc2ccccc2)[C@H](O)CN[C@@H](C)C(=O)NC2CCCCC2)cc(N2CCCC2=O)c1,CHEMBL227053,39.0,39.0
CCCOc1cc(C(=O)N[C@@H](Cc2ccccc2)[C@H](O)CN[C@@H](C)C(=O)NC2CCCCC2)cc(N2CCCC2=O)c1,CHEMBL272714,605.0,605.0
CCOc1cc(C(=O)N[C@@H](Cc2ccccc2)[C@H](O)CN[C@@H](C)C(=O)NC2CCCCC2)cc(N2CCCC2)c1,CHEMBL403533,1450.0,1450.0
CCCCCOc1cc(C(=O)N[C@@H](Cc2ccccc2)[C@H](O)CN[C@@H](C)C(=O)NC2CCCCC2)cc(N2CCCC2=O)c1,CHEMBL256399,32.0,32.0
CC(C)Oc1cc(C(=O)N[C@@H](Cc2ccccc2)[C@H](O)CN[C@@H](C)C(=O)NC2CCCCC2)cc(N2CCCC2=O)c1,CHEMBL255977,120.0,120.0
CCOc1cc(C(=O)N[C@@H](Cc2ccccc2)[C@H](O)CN[C@@H](C)C(=O)NC2CCCCC2)cc(N2CCCC2=O)c1,CHEMBL258068,59.0,59.0
COc1cc(C(=O)N[C@@H](Cc2ccccc2)[C@H](O)CN[C@@H](C)C(=O)NC2CCCCC2)cc(N2CCCC2=O)c1,CHEMBL258277,745.0,745.0
CCCCCS(=O)(=O)c1cccc(C(=O)N[C@@H](Cc2ccccc2)[C@H](O)CN[C@@H](C)C(=O)NC2CCCCC2)c1,CHEMBL402305,1800.0,1.8
CC(=O)Nc1ccc(C(=O)N[C@@H](Cc2ccccc2)[C@H](O)CN[C@@H](C)C(=O)NC2CCCCC2)cc1,CHEMBL271231,62000.0,62.0
C[C@H](NC[C@@H](O)[C@H](Cc1ccccc1)NC(=O)c1cccc(N2CCCC2=O)c1)C(=O)NC1CCCCC1,CHEMBL271230,5270.0,5270.0
C[C@H](NC[C@@H](O)[C@H](Cc1ccccc1)NC(=O)c1cccc(N2CCCS2(=O)=O)c1)C(=O)NC1CCCCC1,CHEMBL271437,1900.0,1.9
CC(N)Cc1ccc(O)cc1,CHEMBL1546,100000.0,100.0
CC(C)C[C@H](NC(=O)[C@@H](NC(=O)[C@@H](N)CNC(=O)c1nn[nH]n1)C(C)C)C(=O)N[C@@H](Cc1ccccc1)[C@@H](O)C(=O)Nc1cc(Cl)cc(Cl)c1,CHEMBL257587,14.0,14.0
CC(C)C[C@H](NC(=O)[C@@H](NC(=O)[C@@H](N)CNC(=O)c1nn[nH]n1)C(C)C)C(=O)N[C@@H](Cc1ccccc1)[C@@H](O)C(=O)NS(=O)(=O)C(F)(F)F,CHEMBL270172,29.9,29.9
COc1cccc(CN2C[C@@H](C(=O)N[C@@H](Cc3ccccc3)[C@H](O)CNCc3cccc(N(C)C)c3)NC2=O)c1,CHEMBL261655,14220.0,14.22
CC(C)(C)c1cccc(CNC[C@@H](O)[C@H](Cc2cc(F)cc(F)c2)NC(=O)[C@@H]2CN(Cc3cc(F)cc(F)c3)C(=O)N2)c1,CHEMBL260621,150.0,0.15
CN(C)c1cccc(CNC[C@@H](O)[C@H](Cc2cc(F)cc(F)c2)NC(=O)[C@@H]2CN(Cc3ccccc3)C(=O)N2)c1,CHEMBL405889,1290.0,1.29
CC(C)(C)c1cccc(CNC[C@@H](O)[C@H](Cc2ccccc2)NC(=O)[C@@H]2CN(Cc3cc(F)cc(F)c3)C(=O)N2)c1,CHEMBL260834,430.0,0.43
CC(C)c1cccc(CNC[C@@H](O)[C@H](Cc2ccccc2)NC(=O)[C@@H]2CN(Cc3cc(F)cc(F)c3)C(=O)N2)c1,CHEMBL411917,580.0,0.58
O=C(N[C@@H](Cc1ccccc1)[C@H](O)CNCc1cccc(OC(F)(F)F)c1)[C@@H]1CN(Cc2ccccc2)C(=O)N1,CHEMBL259083,21070.0,21.07
O=C(N[C@@H](Cc1ccccc1)[C@H](O)CNCc1cccc(C(F)(F)F)c1)[C@@H]1CN(Cc2ccccc2)C(=O)N1,CHEMBL259547,12330.0,12.33
CN(C)c1cccc(CNC[C@@H](O)[C@H](Cc2ccccc2)NC(=O)[C@@H]2CN(Cc3ccccc3C(F)(F)F)C(=O)N2)c1,CHEMBL260722,3120.0,3.12
CN(C)c1cccc(CNC[C@@H](O)[C@H](Cc2ccccc2)NC(=O)[C@@H]2CN(Cc3cc(F)c(F)cc3F)C(=O)N2)c1,CHEMBL410865,5590.0,5.59
CN(C)c1cccc(CNC[C@@H](O)[C@H](Cc2ccccc2)NC(=O)[C@@H]2CN(Cc3cc(F)cc(F)c3)C(=O)N2)c1,CHEMBL413999,1970.0,1.97
CN(C)c1cccc(CNC[C@@H](O)[C@H](Cc2ccccc2)NC(=O)[C@@H]2CN(Cc3ccc(F)cc3F)C(=O)N2)c1,CHEMBL265953,9950.0,9.95
CN(C)c1cccc(CNC[C@@H](O)[C@H](Cc2ccccc2)NC(=O)[C@@H]2CN(Cc3ccc(F)c(F)c3)C(=O)N2)c1,CHEMBL260634,5740.0,5.74
CN(C)c1cccc(CNC[C@@H](O)[C@H](Cc2ccccc2)NC(=O)[C@@H]2CN(Cc3ccc(F)cc3)C(=O)N2)c1,CHEMBL260635,11630.0,11.63
COc1cc(CN2C[C@@H](C(=O)N[C@@H](Cc3ccccc3)[C@H](O)CNCc3cccc(N(C)C)c3)NC2=O)cc(OC)c1,CHEMBL405204,36480.0,36.48
CCC(C)C1NC(=O)C(SCc2cccc(C(F)(F)F)c2)=C1O,CHEMBL468168,60000.0,60.0
C[C@@H](NC(=O)c1cc(C(=O)N[C@@H](Cc2ccccc2)[C@H](O)CNC2CC2)cc2c1CCCCO2)c1ccccc1,CHEMBL474057,56.0,56.0
C[C@@H](NC(=O)c1cc(C(=O)N[C@@H](Cc2ccccc2)[C@H](O)CNC2CC2)cc2c1CCCO2)c1ccccc1,CHEMBL473854,63.0,63.0
C[C@@H](NC(=O)c1cc2c(c(C(=O)N[C@@H](Cc3ccccc3)[C@H](O)CNC3CC3)c1)CCCCO2)c1ccccc1,CHEMBL464918,89.0,89.0
C[C@@H](NC(=O)c1cc2c(c(C(=O)N[C@@H](Cc3ccccc3)[C@H](O)CNC3CC3)c1)CCCO2)c1ccccc1,CHEMBL517179,112.0,112.0
C[C@@H](NC(=O)c1cc(C(=O)N[C@@H](Cc2ccccc2)[C@H](O)CNC2CC2)cc(N2CCCCS2(=O)=O)c1)c1ccccc1,CHEMBL499468,158.0,158.0
C[C@@H](NC(=O)c1cc(C(=O)N[C@@H](Cc2ccccc2)[C@H](O)CNC2CC2)cc2c1CCCCO2)c1ccc(F)cc1,CHEMBL446879,262.0,262.0
Cc1cc2c(C(=O)N[C@H](C)c3ccccc3)cc(C(=O)N[C@@H](Cc3ccccc3)[C@H](O)CNC3CC3)cc2o1,CHEMBL514310,524.0,524.0
C[C@@H](NC(=O)c1cc(C(=O)N[C@@H](Cc2ccccc2)[C@H](O)CNC2CC2)cc2c1CCCO2)c1ccc(F)cc1,CHEMBL463864,740.0,740.0
C[C@@H](NC(=O)c1cc(C(=O)N[C@@H](Cc2ccccc2)[C@H](O)CNC2CC2)cc(-c2ccc(Cl)cc2)c1)c1ccccc1,CHEMBL443447,811.0,811.0
C#Cc1cc(C(=O)N[C@@H](Cc2ccccc2)[C@H](O)CNC2CC2)cc(C(=O)N[C@H](C)c2ccccc2)c1,CHEMBL518294,889.0,889.0
Cc1cc2c(C(=O)N[C@@H](Cc3ccccc3)[C@H](O)CNC3CC3)cc(C(=O)N[C@H](C)c3ccccc3)cc2o1,CHEMBL463865,998.0,998.0
C[C@@H](NC(=O)c1cc(C#Cc2ccccc2)cc(C(=O)N[C@@H](Cc2ccccc2)[C@H](O)CNC2CC2)c1)c1ccccc1,CHEMBL450801,1119.0,1119.0
C[C@@H](NC(=O)c1cc(C(=O)N[C@@H](Cc2ccccc2)[C@H](O)CNC2CC2)cc(-c2cn(Cc3ccccc3)nn2)c1)c1ccccc1,CHEMBL449578,1256.0,1256.0
C[C@@H](NC(=O)c1cc(O)cc(C(=O)N[C@@H](Cc2ccccc2)[C@H](O)CNC2CC2)c1)c1ccccc1,CHEMBL482371,1581.0,1581.0
C[C@@H](NC(=O)c1cc(C(=O)N[C@@H](Cc2ccccc2)[C@H](O)CNC2CC2)cc(N2CCCS2(=O)=O)c1)c1ccccc1,CHEMBL443087,1774.0,1774.0
C[C@@H](NC(=O)c1cc(C(=O)N[C@@H](Cc2ccccc2)[C@H](O)CNC2CC2)cc(-c2ccsc2)c1)c1ccccc1,CHEMBL473652,2233.0,2233.0
COc1cc(C(=O)N[C@@H](Cc2ccccc2)[C@H](O)CNC2CC2)cc(C(=O)N[C@H](C)c2ccccc2)c1,CHEMBL479421,2506.0,2506.0
Cc1ccc(Nc2cc(-c3ccccc3)ncn2)cc1NS(C)(=O)=O,CHEMBL469117,24000.0,24.0
CS(=O)(=O)Nc1cccc(Nc2cc(-c3ccccc3)ncn2)c1,CHEMBL451360,400000.0,400.0
CS(=O)(=O)Nc1cc(Nc2cc(-c3ccccc3)ncn2)ccc1Cl,CHEMBL461660,16000.0,16.0
CS(=O)(=O)Nc1cc(Nc2cc(-c3ccccc3)ncn2)ccc1Br,CHEMBL511187,30000.0,30.0
CS(=O)(=O)Nc1cc(Nc2cc(-c3ccccc3)ncn2)ccc1F,CHEMBL461866,110000.0,110.0
COc1ccc(Nc2cc(-c3ccccc3)ncn2)cc1NS(C)(=O)=O,CHEMBL461867,69000.0,69.0
CS(=O)(=O)Nc1cc(Nc2cc(-c3ccccc3)ncn2)ccc1-c1ccccc1,CHEMBL467003,600000.0,600.0
C=CCc1ccc(Nc2cc(-c3ccccc3)ncn2)cc1NS(C)(=O)=O,CHEMBL467216,570000.0,570.0
O=[N+]([O-])c1cc(Nc2cc(-c3ccccc3)ncn2)ccc1Br,CHEMBL446536,600000.0,600.0
Nc1cc(Nc2cc(-c3ccccc3)ncn2)ccc1Br,CHEMBL466383,600000.0,600.0
CC(=O)Nc1cc(Nc2cc(-c3ccccc3)ncn2)ccc1C,CHEMBL444170,600000.0,600.0
Cc1ccc(Nc2cc(-c3ccccc3)ncn2)cc1N(C)S(C)(=O)=O,CHEMBL512297,1600000.0,1600.0
Cc1ccc(Nc2cc(-c3ccc(N(C)C)cc3)ncn2)cc1NS(C)(=O)=O,CHEMBL467635,15000.0,15.0
Cc1ccc(Nc2cc(-c3ccccc3C)ncn2)cc1NS(C)(=O)=O,CHEMBL467636,219000.0,219.0
Cc1ccc(Nc2cc(-c3ccc(-c4ccccc4)cc3)ncn2)cc1NS(C)(=O)=O,CHEMBL513842,19000.0,19.0
Cc1ccc(Nc2cc(-c3ccc(CCCO)cc3)ncn2)cc1NS(C)(=O)=O,CHEMBL511390,37000.0,37.0
Cc1ccc(Nc2cc(-c3ccc4c(c3)OCCO4)ncn2)cc1NS(C)(=O)=O,CHEMBL467014,21000.0,21.0
Cc1ccc(Nc2cc(-c3ccccc3N(C)C)ncn2)cc1NS(C)(=O)=O,CHEMBL465988,317000.0,317.0
CCCCNC(=O)[C@H](C)C[C@H](O)[C@H](CC(C)C)NC(=O)[C@H](CCSC)NC(=O)CCC(C)C,CHEMBL461606,1400.0,1.4
CCCCNC(=O)[C@H](C)C[C@H](O)[C@H](CC(C)C)NC(=O)[C@H](C)NC(=O)CCC(C)C,CHEMBL461607,3700.0,3.7
CCCCNC(=O)[C@H](C)C[C@H](O)[C@H](CC(C)C)NC(=O)[C@H](C)N(C)C(=O)CCC(C)C,CHEMBL461814,2400.0,2.4
CCCCNC(=O)[C@H](C)C[C@H](O)[C@@H]1C[C@H](C)CCCCCCC(=O)N[C@@H](C)C(=O)N1,CHEMBL461815,1600.0,1.6
CCCCNC(=O)[C@H](C)C[C@H](O)[C@@H]1C[C@H](C)CCCCCCCC(=O)N[C@@H](C)C(=O)N1,CHEMBL490304,590.0,0.59
CCCCNC(=O)[C@H](C)C[C@H](O)[C@@H]1CCCCCCCCCC(=O)N[C@@H](C)C(=O)N1,CHEMBL522778,7600.0,7.6
CCCCNC(=O)[C@H](C)C[C@H](O)[C@@H]1C[C@H](C)CCCCCCCCC(=O)N[C@@H](C)C(=O)N1,CHEMBL490305,250.0,0.25
CCCCNC(=O)[C@H](C)C[C@H](O)[C@@H]1C[C@H](C)CCCCCCCCCC(=O)N[C@@H](C)C(=O)N1,CHEMBL455207,2100.0,2.1
CCCCNC(=O)[C@H](C)C[C@H](O)[C@@H]1C[C@H](C)CCCCCCCC(=O)N(C)[C@@H](C)C(=O)N1,CHEMBL461603,2500.0,2.5
CCCCNC(=O)[C@H](C)C[C@H](O)[C@@H]1C[C@H](C)CCCCCCCCC(=O)N(C)[C@@H](C)C(=O)N1,CHEMBL461602,150.0,0.15
CCn1cnc2c(N3CCCC3=O)cc(C(=O)N[C@@H](Cc3ccccc3)[C@H](O)CNCc3cccc(C(F)(F)F)c3)cc21,CHEMBL500555,19.0,0.019
CCNc1cc(C(=O)N[C@@H](Cc2ccccc2)[C@H](O)CNCc2cccc(C(F)(F)F)c2)c(F)c(N2CCCC2=O)c1,CHEMBL445734,9.0,0.009
CCNc1cc(C(=O)N[C@@H](Cc2ccccc2)[C@H](O)CNCc2cccc(C(F)(F)F)c2)cc(N2CCCCS2(=O)=O)c1OC,CHEMBL501927,18.0,0.018
CCn1ncc2c(N3CCCC3=O)cc(C(=O)N[C@@H](Cc3ccccc3)[C@H](O)CNCc3cccc(C(F)(F)F)c3)cc21,CHEMBL448592,28.0,0.028
CCc1c[nH]c2c(N3CCCC3=O)cc(C(=O)N[C@@H](Cc3ccccc3)[C@H](O)CNCc3cccc(C(F)(F)F)c3)cc12,CHEMBL447220,26.0,0.026
CCn1ccc2c(N3CCCC3=O)cc(C(=O)N[C@@H](Cc3ccccc3)[C@H](O)CNCc3cccc(C(F)(F)F)c3)cc21,CHEMBL501338,23.0,0.023
CCNc1cc(C(=O)N[C@@H](Cc2ccccc2)[C@H](O)CNCc2cccc(C(F)(F)F)c2)cc(N2CCCCS2(=O)=O)c1C,CHEMBL508753,23.0,0.023
CCNc1cc(C(=O)N[C@@H](Cc2ccccc2)[C@H](O)CNC(C)(C)c2cccc(C(F)(F)F)c2)cc(N2CCCCS2(=O)=O)c1,CHEMBL510798,6.0,0.006
CCn1nnc2c(N3CCCC3=O)cc(C(=O)N[C@@H](Cc3ccccc3)[C@H](O)CNCc3cccc(C(F)(F)F)c3)cc21,CHEMBL449938,34.0,0.034
CCc1cn(C)c2c(N3CCCC3=O)cc(C(=O)N[C@@H](Cc3ccccc3)[C@H](O)CNCc3cccc(C(F)(F)F)c3)cc12,CHEMBL508663,40.0,0.04
CCNc1cc(C(=O)N[C@@H](Cc2ccccc2)[C@H](O)CNCc2cncc(C#N)c2)cc(N2CCCCS2(=O)=O)c1,CHEMBL502289,40.0,0.04
CCNc1cc(C(=O)N[C@@H](Cc2ccccc2)[C@H](O)CNCc2cccc(C(F)(F)F)c2)cc(N2CCCC2=O)c1C,CHEMBL453841,63.0,0.063
CCc1coc2c(N3CCCC3=O)cc(C(=O)N[C@@H](Cc3ccccc3)[C@H](O)CNCc3cccc(C(F)(F)F)c3)cc12,CHEMBL447120,87.0,0.087
CCNc1cc(C(=O)N[C@@H](Cc2ccccc2)[C@H](O)CNCc2cccc(C(F)(F)F)c2)cc(N2CCCC2=O)c1OC,CHEMBL443509,110.0,0.11
CCc1ccnc2c(N3CCCC3=O)cc(C(=O)N[C@@H](Cc3ccccc3)[C@H](O)CNCc3cccc(C(F)(F)F)c3)cc12,CHEMBL501958,210.0,0.21
CCn1c(=O)[nH]c2c(N3CCCC3=O)cc(C(=O)N[C@@H](Cc3ccccc3)[C@H](O)CNCc3cccc(OC)c3)cc21,CHEMBL448939,420.0,0.42
CCn1ccc2c(N3CCCC3=O)cc(C(=O)N[C@@H](Cc3ccccc3)[C@H](O)CNC(C)(C)c3cccc(OC)c3)cc21,CHEMBL460835,35000.0,35.0
CCCN(CCC)C(=O)c1cc(C)cc(C(=O)N[C@@H](Cc2cc(F)cc(F)c2)[C@H](O)[C@H]2CN(c3ccccc3)CCN2)c1,CHEMBL510737,345.0,345.0
CCCN(CCC)C(=O)c1cc(C)cc(C(=O)N[C@@H](Cc2cc(F)cc(F)c2)[C@H](O)[C@H]2CN(Cc3ccccc3Cl)CCN2)c1,CHEMBL476216,27.0,27.0
CCCN(CCC)C(=O)c1cc(C)cc(C(=O)N[C@@H](Cc2cc(F)cc(F)c2)[C@H](O)[C@H]2CN(Cc3ccccc3C#N)CCN2)c1,CHEMBL455237,20.0,20.0
CCCN(CCC)C(=O)c1cc(C)cc(C(=O)N[C@@H](Cc2cc(F)cc(F)c2)[C@H](O)[C@@H]2NCCN(Cc3ccccc3OC)C2=O)c1,CHEMBL445721,5.0,5.0
CCCN(CCC)C(=O)c1cc(C)cc(C(=O)N[C@@H](Cc2cc(F)cc(F)c2)[C@H](O)[C@@H]2NCCN(CC3CC3)C2=O)c1,CHEMBL507571,10.0,10.0
CCCN(CCC)C(=O)c1cc(C)cc(C(=O)N[C@@H](Cc2cc(F)cc(F)c2)[C@H](O)[C@@H]2NCCN(CC(C)C)C2=O)c1,CHEMBL507330,13.0,13.0
CCCN(CCC)C(=O)c1cc(C)cc(C(=O)N[C@@H](Cc2cc(F)cc(F)c2)[C@H](O)[C@@H]2NCCN(CCC)C2=O)c1,CHEMBL451218,44.0,44.0
CCCN(CCC)C(=O)c1cc(C)cc(C(=O)N[C@@H](Cc2cc(F)cc(F)c2)[C@H](O)[C@@H]2NCCN(CC)C2=O)c1,CHEMBL521912,175.0,175.0
CCCN(CCC)C(=O)c1cc(C)cc(C(=O)N[C@@H](Cc2cc(F)cc(F)c2)[C@H](O)[C@@H]2NCCN(C)C2=O)c1,CHEMBL522924,235.0,235.0
CCCN(CCC)C(=O)c1cc(C)cc(C(=O)N[C@@H](Cc2cc(F)cc(F)c2)[C@H](O)[C@@H]2NCCNC2=O)c1,CHEMBL489052,264.0,264.0
CCCN1CC(C(=O)N[C@@H](Cc2cc(F)cc(F)c2)[C@H](O)[C@@H]2NCCN(Cc3ccccc3)C2=O)CN(CCC)C1=O,CHEMBL502121,22.0,22.0
CCCN1CC(C(=O)N[C@@H](Cc2cc(F)cc(F)c2)[C@H](O)[C@@H]2NCCN(Cc3ccccc3)C2=O)N(C(C)C)C1=O,CHEMBL508095,11.0,11.0
CCCN1CC(C(=O)N[C@@H](Cc2cc(F)cc(F)c2)[C@H](O)[C@@H]2NCCN(Cc3ccccc3)C2=O)N(CC)C1=O,CHEMBL491660,9.0,9.0
COCCN1CC(C(=O)N[C@@H](Cc2cc(F)cc(F)c2)[C@H](O)[C@@H]2NCCN(Cc3ccccc3)C2=O)CC1=O,CHEMBL521794,13.0,13.0
O=C(N[C@@H](Cc1cc(F)cc(F)c1)[C@H](O)[C@@H]1NCCN(Cc2ccccc2)C1=O)C1CC(=O)N(Cc2ccccc2)C1,CHEMBL442847,22.0,22.0
O=C(N[C@@H](Cc1cc(F)cc(F)c1)[C@H](O)[C@@H]1NCCN(Cc2ccccc2)C1=O)C1CC(=O)N(CC2CC2)C1,CHEMBL491659,10.0,10.0
CCCCN1CC(C(=O)N[C@@H](Cc2cc(F)cc(F)c2)[C@H](O)[C@@H]2NCCN(Cc3ccccc3)C2=O)[C@@H](Cc2ccccc2)C1=O,CHEMBL445693,16.0,16.0
CCCCN1CC(C(=O)N[C@@H](Cc2cc(F)cc(F)c2)[C@H](O)[C@@H]2NCN(Cc3ccccc3)C2=O)[C@@H](CC)C1=O,CHEMBL522803,88.0,88.0
CCCCN1CC(C(=O)N[C@@H](Cc2cc(F)cc(F)c2)[C@H](O)[C@@H]2NCCN(Cc3ccccc3)C2=O)[C@@H](CC)C1=O,CHEMBL454795,3.0,3.0
CCCCN1CC(C(=O)N[C@@H](Cc2cc(F)cc(F)c2)[C@H](O)[C@@H]2NCN(Cc3ccccc3)C2=O)CC1=O,CHEMBL491265,140.0,140.0
CCCCN1CC(C(=O)N[C@@H](Cc2cc(F)cc(F)c2)[C@H](O)[C@@H]2NCCN(Cc3ccccc3)C2=O)CC1=O,CHEMBL491071,5.0,5.0
CCCN1CC(C(=O)N[C@@H](Cc2cc(F)cc(F)c2)[C@H](O)[C@@H]2NCN(Cc3ccccc3)C2=O)CC1=O,CHEMBL485319,905.0,905.0
CCCN1CC(C(=O)N[C@@H](Cc2cc(F)cc(F)c2)[C@H](O)[C@@H]2NCCN(Cc3ccccc3)C2=O)CC1=O,CHEMBL490463,9.0,9.0
COC[C@H]1CCCN1C(=O)c1cncc(C(=O)N[C@@H](Cc2cc(F)cc(F)c2)[C@H](O)[C@@H]2NCCN(Cc3ccccc3)C2=O)c1,CHEMBL511110,2.0,2.0
COC[C@H]1CCCN1C(=O)c1cc(OC)cc(C(=O)N[C@@H](Cc2cc(F)cc(F)c2)[C@H](O)[C@@H]2NCCN(Cc3ccccc3)C2=O)c1,CHEMBL453413,4.0,4.0
COC[C@H]1CCCN1C(=O)c1cc(C)cc(C(=O)N[C@@H](Cc2cc(F)cc(F)c2)[C@H](O)[C@@H]2NCN(Cc3ccccc3)C2=O)c1,CHEMBL451950,2.0,2.0
COC[C@H]1CCCN1C(=O)c1cc(C)cc(C(=O)N[C@@H](Cc2cc(F)cc(F)c2)[C@H](O)[C@@H]2NCCN(Cc3ccccc3)C2=O)c1,CHEMBL510659,1.0,1.0
CCCN(CCC)C(=O)c1cc(C)cc(C(=O)N[C@@H](Cc2cc(F)cc(F)c2)[C@H](O)[C@@H]2NCN(Cc3ccccc3)C2=O)c1,CHEMBL507651,5.0,5.0
CCCN(CCC)C(=O)c1cc(C)cc(C(=O)N[C@@H](Cc2cc(F)cc(F)c2)[C@H](O)[C@@H]2NCCN(Cc3ccccc3)C2=O)c1,CHEMBL509210,3.0,3.0
CCNc1cc(C(=O)N[C@@H](Cc2ccccc2)[C@H](O)CNCc2cccc(C(F)(F)F)c2)cc(N2CCCCS2(=O)=O)c1.O=CO,CHEMBL504438,3.0,3.0
CCc1cn2c3c(cc(C(=O)N[C@@H](Cc4ccccc4)[C@H](O)CNC)cc13)N(C)S(=O)(=O)CC2.O=CO,CHEMBL493984,15.0,15.0
CCc1cn2c3c(cc(C(=O)N[C@@H](Cc4ccccc4)[C@H](O)CNC4CC4)cc13)N(C)S(=O)(=O)CC2,CHEMBL523193,20.0,20.0
CCc1cn2c3c(cc(C(=O)N[C@@H](Cc4ccccc4)[C@H](O)CNC(C)(C)CCCC(C)C)cc13)N(C)S(=O)(=O)CC2.O=CO,CHEMBL500275,9.0,9.0
CCc1cn2c3c(cc(C(=O)N[C@@H](Cc4ccccc4)[C@H](O)CNC4CCCCC4)cc13)N(C)S(=O)(=O)CC2.O=CO,CHEMBL504197,5.0,5.0
CCc1cn2c3c(cc(C(=O)N[C@@H](Cc4ccccc4)[C@H](O)CNCc4ccccc4)cc13)N(C)S(=O)(=O)CC2.O=CO,CHEMBL448945,34.0,34.0
CCc1cn2c3c(cc(C(=O)N[C@@H](Cc4ccccc4)[C@H](O)CNCc4cccc(C(F)(F)F)c4)cc13)N(C)S(=O)(=O)CC2.O=CO,CHEMBL446972,2.0,2.0
CCNc1cc(C(=O)N[C@@H](Cc2ccccc2)[C@H](O)CNC)cc(N2CCCCS2(=O)=O)c1.Cl,CHEMBL493807,140.0,140.0
CCNc1cc(C(=O)N[C@@H](Cc2ccccc2)[C@H](O)CNC2CC2)cc(N2CCCCS2(=O)=O)c1.O=CO,CHEMBL493637,120.0,120.0
CC(=O)O.CCNc1cc(C(=O)N[C@@H](Cc2ccccc2)[C@H](O)CNC(C)(C)CCCC(C)C)cc(N2CCCCS2(=O)=O)c1,CHEMBL501068,69.0,69.0
CCNc1cc(C(=O)N[C@@H](Cc2ccccc2)[C@H](O)CNC2CCCCC2)cc(N2CCCCS2(=O)=O)c1.O=CO,CHEMBL454420,30.0,30.0
CCNc1cc(C(=O)N[C@@H](Cc2ccccc2)[C@H](O)CNCc2ccccc2)cc(N2CCCCS2(=O)=O)c1.O=CO,CHEMBL510865,120.0,120.0
Cc1ccccc1-c1cccc(CN2CCC3(CC2)C(NC2CCCCC2)=NC(=O)N3c2cccc(F)c2)c1,CHEMBL521845,110.0,0.11
O=C1N=C(NC2CCCCC2)C2(CCN(Cc3cccc(-c4ccccc4)c3)CC2)N1c1cccc(F)c1,CHEMBL522878,4600.0,4.6
CC(=O)Nc1ccc(CN2CCC3(CC2)C(NC2CCCCC2)=NC(=O)N3c2cccc(F)c2)cc1,CHEMBL495087,2800.0,2.8
O=C1N=C(NC2CCCCC2)C2(CCN(c3ccc(F)cc3)CC2)N1c1cccc(F)c1,CHEMBL495086,100000.0,100.0
Cl.Cl.O=C1N=C(NC2CCCCC2)C2(CCNCC2)N1c1cccc(F)c1,CHEMBL1203968,100000.0,100.0
CC(=O)Nc1ccc(N2C(=O)N=C(NC3CCCCC3)C23CCN(Cc2ccccc2)CC3)cc1,CHEMBL492248,8000.0,8.0
O=C1N=C(NC2CCCCC2)C2(CCN(Cc3ccccc3)CC2)N1c1cccc(F)c1,CHEMBL493475,11000.0,11.0
O=C1N=C(NC2CCCCC2)C2(CCN(Cc3ccccc3)CC2)N1Cc1ccccc1,CHEMBL493474,100000.0,100.0
CC(C)(C)CCN1C(=O)N=C(NC2CCCCC2)C12CCN(Cc1ccccc1)CC2,CHEMBL521824,100000.0,100.0
O=C1N=C(NC2CCCCC2)C2(CCN(Cc3ccccc3)CC2)N1,CHEMBL493274,100000.0,100.0
O=C1N=C(NC2CCCCC2)C2(CCN(Cc3ccccc3)CC2)N1c1ccccc1,CHEMBL495292,22000.0,22.0
C=C(C)[C@H](CC=C(C)C)Cc1c(O)cc(O)c2c1O[C@H](c1ccc(O)cc1O)CC2=O,CHEMBL243148,5200.0,5.2
C=C(C)[C@H](CC=C(C)C)Cc1c(O)cc(OC)c2c1O[C@H](c1ccc(O)cc1OC)CC2=O,CHEMBL496451,6700.0,6.7
C=C(C)[C@H](CCC(C)(C)O)Cc1c(O)cc(OC)c2c1O[C@H](c1ccc(O)cc1O)CC2=O,CHEMBL455667,39200.0,39.2
C=C(C)[C@H](CC=C(C)C)Cc1c(O)cc(O)c2c1O[C@H](c1ccccc1O)CC2=O,CHEMBL455679,2600.0,2.6
C=C(C)[C@H](CC=C(C)C)Cc1c(O)cc(O)c2c1O[C@H](c1ccc(O)cc1OC)CC2=O,CHEMBL453642,8400.0,8.4
C=C(C)[C@H](CCC(C)(C)O)Cc1c(O)cc(O)c2c1O[C@H](c1ccccc1O)CC2=O,CHEMBL509486,36800.0,36.8
COc1cc(O)c(CC=C(C)C)c2c1C(=O)CC(c1ccc(O)cc1)O2,CHEMBL492828,27700.0,27.7
C=C(C)C(CC=C(C)C)Cc1c(O)cc(OC)c2c1O[C@H](c1ccc(O)cc1O)CC2=O,CHEMBL243796,3300.0,3.3
Nc1nccc2ccccc12,CHEMBL62083,2000000.0,2000.0
COC(=O)c1ccc(CNC(=O)[C@@H](NC(=O)C[C@H](O)[C@H](COc2cc(F)cc(F)c2)NC(=O)[C@H](CCSC)NC(=O)[C@@H](NC(=O)OC(C)(C)C)C(C)C)C(C)C)cc1,CHEMBL448501,10000.0,10.0
CC(C)[C@H](NC(=O)C[C@@H](O)[C@H](COCc1ccccc1)NC(=O)c1cc(C(=O)N[C@H](C)c2ccccc2)cc(N(C)S(C)(=O)=O)c1)C(=O)NCc1ccc(C(=O)O)cc1,CHEMBL448303,1200.0,1.2
CC(C)[C@H](NC(=O)C[C@H](O)[C@H](COCc1ccccc1)NC(=O)c1cc(C(=O)N[C@H](C)c2ccccc2)cc(N(C)S(C)(=O)=O)c1)C(=O)NCc1ccc(C(=O)O)cc1,CHEMBL443909,24.0,0.024
CC(C)[C@H](NC(=O)C[C@H](O)[C@H](COCc1cc(F)cc(F)c1)NC(=O)c1cc(C(=O)N[C@H](C)c2ccccc2)cc(N(C)S(C)(=O)=O)c1)C(=O)NCc1ccc(C(=O)O)cc1,CHEMBL506759,120.0,0.12
CC(C)[C@H](NC(=O)C[C@H](O)[C@H](COc1ccccc1)NC(=O)c1cc(C(=O)N[C@H](C)c2ccccc2)cc(N(C)S(C)(=O)=O)c1)C(=O)NCc1ccc(C(=O)O)cc1,CHEMBL444121,14.0,0.014
CC(C)[C@H](NC(=O)C[C@H](O)[C@H](COc1cc(F)cc(F)c1)NC(=O)c1cc(C(=O)N[C@H](C)c2ccccc2)cc(N(C)S(C)(=O)=O)c1)C(=O)NCc1ccc(C(=O)O)cc1,CHEMBL450491,13.0,0.013
COC(=O)c1ccc(CNC(=O)[C@@H](NC(=O)C[C@H](O)[C@H](COc2cc(F)cc(F)c2)NC(=O)c2cc(C(=O)N[C@H](C)c3ccccc3)cc(N(C)S(C)(=O)=O)c2)C(C)C)cc1,CHEMBL455548,200.0,0.2
CSCC[C@H](NC(=O)[C@@H](NC(=O)OC(C)(C)C)C(C)C)C(=O)N[C@@H](COc1cc(F)cc(F)c1)[C@@H](O)CC(=O)N[C@H](C(=O)NCc1ccc(C(=O)O)cc1)C(C)C,CHEMBL447563,10000.0,10.0
CC(C)[C@H](NC(=O)C[C@H](O)[C@H](COc1cc(F)cc(F)c1)NC(=O)c1cccc(N(C)S(C)(=O)=O)c1)C(=O)NCc1ccc(C(=O)O)cc1,CHEMBL443160,10000.0,10.0
CC(C)[C@H](NC(=O)C[C@H](O)[C@H](COc1cc(F)cc(F)c1)NC(=O)c1cccc(C(=O)N[C@H](C)c2ccccc2)c1)C(=O)NCc1ccc(C(=O)O)cc1,CHEMBL445021,10000.0,10.0
CC(C)[C@H](NC(=O)C[C@H](O)[C@H](COc1cc(F)cc(F)c1)NC(=O)c1cc(C(=O)N[C@H](C)c2ccccc2)cc(N(C)S(C)(=O)=O)c1)C(=O)Nc1ccc(C(=O)O)cc1,CHEMBL500251,260.0,0.26
CC(C)[C@H](NC(=O)C[C@H](O)[C@H](COc1cc(F)cc(F)c1)NC(=O)c1cc(C(=O)N[C@H](C)c2ccccc2)cc(N(C)S(C)(=O)=O)c1)C(=O)NCc1ccccc1,CHEMBL445085,210.0,0.21
C[C@@H](NC(=O)c1cc(C(=O)N[C@@H](COc2cc(F)cc(F)c2)[C@@H](O)CC(=O)NCC(=O)NCc2ccc(C(=O)O)cc2)cc(N(C)S(C)(=O)=O)c1)c1ccccc1,CHEMBL500708,2300.0,2.3
C[C@@H](NC(=O)c1cc(C(=O)N[C@@H](COc2cc(F)cc(F)c2)[C@@H](O)CC(=O)NCc2ccc(C(=O)O)cc2)cc(N(C)S(C)(=O)=O)c1)c1ccccc1,CHEMBL453705,4000.0,4.0
C[C@@H](NC(=O)c1cc(C(=O)N[C@@H](COc2cc(F)cc(F)c2)[C@@H](O)CC(=O)NC2CC2)cc(N(C)S(C)(=O)=O)c1)c1ccccc1,CHEMBL455292,10000.0,10.0
CNC(=O)c1cc(C(=O)N[C@@H](COCc2cc(F)cc(F)c2)[C@@H](O)CC(=O)N[C@H](C(=O)Nc2cc(C(=O)O)cc(C(=O)O)c2)C(C)C)cc(N(C)S(C)(=O)=O)c1,CHEMBL450469,1600.0,1.6
CCCN(CCC)C(=O)c1cccc(C(=O)N[C@@H](COCc2ccccc2)[C@@H](O)CC(=O)N[C@H](C(=O)Nc2cc(C(=O)O)cc(C(=O)O)c2)C(C)C)c1,CHEMBL447880,1890.0,1.89
CCCN(CCC)C(=O)c1cccc(C(=O)N[C@@H](COCc2cc(F)cc(F)c2)[C@@H](O)CC(=O)N[C@H](C(=O)Nc2cc(C(=O)O)cc(C(=O)O)c2)C(C)C)c1,CHEMBL506251,2230.0,2.23
CC(C)[C@H](NC(=O)C[C@H](O)[C@H](COCc1ccccc1)NC(=O)c1cc(C(=O)N[C@H](C)c2ccccc2)cc(N(C)S(C)(=O)=O)c1)C(=O)Nc1cc(C(=O)O)cc(C(=O)O)c1,CHEMBL464887,12.0,0.012
CC(C)[C@H](NC(=O)C[C@H](O)[C@H](COCc1cc(F)cc(F)c1)NC(=O)c1cc(C(=O)N[C@H](C)c2ccccc2)cc(N(C)S(C)(=O)=O)c1)C(=O)Nc1cc(C(=O)O)cc(C(=O)O)c1,CHEMBL504140,40.0,0.04
CC(C)[C@H](NC(=O)C[C@H](O)[C@H](COc1cc(F)cc(F)c1)NC(=O)c1cc(C(=O)N[C@H](C)c2ccccc2)cc(N(C)S(C)(=O)=O)c1)C(=O)Nc1cc(C(=O)O)cc(C(=O)O)c1,CHEMBL500876,37.0,0.037
COC(=O)c1cc(NC(=O)[C@@H](NC(=O)C[C@H](O)[C@H](COc2cc(F)cc(F)c2)NC(=O)c2cc(C(=O)N[C@H](C)c3ccccc3)cc(N(C)S(C)(=O)=O)c2)C(C)C)cc(C(=O)OC)c1,CHEMBL508810,220.0,0.22
O=S(=O)(c1ccccc1)N(CCNCCN(Cc1ccccc1)S(=O)(=O)c1ccccc1)Cc1ccccc1,CHEMBL487288,250000.0,250.0
O=S(=O)(c1ccccc1)N(CCCNCCN(Cc1ccccc1)S(=O)(=O)c1ccccc1)Cc1ccccc1,CHEMBL521384,250000.0,250.0
Nc1ccc(S(=O)(=O)N(CCCNCCN(Cc2ccccc2)S(=O)(=O)c2ccc(N)cc2)Cc2ccccc2)cc1,CHEMBL505405,250000.0,250.0
Nc1ccc(S(=O)(=O)N(CCNCCN(Cc2ccccc2)S(=O)(=O)c2ccc(N)cc2)Cc2ccccc2)cc1,CHEMBL519079,250000.0,250.0
O=C(Cc1ccccc1)N(CCCNCCCN(Cc1ccccc1)C(=O)Cc1ccccc1)Cc1ccccc1,CHEMBL487493,250000.0,250.0
O=C(Cc1ccccc1)N(CCCNCCN(Cc1ccccc1)C(=O)Cc1ccccc1)Cc1ccccc1,CHEMBL488104,250000.0,250.0
O=C(Cc1ccccc1)N(CCNCCN(Cc1ccccc1)C(=O)Cc1ccccc1)Cc1ccccc1,CHEMBL489368,250000.0,250.0
CC(C)CN(CCNCCN(CC(C)C)S(=O)(=O)c1ccc(N)cc1)S(=O)(=O)c1ccc(N)cc1,CHEMBL490184,250000.0,250.0
CC(C)CN(CCNCCN(CC(C)C)S(=O)(=O)c1ccccc1)S(=O)(=O)c1ccccc1,CHEMBL521590,250000.0,250.0
O=C(N[C@@H](Cc1ccccc1)[C@H](O)C(=O)Nc1cccc(-c2nn[nH]n2)c1)c1cc(Cl)cc(C(=O)N2COC[C@@H]2c2ccccc2)n1,CHEMBL448015,22.0,22.0
O=C(N[C@@H](Cc1ccccc1)[C@H](O)C(=O)Nc1cccc(-c2nn[nH]n2)c1)c1cc(Br)cc(C(=O)N2COC[C@@H]2c2ccccc2)n1,CHEMBL445281,15.0,15.0
O=C(N[C@@H](Cc1ccccc1)[C@H](O)C(=O)Nc1cccc(-c2nn[nH]n2)c1)c1cc(I)cc(C(=O)N2COC[C@@H]2c2ccccc2)n1,CHEMBL504917,24.0,24.0
O=C(N[C@@H](Cc1ccccc1)[C@H](O)C(=O)Nc1cccc(-c2nn[nH]n2)c1)c1cc(Cl)cc(C(=O)N2COC[C@@H]2c2ccc(F)cc2)n1,CHEMBL501242,13.0,13.0
O=C(N[C@@H](Cc1ccccc1)[C@H](O)C(=O)Nc1cccc(-c2nn[nH]n2)c1)c1cc(Br)cc(C(=O)N2COC[C@@H]2c2ccc(F)cc2)n1,CHEMBL453211,9.0,9.0
O=C(N[C@@H](Cc1ccccc1)[C@H](O)C(=O)Nc1cccc(-c2nn[nH]n2)c1)c1cc(I)cc(C(=O)N2COC[C@@H]2c2ccc(F)cc2)n1,CHEMBL507541,10.0,10.0
NCCCCCCNCCOc1ccc(Br)cc1NC(=O)Cc1cccc2ccccc12,CHEMBL464912,18330.0,18.33
O=C(Cc1cccc2ccccc12)Nc1cc(Br)ccc1OCCNC1CCCCC1,CHEMBL464913,47090.0,47.09
CC(C)C[C@H](NC(=O)c1cc(C(=O)N[C@H](C)c2ccc(F)cc2)cc(N(C)S(C)(=O)=O)c1)[C@@H](O)C[C@@H](C)C(=O)NC1CCN(Cc2ccccc2)CC1,CHEMBL502753,1504.0,1.504
CC(C)C[C@H](NC(=O)c1cc(C(=O)N[C@H](C)c2ccccc2)cc(N(C)S(C)(=O)=O)c1)[C@@H](O)C[C@@H](C)C(=O)NC1CCN(Cc2ccccc2)CC1,CHEMBL503136,1541.0,1.541
CC(C)C[C@H](NC(=O)c1cc(C(=O)N[C@H](C)c2ccc(F)cc2)cc(N(C)S(C)(=O)=O)c1)[C@@H](O)C[C@@H](C)C(=O)NCCC1CCN(Cc2ccccc2)CC1,CHEMBL454559,1339.0,1.339
CC(C)C[C@H](NC(=O)c1cc(C(=O)N[C@H](C)c2ccc(F)cc2)cc(N(C)S(C)(=O)=O)c1)[C@@H](O)C[C@@H](C)C(=O)NCC1CCN(Cc2ccccc2)CC1,CHEMBL509294,616.0,0.616
C[C@@H](NC(=O)c1cc(C(=O)N[C@@H](Cc2ccccc2)[C@H](O)CNC2CCN(Cc3ccccc3)CC2)cc(N(C)S(C)(=O)=O)c1)c1ccccc1,CHEMBL502172,511.0,0.511
C[C@@H](NC(=O)c1cc(C(=O)N[C@@H](Cc2ccccc2)[C@H](O)CNCC2CCN(Cc3ccccc3)CC2)cc(N(C)S(C)(=O)=O)c1)c1ccccc1,CHEMBL499686,3999.0,3.999
C[C@@H](NC(=O)c1cc(C(=O)N[C@@H](Cc2ccccc2)[C@H](O)CNCCC2CCN(Cc3ccccc3)CC2)cc(N(C)S(C)(=O)=O)c1)c1ccccc1,CHEMBL510269,567.0,0.567
C[C@@H](NC(=O)c1cc(C(=O)N[C@@H](Cc2ccccc2)[C@H](O)CNC2CCN(Cc3ccccc3)CC2)cc(N(C)S(C)(=O)=O)c1)c1ccc(F)cc1,CHEMBL502647,771.0,0.771
C[C@@H](NC(=O)c1cc(C(=O)N[C@@H](Cc2ccccc2)[C@H](O)CNCC2CCN(Cc3ccccc3)CC2)cc(N(C)S(C)(=O)=O)c1)c1ccc(F)cc1,CHEMBL445960,3233.0,3.233
C[C@@H](NC(=O)c1cc(C(=O)N[C@@H](Cc2ccccc2)[C@H](O)CNCCC2CCN(Cc3ccccc3)CC2)cc(N(C)S(C)(=O)=O)c1)c1ccc(F)cc1,CHEMBL498966,222.0,0.222
CCCN(CCC)C(=O)c1cc(C(=O)N[C@@H](Cc2ccccc2)[C@H](O)CNCCC2CCN(Cc3ccccc3)CC2)cc(N(C)S(C)(=O)=O)c1,CHEMBL451867,2392.0,2.392
C[C@@H](NC(=O)c1cc(C(=O)N[C@@H](Cc2ccccc2)[C@H](O)CNCCC2CCN(Cc3ccccc3)CC2)cc([N+](=O)[O-])c1)c1ccccc1,CHEMBL501029,7021.0,7.021
C[C@@H](NC(=O)c1cc(C(=O)N[C@@H](Cc2ccccc2)[C@H](O)CNCCC2CCN(Cc3ccccc3)CC2)cc([N+](=O)[O-])c1)c1ccc(F)cc1,CHEMBL505154,2682.0,2.682
CC(C)C[C@H](NC(=O)c1cc(C(=O)N[C@H](C)c2ccc(F)cc2)cc(N(C)S(C)(=O)=O)c1)[C@@H](O)C[C@@H](C)C(=O)NN1CCN(Cc2ccccc2)CC1,CHEMBL449152,1000.0,1.0
CCCN(CCC)C(=O)c1cccc(C(=O)N[C@@H](Cc2ccccc2)[C@H](O)CNCCC2CCN(Cc3ccccc3)CC2)c1,CHEMBL446478,1000.0,1.0
C[C@@H](NC(=O)c1cccc(C(=O)N[C@@H](Cc2ccccc2)[C@H](O)CNCCC2CCN(Cc3ccccc3)CC2)c1)c1ccc(F)cc1,CHEMBL455081,1000.0,1.0
C[C@@H](NC(=O)c1cccc(C(=O)N[C@@H](Cc2ccccc2)[C@H](O)CNCCC2CCN(Cc3ccccc3)CC2)c1)c1ccccc1,CHEMBL456748,1000.0,1.0
CCCN(CCC)C(=O)c1cc(C(=O)N[C@@H](Cc2ccccc2)[C@H](O)CNCCC2CCN(Cc3ccccc3)CC2)cc([N+](=O)[O-])c1,CHEMBL455352,1000.0,1.0
CCCN(CCC)C(=O)c1cc(C(=O)N[C@@H](Cc2ccccc2)C(O)C(=O)NCCC2CCN(Cc3ccccc3)CC2)cc([N+](=O)[O-])c1,CHEMBL448678,1000.0,1.0
CCCN(CCC)C(=O)c1cc(C(=O)N[C@@H](Cc2ccccc2)C(O)C(=O)NCC2CCN(Cc3ccccc3)CC2)cc([N+](=O)[O-])c1,CHEMBL505994,1000.0,1.0
CCCN(CCC)C(=O)c1cc(C(=O)N[C@@H](Cc2ccccc2)C(O)C(=O)NC2CCN(Cc3ccccc3)CC2)cc([N+](=O)[O-])c1,CHEMBL505749,1000.0,1.0
C[C@@H](NC(=O)c1cc(C(=O)N[C@@H](Cc2ccccc2)C(O)C(=O)NCCC2CCN(Cc3ccccc3)CC2)cc(N(C)S(C)(=O)=O)c1)c1ccc(F)cc1,CHEMBL501509,1000.0,1.0
C[C@@H](NC(=O)c1cc(C(=O)N[C@@H](Cc2ccccc2)C(O)C(=O)NCC2CCN(Cc3ccccc3)CC2)cc(N(C)S(C)(=O)=O)c1)c1ccc(F)cc1,CHEMBL507252,1000.0,1.0
C[C@@H](NC(=O)c1cc(C(=O)N[C@@H](Cc2ccccc2)C(O)C(=O)NC2CCN(Cc3ccccc3)CC2)cc(N(C)S(C)(=O)=O)c1)c1ccc(F)cc1,CHEMBL501507,1000.0,1.0
C[C@@H](NC(=O)c1cc(C(=O)N[C@@H](Cc2ccccc2)C(O)C(=O)NCCC2CCN(Cc3ccccc3)CC2)cc(N(C)S(C)(=O)=O)c1)c1ccccc1,CHEMBL450138,1000.0,1.0
C[C@@H](NC(=O)c1cc(C(=O)N[C@@H](Cc2ccccc2)C(O)C(=O)NCC2CCN(Cc3ccccc3)CC2)cc(N(C)S(C)(=O)=O)c1)c1ccccc1,CHEMBL499502,1000.0,1.0
C[C@@H](NC(=O)c1cc(C(=O)N[C@@H](Cc2ccccc2)C(O)C(=O)NC2CCN(Cc3ccccc3)CC2)cc(N(C)S(C)(=O)=O)c1)c1ccccc1,CHEMBL504664,1000.0,1.0
CC(C)C[C@H](NC(=O)c1cc(C(=O)N[C@H](C)c2ccccc2)cc(N(C)S(C)(=O)=O)c1)[C@@H](O)C[C@@H](C)C(=O)NN1CCN(Cc2ccccc2)CC1,CHEMBL503126,1000.0,1.0
Nc1nc(C2(c3ccccc3)CCCC2)cs1,CHEMBL511383,217000.0,217.0
COc1ccc(C(Cc2cc([N+](=O)[O-])ccc2OC)c2c[nH]c(N)n2)cc1,CHEMBL494015,5700.0,5.7
COc1ccc(C(Cc2cc([N+](=O)[O-])ccc2OC)c2csc(N)n2)cc1,CHEMBL466025,1100.0,1.1
COc1ccc(C(Cc2ccccc2)c2csc(N)n2)cc1,CHEMBL466782,32000.0,32.0
COc1ccc(C2(c3csc(N)n3)CCCC2)cc1,CHEMBL449357,25000.0,25.0
Nc1nc(C2(c3ccc(Cl)cc3)CCCC2)cs1,CHEMBL448459,38000.0,38.0
COc1ccc(C(Cc2cc([N+](=O)[O-])ccc2OC)c2cn(C)c(N)n2)cc1,CHEMBL494186,470.0,0.47
COc1ccc(C(Cc2cc([N+](=O)[O-])ccc2OC)c2c[nH]c(N)n2)cc1F,CHEMBL522520,3200.0,3.2
CCc1cn2c3c(cc(C(=O)N[C@@H](Cc4ccccc4)[C@H](O)CNC4CC4)cc13)N(CC)S(=O)(=O)CC2,CHEMBL533064,17.0,0.017
CCc1cn2c3c(cc(C(=O)N[C@@H](Cc4ccccc4)[C@H](O)CNC4CCCCC4)cc13)N(CC)S(=O)(=O)CC2,CHEMBL558582,30.0,0.03
CCc1cn2c3c(cc(C(=O)N[C@@H](Cc4ccccc4)[C@H](O)CNC4CCOCC4)cc13)N(CC(F)(F)F)S(=O)(=O)CC2,CHEMBL537300,248.0,0.248
CCc1cn2c3c(cc(C(=O)N[C@@H](Cc4ccccc4)[C@H](O)CNC4CCOCC4)cc13)N(C(C)C)S(=O)(=O)CC2,CHEMBL553387,227.0,0.227
CCc1cn2c3c(cc(C(=O)N[C@@H](Cc4ccccc4)[C@H](O)CNC4CCOCC4)cc13)N(CC)S(=O)(=O)CC2,CHEMBL562555,48.0,0.048
CCc1cn2c3c(cc(C(=O)N[C@@H](Cc4ccccc4)[C@H](O)CNCc4cccc(OC)c4)cc13)NS(=O)(=O)CC2,CHEMBL540685,260.0,0.26
CCc1cn2c3c(cc(C(=O)N[C@@H](Cc4ccccc4)[C@H](O)CNc4ccc(OC)cc4)cc13)NS(=O)(=O)CCC2,CHEMBL553938,339.0,0.339
CCc1cn2c3c(cc(C(=O)N[C@@H](Cc4ccccc4)[C@H](O)CNC)cc13)N(C)S(=O)(=O)CC2,CHEMBL562554,106.0,0.106
CCc1cn2c3c(cc(C(=O)N[C@@H](Cc4ccccc4)[C@H](O)CNC)cc13)N(C)S(=O)(=O)C2,CHEMBL561838,868.0,0.868
CCc1cn2c3c(cc(C(=O)N[C@@H](Cc4ccccc4)[C@H](O)CNC4CCCCC4)cc13)N(C)S(=O)(=O)CC2,CHEMBL561961,93.0,0.093
CCc1cn2c3c(cc(C(=O)N[C@@H](Cc4ccccc4)[C@H](O)CNC(C)(C)CCCC(C)C)cc13)N(C)S(=O)(=O)CC2,CHEMBL541757,72.0,0.072
CCc1cn2c3c(cc(C(=O)N[C@@H](Cc4ccccc4)[C@H](O)CNC(C)(C)CCCC(C)C)cc13)N(C)S(=O)(=O)C2,CHEMBL535008,129.0,0.129
CCc1cn2c3c(cc(C(=O)N[C@@H](Cc4ccccc4)[C@H](O)CNCc4cccc(OC)c4)cc13)N(C)S(=O)(=O)CC2,CHEMBL539436,12.0,0.012
CCNc1cc(C(=O)N[C@@H](Cc2ccccc2)[C@H](O)CNC2CC2)cc2c1CCCS(=O)(=O)N2C,CHEMBL3707005,1574.0,1.574
CCNc1cc(C(=O)N[C@@H](Cc2ccccc2)[C@H](O)CNCCC(F)(F)F)cc2c1CCCS(=O)(=O)N2C,CHEMBL560894,180.0,0.18
CCc1cn2c3c(cc(C(=O)N[C@@H](Cc4ccccc4)[C@H](O)CNCCC(F)(F)F)cc13)N(C)S(=O)(=O)CC2,CHEMBL560092,8.0,0.008
CCNc1cc(C(=O)N[C@@H](Cc2ccccc2)[C@H](O)CNC2CCOCC2)cc2c1CCCS(=O)(=O)N2C,CHEMBL564712,1185.0,1.185
CCc1cn2c3c(cc(C(=O)N[C@@H](Cc4ccccc4)[C@H](O)CNC4CCOCC4)cc13)N(C)S(=O)(=O)CC2,CHEMBL560612,90.0,0.09
CCNc1cc(C(=O)N[C@@H](Cc2ccccc2)[C@H](O)CNCc2cccc(C(F)(F)F)c2)cc2c1CCCS(=O)(=O)N2C,CHEMBL553699,56.0,0.056
CCN1CCN2CCS(=O)(=O)N(C)c3cc(C(=O)N[C@@H](Cc4ccccc4)[C@H](O)CNCc4cccc(C(F)(F)F)c4)cc1c32,CHEMBL3707011,84.0,0.084
CCc1cn2c3c(cc(C(=O)N[C@@H](Cc4ccccc4)[C@H](O)CNCc4cccc(C(F)(F)F)c4)cc13)N(C)S(=O)(=O)CC2,CHEMBL554349,6.0,0.006
CCc1cn2c3c(cc(C(=O)N[C@@H](Cc4ccccc4)[C@H](O)CNC4CC4)cc13)NS(=O)(=O)CCC2,CHEMBL561217,490.0,0.49
CCc1cn2c3c(cc(C(=O)N[C@@H](Cc4ccccc4)[C@H](O)CNC4CCCCC4)cc13)N(C)S(=O)(=O)C2,CHEMBL537797,60.0,0.06
CCc1cn2c3c(cc(C(=O)N[C@@H](Cc4ccccc4)[C@H](O)CNCc4cccc(OC)c4)cc13)N(C)S(=O)(=O)C2,CHEMBL556747,8.0,0.008
CCN1CCN2CCS(=O)(=O)N(C)c3cc(C(=O)N[C@@H](Cc4ccccc4)[C@H](O)CNC4CC4)cc1c32,CHEMBL3707004,550.0,0.55
CCNc1cc(C(=O)N[C@@H](Cc2ccccc2)[C@H](O)CNC2CC2)cc(N2CCCCS2(=O)=O)c1,CHEMBL561021,120.0,0.12
CCNc1cc(C(=O)N[C@@H](Cc2ccccc2)[C@H](O)CNC2CCOCC2)cc(N2CCCCS2(=O)=O)c1,CHEMBL560497,91.0,0.091
CCn1cc2c3c(cc(C(=O)N[C@@H](Cc4ccccc4)C(=O)CNC4CCOCC4)cc31)N(C)S(=O)(=O)CC2,CHEMBL558471,48.0,48.0
CCn1cc2c3c(cc(C(=O)N[C@@H](Cc4ccccc4)[C@H](O)CNc4ccccc4)cc31)N(C)S(=O)(=O)CC2,CHEMBL560151,739.0,0.739
CCn1cc2c3c(cc(C(=O)N[C@@H](Cc4ccccc4)[C@H](O)CNCC(F)(F)F)cc31)N(C)S(=O)(=O)CC2,CHEMBL540758,2109.0,2.109
CCn1cc2c3c(cc(C(=O)N[C@@H](Cc4ccccc4)[C@H](O)CNCC(F)(F)C(F)(F)F)cc31)N(C)S(=O)(=O)CC2,CHEMBL563114,4427.0,4.427
CCn1cc2c3c(cc(C(=O)N[C@@H](Cc4ccccc4)[C@H](O)CNCC(F)F)cc31)N(C)S(=O)(=O)CC2,CHEMBL540757,51.0,0.051
CCn1cc2c3c(cc(C(=O)N[C@@H](Cc4ccccc4)[C@H](O)CNCCF)cc31)N(C)S(=O)(=O)CC2,CHEMBL562487,245.0,0.245
CCc1cn2c3c(cc(C(=O)N[C@@H](Cc4ccccc4)[C@H](O)CNCCF)cc13)N(C)S(=O)(=O)CC2,CHEMBL562703,209.0,0.209
CCCNC[C@@H](O)[C@H](Cc1ccccc1)NC(=O)c1cc2c3c(cn(CC)c3c1)CCS(=O)(=O)N2C,CHEMBL558273,29.0,0.029
CCn1cc2c3c(cc(C(=O)N[C@@H](Cc4ccccc4)[C@H](O)CNC4CC4)cc31)N(C)S(=O)(=O)CC2,CHEMBL550208,14.0,0.014
CCNC[C@@H](O)[C@H](Cc1ccccc1)NC(=O)c1cc2c3c(c1)c(CC)cn3CCS(=O)(=O)N2C,CHEMBL534410,262.0,0.262
CCNC[C@@H](O)[C@H](Cc1ccccc1)NC(=O)c1cc2c3c(cn(CC)c3c1)CCS(=O)(=O)N2C,CHEMBL549458,73.0,0.073
C#CCNC[C@@H](O)[C@H](Cc1ccccc1)NC(=O)c1cc2c3c(c1)c(CC)cn3CCS(=O)(=O)N2C,CHEMBL562290,118.0,0.118
C#CCNC[C@@H](O)[C@H](Cc1ccccc1)NC(=O)c1cc2c3c(cn(CC)c3c1)CCS(=O)(=O)N2C,CHEMBL554281,26.0,0.026
CCc1cn2c3c(cc(C(=O)N[C@@H](Cc4ccccc4)[C@H](O)CN[C@H](C)CC)cc13)N(C)S(=O)(=O)CC2,CHEMBL556660,144.0,0.144
CC[C@@H](C)NC[C@@H](O)[C@H](Cc1ccccc1)NC(=O)c1cc2c3c(cn(CC)c3c1)CCS(=O)(=O)N2C,CHEMBL556453,64.0,0.064
CCn1cc2c3c(cc(C(=O)N[C@@H](Cc4ccccc4)[C@H](O)CNCCC(F)(F)F)cc31)N(C)S(=O)(=O)CC2,CHEMBL564530,3.0,0.003
CCn1cc2c3c(cc(C(=O)N[C@@H](Cc4ccccc4)[C@H](O)CNC4CCOCC4)cc31)N(C)S(=O)(=O)CC2,CHEMBL559355,27.0,0.027
CCc1cn2c3c(cc(C(=O)N[C@@H](Cc4ccccc4)[C@H](O)CNC4CC4)cc13)OS(=O)(=O)CC2,CHEMBL556087,250.0,0.25
C#CCNC[C@@H](O)[C@H](Cc1ccccc1)NC(=O)c1cc2c3c(c1)c(CC)cn3CCS(=O)(=O)O2,CHEMBL558078,360.0,0.36
CCc1cn2c3c(cc(C(=O)N[C@@H](Cc4ccccc4)[C@H](O)CNCC4CCOCC4)cc13)OS(=O)(=O)CC2,CHEMBL559954,86.0,0.086
CCc1cn2c3c(cc(C(=O)N[C@@H](Cc4ccccc4)[C@H](O)CNCc4cccc(C(F)(F)F)c4)cc13)OS(=O)(=O)CC2,CHEMBL554146,8.0,0.008
CCCN(CCC)C(=O)c1cccc(C(=O)N[C@@H](Cc2cc(F)cc(F)c2)[C@H](O)CNCc2cccc(OC)c2)c1,CHEMBL551980,31.0,31.0
CCCN(CCC)C(=O)c1cc(C(C)=O)cc(C(=O)N[C@@H](Cc2cc(F)cc(F)c2)[C@H](O)CNCc2cccc(OC)c2)c1,CHEMBL538636,4.0,4.0
CCCN(CCC)C(=O)c1cc(C(=O)N[C@@H](Cc2cc(F)cc(F)c2)[C@H](O)CNCc2cccc(OC)c2)cc(/C(C)=N\O)c1,CHEMBL540729,3.0,3.0
CCCN(CCC)C(=O)c1cc(C(=O)N[C@@H](Cc2cc(F)cc(F)c2)[C@H](O)CNCc2cccc(OC)c2)cc(/C(C)=N\OC)c1,CHEMBL555517,1.0,1.0
C=CCO/N=C(/C)c1cc(C(=O)N[C@@H](Cc2cc(F)cc(F)c2)[C@H](O)CNCc2cccc(OC)c2)cc(C(=O)N(CCC)CCC)c1,CHEMBL541736,10.0,10.0
CCCN(CCC)C(=O)c1cc(C(=O)N[C@@H](Cc2cc(F)cc(F)c2)[C@H](O)CNCc2cccc(OC)c2)cc(/C(C)=N\OCC(C)C)c1,CHEMBL540730,55.0,55.0
CCCN(CCC)C(=O)c1cc(C(=O)N[C@@H](Cc2cc(F)cc(F)c2)[C@H](O)CNCc2cccc(OC)c2)cc(/C(C)=N\OCc2ccccc2)c1,CHEMBL539972,67.0,67.0
CCCN(CCC)C(=O)c1cc(C(=O)N[C@@H](Cc2cc(F)cc(F)c2)[C@H](O)CNCc2cccc(OC)c2)cc(C(C)O)c1,CHEMBL539973,2.0,2.0
CCCN(CCC)C(=O)c1cc(CC(C)O)cc(C(=O)N[C@@H](Cc2cc(F)cc(F)c2)[C@H](O)CNCc2cccc(OC)c2)c1,CHEMBL552743,16.0,16.0
CCCN(CCC)C(=O)c1cc(CCO)cc(C(=O)N[C@@H](Cc2cc(F)cc(F)c2)[C@H](O)CNCc2cccc(OC)c2)c1,CHEMBL539465,10.0,10.0
CCCN(CCC)C(=O)c1cc(CC(COC)OC)cc(C(=O)N[C@@H](Cc2cc(F)cc(F)c2)[C@H](O)CNCc2cccc(OC)c2)c1,CHEMBL539974,2000.0,2000.0
CCCN(CCC)C(=O)c1cc(C(=O)N[C@@H](Cc2cc(F)cc(F)c2)[C@H](O)CNCc2cccc(OC)c2)cc(C(C)N)c1,CHEMBL553456,123.0,123.0
CCCN(CCC)C(=O)c1cc(C(=O)N[C@@H](Cc2cc(F)cc(F)c2)[C@H](O)CNCc2cccc(OC)c2)cc(C(C)NC(C)=O)c1,CHEMBL539466,20.0,20.0
COc1cccc(CNC[C@@H](O)[C@H](Cc2cc(F)cc(F)c2)NC(=O)c2cccc(C(=O)N[C@H](C)c3ccccc3)c2)c1,CHEMBL541170,89.0,89.0
COc1cccc(CNC[C@@H](O)[C@H](Cc2cc(F)cc(F)c2)NC(=O)c2cc(C(C)=O)cc(C(=O)N[C@H](C)c3ccccc3)c2)c1,CHEMBL538637,20.0,20.0
COc1cccc(CNC[C@@H](O)[C@H](Cc2cc(F)cc(F)c2)NC(=O)c2cc(C(=O)N[C@H](C)c3ccccc3)cc(C(C)O)c2)c1,CHEMBL553457,29.0,29.0
CO/N=C(/C)c1cc(C(=O)N[C@@H](Cc2cc(F)cc(F)c2)[C@H](O)CNCc2cccc(OC)c2)cc(C(=O)N[C@H](C)c2ccccc2)c1,CHEMBL558938,32.0,32.0
C=CCO/N=C(/C)c1cc(C(=O)N[C@@H](Cc2cc(F)cc(F)c2)[C@H](O)CNCc2cccc(OC)c2)cc(C(=O)N[C@H](C)c2ccccc2)c1,CHEMBL553424,86.0,86.0
COc1cccc(CNC[C@@H](O)[C@H](Cc2cc(F)cc(F)c2)NC(=O)c2cccc(C(=O)NC(C)c3ccc(F)cc3)c2)c1,CHEMBL555435,166.0,166.0
COc1cccc(CNC[C@@H](O)[C@H](Cc2cc(F)cc(F)c2)NC(=O)c2cc(C(C)=O)cc(C(=O)NC(C)c3ccc(F)cc3)c2)c1,CHEMBL541976,51.0,51.0
COc1cccc(CNC[C@@H](O)[C@H](Cc2cc(F)cc(F)c2)NC(=O)c2cc(C(=O)NC(C)c3ccc(F)cc3)cc(C(C)O)c2)c1,CHEMBL556626,37.0,37.0
CO/N=C(/C)c1cc(C(=O)NC(C)c2ccc(F)cc2)cc(C(=O)N[C@@H](Cc2cc(F)cc(F)c2)[C@H](O)CNCc2cccc(OC)c2)c1,CHEMBL539467,24.0,24.0
C=CCO/N=C(/C)c1cc(C(=O)NC(C)c2ccc(F)cc2)cc(C(=O)N[C@@H](Cc2cc(F)cc(F)c2)[C@H](O)CNCc2cccc(OC)c2)c1,CHEMBL555518,168.0,168.0
COc1cccc(CNC[C@@H](O)[C@H](Cc2cc(F)cc(F)c2)NC(=O)c2cccc(N3CCCCS3(=O)=O)c2)c1,CHEMBL550643,74.0,74.0
COc1cccc(CNC[C@@H](O)[C@H](Cc2cc(F)cc(F)c2)NC(=O)c2cc(C(C)=O)cc(N3CCCCS3(=O)=O)c2)c1,CHEMBL555519,90.0,90.0
COc1cccc(CNC[C@@H](O)[C@H](Cc2cc(F)cc(F)c2)NC(=O)c2cc(C(C)O)cc(N3CCCCS3(=O)=O)c2)c1,CHEMBL541977,43.0,43.0
COc1cccc(CNC[C@@H](O)[C@H](Cc2cc(F)cc(F)c2)NC(=O)c2cc(/C(C)=N\O)cc(N3CCCCS3(=O)=O)c2)c1,CHEMBL557352,38.0,38.0
CO/N=C(/C)c1cc(C(=O)N[C@@H](Cc2cc(F)cc(F)c2)[C@H](O)CNCc2cccc(OC)c2)cc(N2CCCCS2(=O)=O)c1,CHEMBL541020,52.0,52.0
CCCO/N=C(/C)c1cc(C(=O)N[C@@H](Cc2cc(F)cc(F)c2)[C@H](O)CNCc2cccc(OC)c2)cc(N2CCCCS2(=O)=O)c1,CHEMBL558946,25.0,25.0
C=CCO/N=C(/C)c1cc(C(=O)N[C@@H](Cc2cc(F)cc(F)c2)[C@H](O)CNCc2cccc(OC)c2)cc(N2CCCCS2(=O)=O)c1,CHEMBL552744,111.0,111.0
COc1cccc(CNC[C@@H](O)[C@H](Cc2cc(F)cc(F)c2)NC(=O)c2cc(/C(C)=N\OCC(C)C)cc(N3CCCCS3(=O)=O)c2)c1,CHEMBL555520,428.0,428.0
COc1cccc(CNC[C@@H](O)[C@H](Cc2cc(F)cc(F)c2)NC(=O)c2cc(/C(C)=N\OCc3ccccc3)cc(N3CCCCS3(=O)=O)c2)c1,CHEMBL541738,31.0,31.0
COc1cccc(CNC[C@@H](O)[C@H](Cc2cc(F)cc(F)c2)NC(=O)c2cccc(N(C)S(C)(=O)=O)c2)c1,CHEMBL563604,75.0,75.0
COc1cccc(CNC[C@@H](O)[C@H](Cc2cc(F)cc(F)c2)NC(=O)c2cc(C(C)=O)cc(N(C)S(C)(=O)=O)c2)c1,CHEMBL550753,124.0,124.0
COc1cccc(CNC[C@@H](O)[C@H](Cc2cc(F)cc(F)c2)NC(=O)c2cc(C(C)O)cc(N(C)S(C)(=O)=O)c2)c1,CHEMBL560711,43.0,43.0
COc1cccc(CNC[C@@H](O)[C@H](Cc2cc(F)cc(F)c2)NC(=O)c2cc(/C(C)=N\O)cc(N(C)S(C)(=O)=O)c2)c1,CHEMBL540731,76.0,76.0
CO/N=C(\C)c1cc(C(=O)N[C@@H](Cc2cc(F)cc(F)c2)[C@H](O)CNCc2cccc(OC)c2)cc(N(C)S(C)(=O)=O)c1,CHEMBL553612,60.0,60.0
CCCO/N=C(/C)c1cc(C(=O)N[C@@H](Cc2cc(F)cc(F)c2)[C@H](O)CNCc2cccc(OC)c2)cc(N(C)S(C)(=O)=O)c1,CHEMBL558894,59.0,59.0
C=CCO/N=C(/C)c1cc(C(=O)N[C@@H](Cc2cc(F)cc(F)c2)[C@H](O)CNCc2cccc(OC)c2)cc(N(C)S(C)(=O)=O)c1,CHEMBL552323,151.0,151.0
COc1cccc(CNC[C@@H](O)[C@H](Cc2cc(F)cc(F)c2)NC(=O)c2cc(/C(C)=N\OCC(C)C)cc(N(C)S(C)(=O)=O)c2)c1,CHEMBL71151,173.0,173.0
COc1cccc(CNC[C@@H](O)[C@H](Cc2cc(F)cc(F)c2)NC(=O)c2cc(/C(C)=N\OCc3ccccc3)cc(N(C)S(C)(=O)=O)c2)c1,CHEMBL550271,9.0,9.0
COc1cccc(CNC[C@@H](O)[C@H](Cc2cc(F)cc(F)c2)NC(=O)c2cccc(N(c3ccccc3)S(C)(=O)=O)c2)c1,CHEMBL539653,11.0,11.0
COc1cccc(CNC[C@@H](O)[C@H](Cc2cc(F)cc(F)c2)NC(=O)c2cc(C(C)=O)cc(N(c3ccccc3)S(C)(=O)=O)c2)c1,CHEMBL541172,17.0,17.0
COc1cccc(CNC[C@@H](O)[C@H](Cc2cc(F)cc(F)c2)NC(=O)c2cc(/C(C)=N\O)cc(N(c3ccccc3)S(C)(=O)=O)c2)c1,CHEMBL553458,9.0,9.0
CO/N=C(\C)c1cc(C(=O)N[C@@H](Cc2cc(F)cc(F)c2)[C@H](O)CNCc2cccc(OC)c2)cc(N(c2ccccc2)S(C)(=O)=O)c1,CHEMBL539975,10.0,10.0
CCCO/N=C(/C)c1cc(C(=O)N[C@@H](Cc2cc(F)cc(F)c2)[C@H](O)CNCc2cccc(OC)c2)cc(N(c2ccccc2)S(C)(=O)=O)c1,CHEMBL541739,6.0,6.0
C=CCO/N=C(/C)c1cc(C(=O)N[C@@H](Cc2cc(F)cc(F)c2)[C@H](O)CNCc2cccc(OC)c2)cc(N(c2ccccc2)S(C)(=O)=O)c1,CHEMBL557343,27.0,27.0
COc1cccc(CNC[C@@H](O)[C@H](Cc2cc(F)cc(F)c2)NC(=O)c2cc(/C(C)=N/OCC(C)C)cc(N(c3ccccc3)S(C)(=O)=O)c2)c1,CHEMBL539468,242.0,242.0
COc1cccc(CNC[C@@H](O)[C@H](Cc2cc(F)cc(F)c2)NC(=O)c2cc(/C(C)=N\OCc3ccccc3)cc(N(c3ccccc3)S(C)(=O)=O)c2)c1,CHEMBL555916,12.0,12.0
CCCN(CCC)C(=O)c1cc(Oc2ccccc2)cc(C(=O)N[C@@H](Cc2cc(F)cc(F)c2)[C@H](O)CNCc2cccc(OC)c2)c1,CHEMBL539976,10.0,10.0
CCCN(CCC)C(=O)c1cc(Oc2ccc(OC)cc2)cc(C(=O)N[C@@H](Cc2cc(F)cc(F)c2)[C@H](O)CNCc2cccc(OC)c2)c1,CHEMBL539654,10.0,10.0
CCCN(CCC)C(=O)c1cc(Oc2ccccc2OC)cc(C(=O)N[C@@H](Cc2cc(F)cc(F)c2)[C@H](O)CNCc2cccc(OC)c2)c1,CHEMBL557278,54.0,54.0
CCCN(CCC)C(=O)c1cc(Oc2ccc(F)cc2)cc(C(=O)N[C@@H](Cc2cc(F)cc(F)c2)[C@H](O)CNCc2cccc(OC)c2)c1,CHEMBL557554,22.0,22.0
CCCN(CCC)C(=O)c1cc(Sc2ccccc2)cc(C(=O)N[C@@H](Cc2cc(F)cc(F)c2)[C@H](O)CNCc2cccc(OC)c2)c1,CHEMBL557267,13.0,13.0
CCCN(CCC)C(=O)c1cc(Sc2ccc(OC)cc2)cc(C(=O)N[C@@H](Cc2cc(F)cc(F)c2)[C@H](O)CNCc2cccc(OC)c2)c1,CHEMBL553571,27.0,27.0
CCCN(CCC)C(=O)c1cc(C(=O)N[C@@H](Cc2cc(F)cc(F)c2)[C@H](O)CNCc2cccc(OC)c2)cc(S(=O)(=O)c2ccccc2)c1,CHEMBL555436,11.0,11.0
CCCN(CCC)C(=O)c1cc(C(=O)N[C@@H](Cc2cc(F)cc(F)c2)[C@H](O)CNCc2cccc(OC)c2)cc(S(=O)(=O)c2ccc(OC)cc2)c1,CHEMBL558542,12.0,12.0
CC(C)c1ccc2c(c1)[C@@H](NC[C@@H](O)[C@@H]1C[C@H](C)CCCCCCCCC(=O)N(C)[C@@H](C)C(=O)N1)CC(C)(C)O2,CHEMBL558488,2.0,0.002
CC(C)c1cccc(CNC[C@@H](O)[C@@H]2C[C@H](C)CCCCCCCCC(=O)N(C)[C@@H](C)C(=O)N2)c1,CHEMBL564010,27.0,0.027
Cl.Cl.Cl.O=C(CCc1ccc2nc(-c3ccccc3)c3c(c2c1)OCCC3)NCCCCCCCCNc1c2c(nc3cc(Cl)ccc13)CCCC2,CHEMBL3215574,1810.0,1.81
c1ccc2c(NCCCCCCCNc3c4c(nc5ccccc35)CCCC4)c3c(nc2c1)CCCC3,CHEMBL32823,7500.0,7.5
CC(C)C[C@H](NC(=O)[C@@H](N)CCC(=O)O)C(=O)N[C@@H](CC(=O)O)C(=O)N[C@@H](CC(C)C)P(=O)(O)C[C@@H](C)C(=O)N[C@H](C(=O)N[C@@H](CCC(=O)O)C(=O)N[C@@H](Cc1ccccc1)C(=O)O)C(C)C,CHEMBL538647,12.0,12.0
CC(CP(=O)(O)C1CCCCCC[C@H](NC(=O)[C@@H](N)CCC(=O)O)C(=O)N[C@@H](CC(=O)O)C(=O)N1)C(=O)N[C@H](C(=O)N[C@@H](CCC(=O)O)C(=O)N[C@@H](Cc1ccccc1)C(=O)O)C(C)C,CHEMBL556143,47.0,47.0
CC(C)[C@H](NC(=O)CCC(O)(Cc1ccccc1)C(=O)Nc1cc(C(=O)N[C@H](C)c2ccc(F)cc2)cc(N(C)S(C)(=O)=O)c1)C(=O)NCc1ccccc1,CHEMBL555054,5900.0,5.9
CC(C)[C@H](NC(=O)CCC(O)(CCc1ccccc1)C(=O)Nc1cc(C(=O)N[C@H](C)c2ccc(F)cc2)cc(N(C)S(C)(=O)=O)c1)C(=O)NCc1ccccc1,CHEMBL539396,10000.0,10.0
CC(C)[C@H](NC(=O)CCC(O)(CCc1ccccc1)C(=O)Nc1cc(C(=O)N[C@H](C)c2ccccc2)cc(N(C)S(C)(=O)=O)c1)C(=O)NCc1ccccc1,CHEMBL557127,5600.0,5.6
COC(=O)c1ccc(CNC(=O)[C@@H](NC(=O)CCC(O)(Cc2ccccc2)C(=O)Nc2cc(C(=O)N[C@H](C)c3ccc(F)cc3)cc(N(C)S(C)(=O)=O)c2)C(C)C)cc1,CHEMBL557096,10000.0,10.0
COC(=O)c1ccc(NC(=O)[C@@H](NC(=O)CCC(O)(Cc2ccccc2)C(=O)Nc2cc(C(=O)N[C@H](C)c3ccc(F)cc3)cc(N(C)S(C)(=O)=O)c2)C(C)C)cc1,CHEMBL556529,4000.0,4.0
CC(C)[C@H](NC(=O)CCC(O)(Cc1ccccc1)C(=O)Nc1cc(C(=O)N[C@H](C)c2ccc(F)cc2)cc(N(C)S(C)(=O)=O)c1)C(=O)NCc1ccc(C(=O)O)cc1,CHEMBL541484,10000.0,10.0
CC(C)[C@H](NC(=O)CCC(O)(Cc1ccccc1)C(=O)Nc1cc(C(=O)N[C@H](C)c2ccc(F)cc2)cc(N(C)S(C)(=O)=O)c1)C(=O)Nc1ccc(C(=O)O)cc1,CHEMBL553653,10000.0,10.0
C[C@@H](NC(=O)c1cc(NC(=O)CC[C@@](O)(Cc2ccccc2)C(=O)N[C@H]2c3ccccc3C[C@H]2O)cc(N(C)S(C)(=O)=O)c1)c1ccccc1,CHEMBL541485,4600.0,4.6
C[C@@H](NC(=O)c1cc(NC(=O)CC[C@](O)(Cc2ccccc2)C(=O)N[C@H]2c3ccccc3C[C@H]2O)cc(N(C)S(C)(=O)=O)c1)c1ccccc1,CHEMBL539397,2500.0,2.5
C[C@@H](NC(=O)c1cc(NC(=O)CCC(O)(CCc2ccccc2)C(=O)N[C@H]2c3ccccc3C[C@H]2O)cc(N(C)S(C)(=O)=O)c1)c1ccccc1,CHEMBL554781,570.0,0.57
CC(C)[C@H](NC(=O)C(O)(CCC(=O)Nc1cc(C(=O)N[C@H](C)c2ccccc2)cc(N(C)S(C)(=O)=O)c1)CCc1ccccc1)C(=O)NCc1ccccc1,CHEMBL541999,450.0,0.45
CC(C)[C@H](NC(=O)C(O)(CCC(=O)Nc1cc(C(=O)N[C@H](C)c2ccccc2)cc(N(C)S(C)(=O)=O)c1)CCc1ccccc1)C(=O)Nc1ccccc1,CHEMBL540414,230.0,0.23
C[C@@H](NC(=O)c1cc(NC(=O)C(O)(CCC(=O)N[C@H]2c3ccccc3C[C@H]2O)Cc2ccccc2)cc(N(C)S(C)(=O)=O)c1)c1ccc(F)cc1,CHEMBL558760,10000.0,10.0
CCOc1ccc(C2(c3cccc(-c4cccnc4F)c3)N=C(N)N3CCCN=C32)cc1OCC,CHEMBL566978,80.0,0.08
NC1=NC(c2cccc(-c3cccnc3F)c2)(c2ccc3c(c2)OC(F)(F)O3)C2=NCCCN12,CHEMBL566969,740.0,0.74
NC1=NC(c2cccc(-c3cccnc3F)c2)(c2ccc3c(c2)OCCO3)C2=NCCCN12,CHEMBL566968,190.0,0.19
NC1=N[C@@](c2ccc(OC(F)(F)F)cc2)(c2cccc(-c3cccnc3F)c2)C2=NCCCN12,CHEMBL584509,370.0,0.37
NC1=NC(c2cccc(-c3cccnc3F)c2)(c2ccc3c(c2)OCO3)C2=NCCCN12,CHEMBL583608,160.0,0.16
NC1=NC(c2ccc(OC(F)(F)F)cc2)(c2cccc(-c3cccnc3F)c2)C2=NCCCN12,CHEMBL584288,60.0,0.06
NC1=NC(c2ccc(OC(F)(F)F)cc2)(c2cccc(CCC3CC3)c2)C2=NCCCN12,CHEMBL583888,210.0,0.21
NC1=N[C@@](c2ccc(OC(F)(F)F)cc2)(c2cccc(-c3cncnc3)c2)C2=NCCCN12,CHEMBL567633,790.0,0.79
CCCc1cccc(C2(c3ccc(OC(F)(F)F)cc3)N=C(N)N3CCCN=C32)c1,CHEMBL583887,1430.0,1.43
CC(C)(C)c1cccc(C2(c3ccccc3)N=C(N)N3CCCN=C32)c1,CHEMBL583213,30200.0,30.2
NC1=NC(c2ccccc2)(c2cccc(Cc3ccc(F)cc3)c2)C2=NCCCN12,CHEMBL567653,8200.0,8.2
COc1cccc(C2(c3ccccc3)N=C(N)N3CCCN=C32)c1,CHEMBL565251,20300.0,20.3
NC1=NC(c2ccccc2)(c2cccc(C(F)(F)F)c2)C2=NCCCN12,CHEMBL565250,21900.0,21.9
NC1=NC(c2ccccc2)(c2ccccc2)C2=NCCCN12,CHEMBL582044,38000.0,38.0
COc1ccc(Cc2cccc(C3(c4ccccc4)N=C(N)N4CCCN=C43)c2)cc1,CHEMBL568506,7100.0,7.1
NC1=NC(c2ccccc2)(c2cccc(Cc3ccccc3)c2)C2=NCCCN12,CHEMBL566977,5300.0,5.3
NC1=NC(c2ccc(OC(F)(F)F)cc2)(c2cccc(Br)c2)C2=NCCCN12,CHEMBL567654,2600.0,2.6
CC1(C)CN2C(N)=NC(c3ccc(OC(F)(F)F)cc3)(c3cccc(-c4cccnc4F)c3)C2=N1,CHEMBL566548,190.0,0.19
NC1=NC(c2ccc(OC(F)(F)F)cc2)(c2cccc(-c3cccnc3F)c2)/C2=N/CCCCCN12,CHEMBL568960,130.0,0.13
COc1ccc(C2(c3cccc(-c4cccnc4F)c3)N=C(N)N3CCCN=C32)cc1,CHEMBL584267,70.0,0.07
COc1ccc(C2(c3cccc(-c4cncnc4)c3)N=C(N)N3CCCN=C32)cc1,CHEMBL582828,100.0,0.1
NC1=NC(c2ccc(OC(F)(F)F)cc2)(c2cccc(-c3cccnc3F)c2)C2=NCCCCN12,CHEMBL565914,80.0,0.08
NC1=NC(c2ccc(OC(F)(F)F)cc2)(c2cccc(-c3cccnc3F)c2)C2=NCCN12,CHEMBL566112,80.0,0.08
NC1=NC(c2ccc(OC(F)(F)F)cc2)(c2cccc(-c3cncnc3)c2)C2=NCCCN12,CHEMBL584521,100.0,0.1
NC1=NC(c2ccc(OC(F)(F)F)cc2)(c2cccc(-c3cccnc3F)c2)C2=NOCCN12,CHEMBL567430,30.0,0.03
NC1=N[C@](c2ccc(OC(F)(F)F)cc2)(c2cccc(-c3cccnc3F)c2)C2=NCCCN12,CHEMBL576258,20.0,0.02
NC1=N[C@](c2ccc(OC(F)(F)F)cc2)(c2cccc(-c3cncnc3)c2)C2=NCCCN12,CHEMBL582045,34.0,0.034
CCCCOc1ccc(CSC(=N)N)cc1Cl,CHEMBL568966,200000.0,200.0
CN1C(=N)N[C@](CCC2CCCCC2)(CC2CCCCC2)C1=O,CHEMBL583178,605.0,605.0
CN1C(=O)C(c2ccccc2)(c2ccccc2)N=C1N,CHEMBL291784,7100.0,7100.0
CN(Cc1cccc(CCc2cccnc2N)c1)Cc1ccco1,CHEMBL569654,250000.0,250.0
COc1ccc(COC[C@@H](C[C@H](O)[C@H](COc2cc(F)cc(F)c2)NC(=O)c2cc(C(=O)N[C@H](C)c3ccccc3)cc(N(C)S(C)(=O)=O)c2)OC)cc1,CHEMBL572692,140.0,0.14
CO[C@@H](COCc1ccccc1)C[C@H](O)[C@H](COc1cc(F)cc(F)c1)NC(=O)c1cc(C(=O)N[C@H](C)c2ccccc2)cc(N(C)S(C)(=O)=O)c1,CHEMBL572773,240.0,0.24
CO[C@@H](COC(C)C)C[C@H](O)[C@H](COc1cc(F)cc(F)c1)NC(=O)c1cc(C(=O)N[C@H](C)c2ccccc2)cc(N(C)S(C)(=O)=O)c1,CHEMBL572772,480.0,0.48
CO[C@@H](CNc1ccccc1)C[C@H](O)[C@H](COc1cc(F)cc(F)c1)NC(=O)c1cc(C(=O)N[C@H](C)c2ccccc2)cc(N(C)S(C)(=O)=O)c1,CHEMBL583699,1500.0,1.5
CO[C@@H](CNc1ccc(F)cc1)C[C@H](O)[C@H](COc1cc(F)cc(F)c1)NC(=O)c1cc(C(=O)N[C@H](C)c2ccccc2)cc(N(C)S(C)(=O)=O)c1,CHEMBL583703,1500.0,1.5
CCc1cn2c3c(ccc(C(=O)N[C@@H](COc4cc(F)cc(F)c4)[C@@H](O)C[C@H](COCc4ccc(OC)cc4)OC)c13)N(C)S(=O)(=O)CC2,CHEMBL583304,1500.0,1.5
COc1ccc(COC[C@@H](C[C@H](O)[C@H](COc2cc(F)cc(F)c2)NC(=O)c2cc(N(C)C[C@H]3C[C@@H]3C)nc(N(C)S(C)(=O)=O)c2)OC)cc1,CHEMBL583303,1800.0,1.8
CO[C@@H](COCC1CC1)C[C@H](O)[C@H](COc1cc(F)cc(F)c1)NC(=O)c1cc(C(=O)N[C@H](C)c2ccccc2)cc(N(C)S(C)(=O)=O)c1,CHEMBL583697,1860.0,1.86
C=CCOC[C@@H](C[C@H](O)[C@H](COc1cc(F)cc(F)c1)NC(=O)c1cc(C(=O)N[C@H](C)c2ccccc2)cc(N(C)S(C)(=O)=O)c1)OC,CHEMBL583700,2030.0,2.03
CO[C@@H](COc1ccccc1)C[C@H](O)[C@H](COc1cc(F)cc(F)c1)NC(=O)c1cc(C(=O)N[C@H](C)c2ccccc2)cc(N(C)S(C)(=O)=O)c1,CHEMBL573378,6500.0,6.5
CO[C@@H](CO)C[C@H](O)[C@H](COc1cc(F)cc(F)c1)NC(=O)c1cc(C(=O)N[C@H](C)c2ccccc2)cc(N(C)S(C)(=O)=O)c1,CHEMBL583496,10000.0,10.0
COC[C@@H](C[C@H](O)[C@H](COc1cc(F)cc(F)c1)NC(=O)c1cc(C(=O)N[C@H](C)c2ccccc2)cc(N(C)S(C)(=O)=O)c1)OC,CHEMBL572771,10000.0,10.0
CO[C@@H](COCc1ccc(F)cc1)C[C@H](O)[C@H](COc1cc(F)cc(F)c1)NC(=O)c1cc(C(=O)N[C@H](C)c2ccccc2)cc(N(C)S(C)(=O)=O)c1,CHEMBL583701,10000.0,10.0
COc1cccc(COC[C@@H](C[C@H](O)[C@H](COc2cc(F)cc(F)c2)NC(=O)c2cc(C(=O)N[C@H](C)c3ccccc3)cc(N(C)S(C)(=O)=O)c2)OC)c1,CHEMBL583702,10000.0,10.0
CO[C@@H](CNCc1ccccc1)C[C@H](O)[C@H](COc1cc(F)cc(F)c1)NC(=O)c1cc(C(=O)N[C@H](C)c2ccccc2)cc(N(C)S(C)(=O)=O)c1,CHEMBL583915,10000.0,10.0
CO[C@@H](CNCc1ccccc1)C[C@@H](O)[C@H](COc1cc(F)cc(F)c1)NC(=O)c1cc(C(=O)N[C@H](C)c2ccccc2)cc(N(C)S(C)(=O)=O)c1,CHEMBL583302,10000.0,10.0
CO[C@H](C[C@H](O)[C@H](COc1cc(F)cc(F)c1)NC(=O)c1cc(C(=O)N[C@H](C)c2ccccc2)cc(N(C)S(C)(=O)=O)c1)C(=O)N[C@H](C(=O)NCc1ccccc1)C(C)C,CHEMBL573106,0.32,0.32
CC(C)CC1(C)NC(=N)N(Cc2ccc(CNC(=O)Nc3ccc(C#N)cc3)cc2)C1=O,CHEMBL584963,7000.0,7000.0
CCCCNC(=O)NCc1ccc(CN2C(=N)NC(C)(CC(C)C)C2=O)cc1,CHEMBL568967,78000.0,78000.0
CCCCNC(=O)NCc1ccc(CN2C(=N)NC(C)(CC3CCCCC3)C2=O)cc1,CHEMBL568968,5000.0,5000.0
CCCCNC(=O)NCc1ccc(CN2C(=N)NC(CC3CCCCC3)(CC3CCCCC3)C2=O)cc1,CHEMBL571249,2100.0,2100.0
CCCCNC(=O)NCc1ccc(CN2C(=N)NC(CCc3ccccc3)(CC(C)C)C2=O)cc1,CHEMBL569427,50000.0,50000.0
CCCCNC(=O)NCc1ccc(CN2C(=N)NC(CCC3CCCCC3)(CC(C)C)C2=O)cc1,CHEMBL571728,3000.0,3000.0
CCCCNC(=O)NCc1ccc(CN2C(=N)NC(CCC3CCCCC3)(CC3CCCCC3)C2=O)cc1,CHEMBL568942,350.0,350.0
CCC[C@H]1CN(Cc2ccc(CN3C(=N)NC(CCC4CCCCC4)(CC4CCCCC4)C3=O)cc2)C(=O)N1,CHEMBL583875,27.0,27.0
COc1ccc(C2(c3ccc(F)c(-c4cncnc4)c3)N=C(N)N(C)C2=O)cc1C,CHEMBL567688,20.0,0.02
COc1ccc(C2(c3cccc(-c4cccnc4F)c3)N=C(N)N(C)C2=O)cc1C,CHEMBL566011,20.0,0.02
COc1ccc([C@@]2(c3ccc(F)c(-c4cccnc4F)c3)N=C(N)N(C)C2=O)cc1C,CHEMBL567477,10.0,0.01
CN1C(=O)[C@@](c2ccc(OC(F)(F)F)cc2)(c2ccc(F)c(-c3cncnc3)c2)N=C1N,CHEMBL568115,20.0,0.02
COc1ccc(C2(c3cccc(-c4cccnc4)c3)N=C(N)N(C)C2=O)cc1C,CHEMBL566200,40.0,0.04
CCOc1cc(C2(c3cccc(-c4cccnc4)c3)N=C(N)N(C)C2=O)ccc1OC,CHEMBL566406,50.0,0.05
COc1ccc(C2(c3cccc(-c4cccnc4)c3)N=C(N)N(C)C2=O)cc1OC1CCCC1,CHEMBL566638,70.0,0.07
COc1ccc(C2(c3cccc(-c4cccnc4)c3)N=C(N)N(C)C2=O)cc1F,CHEMBL566223,50.0,0.05
COc1ccc(C2(c3cccc(-c4cccnc4)c3)N=C(N)N(C)C2=O)cc1Cl,CHEMBL565996,36.0,0.036
COc1ccc(C2(c3cccc(-c4cccnc4)c3)N=C(N)N(C)C2=O)cc1C(F)(F)F,CHEMBL585289,40.0,0.04
COc1ccc(C2(c3cccc(-c4cccnc4)c3)N=C(N)N(C)C2=O)cc1C#N,CHEMBL568114,150.0,0.15
CN1C(=O)C(c2cccc(-c3cccnc3)c2)(c2ccc3c(c2)OCCO3)N=C1N,CHEMBL584917,90.0,0.09
COc1ccc(C2(c3cccc(-c4cncnc4)c3)N=C(N)N(C)C2=O)cc1C,CHEMBL566012,30.0,0.03
CN1C(=O)C(c2ccc(OC(F)(F)F)cc2)(c2ccc(F)c(-c3cncnc3)c2)N=C1N,CHEMBL585506,40.0,0.04
COc1ccc(C2(C34CC5CC(CC(C5)C3)C4)N=C(N)N(C)C2=O)cc1,CHEMBL584694,160.0,0.16
COc1ccc([C@]2(C34CC5CC(CC(C5)C3)C4)N=C(N)N(C)C2=O)cc1,CHEMBL585128,70.0,0.07
COc1ccc(C2(c3cccc(-c4cccnc4)c3)N=C(N)N(C)C2=O)cc1C1CCCC1,CHEMBL565790,120.0,0.12
COc1ccc(C2(c3ccc(F)c(-c4cccnc4F)c3)N=C(N)N(C)C2=O)cc1C,CHEMBL584926,40.0,0.04
CN1C(=O)C(c2ccccc2)(c2ccc(Cl)cc2)N=C1N,CHEMBL566007,2250.0,2.25
CCCOc1cc(C2(c3cccc(-c4cccnc4)c3)N=C(N)N(C)C2=O)ccc1OC,CHEMBL566407,50.0,0.05
COc1ccc([C@]2(C34CC5CC(CC(C5)C3)C4)N=C(N)N(C)C2=O)cc1C,CHEMBL571320,170.0,0.17
COc1ccc(C2(C34CC5CC(CC(C5)C3)C4)N=C(N)N(C)C2=O)cc1OC,CHEMBL567485,270.0,0.27
COc1ccc(C2(c3cccc(-c4cccnc4)c3)N=C(N)N(C)C2=O)cc1OC,CHEMBL566403,90.0,0.09
CCCCOc1cc(C2(c3cccc(-c4cccnc4)c3)N=C(N)N(C)C2=O)ccc1OC,CHEMBL567061,50.0,0.05
COc1ccc(C2(c3cccc(-c4cccnc4)c3)N=C(N)N(C)C2=O)cc1OC(C)C,CHEMBL567687,60.0,0.06
CN1C(=O)C(c2ccccc2)(C23CC4CC(CC(C4)C2)C3)N=C1N,CHEMBL585952,1530.0,1.53
CCOc1ccc(C2(C34CC5CC(CC(C5)C3)C4)N=C(N)N(C)C2=O)cc1,CHEMBL566198,330.0,0.33
COc1ccc(C2(C34CC5CC(CC(C5)C3)C4)N=C(N)N(C)C2=O)cc1C,CHEMBL584284,270.0,0.27
CN1C(=O)C(c2ccc(OC(F)(F)F)cc2)(c2cc(F)cc(-c3cncnc3)c2)N=C1N,CHEMBL566633,320.0,0.32
COc1ccc(C2(c3ccc(C#N)c(-c4cccnc4)c3)N=C(N)N(C)C2=O)cc1C,CHEMBL565378,630.0,0.63
COc1ncccc1-c1cccc(C2(c3ccc(OC(F)(F)F)cc3)N=C(N)N(C)C2=O)c1,CHEMBL567259,520.0,0.52
CN1C(=O)C(c2ccc(OC(F)(F)F)cc2)(c2cccc(-c3cncnc3)c2F)N=C1N,CHEMBL566404,1360.0,1.36
CN1C(=O)C(c2ccc(OC(F)(F)F)cc2)(C23CC4CC(CC(C4)C2)C3)N=C1N,CHEMBL583899,470.0,0.47
COc1ccc(C2(c3ccc(C)c(-c4cccnc4)c3)N=C(N)N(C)C2=O)cc1C,CHEMBL565995,130.0,0.13
CCCCOc1ccc(C2(C34CC5CC(CC(C5)C3)C4)N=C(N)N(C)C2=O)cc1,CHEMBL585286,870.0,0.87
COc1ccc(-c2cccc(C3(c4ccc(OC(F)(F)F)cc4)N=C(N)N(C)C3=O)c2)cn1,CHEMBL566212,900.0,0.9
COc1ccc([C@]2(c3ccc(F)c(-c4cccnc4F)c3)N=C(N)N(C)C2=O)cc1C,CHEMBL584695,560.0,0.56
CN1C(=O)C(c2ccccc2)(c2cccc(Cl)c2)N=C1N,CHEMBL578410,2500.0,2.5
COc1cccc(C2(c3ccccc3)N=C(N)N(C)C2=O)c1,CHEMBL576628,3470.0,3.47
COc1ccc(C2(c3ccccc3)N=C(N)N(C)C2=O)cc1,CHEMBL577905,3100.0,3.1
COc1ccc([C@@]2(C34CC5CC(CC(C5)C3)C4)N=C(N)N(C)C2=O)cc1C,CHEMBL585120,45000.0,45.0
CCc1cc(C2(C34CC5CC(CC(C5)C3)C4)N=C(N)N(C)C2=O)ccc1OC,CHEMBL584109,280.0,0.28
CN1C(=O)C(c2cccc(-c3cccnc3)c2)(c2ccc3c(c2)CCO3)N=C1N,CHEMBL566414,120.0,0.12
CN1C(=O)C(c2cccc(-c3cccnc3)c2)(c2ccc3c(c2)OCO3)N=C1N,CHEMBL566415,250.0,0.25
CN1C(=O)C(c2ccc(OC(F)(F)F)cc2)(c2cccc(-c3cccnc3F)c2)N=C1N,CHEMBL567258,60.0,0.06
CN1C(=O)[C@](c2ccc(OC(F)(F)F)cc2)(c2ccc(F)c(-c3cncnc3)c2)N=C1N,CHEMBL566632,1390.0,1.39
CCn1cnc2c(Nc3cc(F)cc(F)c3)nc(C#N)nc21,CHEMBL567341,63095.73,4.2
COC(=O)[C@@H]1CCCN1C(=O)[C@@H](Cc1ccccc1)N(C)C(=O)[C@H](C)NC(=O)[C@@H](NC(=O)C[C@H](O)[C@H](CC(C)C)NC(=O)[C@H](CC(N)=O)NC(=O)[C@H](CC(C)C)NC(=O)[C@H](OC(=O)[C@@H](OC(=O)[C@H](C(C)C)N(C)C)C(C)C)C(C)C)[C@@H](C)O,CHEMBL567893,10000.0,10.0
COc1ccc(C(Cc2ccc(C(F)(F)F)cc2)c2cn(C)c(N)n2)cc1,CHEMBL567718,1800.0,1.8
COc1ccc2c(c1)CCC2(Cc1cc([N+](=O)[O-])ccc1OC)c1cn(C)c(N)n1,CHEMBL3659643,3200.0,3.2
COc1ccc2c(c1)CCC2(Cc1ccc(C(F)(F)F)cc1)c1cn(C)c(N)n1,CHEMBL3707021,350.0,0.35
COc1ccc2c(c1F)CCC2(Cc1ccc(C(F)(F)F)cc1)c1cn(C)c(N)n1,CHEMBL3707022,63.0,0.063
CC(=O)N[C@@H](Cc1cc(F)cc(F)c1)[C@H](O)CNC1(c2cccc(C(C)(C)C)c2)CCNCC1,CHEMBL566809,4700.0,4700.0
CC(=O)N[C@@H](Cc1cc(F)cc(F)c1)[C@H](O)CNC1(c2cccc(-n3cccn3)c2)CCOC1,CHEMBL572048,2400.0,2400.0
CC(=O)N[C@@H](Cc1cc(F)cc(F)c1)[C@H](O)CNC1(c2cccc(-n3cccn3)c2)CCCOC1,CHEMBL572313,270.0,270.0
CC(=O)N[C@@H](Cc1cc(F)cc(F)c1)[C@H](O)CNC1(c2cccc(-n3cccn3)c2)CCCCC1,CHEMBL572081,59.0,59.0
CC(=O)N[C@@H](Cc1cc(F)cc(F)c1)[C@H](O)CNC1(c2cccc(C(C)(C)C)c2)CCOCC1,CHEMBL570556,61.0,61.0
CC(=O)N[C@@H](Cc1cc(F)cc(F)c1)[C@H](O)CNC1(c2cccc(C(C)(C)C)c2)CCCC1,CHEMBL571833,220.0,220.0
CC(=O)N[C@@H](Cc1cc(F)cc(F)c1)[C@H](O)CNC1(c2cccc(C(C)(C)C)c2)CCCCC1,CHEMBL571860,47.0,47.0
CC(=O)N[C@@H](Cc1cc(F)cc(F)c1)[C@H](O)CNC1(c2cccc(C(C)(C)C)c2)CCN(C(N)=O)CC1,CHEMBL584936,380.0,380.0
CC(=O)N[C@@H](Cc1cc(F)cc(F)c1)[C@H](O)CNC1(c2cccc(C(C)(C)C)c2)CCNC(=O)C1,CHEMBL570298,18.0,18.0
CC(=O)N[C@@H](Cc1cc(F)cc(F)c1)[C@H](O)CNC1(c2cccc(C(C)(C)C)c2)CCCNC1,CHEMBL565297,10000.0,10000.0
CC(=O)N[C@@H](Cc1cc(F)cc(F)c1)[C@H](O)CNC1(c2cccc(C(C)(C)C)c2)CCCN(O)C1,CHEMBL572082,400.0,400.0
CC(=O)N[C@@H](Cc1cc(F)cc(F)c1)[C@H](O)CNC1(c2cccc(C(C)(C)C)c2)CCCN(C(=O)OCc2ccccc2)C1,CHEMBL570165,860.0,860.0
CC(=O)N[C@@H](Cc1cc(F)cc(F)c1)[C@H](O)CNC1(c2cccc(C(C)(C)C)c2)CCCN(C(C)=O)C1,CHEMBL584121,1300.0,1300.0
CC(=O)N[C@@H](Cc1cc(F)cc(F)c1)[C@H](O)CNC1(c2cccc(C(C)(C)C)c2)CCCN(C(N)=O)C1,CHEMBL570519,330.0,330.0
CC(=O)N[C@@H](Cc1cc(F)cc(F)c1)[C@H](O)CNC1(c2cccc(C(C)(C)C)c2)CCC(=O)NC1,CHEMBL566810,47.0,47.0
CC(=O)N[C@@H](Cc1cc(F)cc(F)c1)[C@H](O)CNC1(c2cccc(C(C)(C)C)c2)CCC(=O)CC1,CHEMBL566826,120.0,120.0
CC(=O)N[C@@H](Cc1cc(F)cc(F)c1)[C@H](O)CN[C@]1(c2cccc(C(C)(C)C)c2)CC[C@H](O)CC1,CHEMBL569390,9200.0,9200.0
CC(=O)N[C@@H](Cc1cc(F)cc(F)c1)[C@H](O)CN[C@]1(c2cccc(C(C)(C)C)c2)CC[C@@H](O)CC1,CHEMBL570745,24.0,24.0
CC(=O)N[C@@H](Cc1cc(F)cc(F)c1)[C@H](O)CN[C@]1(c2cccc(C(C)(C)C)c2)CC[C@@H](CO)CC1,CHEMBL569609,38.0,38.0
CC(=O)N[C@@H](Cc1cc(F)cc(F)c1)[C@H](O)CN[C@]1(c2cccc(C(C)(C)C)c2)CC[C@@H](CCO)CC1,CHEMBL583136,10000.0,10000.0
C=C1CCC(NC[C@@H](O)[C@H](Cc2cc(F)cc(F)c2)NC(C)=O)(c2cccc(C(C)(C)C)c2)CN1,CHEMBL584547,48.0,48.0
CC(=O)N[C@@H](Cc1cc(F)cc(F)c1)[C@H](O)CN[C@@]1(c2cccc(C(C)(C)C)c2)CC[C@H](C)NC1,CHEMBL584731,49.0,49.0
CS[C@H]1CC[C@@](NC[C@@H](O)[C@H](Cc2cc(F)cc(F)c2)NC(C)=O)(c2cccc(C(C)(C)C)c2)CN1,CHEMBL569608,24.0,24.0
CC(=O)N[C@@H](Cc1cc(F)cc(F)c1)[C@H](O)CN[C@@]1(c2cccc(C(C)(C)C)c2)CC[C@H](C(F)(F)F)NC1,CHEMBL570762,33.0,33.0
CO[C@H]1CC[C@@](NC[C@@H](O)[C@H](Cc2cc(F)cc(F)c2)NC(C)=O)(c2cccc(C(C)(C)C)c2)CN1,CHEMBL571419,140.0,140.0
CC(=O)N[C@@H](Cc1cc(F)cc(F)c1)[C@H](O)CN[C@@]1(c2cccc(C(C)(C)C)c2)CC[C@H](C#N)NC1,CHEMBL572290,380.0,380.0
CC(=O)N[C@@H](Cc1cc(F)cc(F)c1)[C@H](O)CN[C@@]1(c2cccc(C(C)(C)C)c2)CC[C@H](S(C)(=O)=O)NC1,CHEMBL567026,210.0,210.0
CC(=O)N[C@@H](Cc1cc(F)cc(F)c1)[C@H](O)CN[C@@]1(c2cccc(C(C)(C)C)c2)CC/C(=N/O)NC1,CHEMBL566603,8.8,8.8
CC(=O)N[C@@H](Cc1cc(F)cc(F)c1)[C@H](O)CN[C@@]1(c2cccc(C(C)(C)C)c2)CC[C@H](NO)NC1,CHEMBL583034,19.0,19.0
CON[C@H]1CC[C@@](NC[C@@H](O)[C@H](Cc2cc(F)cc(F)c2)NC(C)=O)(c2cccc(C(C)(C)C)c2)CN1,CHEMBL570982,100.0,100.0
COC(=O)N[C@H]1CC[C@@](NC[C@@H](O)[C@H](Cc2cc(F)cc(F)c2)NC(C)=O)(c2cccc(C(C)(C)C)c2)CN1,CHEMBL571432,240.0,240.0
CC(=O)N[C@@H](Cc1cc(F)cc(F)c1)[C@H](O)CN[C@@]1(c2cccc(C(C)(C)C)c2)CC[C@H](NC=O)NC1,CHEMBL572047,210.0,210.0
CC(=O)N[C@@H](Cc1cc(F)cc(F)c1)[C@H](O)CN[C@@]1(c2cccc(C(C)(C)C)c2)CC[C@H](NS(C)(=O)=O)NC1,CHEMBL583546,400.0,400.0
CC(=O)N[C@@H](Cc1cc(F)cc(F)c1)[C@H](O)CN[C@@]1(c2cccc(C(C)(C)C)c2)CC[C@H](N(O)C(C)=O)NC1,CHEMBL565337,240.0,240.0
CC(=O)N[C@H]1CC[C@@](NC[C@@H](O)[C@H](Cc2cc(F)cc(F)c2)NC(C)=O)(c2cccc(C(C)(C)C)c2)CN1,CHEMBL583688,350.0,350.0
CC(=O)N[C@@H](Cc1cc(F)cc(F)c1)[C@H](O)CN[C@@]1(c2cccc(C(C)(C)C)c2)CC[C@H](Nc2ccccn2)NC1,CHEMBL571433,73.0,73.0
CC(=O)N[C@@H](Cc1cc(F)cc(F)c1)[C@H](O)CN[C@@]1(c2cccc(C(C)(C)C)c2)CC[C@H](Nc2cccs2)NC1,CHEMBL582817,85.0,85.0
CC(=O)N[C@@H](Cc1cc(F)cc(F)c1)[C@H](O)CN[C@@]1(c2cccc(C(C)(C)C)c2)CC[C@H](Nc2cccnc2)NC1,CHEMBL565550,500.0,500.0
CC(=O)N[C@@H](Cc1cc(F)cc(F)c1)[C@H](O)CNC1(c2cccc(C(C)(C)C)c2)CCc2n[nH]cc2C1,CHEMBL609987,12.0,12.0
CC(=O)N[C@@H](Cc1cc(F)cc(F)c1)[C@H](O)CNC1(c2cccc(C(C)(C)C)c2)CCc2nc(N)ncc2C1,CHEMBL609988,14.0,14.0
CC(=O)N[C@@H](Cc1cc(F)cc(F)c1)[C@H](O)CNC1(c2cccc(C(C)(C)C)c2)CCc2nc(C)ncc2C1,CHEMBL1163020,93.0,93.0
CN1C(=O)C(c2ccccc2)(C2CCCCC2)N=C1N,CHEMBL599965,990.0,0.99
CN1C(=O)C(C2CCCCC2)(C2CCCCC2)N=C1N,CHEMBL589163,1080.0,1.08
CN1C(=O)C(c2cccc(NC(=O)c3ccco3)c2)(C2CCCCC2)N=C1N,CHEMBL590829,100.0,0.1
Cc1ccoc1C(=O)Nc1cccc(C2(C3CCCCC3)N=C(N)N(C)C2=O)c1,CHEMBL590830,40.0,0.04
CN1C(=O)C(c2cccc(NC(=O)c3cccn3C)c2)(C2CCCCC2)N=C1N,CHEMBL591070,860.0,0.86
CCCC(=O)Nc1cccc(C2(C3CCCCC3)N=C(N)N(C)C2=O)c1,CHEMBL595302,2850.0,2.85
COCC(=O)Nc1cccc(C2(C3CCCCC3)N=C(N)N(C)C2=O)c1,CHEMBL589614,210.0,0.21
COCCC(=O)Nc1cccc(C2(C3CCCCC3)N=C(N)N(C)C2=O)c1,CHEMBL594656,7860.0,7.86
COc1cccc(C(=O)Nc2cccc(C3(C4CCCCC4)N=C(N)N(C)C3=O)c2)c1,CHEMBL594896,1360.0,1.36
CN1C(=O)C(c2cccc(NC(=O)c3ccc4c(c3)OCO4)c2)(C2CCCCC2)N=C1N,CHEMBL605518,380.0,0.38
CCCCCCN1C(=O)C(c2ccccc2)(C2CCCCC2)N=C1N,CHEMBL593979,1390.0,1.39
NC1=NC(c2ccccc2)(C2CCCCC2)C(=O)N1CCCCCC(=O)O,CHEMBL607527,950.0,0.95
NC1=NC(c2ccccc2)(C2CCCCC2)C(=O)N1C[C@H]1CC[C@H](C(=O)O)CC1,CHEMBL589891,390.0,0.39
NC1=NC(c2ccccc2)(C2CCCCC2)C(=O)N1Cc1ccccc1,CHEMBL585215,1240.0,1.24
NC1=NC(c2ccccc2)(C2CCCCC2)C(=O)N1Cc1cc(F)cc(F)c1,CHEMBL592533,1080.0,1.08
NC1=NC(c2ccccc2)(C2CCCCC2)C(=O)N1CC1CCCO1,CHEMBL592534,1040.0,1.04
COCc1cc2cc(c1)C(=O)N[C@H]([C@H](O)CNC1(c3cccc(C(C)C)c3)CC1)Cc1cccc(c1)OCCCCN2,CHEMBL595066,17.0,17.0
COCc1cc2cc(c1)C(=O)N[C@H]([C@H](O)CNC1(c3cccc(C(C)(C)C)c3)CCCC1)Cc1cccc(c1)OCCCCN2,CHEMBL595303,50.0,50.0
COCc1cc2cc(c1)C(=O)N[C@H]([C@H](O)CNC1(c3cccc(C(C)(C)C)c3)CCC1)Cc1cccc(c1)OCCCCN2,CHEMBL595246,67.0,67.0
COCc1cc2cc(c1)C(=O)N[C@H]([C@H](O)CNC(C)(C)c1cccc(C(C)C)c1)Cc1cccc(c1)OCCCCN2,CHEMBL595185,50.0,50.0
CCCS(=O)(=O)N(C)c1cc2cc(c1)C(=O)N[C@H]([C@H](O)CNC1(c3cccc(C(C)C)c3)CC1)Cc1cccc(c1)OCCCCN2,CHEMBL595136,2.0,2.0
CC(C)c1cccc(CNC[C@@H](O)[C@@H]2Cc3cccc(c3)OCCCCNc3cccc(c3)C(=O)N2)c1,CHEMBL589368,292.0,292.0
Cc1cc2cc(n1)OCCCCOc1cccc(c1)C[C@@H]([C@H](O)CNCc1cccc(C(C)C)c1)NC2=O,CHEMBL589369,42.0,42.0
Cc1cc2cc(n1)NCCCCOc1cccc(c1)C[C@@H]([C@H](O)CNCc1cccc(C(C)C)c1)NC2=O,CHEMBL601681,27.0,27.0
COCc1cc2cc(c1)C(=O)N[C@H]([C@H](O)CNCc1cccc(C(C)C)c1)Cc1cccc(c1)OCCCCN2,CHEMBL591546,60.0,60.0
COCc1cc2cc(n1)OCCCCOc1cccc(c1)C[C@@H]([C@H](O)CNC1(c3cccc(C(C)C)c3)CC1)NC2=O,CHEMBL595267,9.0,9.0
Cc1cc2cc(n1)OCCCCOc1cccc(c1)C[C@@H]([C@H](O)CNC1(c3cccc(C(C)C)c3)CC1)NC2=O,CHEMBL600326,17.0,17.0
COCc1cc2cc(c1)C(=O)N[C@H]([C@H](O)CNC(c1cccc(C(C)(C)C)c1)C(F)(F)F)Cc1cccc(c1)OCCCCN2,CHEMBL609295,10000.0,10000.0
COCc1cc2cc(c1)C(=O)N[C@H]([C@H](O)CNC(CF)c1cccc(C(C)(C)C)c1)Cc1cccc(c1)OCCCCN2,CHEMBL594709,177.0,177.0
Cc1cc2cc(n1)OCCCCOc1cccc(c1)C[C@@H]([C@H](O)CNC(C)c1cccc(C(C)C)c1)NC2=O,CHEMBL591547,83.0,83.0
COCc1cc2cc(c1)C(=O)N[C@H]([C@H](O)CNC(COC)c1cccc(C(C)(C)C)c1)Cc1cccc(c1)OCCCCN2,CHEMBL594903,668.0,668.0
CCCS(=O)(=O)N(C)c1cc2cc(c1)C(=O)N[C@H]([C@H](O)CNCc1cccc(C(C)C)c1)Cc1cccc(c1)OCCCCN2,CHEMBL595016,1.0,1.0
CC(C)c1cccc(CNC[C@@H](O)[C@@H]2Cc3cccc(c3)OCCCCNc3cc(cc(N4C=COC4)c3)C(=O)N2)c1,CHEMBL595065,19.0,19.0
CC(C)c1cccc(C2(NC[C@@H](O)[C@@H]3Cc4cccc(c4)OCCCCOc4cc(cc(N5CCCC5=O)c4)C(=O)N3)CC2)c1,CHEMBL595100,1.0,1.0
CN1C(=O)C(c2ccccc2)(c2ccncc2)N=C1N,CHEMBL597233,2680.0,2.68
CN1C(=O)C(c2ccncc2)(c2cccc(-c3ccccc3)c2)N=C1N,CHEMBL598876,130.0,0.13
CN1C(=O)C(c2ccncc2)(c2cccc(-c3cccnc3)c2)N=C1N,CHEMBL604590,60.0,0.06
Cc1cc(C2(c3cccc(-c4cccnc4)c3)N=C(N)N(C)C2=O)ccn1,CHEMBL598257,100.0,0.1
Cc1cc(C2(c3cccc(-c4cncnc4)c3)N=C(N)N(C)C2=O)ccn1,CHEMBL598258,80.0,0.08
CCc1cc(C2(c3cccc(-c4cncnc4)c3)N=C(N)N(C)C2=O)ccn1,CHEMBL598259,30.0,0.03
CC(C)c1cc(C2(c3cccc(-c4cncnc4)c3)N=C(N)N(C)C2=O)ccn1,CHEMBL590492,70.0,0.07
Cc1cc(C2(c3cccc(-c4cncnc4)c3)N=C(N)N(C)C2=O)cc(C)n1,CHEMBL597062,140.0,0.14
CCc1cc(C2(c3cccc(-c4cncnc4)c3)N=C(N)N(C)C2=O)cc(C)n1,CHEMBL603664,150.0,0.15
Cc1cc(C2(c3cccc(-c4cncnc4)c3)N=C(N)N(C)C2=O)cc(C(C)C)n1,CHEMBL597073,300.0,0.3
CCc1cc(C2(c3cccc(-c4cncnc4)c3)N=C(N)N(C)C2=O)cc(CC)n1,CHEMBL597277,40.0,0.04
CCc1cc([C@]2(c3cccc(-c4cncnc4)c3)N=C(N)N(C)C2=O)cc(CC)n1,CHEMBL590730,30.0,0.03
CCc1cc([C@]2(c3cccc(-c4cccnc4F)c3)N=C(N)N(C)C2=O)cc(CC)n1,CHEMBL598290,10.0,0.01
CCc1cc(C2(c3cccc(-c4cccnc4F)c3)N=C(N)N(C)C2=O)cc(CC)n1,CHEMBL605133,10.0,10.0
COC(=O)CCc1c(OC)cc2occc2c1OCC=C(C)C,CHEMBL602233,16200.0,16.2
CC(C)=CCOc1c2ccoc2cc2oc(=O)ccc12,CHEMBL448060,244200.0,244.2
CC(C)=CCOc1c(CCC(=O)O)c(O)cc2occc12,CHEMBL589100,185600.0,185.6
CC(C)=CCOc1c2occc2cc2ccc(=O)oc12,CHEMBL453805,30500.0,30.5
COC(=O)CCc1c(O)cc2occc2c1OCC=C(C)C,CHEMBL592382,203300.0,203.3
COc1cc2occc2c(OCC=C(C)C)c1CCC(=O)O,CHEMBL589416,203300.0,203.3
CCCCNC(=O)[C@H](C)C[C@H](O)[C@H](CC(C)C)NC(=O)[C@H](CCSC)NC(=O)[C@H](C)NC(C)=O,CHEMBL1088215,4000.0,4.0
CCCCNC(=O)[C@H](C)C[C@H](O)[C@H](CC(C)C)NC(=O)[C@H](CCSC)NC(=O)[C@@H](NC(C)=O)C(C)C,CHEMBL1097007,370.0,0.37
CCCCNC(=O)[C@H](C)C[C@H](O)[C@H](CC(C)C)NC(=O)[C@H](CCSC)NC(=O)[C@H](CC(C)C)NC(C)=O,CHEMBL1097361,53.0,0.053
CCCCNC(=O)[C@H](C)C[C@H](O)[C@H](Cc1ccccc1)NC(=O)[C@@H]1CCC[C@H]([C@@H](NC(C)=O)C(C)C)C1,CHEMBL1092504,800.0,0.8
CCCCNC(=O)[C@H](C)C[C@H](O)[C@H](Cc1ccccc1)NC(=O)[C@@H]1CCC[C@H](C(C)(C)NC(C)=O)C1,CHEMBL1093388,3700.0,3.7
CCCCNC(=O)[C@H](C)C[C@H](O)[C@H](Cc1ccccc1)NC(=O)[C@@H]1CCC[C@H](C2(NC(C)=O)CCCC2)C1,CHEMBL1084153,2700.0,2.7
CC(=O)NC(C)(C)[C@H]1CCC[C@@H](C(=O)N[C@@H](Cc2ccccc2)[C@@H](O)CNCc2cccc(C(C)C)c2)C1,CHEMBL1084154,4200.0,4.2
CCC(=O)NC(C)(C)[C@H]1CCC[C@@H](C(=O)N[C@@H](Cc2ccccc2)[C@@H](O)CNCc2cccc(C(C)C)c2)C1,CHEMBL1084432,580.0,0.58
CCC(=O)N(C)C(C)(C)[C@H]1CCC[C@@H](C(=O)N[C@@H](Cc2ccccc2)[C@@H](O)CNCc2cccc(C(C)C)c2)C1,CHEMBL1077232,150.0,0.15
CC(C)c1cccc(CNC[C@H](O)[C@H](Cc2ccccc2)NC(=O)[C@@H]2CCC[C@H](C(C)(C)N3CCCC3=O)C2)c1,CHEMBL1077236,25.0,0.025
CC(C)c1cccc(CNC[C@H](O)[C@H](Cc2ccccc2)NC(=O)[C@@H]2CCC[C@H](C(C)(C)N3CCCCC3=O)C2)c1,CHEMBL1077237,2.5,0.0025
C[C@@H](NC(=O)c1cc(CNC(=O)C(C)(N)Cc2ccccc2)cc(N(C)S(C)(=O)=O)c1)c1ccc(F)cc1,CHEMBL1082893,5720.0,5.72
C[C@@H](NC(=O)c1cc(CNC(=O)C(N)(CO)Cc2ccccc2)cc(N(C)S(C)(=O)=O)c1)c1ccc(F)cc1,CHEMBL1085190,18100.0,18.1
C[C@@H](NC(=O)c1cc(COC(=O)C(C)(N)Cc2ccccc2)cc(N(C)S(C)(=O)=O)c1)c1ccc(F)cc1,CHEMBL1082548,19.0,0.019
C[C@@H](NC(=O)c1cc(COC(=O)C(N)(CO)Cc2ccccc2)cc(N(C)S(C)(=O)=O)c1)c1ccc(F)cc1,CHEMBL1082547,310.0,0.31
C[C@@H](NC(=O)c1cc(COCC(N)(Cc2ccccc2)C(F)F)cc(N(C)S(C)(=O)=O)c1)c1ccc(F)cc1,CHEMBL1084135,925.0,0.925
C[C@@H](NC(=O)c1cc(COCC(N)(CF)Cc2ccccc2)cc(N(C)S(C)(=O)=O)c1)c1ccc(F)cc1,CHEMBL1093394,997.0,0.997
CCC(N)(COCc1cc(C(=O)N[C@H](C)c2ccc(F)cc2)cc(N(C)S(C)(=O)=O)c1)Cc1ccccc1,CHEMBL1093393,22000.0,22.0
C[C@@H](NC(=O)c1cc(COC[C@H](N)Cc2ccccc2)cc(N(C)S(C)(=O)=O)c1)c1ccc(F)cc1,CHEMBL1093085,10100.0,10.1
COCC(N)(COCc1cc(C(=O)N[C@H](C)c2ccc(F)cc2)cc(N(C)S(C)(=O)=O)c1)Cc1ccccc1,CHEMBL1090060,100000.0,100.0
C[C@@H](NC(=O)c1cc(N(C)S(C)(=O)=O)cc(S(=O)(=O)CCC(N)(CO)Cc2ccccc2)c1)c1ccc(F)cc1,CHEMBL1083529,100000.0,100.0
C[C@@H](NC(=O)c1cc(SCCC(N)(CO)Cc2ccccc2)cc(N(C)S(C)(=O)=O)c1)c1ccc(F)cc1,CHEMBL1092153,100000.0,100.0
C[C@@H](NC(=O)c1cc(NCCC(N)(CO)Cc2ccccc2)cc(N(C)S(C)(=O)=O)c1)c1ccc(F)cc1,CHEMBL1089043,100000.0,100.0
C[C@@H](NC(=O)c1cc(OCCC(N)(CO)Cc2ccccc2)cc(N(C)S(C)(=O)=O)c1)c1ccc(F)cc1,CHEMBL1083498,70500.0,70.5
C[C@@H](NC(=O)c1cc(CCC[C@](N)(CO)Cc2ccccc2)cc(N(C)S(C)(=O)=O)c1)c1ccc(F)cc1,CHEMBL1083184,22400.0,22.4
C[C@@H](NC(=O)c1cc(CNC[C@](N)(CO)Cc2ccccc2)cc(N(C)S(C)(=O)=O)c1)c1ccc(F)cc1,CHEMBL1083183,10100.0,10.1
C[C@@H](NC(=O)c1cc(COC[C@](N)(CO)Cc2ccccc2)cc(N(C)S(C)(=O)=O)c1)c1ccc(F)cc1,CHEMBL1086788,1370.0,1.37
C[C@@H](NC(=O)c1cc(C(=O)NCC(O)(CO)Cc2ccccc2)cc(N(C)S(C)(=O)=O)c1)c1ccc(F)cc1,CHEMBL1087432,24900.0,24.9
C[C@@H](NC(=O)c1cc(C(=O)OCC(O)(CN)Cc2ccccc2)cc(N(C)S(C)(=O)=O)c1)c1ccc(F)cc1,CHEMBL1087431,22200.0,22.2
C[C@@H](NC(=O)c1cc(C(=O)NCC(N)(CO)Cc2ccccc2)cc(N(C)S(C)(=O)=O)c1)c1ccc(F)cc1,CHEMBL1086648,10800.0,10.8
CNC(CO)(COC(=O)c1cc(C(=O)N[C@H](C)c2ccc(F)cc2)cc(N(C)S(C)(=O)=O)c1)Cc1ccccc1,CHEMBL1086647,100000.0,100.0
C[C@@H](NC(=O)c1cc(-c2n[nH]c([C@](C)(N)Cc3ccccc3)n2)cc(N(C)S(C)(=O)=O)c1)c1ccc(F)cc1,CHEMBL1092147,4740.0,4.74
C[C@@H](NC(=O)c1cc(-c2ccc(C(C)(N)Cc3ccccc3)o2)cc(N(C)S(C)(=O)=O)c1)c1ccc(F)cc1,CHEMBL1092146,4.0,0.004
C[C@@H](NC(=O)c1cc(-c2ncc([C@](C)(N)Cc3ccccc3)o2)cc(N(C)S(C)(=O)=O)c1)c1ccc(F)cc1,CHEMBL1096683,5.0,0.005
C[C@@H](NC(=O)c1cc(-c2nc([C@](C)(N)Cc3ccccc3)no2)cc(N(C)S(C)(=O)=O)c1)c1ccc(F)cc1,CHEMBL1082894,1830.0,1.83
C[C@@H](NC(=O)c1cc(-c2noc([C@](C)(N)Cc3ccccc3)n2)cc(N(C)S(C)(=O)=O)c1)c1ccc(F)cc1,CHEMBL1096681,2060.0,2.06
C[C@@H](NC(=O)c1cc(-c2nnc([C@](C)(N)Cc3ccccc3)s2)cc(N(C)S(C)(=O)=O)c1)c1ccc(F)cc1,CHEMBL1096682,29900.0,29.9
C[C@@H](NC(=O)c1cc(N(C)S(C)(=O)=O)cc(-n2cc([C@](C)(N)Cc3ccccc3)nn2)c1)c1ccc(F)cc1,CHEMBL1090415,16300.0,16.3
CC(C)[C@H](NC(=O)[C@H](C)C[C@H](O)[C@H](COCc1ccccc1)NC(=O)c1cc(C(=O)N[C@H](C)c2ccccc2)cc(N(C)S(C)(=O)=O)c1)C(=O)NCc1ccccc1,CHEMBL1076901,3.6,3.6
CC(C)[C@H](NC(=O)[C@H](C)C[C@H](O)[C@H](COCc1cc(F)cc(F)c1)NC(=O)c1cc(C(=O)N[C@H](C)c2ccccc2)cc(N(C)S(C)(=O)=O)c1)C(=O)NCc1ccccc1,CHEMBL1076902,6.6,6.6
CC(C)[C@H](NC(=O)[C@H](C)C[C@H](O)[C@H](COc1cc(F)cc(F)c1)NC(=O)c1cc(C(=O)N[C@H](C)c2ccccc2)cc(N(C)S(C)(=O)=O)c1)C(=O)NCc1ccccc1,CHEMBL1076905,3.1,3.1
CC(C)[C@H](NC(=O)[C@@H](C)C[C@H](O)[C@H](COc1cc(F)cc(F)c1)NC(=O)c1cc(C(=O)N[C@H](C)c2ccccc2)cc(N(C)S(C)(=O)=O)c1)C(=O)NCc1ccccc1,CHEMBL1076906,10.0,10.0
CSCC[C@H](NC(=O)[C@@H](NC(=O)OC(C)(C)C)C(C)C)C(=O)N[C@@H](COCc1cc(F)cc(F)c1)[C@@H](O)C[C@@H](C)C(=O)N[C@H](C(=O)NCc1ccccc1)C(C)C,CHEMBL1076907,10000.0,10000.0
CNC(=O)c1cc(C(=O)N[C@@H](COCc2cc(F)cc(F)c2)[C@@H](O)C[C@@H](C)C(=O)N[C@H](C(=O)NCc2ccccc2)C(C)C)cc(N(C)S(C)(=O)=O)c1,CHEMBL1076908,1260.0,1260.0
C[C@H](C[C@H](O)[C@H](COCc1cc(F)cc(F)c1)NC(=O)c1cc(C(=O)N[C@H](C)c2ccccc2)cc(N(C)S(C)(=O)=O)c1)C(=O)NC1CC1,CHEMBL1076909,10000.0,10000.0
CC(C)[C@H](NC(=O)[C@H](C)C[C@H](O)[C@H](COCc1cc(F)cc(F)c1)NC(=O)c1cc(C(=O)N[C@H](C)c2ccccc2)cc(N(C)S(C)(=O)=O)c1)C(=O)NCc1ccc(F)cc1,CHEMBL1076910,3600.0,3600.0
Cc1ccc(NC(=O)CN2C(=O)/C(=N\NC(=O)c3cc([N+](=O)[O-])ccc3O)c3ccccc32)cc1,CHEMBL1080295,2400.0,2.4
O=C(CN1C(=O)/C(=N\NC(=O)c2cc([N+](=O)[O-])ccc2O)c2ccccc21)NC1CCCCC1,CHEMBL1080086,4800.0,4.8
CN1C(=O)[C@](c2ccncc2)(c2cccc(-c3cc(F)ccc3F)c2)N=C1N,CHEMBL1093066,3810.0,3.81
CN1C(=O)[C@@](c2ccncc2)(c2cccc(-c3cc(F)ccc3F)c2)N=C1N,CHEMBL1092788,20.0,0.02
COc1cccc(-c2cccc(C3(c4ccncc4)N=C(N)N(C)C3=O)c2)c1,CHEMBL1092124,30.0,0.03
CN1C(=O)C(c2ccncc2)(c2cccc(-c3cccc(OC(F)(F)F)c3)c2)N=C1N,CHEMBL1092125,250.0,0.25
CN1C(=O)C(c2ccncc2)(c2cccc(-c3cccc(C#N)c3)c2)N=C1N,CHEMBL1092475,40.0,0.04
CN1C(=O)C(c2ccncc2)(c2cccc(-c3cccc(F)c3)c2)N=C1N,CHEMBL1092476,50.0,0.05
CN1C(=O)C(c2ccncc2)(c2cccc(-c3cccc(F)c3F)c2)N=C1N,CHEMBL1092786,40.0,0.04
CN1C(=O)C(c2ccncc2)(c2cccc(-c3cc(F)cc(F)c3)c2)N=C1N,CHEMBL1091463,60.0,0.06
CN1C(=O)C(c2ccncc2)(c2cccc(-c3ccsc3)c2)N=C1N,CHEMBL1091441,240.0,0.24
CN1C(=O)C(c2ccncc2)(c2cccc(-c3ccoc3)c2)N=C1N,CHEMBL1090025,630.0,0.63
CN1C(=O)C(c2ccncc2)(c2cccc(-c3cnccn3)c2)N=C1N,CHEMBL1090026,70.0,0.07
CN1C(=O)C(c2ccncc2)(c2cccc(-c3cccnc3F)c2)N=C1N,CHEMBL1090027,30.0,0.03
CN1C(=O)C(c2ccncc2)(c2cccc(-c3cc(F)ccc3F)c2)N=C1N,CHEMBL1092787,50.0,0.05
Nc1nc(Cn2c(-c3ccc(Oc4cncnc4)cc3)ccc2-c2ccccc2Cl)ccc1NCCO,CHEMBL1090543,70.0,0.07
Nc1nc(Cn2c(-c3ccc(Oc4cncnc4)cc3)ccc2-c2ccccc2Cl)ccc1OCCO,CHEMBL1090542,40.0,0.04
CCCCCOc1ccc(-c2ccc(-c3ccccc3Cl)n2Cc2ccc(NCCCO)c(N)n2)cc1,CHEMBL1089204,220.0,0.22
CCCCCOc1ccc(-c2ccc(-c3ccccc3Cl)n2Cc2ccc(NCCO)c(N)n2)cc1,CHEMBL1089186,170.0,0.17
CCCCCOc1ccc(-c2ccc(-c3ccccc3Cl)n2Cc2ccc(OCCO)c(N)n2)cc1,CHEMBL1093807,110.0,0.11
Nc1cccc(Cn2c(-c3ccc(Nc4cncnc4)cc3)ccc2-c2ccccc2Cl)n1,CHEMBL1093806,980.0,0.98
Nc1cccc(Cn2c(-c3ccc(Oc4cccs4)cc3)ccc2-c2ccccc2Cl)n1,CHEMBL1092913,290.0,0.29
Nc1cccc(Cn2c(-c3ccc(Oc4cccnn4)cc3)ccc2-c2ccccc2Cl)n1,CHEMBL1092912,410.0,0.41
Nc1cccc(Cn2c(-c3ccc(Oc4cnccn4)cc3)ccc2-c2ccccc2Cl)n1,CHEMBL1092000,460.0,0.46
Nc1cccc(Cn2c(-c3ccc(Oc4cncnc4)cc3)ccc2-c2ccccc2Cl)n1,CHEMBL1091999,100.0,0.1
Nc1cccc(Cn2c(-c3ccc(Oc4ccccn4)cc3)ccc2-c2ccccc2Cl)n1,CHEMBL1091592,810.0,0.81
Nc1cccc(Cn2c(-c3ccc(Oc4cccnc4)cc3)ccc2-c2ccccc2Cl)n1,CHEMBL1091220,410.0,0.41
Nc1cccc(Cn2c(-c3ccc(Oc4ccncc4)cc3)ccc2-c2ccccc2Cl)n1,CHEMBL1091219,590.0,0.59
Nc1cccc(Cn2c(-c3ccc(Oc4ccccc4)cc3)ccc2-c2ccccc2Cl)n1,CHEMBL1091343,850.0,0.85
Nc1cccc(Cn2c(-c3ccccc3)ccc2-c2ccc(C(=O)NC3CCC3)cc2)n1,CHEMBL1093121,3400.0,3.4
Nc1cccc(Cn2c(-c3ccccc3)ccc2-c2ccc(C(=O)NC3CC3)cc2)n1,CHEMBL1093120,1200.0,1.2
CC(C)NC(=O)c1ccc(-c2ccc(-c3ccccc3)n2Cc2cccc(N)n2)cc1,CHEMBL1092228,1780.0,1.78
C=CCNC(=O)c1ccc(-c2ccc(-c3ccccc3)n2Cc2cccc(N)n2)cc1,CHEMBL1092227,590.0,0.59
CCCCNC(=O)c1ccc(-c2ccc(-c3ccccc3)n2Cc2cccc(N)n2)cc1,CHEMBL1090147,3000.0,3.0
CCCNC(=O)c1ccc(-c2ccc(-c3ccccc3)n2Cc2cccc(N)n2)cc1,CHEMBL1090146,3000.0,3.0
CCNC(=O)c1ccc(-c2ccc(-c3ccccc3)n2Cc2cccc(N)n2)cc1,CHEMBL1090145,2250.0,2.25
N#CCCCOc1ccc(-c2ccc(-c3ccccc3Cl)n2Cc2cccc(N)n2)cc1,CHEMBL1089137,420.0,0.42
CCCCCOc1ccc(-c2ccc(-c3ccccc3Cl)n2Cc2cccc(N)n2)cc1,CHEMBL1093450,550.0,0.55
CCCCOc1ccc(-c2ccc(-c3ccccc3Cl)n2Cc2cccc(N)n2)cc1,CHEMBL1090119,1650.0,1.65
CCCOc1ccc(-c2ccc(-c3ccccc3Cl)n2Cc2cccc(N)n2)cc1,CHEMBL1089788,1150.0,1.15
COc1ccc(-c2ccc(-c3ccccc3Cl)n2Cc2cccc(N)n2)cc1,CHEMBL1093152,2450.0,2.45
Nc1cccc(Cn2c(-c3ccccc3)ccc2-c2ccccc2)n1,CHEMBL1092879,5200.0,5.2
CCCN(CCC)C(=O)c1cc(C)cc(C(=O)N[C@@H](Cc2cc(F)cc(F)c2)[C@H](O)[C@H]2CN(S(=O)(=O)c3ccccc3)CCN2)c1,CHEMBL1097319,120.0,120.0
CCCN(CCC)C(=O)c1cc(C)cc(C(=O)N[C@@H](Cc2cc(F)cc(F)c2)[C@H](O)[C@H]2CN(S(=O)(=O)c3ccccc3C)CCN2)c1,CHEMBL1097320,64.0,64.0
CCCN(CCC)C(=O)c1cc(C)cc(C(=O)N[C@@H](Cc2cc(F)cc(F)c2)[C@H](O)[C@H]2CN(S(=O)(=O)c3cccc(C)c3)CCN2)c1,CHEMBL1097321,48.0,48.0
CCCN(CCC)C(=O)c1cc(C)cc(C(=O)N[C@@H](Cc2cc(F)cc(F)c2)[C@H](O)[C@H]2CN(S(=O)(=O)c3ccc(C)cc3)CCN2)c1,CHEMBL1097322,1300.0,1300.0
CCCN(CCC)C(=O)c1cc(C)cc(C(=O)N[C@@H](Cc2cc(F)cc(F)c2)[C@H](O)[C@H]2CN(S(=O)(=O)c3cccc(Cl)c3)CCN2)c1,CHEMBL1097324,240.0,240.0
CCCN(CCC)C(=O)c1cc(C)cc(C(=O)N[C@@H](Cc2cc(F)cc(F)c2)[C@H](O)[C@H]2CN(S(=O)(=O)c3ccc(Cl)cc3)CCN2)c1,CHEMBL1097325,1700.0,1700.0
CCCN(CCC)C(=O)c1cc(C)cc(C(=O)N[C@@H](Cc2cc(F)cc(F)c2)[C@H](O)[C@H]2CN(S(=O)(=O)c3cccc(OC)c3)CCN2)c1,CHEMBL1097326,440.0,440.0
CCCN(CCC)C(=O)c1cc(C)cc(C(=O)N[C@@H](Cc2cc(F)cc(F)c2)[C@H](O)[C@H]2CN(S(=O)(=O)c3ccc(Cl)c(Cl)c3)CCN2)c1,CHEMBL1097329,1500.0,1500.0
CCCN(CCC)C(=O)c1cc(C)cc(C(=O)N[C@@H](Cc2cc(F)cc(F)c2)[C@H](O)[C@H]2CN(S(=O)(=O)c3ccc(OC)c(OC)c3)CCN2)c1,CHEMBL1097330,1300.0,1300.0
CCCN(CCC)C(=O)c1cc(C)cc(C(=O)N[C@@H](Cc2cc(F)cc(F)c2)[C@H](O)[C@H]2CN(S(=O)(=O)c3cnc(C)n3C)CCN2)c1,CHEMBL1097331,57.0,57.0
CCCN(CCC)C(=O)c1cc(C)cc(C(=O)N[C@@H](Cc2cc(F)cc(F)c2)[C@H](O)[C@H]2CN(S(=O)(=O)c3cn(C)cn3)CCN2)c1,CHEMBL1097332,100.0,100.0
CCCN(CCC)C(=O)c1cc(C)cc(C(=O)N[C@@H](Cc2cc(F)cc(F)c2)[C@H](O)[C@H]2CN(S(=O)(=O)c3cccs3)CCN2)c1,CHEMBL1097333,83.0,83.0
CCCN(CCC)C(=O)c1cc(C)cc(C(=O)N[C@@H](Cc2cc(F)cc(F)c2)[C@H](O)[C@H]2CN(S(=O)(=O)c3ccncc3)CCN2)c1,CHEMBL1097334,400.0,400.0
CCCN(CCC)C(=O)c1cc(C)cc(C(=O)N[C@@H](Cc2cc(F)cc(F)c2)[C@H](O)[C@H]2CN(S(=O)(=O)c3cnoc3C)CCN2)c1,CHEMBL1097335,2900.0,2900.0
CCCN(CCC)C(=O)c1cc(C)cc(C(=O)N[C@@H](Cc2cc(F)cc(F)c2)[C@H](O)[C@H]2CN(S(C)(=O)=O)CCN2)c1,CHEMBL1097340,2300.0,2300.0
CCCN(CCC)C(=O)c1cc(C)cc(C(=O)N[C@@H](Cc2cc(F)cc(F)c2)[C@H](O)[C@H]2CN(S(=O)(=O)CCC)CCN2)c1,CHEMBL1097341,1800.0,1800.0
COC[C@H]1CCCN1C(=O)c1cc(C)cc(C(=O)N[C@@H](Cc2cc(F)cc(F)c2)[C@H](O)[C@H]2CN(S(=O)(=O)c3cccc(C)c3)CCN2)c1,CHEMBL1097342,7.0,7.0
COC[C@H]1CCCN1C(=O)CCCC(=O)N[C@@H](Cc1cc(F)cc(F)c1)[C@H](O)[C@H]1CN(S(=O)(=O)c2cccc(C)c2)CCN1,CHEMBL1097343,270.0,270.0
Cc1cccc(S(=O)(=O)N2CCN[C@@H]([C@@H](O)[C@H](Cc3cc(F)cc(F)c3)NC(=O)c3cc(C(=O)N[C@H](C)c4ccccc4)cc(N4CCCCS4(=O)=O)c3)C2)c1,CHEMBL1097344,8.0,8.0
CCNc1cc(C(=O)N[C@@H](Cc2cc(F)cc(F)c2)[C@H](O)[C@H]2CN(S(=O)(=O)c3cccc(C)c3)CCN2)cc(N2CCCCS2(=O)=O)c1,CHEMBL1097345,62.0,62.0
CCNc1cc(C(=O)N[C@@H](Cc2cc(F)cc(F)c2)[C@H](O)[C@H]2CN(S(=O)(=O)c3cccc(C)c3)CCN2)cc(N(C)S(C)(=O)=O)c1,CHEMBL1097346,38.0,38.0
CCCCN1CC(C(=O)N[C@@H](Cc2cc(F)cc(F)c2)[C@H](O)[C@H]2CN(S(=O)(=O)c3cccc(C)c3)CCN2)CC1=O,CHEMBL1097347,1350.0,1350.0
CC(=O)N[C@@H](Cc1cc(F)cc(F)c1)[C@H](O)[C@H]1CN(S(=O)(=O)c2cccc(C)c2)CCN1,CHEMBL1087742,4350.0,4350.0
COC[C@H]1CCCN1C(=O)c1cc(C)cc(C(=O)N[C@@H](Cc2cc(F)cc(F)c2)[C@H](O)[C@H]2CN(S(=O)(=O)c3ccccc3)CCN2)c1,CHEMBL1097348,13.0,13.0
COC[C@H]1CCCN1C(=O)c1cc(C)cc(C(=O)N[C@@H](Cc2cc(F)cc(F)c2)[C@H](O)[C@H]2CN(S(=O)(=O)c3cccc(Cl)c3)CCN2)c1,CHEMBL1097349,22.0,22.0
COC[C@H]1CCCN1C(=O)c1cc(C)cc(C(=O)N[C@@H](Cc2cc(F)cc(F)c2)[C@H](O)[C@H]2CN(S(=O)(=O)c3ccccn3)CCN2)c1,CHEMBL1097350,70.0,70.0
COC[C@H]1CCCN1C(=O)c1cc(C)cc(C(=O)N[C@@H](Cc2cc(F)cc(F)c2)[C@H](O)[C@H]2CN(S(=O)(=O)c3ccc(Cl)s3)CCN2)c1,CHEMBL1097351,68.0,68.0
COC[C@H]1CCCN1C(=O)c1cc(C)cc(C(=O)N[C@@H](Cc2cc(F)cc(F)c2)[C@H](O)[C@H]2CN(S(=O)(=O)c3cn(C)cn3)CCN2)c1,CHEMBL1097352,53.0,53.0
COC[C@H]1CCCN1C(=O)c1cc(C)cc(C(=O)N[C@@H](Cc2cc(F)cc(F)c2)[C@H](O)[C@H]2CN(S(=O)(=O)Cc3ccccc3)CCN2)c1,CHEMBL1097353,14.0,14.0
COC[C@H]1CCCN1C(=O)c1cc(C)cc(C(=O)N[C@@H](Cc2cc(F)cc(F)c2)[C@H](O)[C@H]2CN(S(=O)(=O)C3CC3)CCN2)c1,CHEMBL1097354,100.0,100.0
COC[C@H]1CCCN1C(=O)c1cc(C)cc(C(=O)N[C@@H](Cc2cc(F)cc(F)c2)[C@H](O)[C@H]2CN(S(C)(=O)=O)CCN2)c1,CHEMBL1097355,220.0,220.0
CCCN(CCC)C(=O)c1cc(C)cc(C(=O)N[C@@H](Cc2cc(F)cc(F)c2)[C@H](O)[C@H]2CN(C(=O)c3ccccc3)CCN2)c1,CHEMBL1097318,1150.0,1150.0
CCCN(CCC)C(=O)c1cc(C)cc(C(=O)N[C@@H](Cc2cc(F)cc(F)c2)[C@H](O)[C@H]2CNCCN2)c1,CHEMBL1087579,490.0,490.0
CCCN(CCC)C(=O)c1cc(C)cc(C(=O)N[C@@H](Cc2cc(F)cc(F)c2)[C@H](O)[C@H]2CN(Cc3ccccc3)CCN2)c1,CHEMBL1097356,120.0,120.0
CC(C)CNC(=O)[C@H](C)C[C@H](O)[C@H](CC(C)C)NC(=O)[C@H](Cc1ccccc1)NC(=O)c1ccccc1,CHEMBL1087609,6930.0,6.93
CC(C)CNC(=O)[C@H](C)C[C@H](O)[C@H](CC(C)C)NC(=O)[C@H](Cc1ccccc1)NC(=O)c1ccc([N+](=O)[O-])cc1,CHEMBL1087736,15730.0,15.73
CC(C)CNC(=O)[C@H](C)C[C@H](O)[C@H](CC(C)C)NC(=O)[C@H](Cc1ccccc1)NC(=O)c1cccc2ccccc12,CHEMBL1086716,4670.0,4.67
CC(C)CNC(=O)[C@H](C)C[C@H](O)[C@H](CC(C)C)NC(=O)[C@H](Cc1ccccc1)NC(=O)c1ccc2c(c1)OCO2,CHEMBL1088138,8070.0,8.07
CC(C)CNC(=O)[C@H](C)C[C@H](O)[C@H](CC(C)C)NC(=O)[C@H](Cc1ccccc1)NC(=O)/C=C/c1ccc(C(F)(F)F)cc1,CHEMBL1098682,19540.0,19.54
CC(C)CNC(=O)[C@H](C)C[C@H](O)[C@H](CC(C)C)NC(=O)[C@H](Cc1ccc([N+](=O)[O-])cc1)NC(=O)/C=C/c1ccc(C(F)(F)F)cc1,CHEMBL1099021,3790.0,3.79
CC(C)CNC(=O)[C@H](C)C[C@H](O)[C@H](CC(C)C)NC(=O)[C@H](Cc1ccc([N+](=O)[O-])cc1)NC(=O)c1ccc([N+](=O)[O-])cc1,CHEMBL1099022,2640.0,2.64
COc1ccc(C(=O)N[C@@H](Cc2ccc([N+](=O)[O-])cc2)C(=O)N[C@@H](CC(C)C)[C@@H](O)C[C@@H](C)C(=O)NCC(C)C)cc1OC,CHEMBL1099023,3810.0,3.81
CC(C)CNC(=O)[C@H](C)C[C@H](O)[C@H](CC(C)C)NC(=O)[C@H](Cc1ccc([N+](=O)[O-])cc1)NC(=O)c1ccc(Cl)cc1Cl,CHEMBL1099025,4240.0,4.24
CC(C)CNC(=O)[C@H](C)C[C@H](O)[C@H](CC(C)C)NC(=O)[C@H](Cc1ccccc1)NC(=O)[C@H](CC(C)C)NC(=O)OC(C)(C)C,CHEMBL1099361,2310.0,2.31
CC(C)C[C@H](NC(=O)[C@@H](NC(=O)[C@@H](N)CNC(=O)c1[nH]c(=O)[nH]c(=O)c1F)C(C)C)C(=O)N[C@@H](Cc1ccccc1)[C@@H](O)C(=O)Nc1cccc(-c2noc(=O)[nH]2)c1,CHEMBL1094659,7.9,7.9
CC(C)C[C@H](NC(=O)[C@@H](NC(=O)[C@@H](N)CNC(=O)c1cc(O)ccc1O)C(C)C)C(=O)N[C@@H](Cc1ccccc1)[C@@H](O)C(=O)Nc1cccc(-c2noc(=O)[nH]2)c1,CHEMBL1094660,10.0,10.0
CC(C)C[C@H](NC(=O)[C@@H](NC(=O)[C@@H](N)CNC(=O)c1[nH]c(=O)[nH]c(=O)c1F)C(C)C)C(=O)N[C@@H](Cc1ccccc1)[C@@H](O)C(=O)Nc1cccc(-c2noc(=S)[nH]2)c1,CHEMBL1094663,10.2,10.2
CC(C)C[C@H](NC(=O)[C@@H](NC(=O)[C@@H](N)CNC(=O)c1cc(O)ccc1O)C(C)C)C(=O)N[C@@H](Cc1ccccc1)[C@@H](O)C(=O)Nc1cccc(-c2noc(=S)[nH]2)c1,CHEMBL1094664,10.6,10.6
CC(C)[C@@H]1CCC(=O)N(C2CCCCC2)CCc2cccc(c2)Oc2ccc3c(c2)CN1C(N)=N3,CHEMBL1098082,90.0,90.0
NC1=Nc2ccc3cc2CN1[C@@H](C1CCCCC1)CCC(=O)N(C1CCCCC1)CCCc1cccc(c1)O3,CHEMBL1098735,660.0,660.0
NC1=Nc2ccc3cc2CN1[C@H](C1CCCCC1)CCC(=O)N(C1CCCCC1)CCCc1cccc(c1)O3,CHEMBL1098734,34.0,34.0
NC1=Nc2ccc3cc2CN1[C@H](C1CCCCC1)CCC(=O)N(C1CCCCC1)CCc1cccc(c1)O3,CHEMBL1098733,17.0,17.0
NC1=Nc2ccc3cc2CN1[C@H](C1CCCCC1)CCC(=O)N(C1CCOCC1)CCc1cccc(c1)O3,CHEMBL1097057,73.0,73.0
CC(C)[C@@H]1CCC(=O)N(C2CCOCC2)CCc2cccc(c2)Oc2ccc3c(c2)CN1C(N)=N3,CHEMBL1097058,685.0,685.0
NC1=Nc2ccc3cc2CN1[C@H](C1CCCCC1)CCC(=O)N([C@H]1CC[C@@H](C(=O)O)CC1)CCc1cccc(c1)O3,CHEMBL1097281,310.0,310.0
NC1=Nc2ccc3cc2CN1[C@H](C1CCCCC1)CCC(=O)N([C@H]1CC[C@H](C(=O)O)CC1)CCc1cccc(c1)O3,CHEMBL1097282,1000.0,1000.0
NC1=Nc2cc(F)c3cc2CN1[C@H](C1CCCCC1)CCC(=O)N(C1CCCCC1)CCc1cccc(c1)O3,CHEMBL1095429,30.0,30.0
COc1cc2c3cc1Oc1cccc(c1)CCN(C1CCCCC1)C(=O)CC[C@@H](C1CCCCC1)N(C3)C(N)=N2,CHEMBL1095430,36.0,36.0
NC1=Nc2cnc3cc2CN1[C@H](C1CCCCC1)CCC(=O)N(C1CCCCC1)CCc1cccc(c1)O3,CHEMBL1095431,7.0,7.0
O=c1c(O)c(-c2ccc(O)c(O)c2)oc2cc(O)cc(O)c12,CHEMBL50,10820.0,10.82
Oc1cc(O)cc(Oc2c(O)cc(O)c3c2Oc2c(O)cc(Oc4c(O)cc(O)cc4O)cc2O3)c1,CHEMBL456228,8590.0,8.59
Oc1cc(O)cc(Oc2c(O)cc(O)cc2Oc2c(O)cc(O)cc2O)c1,CHEMBL1083394,11680.0,11.68
Oc1cc(O)cc(Oc2c(O)cc(O)c3c2Oc2c(O)cc(Oc4c(O)cc(Oc5c(O)cc(O)c6c5Oc5c(O)cc(O)cc5O6)cc4O)cc2O3)c1,CHEMBL508791,2210.0,2.21
Oc1cc(O)cc(Oc2c(O)cc(O)c3c2Oc2c(O)cc4oc5c(Oc6cc(O)cc(O)c6)c(O)cc(O)c5c4c2O3)c1,CHEMBL510508,2130.0,2.13
Oc1cc(O)cc(Oc2c(O)cc(O)c3c2Oc2c(O)cc(O)cc2O3)c1,CHEMBL471187,12200.0,12.2
Oc1cc(O)c2oc3cc(O)c4oc5cc(O)cc(O)c5oc4c3oc2c1,CHEMBL559870,5350.0,5.35
Oc1cc(O)cc(O)c1,CHEMBL473159,36470.0,36.47
C[C@@]12CC[C@H](O)[C@@H]3COC(=C31)C(=O)c1cc3c(OCCO)cccc3cc12,CHEMBL1164756,135000.0,135.0
C[C@@]12CC[C@H](O)[C@@H]3COC(=C31)C(=O)c1cc3c(O)cccc3cc12,CHEMBL1164757,155000.0,155.0
C[C@@]12CC[C@@H](O)[C@@H]3COC(=C31)C(=O)c1cc3c(OCCO)cccc3cc12,CHEMBL1165416,82000.0,82.0
C[C@@]12CC[C@@H](O)[C@@H]3COC(=C31)C(=O)c1cc3ccccc3cc12,CHEMBL1164484,163000.0,163.0
COc1cccc2cc3c(cc12)[C@]1(C)CC[C@H](O)[C@@H]2COC(=C21)C3=O,CHEMBL1163895,90000.0,90.0
C[C@@]12CC[C@H](O)[C@@H]3COC(=C31)C(=O)c1cc3cccc(O)c3cc12,CHEMBL1163540,93000.0,93.0
C[C@@]12CC[C@H](O)[C@@H]3COC(=C31)C(=O)c1cc3ccccc3cc12,CHEMBL1163545,98000.0,98.0
C[C@@]12CCCc3coc(c31)C(=O)c1cc3ccccc3cc12,CHEMBL1163828,104000.0,104.0
CC1=C(C(=O)N[C@@H](Cc2ccccc2)[C@H](O)CNC2CC2)C(C)C(C(=O)N[C@H](C)c2ccccc2)=C(C)N1S(C)(=O)=O,CHEMBL1163398,16100.0,16.1
CCC1C(C(=O)NC(C)c2ccccc2)=C(C)N(S(C)(=O)=O)C(C)=C1C(=O)N[C@@H](Cc1ccccc1)[C@H](O)CNC1CC1,CHEMBL1165369,16200.0,16.2
CC1=C(C(=O)NOCc2ccccc2)C(C)C(C(=O)N[C@@H](Cc2ccccc2)[C@H](O)CNC2CC2)=C(C)N1S(C)(=O)=O,CHEMBL1163400,14900.0,14.9
CCC1C(C(=O)NOCc2ccccc2)=C(C)N(S(C)(=O)=O)C(C)=C1C(=O)N[C@@H](Cc1ccccc1)[C@H](O)CNC1CC1,CHEMBL1165393,9500.0,9.5
CCCC1C(C(=O)NOCc2ccccc2)=C(C)N(S(C)(=O)=O)C(C)=C1C(=O)N[C@@H](Cc1ccccc1)[C@H](O)CNC1CC1,CHEMBL1163401,8100.0,8.1
CC1=C(C(=O)NOCc2ccccc2)C(C(C)C)C(C(=O)N[C@@H](Cc2ccccc2)[C@H](O)CNC2CC2)=C(C)N1S(C)(=O)=O,CHEMBL1165394,11000.0,11.0
CC1=C(C(=O)NOCc2ccccc2)C(c2ccccc2)C(C(=O)N[C@@H](Cc2ccccc2)[C@H](O)CNC2CC2)=C(C)N1S(C)(=O)=O,CHEMBL1163407,21400.0,21.4
COC(=O)CN1C(C)=C(C(=O)NOCc2ccccc2)C(C)C(C(=O)N[C@@H](Cc2ccccc2)[C@H](O)CNC2CC2)=C1C,CHEMBL1163414,15200.0,15.2
CCOC(=O)CN1C(C)=C(C(=O)NOCc2ccccc2)C(C)C(C(=O)N[C@@H](Cc2ccccc2)[C@H](O)CNC2CC2)=C1C,CHEMBL1165458,15500.0,15.5
CC1=C(C(=O)NOCc2ccccc2)C(C)C(C(=O)N[C@@H](Cc2ccccc2)[C@H](O)CNC2CC2)=C(C)N1CC(=O)OC(C)C,CHEMBL1165427,9000.0,9.0
CC(=O)C1=C(C)N(CC(=O)OC(C)C)C(C)=C(C(=O)N[C@@H](Cc2ccccc2)[C@H](O)CNC2CC2)C1C,CHEMBL1164493,29300.0,29.3
CC(=O)C1=C(C)N(CC(=O)OC(C)C)C(C)=C(C(=O)N[C@@H](Cc2ccccc2)[C@H](O)CNc2cccc(F)c2)C1C,CHEMBL1163932,26400.0,26.4
CCCC1C(C(C)=O)=C(C)N(CC(=O)OC(C)C)C(C)=C1C(=O)N[C@@H](Cc1ccccc1)[C@H](O)CNC1CC1,CHEMBL1163933,33100.0,33.1
CCCC1C(C(C)=O)=C(C)N(CC(=O)OC(C)C)C(C)=C1C(=O)N[C@@H](Cc1ccccc1)[C@H](O)CNc1cccc(F)c1,CHEMBL1163420,27100.0,27.1
CCCC1C(C(C)=O)=C(C)N(CC(=O)OC(C)C)C(C)=C1C(=O)N[C@@H](Cc1ccccc1)[C@H](O)CNc1cccc(OC)c1,CHEMBL1163422,26600.0,26.6
CCCC1C(C(C)=O)=C(C)N(CC(=O)OC(C)C)C(C)=C1C(=O)N[C@@H](Cc1ccccc1)[C@H](O)CNCc1cccc(OC)c1,CHEMBL1165489,23200.0,23.2
CC(=O)OCCCN1C(C)=C(C(=O)N[C@@H](Cc2ccccc2)[C@H](O)CNC2CC2)C(C)C(C(=O)OCc2ccccc2)=C1C,CHEMBL1165490,26900.0,26.9
CC1=C(C(=O)N[C@@H](Cc2ccccc2)[C@H](O)CNC2CC2)C(C)C(C(=O)OCc2ccccc2)=C(C)N1CC(=O)N(C)C,CHEMBL1163423,39100.0,39.1
CC1=C(C(=O)N[C@@H](Cc2ccccc2)[C@H](O)CNC2CC2)C(C)C(C(=O)OCc2ccccc2)=C(C)N1CC(=O)N1CCOCC1,CHEMBL1165491,28400.0,28.4
CC1=C(C(=O)N[C@@H](Cc2ccccc2)[C@H](O)CNC2CC2)C(C)C(C(=O)OCc2ccccc2)=C(C)N1CC(=O)N(C)C(C)C,CHEMBL1163425,28200.0,28.2
CC1=C(C(=O)OCc2ccccc2)C(C)C(C(=O)N[C@@H](Cc2ccccc2)[C@H](O)CNC2CC2)=CN1CC(=O)OC(C)C,CHEMBL1165492,16100.0,16.1
CC(=O)C1=C(C)N(CC(=O)OC(C)C)C=C(C(=O)N[C@@H](Cc2ccccc2)[C@H](O)CNc2cccc(F)c2)C1C,CHEMBL1165534,29300.0,29.3
COc1cccc(CNC[C@@H](O)[C@H](Cc2ccccc2)NC(=O)C2=CN(CC(=O)OC(C)C)C(C)=C(C(C)=O)C2C)c1,CHEMBL1163421,26100.0,26.1
CC(C)OC(=O)CN1C=C(C(=O)N[C@@H](Cc2ccccc2)[C@H](O)CNC2CC2)C(C)C(C(=O)OC(C)(C)C)=C1,CHEMBL1164568,31900.0,31.9
CCCC1C(C(=O)N[C@@H](Cc2ccccc2)[C@H](O)CNC2CC2)=CN(CC(=O)OC(C)C)C=C1C(=O)OC(C)(C)C,CHEMBL1165107,24600.0,24.6
CCCC1C(C(=O)N[C@@H](Cc2ccccc2)[C@H](O)CNc2cccc(OC)c2)=CN(CC(=O)OC(C)C)C=C1C(=O)OC(C)(C)C,CHEMBL1163426,30400.0,30.4
CC(C)OC(=O)CN1C=C(C(=O)NC(C)c2ccccc2)C(C)C(C(=O)N[C@@H](Cc2ccccc2)[C@H](O)CNC2CC2)=C1,CHEMBL1165517,32800.0,32.8
CCCC1C(C(=O)NC(C)c2ccccc2)=CN(CC(=O)OC(C)C)C=C1C(=O)N[C@@H](Cc1ccccc1)[C@H](O)CNC1CC1,CHEMBL1163427,29600.0,29.6
CCCC1C(C(=O)NC(C)c2ccccc2)=CN(CC(=O)OC(C)C)C=C1C(=O)N[C@@H](Cc1ccccc1)[C@H](O)CNc1cccc(OC)c1,CHEMBL1163433,31200.0,31.2
CCNc1cc(C(=O)N[C@@H](Cc2ccccc2)[C@H](O)CNc2cccc(C(F)(F)F)c2)cc(N2CCCCS2(=O)=O)c1,CHEMBL1165545,5.0,5.0
O=C(Nc1cc(Br)ccc1N1CCNCC1)c1cc2ccccc2oc1=O,CHEMBL1165089,670.0,0.67
COc1cccc2cc(C(=O)Nc3cc(Br)ccc3N3CCNCC3)c(=O)oc12,CHEMBL1165583,5000.0,5.0
O=C(Nc1cc(-c2ccccc2)ccc1N1CCNCC1)c1cc2ccccc2oc1=O,CHEMBL1164612,580.0,0.58
Cc1cc(Br)c(Nc2nc(CN3CCOCC3)nc(N/N=C/c3cc(I)cc(C)c3O)n2)cc1Cl,CHEMBL1164128,100000.0,100.0
COc1cc(/C=N/Nc2nc(Nc3ccccc3)nc(N3CCOCC3)n2)cc(Br)c1O,CHEMBL1164617,100000.0,100.0
Oc1c(Cl)cc(Cl)cc1/C=N/Nc1nc(Nc2ccccc2)nc(Nc2ccccc2)n1,CHEMBL1164690,11200.0,11.2
Cc1ccc(Nc2nc(CN3CCOCC3)nc(N/N=C/c3cc(Br)cc(Br)c3O)n2)cc1,CHEMBL1164691,48100.0,48.1
CN(C)c1nc(N/N=C/c2cc(I)cc(I)c2O)nc(N2CCOCC2)n1,CHEMBL1163299,100000.0,100.0
Oc1c(I)cc(I)cc1/C=N/Nc1nc(Nc2cccc3ccccc23)nc(N2CCOCC2)n1,CHEMBL1165279,100000.0,100.0
Oc1c(I)cc(I)cc1/C=N/Nc1nc(Nc2ccccc2)nc(Nc2ccccc2)n1,CHEMBL1165658,25500.0,25.5
Oc1c(Br)cc(/C=N/Nc2nc(Nc3ccccc3)nc(Nc3ccccc3)n2)cc1Br,CHEMBL1164959,53900.0,53.9
Cc1ccc(C)c(Nc2nc(N/N=C/c3cc(Br)cc(Br)c3O)nc(N3CCOCC3)n2)c1,CHEMBL1164960,100000.0,100.0
Cc1ccc(Nc2nc(N/N=C/c3cc(Br)cc(Br)c3O)nc(N3CCOCC3)n2)cc1Cl,CHEMBL1165722,20600.0,20.6
Clc1ccc(/C=N/Nc2nc(NCc3ccc(Cl)cc3)nc(N3CCOCC3)n2)cc1,CHEMBL1163652,100000.0,100.0
Cc1ccc(C)c(Nc2nc(N/N=C/c3cc(Br)c(O)c(Br)c3C)nc(N3CCOCC3)n2)c1,CHEMBL1163698,81800.0,81.8
Clc1nc(NCCN2CCOCC2)nc(NCc2ccc(I)cc2)n1,CHEMBL1163699,100000.0,100.0
O=C1CSC(c2ccc(Cl)cc2)N1Nc1nc(Nc2ccccc2)nc(N2CCCCC2)n1,CHEMBL1165731,100000.0,100.0
CCOc1nc(NCCN2CCOCC2)nc(NNc2ccc(I)cc2C)n1,CHEMBL1163705,11900.0,11.9
COc1nc(NCCN2CCOCC2)nc(Nc2ccc(I)cc2)n1,CHEMBL1163707,100000.0,100.0
Clc1ccc(/C=N/Nc2nc(Nc3ccccc3)nc(Nc3ccccc3)n2)cc1Cl,CHEMBL1163704,100000.0,100.0
Cc1ccc(Nc2nc(N/N=C/c3cccc(Br)c3)nc(N3CCOCC3)n2)cc1,CHEMBL1164330,100000.0,100.0
Cc1ccc(Nc2nc(N/N=C/c3ccc(Cl)c(Cl)c3)nc(N3CCOCC3)n2)c(Cl)c1,CHEMBL1164331,100000.0,100.0
Clc1ccc(/C=N/Nc2nc(Nc3cccc(Br)c3)nc(N3CCOCC3)n2)cc1,CHEMBL1163230,100000.0,100.0
Oc1c(I)cc(I)cc1/C=N/Nc1nc(NCc2ccccc2)nc(N2CCOCC2)n1,CHEMBL1163658,100000.0,100.0
FC(F)(Cl)Oc1ccc(Nc2nc(NCc3ccccc3)nc(N3CCCCC3)n2)cc1,CHEMBL1163660,100000.0,100.0
O=C(O)c1cc(-c2ccc(/C=N/Nc3nc(Nc4ccc(F)cc4)nc(N4CCCCC4)n3)o2)ccc1O,CHEMBL1165791,27900.0,27.9
O=C(O)c1cc(-c2ccc(/C=N/Nc3nc(Nc4ccccc4)nc(N4CCCCC4)n3)o2)ccc1Cl,CHEMBL1165384,151800.0,151.8
COc1cc(/C=N/Nc2nc(Nc3ccc(F)cc3)nc(N3CCCCC3)n2)ccc1OCC(=O)O,CHEMBL209055,100000.0,100.0
O=C(O)c1cc(-c2ccc(/C=N/Nc3nc(Nc4ccc(F)cc4)nc(N4CCOCC4)n3)o2)ccc1Cl,CHEMBL1164540,7100.0,7.1
O=C(O)c1cccc(-c2ccc(/C=N/Nc3nc(Nc4ccccc4)nc(N4CCCCC4)n3)o2)c1,CHEMBL1164397,100000.0,100.0
O=C(O)CC(NNc1nc(NCCO)nc(N2CCOCC2)n1)c1ccccc1,CHEMBL1163712,500000.0,500.0
C=CN(C=C)C(=O)c1cc(OCC(=O)NCCCCCN)cc(C(=O)N[C@H](C)c2ccccc2)c1,CHEMBL1163547,25000.0,25.0
C[C@H](NC(=O)c1cc(OCC(=O)NCCCCCN)cc(OS(=O)(=O)Cc2ccccc2)c1)c1ccccc1,CHEMBL1164642,100000.0,100.0
C[C@@H](NC(=O)c1cc(NS(C)(=O)=O)cc(C(=O)N[C@@H](Cc2ccccc2)[C@H](O)CNC2CC2)c1)c1ccc(F)cc1,CHEMBL1164462,63000.0,63.0
O=C(NCc1ccccc1Cl)c1ccc(N2CC3CC(C2)c2cccc(=O)n2C3)c(NS(=O)(=O)c2ccc3c(c2)OCCO3)c1,CHEMBL1163250,100000.0,100.0
Cc1ccc(CNC(=O)c2ccc(N3CC4CC(C3)c3cccc(=O)n3C4)c(NS(=O)(=O)c3ccc4c(c3)OCCO4)c2)cc1,CHEMBL1164306,100000.0,100.0
O=C(NCc1ccc(Cl)cc1)c1ccc(N2CC3CC(C2)c2cccc(=O)n2C3)c(NS(=O)(=O)c2ccc3c(c2)OCCO3)c1,CHEMBL1163251,100000.0,100.0
O=C(NCc1ccccc1)c1ccc(N2CC3CC(C2)c2cccc(=O)n2C3)c(NS(=O)(=O)c2ccc3c(c2)OCCO3)c1,CHEMBL1164405,100000.0,100.0
O=C(NCc1ccc(F)cc1)c1ccc(N2CC3CC(C2)c2cccc(=O)n2C3)c(NS(=O)(=O)c2ccc3c(c2)OCCO3)c1,CHEMBL1164406,100000.0,100.0
CCc1cc(=O)oc2c(C)c(OC(=O)NCC(=O)NCC(=O)O)ccc12,CHEMBL1164314,500000.0,500.0
Cc1c(CC(=O)N[C@H](CCCNC(N)=O)C(=O)O)c(=O)oc2c(C)c(O)ccc12,CHEMBL1163846,500000.0,500.0
CCCc1cc(=O)oc2c(C)c(OCC(=O)NCC(=O)NCC(=O)O)ccc12,CHEMBL1165549,100000.0,100.0
Cc1cc(O)c2c(C)c(CC(=O)N[C@H](CCCNC(N)=O)C(=O)O)c(=O)oc2c1,CHEMBL1163263,500000.0,500.0
Cc1c(CC(=O)N[C@H](CCCNC(N)=O)C(=O)O)c(=O)oc2cc(O)ccc12,CHEMBL1164009,500000.0,500.0
CCN1CCCC1CNC(=O)c1ccc2c(=O)n(Cc3ccc(Cl)cc3)c(=S)[nH]c2c1,CHEMBL1164095,100000.0,100.0
CCCCCCc1nc2ccccc2c(=O)n1NC(O)c1c(O)c2cccc3c2n(c1=O)CCC3,CHEMBL1165526,100000.0,100.0
CCc1ccc(N2C(=O)Nc3ccc(Br)cc3C2(O)C(=O)NCc2ccccc2)cc1,CHEMBL1164841,100000.0,100.0
O=C(CN1CCN(Cc2ccccc2)CC1)N/N=C\c1cc(I)cc(I)c1O,CHEMBL1164096,100000.0,100.0
O=C(CC1Sc2ccccc2NC1=O)Nc1ccccc1SC(F)(F)C(F)(F)C(F)(F)F,CHEMBL1164362,100000.0,100.0
O=C(NCc1ccccc1)c1c[nH]c2ccc(S(=O)(=O)NC3CCCCNC3=O)cc2c1=O,CHEMBL1164363,100000.0,100.0
CCN1CCCC1CNC(=O)c1ccc2c(=O)n(Cc3cccc(Br)c3)c(=S)[nH]c2c1,CHEMBL1164837,100000.0,100.0
O=C(NCCc1ccc(Cl)cc1)c1ccc(Cn2c(=S)[nH]c3ccc(N4CCOCC4)cc3c2=O)cc1,CHEMBL1164464,100000.0,100.0
CCSc1sc(CC)cc1C1C(C(=O)Nc2ccc(C)cn2)=C(C)NC2=C1C(=O)CC(C)(C)C2,CHEMBL1165364,100000.0,100.0
CC1CCCCN1CCNC(=O)c1cc(=O)[nH]c2ccc(S(=O)(=O)N3CCCCC3)cc12,CHEMBL1164610,100000.0,100.0
NS(=O)(=O)c1ccc(CCNC(=O)CCc2nc3sc4c(c3c(=O)[nH]2)CCCC4)cc1,CHEMBL1165270,100000.0,100.0
C=CCn1c(SCC(=O)Nc2ccc(S(N)(=O)=O)cc2)nc2sc3c(c2c1=O)CCCC3,CHEMBL517746,100000.0,100.0
CC1CCN(S(=O)(=O)c2ccc3[nH]c(=O)cc(C(=O)NCCCN4CCCC4)c3c2)CC1,CHEMBL1164127,100000.0,100.0
CC(=O)Nc1cc(C(=O)NCc2cc(F)cc(Cl)c2)ccc1Sc1ccc(Cl)cc1,CHEMBL1163953,100000.0,100.0
O=C(NCCc1ccccc1)c1c[nH]c2ccc(S(=O)(=O)N3CCc4ccccc4C3)cc2c1=O,CHEMBL1164697,100000.0,100.0
CC1CCCCN1CCNC(=O)c1cc(=O)[nH]c2ccc(S(=O)(=O)N3CCOCC3)cc12,CHEMBL1165356,100000.0,100.0
Cc1cc(C)nc(NS(=O)(=O)c2ccc(Nc3nc(-c4ccc(C(C)C)cc4)cs3)cc2)n1,CHEMBL1164618,1000000.0,1000.0
COc1ccc(-n2nc(C(=O)NCC(=O)Nc3cccc(C)n3)c3ccccc3c2=O)cc1Cl,CHEMBL1165196,100000.0,100.0
O=C(NCCc1ccc(Cl)cc1)C1CCC(CNc2nc(=S)[nH]c3ccccc23)CC1,CHEMBL1165197,100000.0,100.0
NNC(=O)CN1C(CN2CCOCC2)=Nc2ccc(Br)cc2C1c1ccccc1,CHEMBL1165812,100000.0,100.0
CN(C)CCNC(=O)c1c[nH]c2ccc(S(=O)(=O)N3CCc4ccccc4C3)cc2c1=O,CHEMBL1165815,100000.0,100.0
CCc1ccc(N2C(=O)Nc3ccc(Br)cc3C2(O)C(=O)NCC(C)CN2CCC(C)CC2)cc1,CHEMBL1165280,100000.0,100.0
COc1cc2[nH]c(=O)n(Cc3ccc(C(=O)NCc4ccc(C)cc4)cc3)c(=O)c2cc1OC,CHEMBL1165202,100000.0,100.0
CCCCc1ccc(Nc2nc3ccccc3nc2NS(=O)(=O)c2ccc(Cl)cc2)cc1,CHEMBL1165814,100000.0,100.0
COc1ccc(OC)c(/N=c2\oc3c(C)ncc(CO)c3cc2C(=O)Nc2ccc(Cl)cc2)c1,CHEMBL1164972,100000.0,100.0
NS(=O)(=O)c1ccc(NC(=O)CSc2nnc(-c3ccccc3)c(-c3ccccc3)n2)cc1,CHEMBL1165057,100000.0,100.0
CCc1ccc(Sc2c(N)c3c(c(N)c2Sc2ccc(CC)cc2)C(=O)c2ccccc2C3=O)cc1,CHEMBL1165724,253000.0,253.0
CCOC(=O)C(Cc1ccc(O)cc1)NS(=O)(=O)c1ccc2c(c1)C(=O)c1ccccc1C2=O,CHEMBL1165064,100000.0,100.0
Oc1ccc(-c2ccccc2)cc1CN1CCN(Cc2cc(-c3ccccc3)ccc2O)CC1,CHEMBL1163649,100000.0,100.0
CCN1CCN(CCNC(=O)c2ccc3c(=O)n(Cc4ccc(Cl)cc4)c(=S)[nH]c3c2)CC1,CHEMBL1163648,100000.0,100.0
CSc1ccc(C(O)C(CO)NC(=O)c2cc3c(n(-c4ccc(Cl)cc4)c2=O)CC(C)(C)CC3=O)cc1,CHEMBL1163651,100000.0,100.0
CCOc1cc(C2C(C(=O)OCc3ccccc3)=C(C)NC3=C2C(=O)CC(C)(C)C3)cc(Br)c1O,CHEMBL1163700,100000.0,100.0
Cc1cccc(N(C)S(=O)(=O)c2ccc3[nH]cc(C(=O)NCCN4CCOCC4)c(=O)c3c2)c1,CHEMBL1163703,100000.0,100.0
O=C(Nc1ccc(Cl)c(C(F)(F)F)c1)C(NS(=O)(=O)c1cccs1)c1ccccc1,CHEMBL1164238,100000.0,100.0
CCSc1scc(CC)c1C1C(C(=O)Nc2ccc(Br)cn2)=C(C)NC2=C1C(=O)CC(C)(C)C2,CHEMBL1164239,100000.0,100.0
O=C(Nc1ccc(Cl)cc1C(=O)c1ccccc1)c1ccc(Nc2nc(-c3ccccc3)c3cc(Br)ccc3n2)cc1,CHEMBL1163218,100000.0,100.0
Cc1ccc(NC(=O)c2cc(NC(=O)CCCC(=O)O)ccc2N2CCOCC2)cc1,CHEMBL1164329,500000.0,500.0
O=C(O)CCCNC(=O)CCCCC(=O)C(c1ccccc1)c1ccccc1,CHEMBL1164432,500000.0,500.0
CCCc1cc(=O)oc2cc(OCC(=O)NCC(=O)NCC(=O)O)ccc12,CHEMBL1164433,500000.0,500.0
Cc1oc(-c2ccccc2)cc1C(=O)NCC(=O)NC(C(=O)O)C(C)C,CHEMBL1164242,500000.0,500.0
COc1ccc(C(=O)Nc2ccccc2C(=O)NC(CCSC)C(=O)NNC(=O)Sc2nc3ccccc3s2)cc1,CHEMBL1164332,50000.0,50.0
CC(C)C(NC(=O)CNC(=O)CNC(=O)OCc1ccccc1)C(=O)O,CHEMBL1164333,500000.0,500.0
O=C(Nc1ccccc1C(=O)NCC(O)CNC(=O)c1ccccc1NC(=O)c1ccccc1)c1ccccc1,CHEMBL1164743,100000.0,100.0
COc1cc(/C=N\NC(=O)c2ccccc2OCCOc2ccccc2)cc(Br)c1O,CHEMBL1163708,500000.0,500.0
COc1cccc(C(=O)OCC(=O)NCc2ccc(Cl)cc2Cl)c1O,CHEMBL1164434,500000.0,500.0
CC(C)(C)OC(=O)NC(CC(=O)OCc1ccccc1)C(=O)NC(COCc1ccccc1)C(=O)NCC(=O)OCc1ccccc1,CHEMBL1163234,100000.0,100.0
CCOc1cc(/C=N\NC(=O)COc2ccc(C)cc2)cc(I)c1O,CHEMBL1164435,100000.0,100.0
CC(NC(=O)NCCNC(=O)NC(C)C(=O)O)C(=O)O,CHEMBL1164946,500000.0,500.0
O=C(C[n+]1ccccc1)Nc1cccc(C(=O)Nc2ccc(Cl)cc2)c1.[Cl-],CHEMBL1163225,1000.0,1.0
COc1ccc(NC(=O)c2cccc(NC(=O)C[n+]3ccccc3)c2)cc1.[Cl-],CHEMBL1164437,3700.0,3.7
Cc1ccc(C(=O)Nc2cccc(NC(=O)C[n+]3ccccc3)c2)cc1.[Cl-],CHEMBL1164640,13000.0,13.0
NC(=O)c1ccc[n+](CC(=O)Nc2cccc(C(=O)Nc3ccc(Cl)cc3)c2)c1.[Cl-],CHEMBL1164543,30200.0,30.2
COc1ccc(NC(=O)c2cccc(NC(=O)C[n+]3cccc(C(N)=O)c3)c2)cc1.[Cl-],CHEMBL1164643,1900.0,1.9
NC(=O)c1ccc[n+](CC(=O)Nc2cccc(NC(=O)c3ccccc3)c2)c1.[Cl-],CHEMBL1164644,44700.0,44.7
Cc1ccc(NC(=O)c2cccc(NC(=O)C[n+]3cccc(C(=O)NCCc4ccccc4)c3)c2)cc1.[Cl-],CHEMBL1163776,4000.0,4.0
O=C(C[n+]1cccc(C(=O)NCCc2ccccc2)c1)Nc1cccc(C(=O)Nc2ccc(Cl)cc2)c1.[Cl-],CHEMBL1163845,12000.0,12.0
Cc1ccc(C(=O)Nc2cccc(NC(=O)C[n+]3cccc(C(=O)NCCc4ccccc4)c3)c2)cc1.[Cl-],CHEMBL1164187,2200.0,2.2
Br.CS(=O)(=O)N(c1cccc(C(=O)N[C@@H](Cc2ccccc2)[C@H](O)CNCc2cccc(C(F)(F)F)c2)c1)c1ccccn1,CHEMBL1788375,4570.0,4570.0
CS(=O)(=O)N(c1cccnc1)c1cccc(C(=O)N[C@@H](Cc2ccccc2)[C@H](O)CNCc2cccc(C(F)(F)F)c2)c1,CHEMBL1210358,21.0,21.0
CS(=O)(=O)N(c1ccncc1)c1cccc(C(=O)N[C@@H](Cc2ccccc2)[C@H](O)CNCc2cccc(C(F)(F)F)c2)c1.Cl,CHEMBL1210357,15.0,15.0
Cc1ccc(N(c2ccccc2)S(C)(=O)=O)cc1C(=O)N[C@@H](Cc1ccccc1)[C@H](O)CNCc1cccc(C(F)(F)F)c1,CHEMBL1210356,3470.0,3470.0
Cc1ccc(C(=O)N[C@@H](Cc2ccccc2)[C@H](O)CNCc2cccc(C(F)(F)F)c2)cc1N(c1ccccc1)S(C)(=O)=O,CHEMBL1210355,930.0,930.0
Cc1c(C(=O)N[C@@H](Cc2ccccc2)[C@H](O)CNCc2cccc(C(F)(F)F)c2)cccc1N(c1ccccc1)S(C)(=O)=O,CHEMBL1210354,26.0,26.0
CS(=O)(=O)N(c1ccncc1)c1cccc(C(=O)N[C@@H](Cc2ccccc2)[C@H](O)CNCc2cccc(C(F)(F)F)c2)c1,CHEMBL1210353,210.0,210.0
CS(=O)(=O)N(c1cccc(C(=O)N[C@@H](Cc2ccccc2)[C@H](O)CNCc2cccc(C(F)(F)F)c2)c1)c1ccccn1,CHEMBL1210351,290.0,290.0
O=C(N[C@@H](Cc1ccccc1)[C@H](O)CNCc1cccc(C(F)(F)F)c1)c1cccc(N2c3ccccc3OS2(=O)=O)c1,CHEMBL1210350,910.0,910.0
C[C@H](NC[C@@H](O)[C@H](Cc1ccccc1)NC(=O)c1cccc(N(c2cc(Cl)cc(Cl)c2)S(C)(=O)=O)c1)C(=O)NC1CCCCC1,CHEMBL1210349,11.0,11.0
C[C@H](NC[C@@H](O)[C@H](Cc1ccccc1)NC(=O)c1cccc(N(c2ccc(C#N)cc2)S(C)(=O)=O)c1)C(=O)NC1CCCCC1,CHEMBL1210348,190.0,190.0
C[C@H](NC[C@@H](O)[C@H](Cc1ccccc1)NC(=O)c1cccc(N(c2ccc(Cl)cc2)S(C)(=O)=O)c1)C(=O)NC1CCCCC1,CHEMBL1210347,10.0,10.0
C[C@H](NC[C@@H](O)[C@H](Cc1ccccc1)NC(=O)c1cccc(N(c2ccc(C(F)(F)F)cc2)S(C)(=O)=O)c1)C(=O)NC1CCCCC1,CHEMBL1210346,20.0,20.0
COc1ccc(N(c2cccc(C(=O)N[C@@H](Cc3ccccc3)[C@H](O)CN[C@@H](C)C(=O)NC3CCCCC3)c2)S(C)(=O)=O)cc1,CHEMBL1210345,11.0,11.0
C[C@H](NC[C@@H](O)[C@H](Cc1ccccc1)NC(=O)c1cccc(N(c2cccc(C#N)c2)S(C)(=O)=O)c1)C(=O)NC1CCCCC1,CHEMBL1210344,8.0,8.0
COc1cccc(N(c2cccc(C(=O)N[C@@H](Cc3ccccc3)[C@H](O)CN[C@@H](C)C(=O)NC3CCCCC3)c2)S(C)(=O)=O)c1,CHEMBL1210343,18.0,18.0
C[C@H](NC[C@@H](O)[C@H](Cc1ccccc1)NC(=O)c1cccc(N(c2ccccc2C#N)S(C)(=O)=O)c1)C(=O)NC1CCCCC1,CHEMBL1210342,310.0,310.0
COc1ccccc1N(c1cccc(C(=O)N[C@@H](Cc2ccccc2)[C@H](O)CN[C@@H](C)C(=O)NC2CCCCC2)c1)S(C)(=O)=O,CHEMBL1210341,126.0,126.0
CS(=O)(=O)N(c1ccccc1)c1cccc(C(=O)N[C@@H](Cc2ccccc2)[C@H](O)CNCc2cccc(C(F)(F)F)c2)c1,CHEMBL1210340,23.0,23.0
C[C@H](NC[C@@H](O)[C@H](Cc1ccccc1)NC(=O)c1cccc(S(=O)(=O)N(C)Cc2ccccc2)c1)C(=O)NC1CCCCC1,CHEMBL1210339,41000.0,41.0
C[C@H](NC[C@@H](O)[C@H](Cc1ccccc1)NC(=O)c1cccc(S(=O)(=O)Cc2ccccc2)c1)C(=O)NC1CCCCC1,CHEMBL1210338,50000.0,50.0
C[C@H](NC[C@@H](O)[C@H](Cc1ccccc1)NC(=O)c1cccc(CS(=O)(=O)c2ccccc2)c1)C(=O)NC1CCCCC1,CHEMBL1210337,44000.0,44.0
C[C@H](NC[C@@H](O)[C@H](Cc1ccccc1)NC(=O)c1cccc(OS(=O)(=O)Cc2ccccc2)c1)C(=O)NC1CCCCC1,CHEMBL1210336,13000.0,13.0
C[C@H](NC[C@@H](O)[C@H](Cc1ccccc1)NC(=O)c1cccc(NS(=O)(=O)Cc2ccccc2)c1)C(=O)NC1CCCCC1,CHEMBL1210335,5500.0,5.5
C[C@H](NC[C@@H](O)[C@H](Cc1ccccc1)NC(=O)c1cccc(NS(=O)(=O)c2ccccc2)c1)C(=O)NC1CCCCC1,CHEMBL1210334,7900.0,7.9
C[C@H](NC[C@@H](O)[C@H](Cc1ccccc1)NC(=O)c1cccc(N(Cc2ccccc2)S(C)(=O)=O)c1)C(=O)NC1CCCCC1,CHEMBL1210333,180.0,0.18
C[C@H](NC[C@@H](O)[C@H](Cc1ccccc1)NC(=O)c1cccc(N(C2CCCCC2)S(C)(=O)=O)c1)C(=O)NC1CCCCC1,CHEMBL1210332,300.0,0.3
CC(=O)N(c1ccccc1)c1cccc(C(=O)N[C@@H](Cc2ccccc2)[C@H](O)CN[C@@H](C)C(=O)NC2CCCCC2)c1,CHEMBL1210331,1300.0,1.3
C[C@H](NC[C@@H](O)[C@H](Cc1ccccc1)NC(=O)c1cccc(Nc2ccccc2)c1)C(=O)NC1CCCCC1,CHEMBL1210330,6300.0,6.3
C[C@H](NC[C@@H](O)[C@H](Cc1ccccc1)NC(=O)c1cccc(N(c2ccccc2)S(C)(=O)=O)c1)C(=O)NC1CCCCC1,CHEMBL1210329,15.0,0.015
CC(C)CCCC(C)NC[C@@H](O)[C@H](Cc1ccccc1)NC(=O)c1cccc(N(c2ccccc2)S(C)(=O)=O)c1,CHEMBL1210431,32.0,32.0
CS(=O)(=O)N(c1ccccc1)c1cccc(C(=O)N[C@@H](Cc2ccccc2)[C@H](O)CNC2CCCCC2)c1,CHEMBL1210432,243.0,243.0
CS(=O)(=O)N(c1ccccc1)c1cccc(C(=O)N[C@@H](Cc2ccccc2)[C@H](O)CNC2CC2)c1,CHEMBL1210433,440.0,440.0
CCNc1cc(C(=O)N[C@@H](Cc2ccccc2)[C@H](O)CN[C@@H](C)C(=O)NC2CCCCC2)cc(N(c2ccccc2)S(C)(=O)=O)c1,CHEMBL1210359,3.0,3.0
CCOc1cc(C(=O)N[C@@H](Cc2ccccc2)[C@H](O)CNCc2cccc(C(F)(F)F)c2)cc(N(c2ccccc2)S(C)(=O)=O)c1,CHEMBL1210360,3.0,3.0
CC(C)c1cc(C(=O)N[C@@H](Cc2ccccc2)[C@H](O)CNCc2cccc(C(F)(F)F)c2)cc(N(c2ccccc2)S(C)(=O)=O)c1,CHEMBL1210361,5.0,5.0
CS(=O)(=O)N(c1ccccc1)c1cc(C(=O)N[C@@H](Cc2ccccc2)[C@H](O)CNCc2cccc(C(F)(F)F)c2)cc(-c2ccccc2)c1,CHEMBL1210362,13.0,13.0
CS(=O)(=O)N(c1ccccc1)c1cc(C(=O)N[C@@H](Cc2ccccc2)[C@H](O)CNCc2cccc(C(F)(F)F)c2)cc(N2CCCC2=O)c1,CHEMBL1210363,6.0,6.0
CCS(=O)(=O)c1cc(C(=O)N[C@@H](Cc2ccccc2)[C@H](O)CNCc2cccc(C(F)(F)F)c2)cc(N(c2ccccc2)S(C)(=O)=O)c1,CHEMBL1210364,14.0,14.0
CS(=O)(=O)N(c1ccccc1)c1cc(C(=O)N[C@@H](Cc2ccccc2)[C@H](O)CNCc2cccc(C(F)(F)F)c2)cc(C2CCCC2)c1,CHEMBL1210434,4.0,4.0
O=c1cc(-c2ccc(O)c(-c3c(O)cc(O)c4c(=O)cc(-c5ccc(O)cc5)oc34)c2)oc2cc(O)cc(O)c12,CHEMBL63354,1540.0,1.54
COc1cc(O)c2c(=O)cc(-c3ccc(O)c(-c4c(O)cc(O)c5c(=O)cc(-c6ccc(O)cc6)oc45)c3)oc2c1,CHEMBL255493,1400.0,1.4
COc1ccc(-c2cc(=O)c3c(O)cc(O)cc3o2)cc1-c1c(O)cc(O)c2c(=O)cc(-c3ccc(O)cc3)oc12,CHEMBL378188,2020.0,2.02
COc1cc(O)c2c(=O)cc(-c3ccc(O)cc3)oc2c1-c1cc(-c2cc(=O)c3c(O)cc(O)cc3o2)ccc1O,CHEMBL450522,1580.0,1.58
COc1ccc(-c2cc(=O)c3c(O)cc(O)c(-c4cc(-c5cc(=O)c6c(O)cc(O)cc6o5)ccc4O)c3o2)cc1,CHEMBL220745,990.0,0.99
COc1cc(O)c2c(=O)cc(-c3ccc(OC)c(-c4c(O)cc(O)c5c(=O)cc(-c6ccc(O)cc6)oc45)c3)oc2c1,CHEMBL377324,4180.0,4.18
COc1cc(O)c2c(=O)cc(-c3ccc(O)c(-c4c(OC)cc(O)c5c(=O)cc(-c6ccc(O)cc6)oc45)c3)oc2c1,CHEMBL1208793,6250.0,6.25
COc1ccc(-c2cc(=O)c3c(O)cc(O)c(-c4cc(-c5cc(=O)c6c(O)cc(OC)cc6o5)ccc4O)c3o2)cc1,CHEMBL144630,4210.0,4.21
COc1ccc(-c2cc(=O)c3c(O)cc(O)cc3o2)cc1-c1c(OC)cc(O)c2c(=O)cc(-c3ccc(O)cc3)oc12,CHEMBL208988,10000.0,10.0
COc1ccc(-c2cc(=O)c3c(O)cc(O)c(-c4cc(-c5cc(=O)c6c(O)cc(O)cc6o5)ccc4OC)c3o2)cc1,CHEMBL1208903,3010.0,3.01
COc1ccc(-c2cc(=O)c3c(O)cc(OC)c(-c4cc(-c5cc(=O)c6c(O)cc(O)cc6o5)ccc4O)c3o2)cc1,CHEMBL374055,10000.0,10.0
COc1cc(O)c2c(=O)cc(-c3ccc(OC)c(-c4c(OC)cc(O)c5c(=O)cc(-c6ccc(O)cc6)oc45)c3)oc2c1,CHEMBL208578,10000.0,10.0
COc1ccc(-c2cc(=O)c3c(O)cc(O)c(-c4cc(-c5cc(=O)c6c(O)cc(OC)cc6o5)ccc4OC)c3o2)cc1,CHEMBL208908,10000.0,10.0
COc1ccc(-c2cc(=O)c3c(O)cc(OC)c(-c4cc(-c5cc(=O)c6c(O)cc(OC)cc6o5)ccc4O)c3o2)cc1,CHEMBL1208904,10000.0,10.0
COc1ccc(-c2cc(=O)c3c(O)cc(OC)c(-c4cc(-c5cc(=O)c6c(O)cc(O)cc6o5)ccc4OC)c3o2)cc1,CHEMBL453479,10000.0,10.0
COc1ccc(-c2cc(=O)c3c(O)cc(OC)c(-c4cc(-c5cc(=O)c6c(O)cc(OC)cc6o5)ccc4OC)c3o2)cc1,CHEMBL378516,10000.0,10.0
O=C1C[C@@H](c2ccc(O)c(-c3c(O)cc(O)c4c(=O)cc(-c5ccc(O)cc5)oc34)c2)Oc2cc(O)cc(O)c21,CHEMBL220741,750.0,0.75
COc1ccc([C@@H]2CC(=O)c3c(cc(OC)c(C)c3O)O2)cc1-c1c(O)cc(O)c2c(=O)cc(-c3ccc(O)cc3)oc12,CHEMBL1208905,350.0,0.35
O=c1cc(-c2ccc(O)c(-c3c(O)cc4oc(-c5ccc(O)cc5)cc(=O)c4c3O)c2)oc2cc(O)cc(O)c12,CHEMBL63677,10000.0,10.0
O=c1cc(-c2ccc(O)cc2)oc2c(-c3c(O)cc(O)c4c(=O)cc(-c5ccc(O)cc5)oc34)c(O)cc(O)c12,CHEMBL1208973,10000.0,10.0
O=c1cc(-c2ccc(Oc3c(O)cc4oc(-c5ccc(O)cc5)cc(=O)c4c3O)cc2)oc2cc(O)cc(O)c12,CHEMBL291426,10000.0,10.0
CC(=O)N[C@@H](Cc1cc(F)cc(F)c1)[C@H](O)CNC1(c2cccc(N3CC4CCC3C4)c2)CC1,CHEMBL1209420,1900.0,1900.0
CC(=O)N[C@@H](Cc1cc(F)cc(F)c1)[C@H](O)CNC1(c2cccc(N3CC4CC3CO4)c2)CC1,CHEMBL1209419,2400.0,2400.0
CC(=O)N[C@@H](Cc1cc(F)cc(F)c1)[C@H](O)CNC1(c2cccc(C3COCCO3)c2)CC1,CHEMBL1209418,4000.0,4000.0
CC(=O)N[C@@H](Cc1cc(F)cc(F)c1)[C@H](O)CNC1(c2cccc(C3CCCCO3)c2)CC1,CHEMBL1209358,1700.0,1700.0
CC(=O)N[C@@H](Cc1cc(F)cc(F)c1)[C@H](O)CNC1(c2cccc(C3(C)CCCO3)c2)CC1,CHEMBL1209357,580.0,580.0
CC(=O)N[C@@H](Cc1cc(F)cc(F)c1)[C@H](O)CNC1(c2cccc(C3CCCO3)c2)CC1,CHEMBL1209356,580.0,580.0
CC(=O)N[C@@H](Cc1cc(F)cc(F)c1)[C@H](O)CNC1(c2cccc(N3CCCOCC3)c2)CCCCC1,CHEMBL1209355,700.0,700.0
CC(=O)N[C@@H](Cc1cc(F)cc(F)c1)[C@H](O)CNC1(c2cccc(C3CCOCOC3)c2)CCCCC1,CHEMBL1209286,560.0,560.0
CC(=O)N[C@@H](Cc1cc(F)cc(F)c1)[C@H](O)CNC1(c2cccc(N3CCCOCC3=O)c2)CCCCC1,CHEMBL1209285,750.0,750.0
CC(=O)N[C@@H](Cc1cc(F)cc(F)c1)[C@H](O)CNC1(c2cccc(N3CCCNC3=O)c2)CCCCC1,CHEMBL1209284,1000.0,1000.0
CC(=O)N[C@@H](Cc1cc(F)cc(F)c1)[C@H](O)CNC1(c2cccc(N3CCOCC3=O)c2)CCCCC1,CHEMBL1209223,1300.0,1300.0
CC(=O)N[C@@H](Cc1cc(F)cc(F)c1)[C@H](O)CNC1(c2cccc(N3CCCCC3=O)c2)CCCCC1,CHEMBL1209222,250.0,250.0
CC(=O)N[C@@H](Cc1cc(F)cc(F)c1)[C@H](O)CNC1(c2cccc(N3C(=O)C4CCC3C4)c2)CCCCC1,CHEMBL1209221,340.0,340.0
CC(=O)N[C@@H](Cc1cc(F)cc(F)c1)[C@H](O)CNC1(c2cccc(C3CCCCC3)c2)CCCCC1,CHEMBL1209168,10000.0,10000.0
CC(=O)N[C@@H](Cc1cc(F)cc(F)c1)[C@H](O)CNC1(c2cccc(C3CCCC3=O)c2)CCCCC1,CHEMBL1209167,800.0,800.0
CC(=O)N[C@@H](Cc1cc(F)cc(F)c1)[C@H](O)CNC1(c2cccc(N3CCNC3=O)c2)CCCCC1,CHEMBL1209166,1400.0,1400.0
CC(=O)N[C@@H](Cc1cc(F)cc(F)c1)[C@H](O)CNC1(c2cccc(N3CCOC3=O)c2)CCCCC1,CHEMBL1209165,1300.0,1300.0
CC(=O)N[C@@H](Cc1cc(F)cc(F)c1)[C@H](O)CNC1(c2cccc(N3CCCC3=O)c2)CCCCC1,CHEMBL1209107,820.0,820.0
CC(=O)N[C@@H](Cc1cc(F)cc(F)c1)[C@H](O)CNC1(c2cccc(C3CCOC3)c2)CCCCC1,CHEMBL1209106,88.0,88.0
CC(=O)N[C@@H](Cc1cc(F)cc(F)c1)[C@H](O)CNC1(c2cccc(C3CCCO3)c2)CCCCC1,CHEMBL1209105,180.0,180.0
CC(=O)N[C@@H](Cc1cc(F)cc(F)c1)[C@H](O)CNC1(c2cccc(C3CCCC3)c2)CCCCC1,CHEMBL1209104,940.0,940.0
CC(=O)N[C@@H](Cc1cc(F)cc(F)c1)[C@H](O)CNC1(c2cccc(-n3nccn3)c2)CCCCC1,CHEMBL1209057,7700.0,7700.0
CC(=O)N[C@@H](Cc1cc(F)cc(F)c1)[C@H](O)CNC1(c2cccc(-n3ccnc3)c2)CCCCC1,CHEMBL1209056,1600.0,1600.0
CC(=O)N[C@@H](Cc1cc(F)cc(F)c1)[C@H](O)CNC1(c2cccc(-c3cscn3)c2)CCCCC1,CHEMBL1209055,110.0,110.0
CC(=O)N[C@@H](Cc1cc(F)cc(F)c1)[C@H](O)CNC1(c2cccc(-c3cccs3)c2)CCCCC1,CHEMBL1209054,370.0,370.0
CC(=O)N[C@@H](Cc1cc(F)cc(F)c1)[C@H](O)CNC1(c2cccc(-c3ccsc3)c2)CCCCC1,CHEMBL1208999,44.0,44.0
CC(=O)N[C@@H](Cc1cc(F)cc(F)c1)[C@H](O)CNC1(c2cccc(-c3ccoc3)c2)CCCCC1,CHEMBL1208998,120.0,120.0
CC(=O)N[C@@H](Cc1cc(F)cc(F)c1)[C@H](O)CNC1(c2cccc(-c3ccco3)c2)CCCCC1,CHEMBL1208997,1100.0,1100.0
CC(=O)N[C@@H](Cc1cc(F)cc(F)c1)[C@H](O)CNC1(c2cccc(S(C)(=O)=O)c2)CCCCC1,CHEMBL1208936,720.0,720.0
CC(=O)N[C@@H](Cc1cc(F)cc(F)c1)[C@H](O)CNC1(c2cccc(C(C)(C)CO)c2)CCCCC1,CHEMBL1208935,260.0,260.0
CC(=O)N[C@@H](Cc1cc(F)cc(F)c1)[C@H](O)CNC1(c2cccc(C#N)c2)CCCCC1,CHEMBL1208934,6200.0,6200.0
CC(=O)N[C@@H](Cc1cc(F)cc(F)c1)[C@H](O)CNC1(c2cccc(C(C)(C)C#N)c2)CCCCC1,CHEMBL1208933,166.0,166.0
CC(=O)N[C@@H](Cc1cc(F)cc(F)c1)[C@H](O)CNC1(c2cccc(N(C)C)c2)CCCCC1,CHEMBL1208874,410.0,410.0
CC(=O)N[C@@H](Cc1cc(F)cc(F)c1)[C@H](O)CNC1(c2cccc(CC(C)C)c2)CCCCC1,CHEMBL1208873,810.0,810.0
CCC(C)(C)c1cccc(C2(NC[C@@H](O)[C@H](Cc3cc(F)cc(F)c3)NC(C)=O)CCCCC2)c1,CHEMBL1208872,130.0,130.0
C/C=C(\C)c1cccc(C2(NC[C@@H](O)[C@H](Cc3cc(F)cc(F)c3)NC(C)=O)CCCCC2)c1,CHEMBL1208871,380.0,380.0
C=C(C)c1cccc(C2(NC[C@@H](O)[C@H](Cc3cc(F)cc(F)c3)NC(C)=O)CCCCC2)c1,CHEMBL1209894,100.0,100.0
CCc1cccc(C2(NC[C@@H](O)[C@H](Cc3cc(F)cc(F)c3)NC(C)=O)CCCCC2)c1,CHEMBL1209893,690.0,690.0
CC(=O)N[C@@H](Cc1cc(F)cc(F)c1)[C@H](O)CNC1(c2ccccc2)CCCCC1,CHEMBL1208803,10000.0,10000.0
CC(=O)N[C@@H](Cc1cc(F)cc(F)c1)[C@H](O)CNC1(c2cccc(I)c2)CCCCC1,CHEMBL1209892,460.0,460.0
O=C(Cc1ccccc1Cl)Nc1cc(Br)ccc1OCCN1CCCCC1,CHEMBL1214157,44250.0,44.25
O=C(Cc1ccccc1Cl)Nc1cc(Br)ccc1OCCNC1CCCCC1,CHEMBL1214158,42820.0,42.82
CCCCCCNCCOc1ccc(Br)cc1NC(=O)Cc1ccccc1Cl,CHEMBL1214214,29400.0,29.4
O=C(Cc1ccccc1Cl)Nc1cc(Br)ccc1OCCNCCCCCO,CHEMBL1214215,42460.0,42.46
O=C(Cc1ccccc1Cl)Nc1cc(Br)ccc1OCCNC1CC1,CHEMBL1214216,37630.0,37.63
NCCCCCCNCCOc1ccc(Br)cc1NC(=O)Cc1ccccc1Cl,CHEMBL1214217,27850.0,27.85
NCCCNCCOc1ccc(Br)cc1NC(=O)Cc1ccccc1Cl,CHEMBL1214218,45250.0,45.25
CC(C)C(/C=C\[C@@H](C)[C@H]1CC[C@H]2[C@@H]3C[C@H](OS(=O)(=O)[O-])[C@H]4C[C@H](OS(=O)(=O)[O-])[C@@H](OS(=O)(=O)[O-])C[C@]4(C)[C@H]3CC[C@]12C)C(C)C.[Na+].[Na+].[Na+],CHEMBL1224769,1200.0,1.2
COn1c(-c2ccccc2)nc2ncccc21,CHEMBL1221921,928000.0,928.0
Nc1nc2ccc(Cl)cc2[nH]1,CHEMBL269158,731000.0,731.0
Nc1nc2cc(Cl)ccc2n1CCCO,CHEMBL1221922,770000.0,770.0
Clc1cccc(-c2cnc3ncccn23)c1,CHEMBL1221923,862000.0,862.0
c1cnc2ncc(-c3ccncc3)n2c1,CHEMBL1221924,1008000.0,1008.0
O=C1c2ccccc2C(=O)C1(O)O,CHEMBL1221925,776000.0,776.0
Nc1nc2cc(Cl)ccc2n1CCCC(=O)NCc1ccccc1,CHEMBL1221976,1403000.0,1403.0
CN(C(=O)CCCn1c(N)nc2cc(Cl)ccc21)C1CCCCC1,CHEMBL1221977,26000.0,26.0
CC(C)NC(=O)CCCn1c(N)nc2cc(Cl)ccc21,CHEMBL1221978,193000.0,193.0
Nc1nc2cc(Cl)ccc2n1CCCC(=O)NCCN1CCOCC1,CHEMBL1221979,827000.0,827.0
Nc1nc2cc(Cl)ccc2n1CCCC(=O)NCCC1CCNC1,CHEMBL1222029,444000.0,444.0
Nc1nc2cc(Cl)ccc2n1CCCC(=O)NCc1ccccn1,CHEMBL1222030,426000.0,426.0
Nc1nc2cc(Cl)ccc2n1CCCC(=O)NCC1CCCCC1,CHEMBL1222031,83000.0,83.0
CN1CCC(NC(=O)CCCn2c(N)nc3cc(Cl)ccc32)CC1,CHEMBL1222032,325000.0,325.0
Nc1nc2cc(Cl)ccc2n1CCCC(=O)NCc1cccc(F)c1,CHEMBL1222033,249000.0,249.0
Nc1nc2cc(Cl)ccc2n1CCCC(=O)NCC1CC1,CHEMBL1222034,2854000.0,2854.0
CN(Cc1cccc(F)c1)C(=O)CCCn1c(N)nc2cc(Cl)ccc21,CHEMBL1222139,194000.0,194.0
CN(CC1CCCCC1)C(=O)CCCn1c(N)nc2cc(Cl)ccc21,CHEMBL1222140,59000.0,59.0
CC[C@H](CC(=O)NCc1ccccc1)n1c(N)nc2cc(Cl)ccc21,CHEMBL1222141,516000.0,516.0
CC[C@@H](CC(=O)NCc1ccccc1)n1c(N)nc2cc(Cl)ccc21,CHEMBL1222142,72000.0,72.0
CC(C)C[C@H](CC(=O)NC(C)C)n1c(N)nc2cc(Cl)ccc21,CHEMBL1222143,1000000.0,1000.0
CC(C)C[C@@H](CC(=O)NC(C)C)n1c(N)nc2cc(Cl)ccc21,CHEMBL1222235,246000.0,246.0
CC[C@@H](CC(=O)NC(C)C)n1c(N)nc2cc(Cl)ccc21,CHEMBL1222236,695000.0,695.0
CC[C@@H](CC(=O)NCCN1CCOCC1)n1c(N)nc2cc(Cl)ccc21,CHEMBL1222237,440000.0,440.0
CC[C@@H](CC(=O)NCC1CC1)n1c(N)nc2cc(Cl)ccc21,CHEMBL1222238,243000.0,243.0
CC[C@@H](CC(=O)NCCC1CCNC1)n1c(N)nc2cc(Cl)ccc21,CHEMBL1222239,270000.0,270.0
CC[C@@H](CC(=O)NCC1CCCCC1)n1c(N)nc2cc(Cl)ccc21,CHEMBL1222240,7000.0,7.0
CC[C@@H](CC(=O)N(C)CC1CCCCC1)n1c(N)nc2cc(Cl)ccc21,CHEMBL1222297,375000.0,375.0
CC[C@@H](CC(=O)NCC1CCOCC1)n1c(N)nc2cc(Cl)ccc21,CHEMBL1222298,1000000.0,1000.0
CC[C@@H](CC(=O)NCc1ccccn1)n1c(N)nc2cc(Cl)ccc21,CHEMBL1222299,1000000.0,1000.0
CC[C@@H](CC(=O)NC1C2CC3CC(C2)CC1C3)n1c(N)nc2cc(Cl)ccc21,CHEMBL1222300,8900.0,8.9
CC[C@@H](CC(=O)NCCC(C)(C)C)n1c(N)nc2cc(Cl)ccc21,CHEMBL1222301,95000.0,95.0
CC[C@@H](CC(=O)NCc1cccc(F)c1)n1c(N)nc2cc(Cl)ccc21,CHEMBL1221421,340000.0,340.0
CC[C@@H](CC(=O)NCc1ccc(F)cc1)n1c(N)nc2cc(Cl)ccc21,CHEMBL1222365,264000.0,264.0
CC[C@@H](CC(=O)N[C@@H](COC(C)(C)C)C(=O)OC)n1c(N)nc2cc(Cl)ccc21,CHEMBL1222366,168000.0,168.0
CC[C@@H](CC(=O)N[C@H](COC(C)(C)C)C(=O)OC)n1c(N)nc2cc(Cl)ccc21,CHEMBL1222367,75000.0,75.0
CC[C@@H](CC(=O)N[C@@H](COC(C)(C)C)C(=O)O)n1c(N)nc2cc(Cl)ccc21,CHEMBL1222368,87000.0,87.0
CC(C)C[C@@H](CC(=O)NCc1ccccn1)n1c(N)nc2cc(Cl)ccc21,CHEMBL1221453,235000.0,235.0
CC(C)C[C@@H](CC(=O)NCc1cccc(F)c1)n1c(N)nc2cc(Cl)ccc21,CHEMBL1221454,54000.0,54.0
CC(=O)N[C@@H](Cc1cc(F)cc(F)c1)[C@H](O)CNC1(c2cccc(CC(C)(C)C)c2)CCCCC1,CHEMBL1257530,2100.0,2100.0
CC(=O)N[C@@H](Cc1cc(F)cc(F)c1)[C@H](O)CNC1(c2cc(F)cc(C(C)(C)C)c2)CCCCC1,CHEMBL1257531,46.0,46.0
CC(=O)N[C@@H](Cc1cc(F)cc(F)c1)[C@H](O)CNC1(c2cc(Br)cc(C(C)(C)C)c2)CCCCC1,CHEMBL1257649,174.0,174.0
CC(=O)N[C@@H](Cc1cc(F)cc(F)c1)[C@H](O)CNC1(c2cc(I)cc(C(C)(C)C)c2)CCCCC1,CHEMBL1257650,223.0,223.0
CC(=O)N[C@@H](Cc1cc(F)cc(F)c1)[C@H](O)CNC1(c2cc(C)cc(C(C)(C)C)c2)CCCCC1,CHEMBL1257772,180.0,180.0
COc1cc(C(C)(C)C)cc(C2(NC[C@@H](O)[C@H](Cc3cc(F)cc(F)c3)NC(C)=O)CCCCC2)c1,CHEMBL1257773,77.0,77.0
CC(=O)N[C@@H](Cc1cc(F)cc(F)c1)[C@H](O)CNC1(c2cc(O)cc(C(C)(C)C)c2)CCCCC1,CHEMBL1257891,170.0,170.0
CC(=O)N[C@@H](Cc1cc(F)cc(F)c1)[C@H](O)CNC1(c2cc(N)cc(C(C)(C)C)c2)CCCCC1,CHEMBL1257892,318.0,318.0
CC(=O)N[C@@H](Cc1cc(F)cc(F)c1)[C@H](O)CNC1(c2cc(NS(C)(=O)=O)cc(C(C)(C)C)c2)CCCCC1,CHEMBL1258001,93.0,93.0
CC(=O)N[C@@H](Cc1cc(F)cc(F)c1)[C@H](O)CNC1(c2cc(C(C)=O)cc(C(C)(C)C)c2)CCCCC1,CHEMBL1258119,160.0,160.0
CC(=O)N[C@@H](Cc1cc(F)cc(F)c1)[C@H](O)CNC1(c2ccc(Br)c(C(C)(C)C)c2)CCCCC1,CHEMBL1258120,6900.0,6900.0
CC(=O)N[C@@H](Cc1cc(F)cc(F)c1)[C@H](O)CNC1(c2cccs2)CCCCC1,CHEMBL1258233,30000.0,30000.0
CC(=O)N[C@@H](Cc1cc(F)cc(F)c1)[C@H](O)CNC1(c2ccc(C(C)C)s2)CCCCC1,CHEMBL1258234,4010.0,4010.0
CC(=O)N[C@@H](Cc1cc(F)cc(F)c1)[C@H](O)CNC1(c2csc(C(C)C)c2)CCCCC1,CHEMBL1258352,320.0,320.0
CC(=O)N[C@@H](Cc1cc(F)cc(F)c1)[C@H](O)CNC1(c2cc(C(C)C)cs2)CCCCC1,CHEMBL1258353,352.0,352.0
CC(=O)N[C@@H](Cc1cc(F)cc(F)c1)[C@H](O)CNC1(c2cc(C(C)(C)C)cs2)CCCCC1,CHEMBL1258466,104.0,104.0
CC(=O)N[C@@H](Cc1cc(F)cc(F)c1)[C@H](O)CNC1(c2cc(CC(C)(C)C)cs2)CCCCC1,CHEMBL1258467,131.0,131.0
C#Cc1csc(C2(NC[C@@H](O)[C@H](Cc3cc(F)cc(F)c3)NC(C)=O)CCCCC2)c1,CHEMBL1258575,4316.0,4316.0
CCc1csc(C2(NC[C@@H](O)[C@H](Cc3cc(F)cc(F)c3)NC(C)=O)CCCCC2)c1,CHEMBL1258576,1740.0,1740.0
CC(=O)N[C@@H](Cc1cc(F)cc(F)c1)[C@H](O)CNC1(c2cc(C(C)(C)C)no2)CCCCC1,CHEMBL1258686,4457.0,4457.0
CC(=O)N[C@@H](Cc1cc(F)cc(F)c1)[C@H](O)CNC1(c2cc(CC(C)(C)C)no2)CCCCC1,CHEMBL1258687,139.0,139.0
CC(=O)N[C@@H](Cc1cc(F)cc(F)c1)[C@H](O)CNC1(c2ncc(C(C)(C)C)o2)CCCCC1,CHEMBL1258802,1580.0,1580.0
CC(=O)N[C@@H](Cc1cc(F)cc(F)c1)[C@H](O)CNC1(c2nc(C(C)(C)C)co2)CCCCC1,CHEMBL1258803,137800.0,137800.0
CC(=O)N[C@@H](Cc1cc(F)cc(F)c1)[C@H](O)CNC1(c2cnn(C(C)(C)C)c2)CCCCC1,CHEMBL1258917,1840.0,1840.0
CC(=O)N[C@@H](Cc1cc(F)cc(F)c1)[C@H](O)CNC1(c2cnn(CC(C)(C)C)c2)CCCCC1,CHEMBL1258918,210.0,210.0
CC(=O)N[C@@H](Cc1cc(F)cc(F)c1)[C@H](O)CNC1(c2cn(C[Si](C)(C)C)nn2)CCCCC1,CHEMBL1257184,154.0,154.0
CC(=O)N[C@@H](Cc1cc(F)cc(F)c1)[C@H](O)CNC1(c2cn(C34CC5CC(CC(C5)C3)C4)nn2)CCCCC1,CHEMBL1257185,392.0,392.0
CC(=O)N[C@@H](Cc1cc(F)cc(F)c1)[C@H](O)CNC1(c2cc(C(C)(C)C)ncn2)CCCCC1,CHEMBL1257302,2430.0,2430.0
CC(=O)N[C@@H](Cc1cc(F)cc(F)c1)[C@H](O)CNC1(c2cccc(C(C)(C)C)c2)CC1,CHEMBL1257303,140.0,140.0
CC(=O)N[C@@H](Cc1cc(F)cc(F)c1)[C@H](O)CNC1(c2cccc(CC(C)(C)C)c2)CC1,CHEMBL1257417,341.0,341.0
CC(=O)N[C@@H](Cc1cc(F)cc(F)c1)[C@H](O)CNC1(c2cc(C(C)(C)C)ccn2)CC1,CHEMBL1257418,640.0,640.0
CC(=O)N[C@@H](Cc1cc(F)cc(F)c1)[C@H](O)CNC1(c2cncc(CC(C)(C)C)c2)CC1,CHEMBL1257532,780.0,780.0
CC(=O)N[C@@H](Cc1cc(F)cc(F)c1)[C@H](O)CNC1(c2cc(CC(C)(C)C)c[n+]([O-])c2)CC1,CHEMBL1257533,720.0,720.0
CC(=O)N[C@@H](Cc1cc(F)cc(F)c1)[C@H](O)CNC1(c2ccc(CC(C)(C)C)s2)CC1,CHEMBL1257651,1620.0,1620.0
CC(=O)N[C@@H](Cc1cc(F)cc(F)c1)[C@H](O)CNC1(c2cc(CC(C)(C)C)cs2)CC1,CHEMBL1230648,470.0,470.0
CC(=O)N[C@@H](Cc1cc(F)cc(F)c1)[C@H](O)CNC1(c2ncc(C(C)(C)C)o2)CC1,CHEMBL1257774,4900.0,4900.0
CC(=O)N[C@@H](Cc1cc(F)cc(F)c1)[C@H](O)CNC1(c2nc(C(C)(C)C)co2)CC1,CHEMBL1257775,42880.0,42880.0
CC(=O)N[C@@H](Cc1cc(F)cc(F)c1)[C@H](O)CNC1(c2nc(CC(C)(C)C)cs2)CC1,CHEMBL1257893,9360.0,9360.0
CC(=O)N[C@@H](Cc1cc(F)cc(F)c1)[C@H](O)CNC1(c2csc(CC(C)(C)C)n2)CC1,CHEMBL1257894,3050.0,3050.0
CC(=O)N[C@@H](Cc1cc(F)cc(F)c1)[C@H](O)CNC1(c2cnn(CC(C)(C)C)c2)CC1,CHEMBL1258002,346.0,346.0
CC(=O)N[C@@H](Cc1cc(F)cc(F)c1)[C@H](O)CNC1(c2ccn(CC(C)(C)C)n2)CC1,CHEMBL1258003,870.0,870.0
CC(=O)N[C@@H](Cc1cc(F)cc(F)c1)[C@H](O)CNC1(c2cn(CC(C)(C)C)nn2)CC1,CHEMBL1258121,450.0,450.0
CC(=O)N[C@@H](Cc1cc(F)cc(F)c1)[C@H](O)CN[C@]1(c2cccc(C(C)(C)C(F)F)c2)C[C@H]1C,CHEMBL1270459,1700.0,1700.0
CC(=O)N[C@@H](Cc1cc(F)cc(F)c1)[C@H](O)CNC1(c2cccc(C(C)(C)C)c2)CCC1,CHEMBL1270458,610.0,610.0
CC(=O)N[C@@H](Cc1cc(F)cc(F)c1)[C@H](O)CNC1(c2cccc(C(C)(CF)CF)c2)CC1,CHEMBL1270363,390.0,390.0
CC(=O)N[C@@H](Cc1cc(F)cc(F)c1)[C@H](O)CNC1(c2cccc(C(C)(C)C(F)F)c2)CC1,CHEMBL1270362,230.0,230.0
CC(=O)N[C@@H](Cc1cc(F)cc(F)c1)[C@H](O)CNC1(c2cccc(C(C)(C)CF)c2)CC1,CHEMBL1270263,290.0,290.0
C=C(c1cccc(C2(NC[C@@H](O)[C@H](Cc3cc(F)cc(F)c3)NC(C)=O)CC2)c1)C(F)(F)F,CHEMBL1270262,1300.0,1300.0
CC(=O)N[C@@H](Cc1cc(F)cc(F)c1)[C@H](O)CNC1(c2cccc(C3CCOC3)c2)CC1,CHEMBL1270164,760.0,760.0
CC(=O)N[C@@H](Cc1cc(F)cc(F)c1)[C@H](O)CNC1(c2cccc(-n3cccn3)c2)CC1,CHEMBL1270163,980.0,980.0
CC(=O)N[C@@H](Cc1cc(F)cc(F)c1)[C@H](O)CNC(C)(C)c1cccc(C(C)(C)C)c1,CHEMBL1269949,200.0,200.0
CC(=O)N[C@@H](Cc1cc(F)cc(F)c1)[C@H](O)CNCc1cccc(C(C)(C)C)c1,CHEMBL1269948,1300.0,1300.0
CC(=O)N[C@@H](Cc1cc(F)cc(F)c1)[C@H](O)CNC1(c2cccc(C3CCOC3)c2)CCOCC1,CHEMBL1269841,290.0,290.0
CC(=O)N[C@@H](Cc1cc(F)cc(F)c1)[C@H](O)CNC1(c2cccc(-n3cccn3)c2)CCOCC1,CHEMBL1269840,110.0,110.0
O=C(CSc1nc2ccc(Nc3nc(N4CCCC4)nc(N4CCCC4)n3)cc2s1)Nc1ccccc1,CHEMBL1270884,120.0,0.12
O=C(CSc1nc2ccc(Nc3nc(N4CCCC4)nc(N4CCCC4)n3)cc2s1)NCc1ccco1,CHEMBL1271091,690.0,0.69
O=C(CSc1nc2ccc(Nc3nc(N4CCCC4)nc(N4CCCC4)n3)cc2s1)NCc1ccccc1,CHEMBL1270780,1700.0,1.7
CCOC(=O)CSc1nc2ccc(Nc3nc(N4CCCC4)nc(N4CCCC4)n3)cc2s1,CHEMBL1270883,1770.0,1.77
COc1ccc(CCNC(=O)CSc2nc3ccc(Nc4nc(N5CCCCC5)nc(N5CCCCC5)n4)cc3s2)cc1OC,CHEMBL1269608,2800.0,2.8
Cc1cccc(NC(=O)CSc2nc3ccc(Nc4nc(N5CCCC5)nc(N5CCCC5)n4)cc3s2)c1C,CHEMBL1271192,2830.0,2.83
O=C(CSc1nc2ccc(Nc3nc(N4CCCC4)nc(N4CCCC4)n3)cc2s1)NCCOc1ccccc1,CHEMBL1270985,3000.0,3.0
O=C(CSc1nc2ccc(Nc3nc(N4CCOCC4)nc(N4CCOCC4)n3)cc2s1)N1c2ccccc2CCc2ccccc21,CHEMBL1269613,14700.0,14.7
CCOc1ccc(NC(=O)CSc2nc3ccc(Nc4nc(N5CCCCC5)nc(N5CCCCC5)n4)cc3s2)cc1,CHEMBL1269609,17200.0,17.2
COc1ccc(OC)c(NC(=O)CSc2nc3ccc(Nc4nc(N5CCCCC5)nc(N5CCCCC5)n4)cc3s2)c1,CHEMBL1269610,18000.0,18.0
O=C(CSc1nc2ccc(Nc3nc(N4CCCC4)nc(N4CCCC4)n3)cc2s1)c1ccccc1,CHEMBL1270779,20000.0,20.0
O=C(CSc1nc2ccc(Nc3nc(N4CCCCC4)nc(N4CCCCC4)n3)cc2s1)c1ccc(F)cc1,CHEMBL1271399,20000.0,20.0
O=C(CSc1nc2ccc(Nc3nc(N4CCCCC4)nc(N4CCCCC4)n3)cc2s1)Nc1ccccc1,CHEMBL1271294,50000.0,50.0
O=C(CSc1nc2ccc(Nc3nc(N4CCOCC4)nc(N4CCOCC4)n3)cc2s1)NCc1ccccc1,CHEMBL1269866,50000.0,50.0
O=C(CSc1nc2ccc(Nc3nc(N4CCOCC4)nc(N4CCOCC4)n3)cc2s1)Nc1ccccc1Cl,CHEMBL1270082,50000.0,50.0
CCOc1ccc(NC(=O)CSc2nc3ccc(Nc4nc(N5CCOCC5)nc(N5CCOCC5)n4)cc3s2)cc1,CHEMBL1269611,50000.0,50.0
Cc1cc(C)c(NC(=O)CSc2nc3ccc(Nc4nc(N5CCOCC5)nc(N5CCOCC5)n4)cc3s2)c(C)c1,CHEMBL1269615,50000.0,50.0
COc1ccc2cc(-c3cn(C[C@@H]4Cc5c([nH]c6ccccc56)CN4)nn3)ccc2c1,CHEMBL1272322,1490.0,1.49
CN1C(=O)[C@@](c2ccc(OC(F)(F)F)cc2)(c2cccc(-c3cccnc3F)c2)N=C1N,CHEMBL1271140,60.0,0.06
CN1C(=O)[C@@](c2ccc(OC(F)F)cc2)(c2cccc(-c3cccnc3F)c2)N=C1N,CHEMBL1271244,10.0,0.01
CN1C(=O)[C@](c2ccccc2)(c2ccc(OC(F)F)cc2)N=C1N,CHEMBL1271343,170.0,0.17
COc1ccc([C@]2(c3cccc(-c4cccnc4F)c3)N=C(N)N(C)C2=O)cc1,CHEMBL1271344,30.0,0.03
CN1C(=O)[C@@](c2ccc(OCCF)cc2)(c2cccc(-c3cccnc3F)c2)N=C1N,CHEMBL1271450,30.0,0.03
CN1C(=O)[C@](c2ccccc2)(c2ccc(OC(F)(F)F)cc2)N=C1N,CHEMBL1271451,1420.0,1.42
CN1C(=O)[C@](c2ccccc2)(c2ccc(OCCF)cc2)N=C1N,CHEMBL1269918,1240.0,1.24
CCc1cccc([C@@]2(c3ccc(OC(F)F)cc3)N=C(N)N(C)C2=O)c1,CHEMBL1269919,900.0,0.9
CCCc1cccc([C@@]2(c3ccc(OC(F)F)cc3)N=C(N)N(C)C2=O)c1,CHEMBL1270026,90.0,0.09
CCCCc1cccc([C@@]2(c3ccc(OC(F)F)cc3)N=C(N)N(C)C2=O)c1,CHEMBL1270727,30.0,0.03
CCCCCc1cccc([C@@]2(c3ccc(OC(F)F)cc3)N=C(N)N(C)C2=O)c1,CHEMBL1270027,90.0,0.09
CCC(C)Cc1cccc([C@@]2(c3ccc(OC(F)F)cc3)N=C(N)N(C)C2=O)c1,CHEMBL1270133,110.0,0.11
CN1C(=O)[C@@](c2ccc(OC(F)F)cc2)(c2cccc(CCCC(F)(F)F)c2)N=C1N,CHEMBL1270134,60.0,0.06
CN1C(=O)[C@@](c2ccc(OC(F)F)cc2)(c2cccc(CCCC#N)c2)N=C1N,CHEMBL1270238,50.0,0.05
CN1C(=O)[C@@](c2ccc(OC(F)F)cc2)(c2cccc(C(=O)CCCF)c2)N=C1N,CHEMBL1270239,80.0,0.08
CN1C(=O)[C@@](c2ccc(OC(F)F)cc2)(c2cccc(C(F)CCCF)c2)N=C1N,CHEMBL1270336,80.0,0.08
CN1C(=O)[C@@](c2ccc(OC(F)F)cc2)(c2cccc(/C=C/CCF)c2)N=C1N,CHEMBL1270337,40.0,0.04
CN1C(=O)[C@@](c2ccc(OC(F)F)cc2)(c2cccc(/C=C/CC(F)F)c2)N=C1N,CHEMBL1270433,30.0,0.03
CN1C(=O)[C@@](c2ccc(OC(F)F)cc2)(c2cccc(/C=C/C3CC3)c2)N=C1N,CHEMBL1270434,90.0,0.09
CN1C(=O)[C@@](c2ccc(OC(F)F)cc2)(c2cccc(/C(F)=C\C3CC3)c2)N=C1N,CHEMBL1270527,20.0,0.02
CN1C(=O)[C@@](c2ccc(OC(F)F)cc2)(c2cccc(/C(F)=C/C3CC3)c2)N=C1N,CHEMBL1270528,540.0,0.54
COC/C=C/c1cccc([C@@]2(c3ccc(OC(F)F)cc3)N=C(N)N(C)C2=O)c1,CHEMBL1270628,20.0,0.02
COCC/C=C/c1cccc([C@@]2(c3ccc(OC(F)F)cc3)N=C(N)N(C)C2=O)c1,CHEMBL1270629,20.0,0.02
COCCC/C=C/c1cccc([C@@]2(c3ccc(OC(F)F)cc3)N=C(N)N(C)C2=O)c1,CHEMBL1270729,50.0,0.05
CN1C(=O)[C@@](c2ccc(OC(F)F)cc2)(c2cccc(/C=C/CCO)c2)N=C1N,CHEMBL1270730,50.0,0.05
CN1C(=O)[C@@](c2ccc(OC(F)F)cc2)(c2cccc(/C=C/CCCO)c2)N=C1N,CHEMBL1270832,40.0,0.04
C#Cc1cccc([C@@]2(c3ccc(OC(F)F)cc3)N=C(N)N(C)C2=O)c1,CHEMBL1270833,260.0,0.26
CC#Cc1cccc([C@@]2(c3ccc(OC(F)F)cc3)N=C(N)N(C)C2=O)c1,CHEMBL1270934,20.0,0.02
CCC#Cc1cccc([C@@]2(c3ccc(OC(F)F)cc3)N=C(N)N(C)C2=O)c1,CHEMBL1270935,40.0,0.04
CCCC#Cc1cccc([C@@]2(c3ccc(OC(F)F)cc3)N=C(N)N(C)C2=O)c1,CHEMBL1271036,30.0,0.03
CN1C(=O)[C@@](c2ccc(OC(F)F)cc2)(c2cccc(C#CCF)c2)N=C1N,CHEMBL1271037,10.0,0.01
CN1C(=O)[C@@](c2ccc(OC(F)F)cc2)(c2cccc(C#CCCF)c2)N=C1N,CHEMBL1271141,10.0,0.01
CN1C(=O)[C@@](c2ccc(OC(F)F)cc2)(c2cccc(C#CCCCCF)c2)N=C1N,CHEMBL1271142,40.0,0.04
CC(C)C#Cc1cccc([C@@]2(c3ccc(OC(F)F)cc3)N=C(N)N(C)C2=O)c1,CHEMBL1271245,20.0,0.02
CN1C(=O)[C@@](c2ccc(OC(F)F)cc2)(c2cccc(C#CC3CC3)c2)N=C1N,CHEMBL1271246,20.0,0.02
CN1C(=O)[C@@](c2ccc(OC(F)F)cc2)(c2cccc(C#CC3CCCCC3)c2)N=C1N,CHEMBL1271345,330.0,0.33
COCC#Cc1cccc([C@@]2(c3ccc(OC(F)F)cc3)N=C(N)N(C)C2=O)c1,CHEMBL1271346,20.0,0.02
COCCC#Cc1cccc([C@@]2(c3ccc(OC(F)F)cc3)N=C(N)N(C)C2=O)c1,CHEMBL1271452,20.0,0.02
CN1C(=O)[C@@](c2ccc(OC(F)F)cc2)(c2cccc(C#CCCO)c2)N=C1N,CHEMBL1271453,10.0,0.01
C[C@@H](O)C#Cc1cccc([C@@]2(c3ccc(OC(F)F)cc3)N=C(N)N(C)C2=O)c1,CHEMBL1269920,20.0,0.02
CN1C(=O)[C@@](c2ccc(OC(F)F)cc2)(c2cccc(C#CCCCCO)c2)N=C1N,CHEMBL1269921,10.0,0.01
CN1C(=O)[C@@](c2ccc(OC(F)F)cc2)(c2ccc(F)c(OCCF)c2)N=C1N,CHEMBL1270028,120.0,0.12
CN1C(=O)[C@@](c2ccc(OC(F)F)cc2)(c2ccc(F)c(OCCCF)c2)N=C1N,CHEMBL1270029,10.0,0.01
CN1C(=O)[C@@](c2ccc(OC(F)F)cc2)(c2ccc(F)c(OCCCCF)c2)N=C1N,CHEMBL1270135,100.0,0.1
CN1C(=O)[C@@](c2ccc(OC(F)F)cc2)(c2cccc(OCCC(F)(F)F)c2)N=C1N,CHEMBL1270136,200.0,0.2
CN1C(=O)[C@@](c2ccc(OC(F)F)cc2)(c2cccc(OCC3CC3)c2)N=C1N,CHEMBL1270240,20.0,0.02
CN1C(=O)[C@@](c2ccc(OC(F)F)cc2)(c2cccc(OC(F)F)c2)N=C1N,CHEMBL1270241,200.0,0.2
CN1C(=O)[C@@](c2ccc(OC(F)F)cc2)(c2cccc(OCC(F)F)c2)N=C1N,CHEMBL1270338,30.0,0.03
CN1C(=O)[C@@](c2ccc(OC(F)F)cc2)(c2ccc(F)c(OCC(F)F)c2)N=C1N,CHEMBL1270339,70.0,0.07
CN1C(=O)[C@@](c2ccc(OC(F)F)cc2)(c2cccc(OCCC(F)F)c2)N=C1N,CHEMBL1270435,10.0,0.01
CN1C(=O)[C@@](c2ccc(OC(F)F)cc2)(c2ccc(F)c(OCCC=C(F)F)c2)N=C1N,CHEMBL1270436,30.0,0.03
CN1C(=O)[C@@](c2ccc(OC(F)F)cc2)(c2cccc(OCCC=C(F)F)c2)N=C1N,CHEMBL1270529,30.0,0.03
COCC#Cc1cc([C@@]2(c3ccc(OC(F)F)c(C)c3)N=C(N)N(C)C2=O)ccc1F,CHEMBL1270334,13.0,0.013
CN1C(=O)[C@@](c2ccc(OC(F)F)cc2)(c2ccc(F)c(C#CC3CC3)c2)N=C1N,CHEMBL1270335,20.0,0.02
Cc1cc([C@]2(c3ccccc3)N=C(N)N(C)C2=O)ccc1OC(F)F,CHEMBL1270431,80.0,0.08
Cc1cc([C@]2(c3ccc(F)c(C#CC4CC4)c3)N=C(N)N(C)C2=O)ccc1OC(F)F,CHEMBL1270432,20.0,0.02
COCC#Cc1cc([C@@]2(c3ccc(OC(F)F)cc3)N=C(N)N(C)C2=O)ccc1F,CHEMBL1270526,12.0,0.012
Cc1cc([C@]2(c3ccc(F)c(OCC(F)F)c3)N=C(N)N(C)C2=O)ccc1OC(F)F,CHEMBL1270530,70.0,0.07
Cc1cc([C@]2(c3cccc(C#CC4CC4)c3)N=C(N)N(C)C2=O)ccc1OC(F)F,CHEMBL1270630,15.0,0.015
Cc1cc([C@]2(c3ccc(F)c(C#CCF)c3)N=C(N)N(C)C2=O)ccc1OC(F)F,CHEMBL1270631,20.0,0.02
CCCC#Cc1cc([C@@]2(c3ccc(OC(F)F)c(C)c3)N=C(N)N(C)C2=O)ccc1F,CHEMBL1270834,30.0,0.03
CN1C(=O)[C@@](c2ccc(OC(F)F)cc2)(c2ccc(F)c(C#CCCCF)c2)N=C1N,CHEMBL1270835,14.0,0.014
CC#Cc1cc([C@@]2(c3ccc(OC(F)F)cc3)N=C(N)N(C)C2=O)ccc1F,CHEMBL1270936,41.0,41.0
O=S(=O)(c1ccc(Cl)cc1)N(CCc1ccccc1)C[C@H](O)CN1CCN(C(c2ccccc2)c2ccccc2)CC1,CHEMBL1275914,2300.0,2.3
O=S(=O)(c1ccc(Cl)cc1)N(CCc1ccccc1)C[C@@H](O)CN1CCN(C(c2ccccc2)c2ccccc2)CC1,CHEMBL1275915,1900.0,1.9
O=S(=O)(c1ccc(Cl)cc1)N(Cc1ccccc1)C[C@H](O)CN1CCN(C(c2ccccc2)c2ccccc2)CC1,CHEMBL1277921,6300.0,6.3
O=S(=O)(c1ccc(Cl)cc1)N(Cc1ccccc1)C[C@@H](O)CN1CCN(C(c2ccccc2)c2ccccc2)CC1,CHEMBL1278005,5400.0,5.4
O=S(=O)(c1ccccc1)N(CCc1ccccc1)C[C@H](O)CN1CCN(C(c2ccccc2)c2ccccc2)CC1,CHEMBL1278097,5100.0,5.1
O=S(=O)(c1ccccc1)N(CCc1ccccc1)C[C@@H](O)CN1CCN(C(c2ccccc2)c2ccccc2)CC1,CHEMBL1278188,6900.0,6.9
O=S(=O)(c1ccc(Cl)c(Cl)c1)N(CC1CC1)C[C@H](O)CN1CCN(C(c2ccccc2)c2ccccc2)CC1,CHEMBL1276846,5400.0,5.4
O=S(=O)(c1ccc(Cl)c(Cl)c1)N(CC1CC1)C[C@@H](O)CN1CCN(C(c2ccccc2)c2ccccc2)CC1,CHEMBL1276932,4700.0,4.7
CC(C)C[C@H](NC(=O)[C@@H](NC(=O)[C@@H](N)CNC(=O)c1nn[nH]n1)C(C)C)C(=O)NCC(O)(Cc1ccccc1)C(=O)Nc1cccc(C(=O)O)c1,CHEMBL1645504,430.0,0.43
CC(C)C[C@H](NC(=O)[C@@H](NC(=O)[C@@H](N)CNC(=O)c1nn[nH]n1)C(C)C)C(=O)NCC(O)(CCc1ccccc1)C(=O)Nc1cccc(C(=O)O)c1,CHEMBL1645505,400.0,0.4
CC(C)C[C@H](NC(=O)[C@@H](NC(=O)[C@@H](N)CNC(=O)c1nnn[nH]1)C(C)C)C(=O)NC[C@](O)(CCc1ccccc1)C(=O)Nc1cccc(C(=O)O)c1,CHEMBL1229518,190.0,0.19
CC(C)C[C@H](NC(=O)[C@@H](NC(=O)[C@@H](N)CNC(=O)c1nn[nH]n1)C(C)C)C(=O)NC[C@@](O)(CCc1ccccc1)C(=O)Nc1cccc(C(=O)O)c1,CHEMBL1645506,1400.0,1.4
CC(C)[C@H](NC(=O)[C@@H](N)CNC(=O)c1nn[nH]n1)C(=O)N[C@@H](CC1CCCCC1)C(=O)NCC(O)(Cc1ccccc1)C(=O)Nc1cccc(C(=O)O)c1,CHEMBL1645507,680.0,0.68
CC(C)C[C@H](NC(=O)[C@H](Cc1ccccc1)NC(=O)[C@@H](N)CNC(=O)c1nn[nH]n1)C(=O)NC[C@](O)(CCc1ccccc1)C(=O)Nc1cccc(C(=O)O)c1,CHEMBL1645508,10000.0,10.0
CC(C)C[C@H](NC(=O)[C@H](Cc1ccccc1)NC(=O)[C@@H](N)CNC(=O)c1nn[nH]n1)C(=O)NC[C@@](O)(CCc1ccccc1)C(=O)Nc1cccc(C(=O)O)c1,CHEMBL1645509,10000.0,10.0
CCCC[C@H](NC(=O)[C@@H](N)CNC(=O)c1nn[nH]n1)C(=O)N[C@@H](CC(C)C)C(=O)NCC(O)(CCc1ccccc1)C(=O)Nc1cccc(C(=O)O)c1,CHEMBL1645510,10000.0,10.0
CC(C)C[C@H](NC(=O)[C@H](CC(C)C)NC(=O)[C@@H](N)CNC(=O)c1nn[nH]n1)C(=O)NCC(O)(CCc1ccccc1)C(=O)Nc1cccc(C(=O)O)c1,CHEMBL1645511,10000.0,10.0
CC(C)C[C@H](NC(=O)C[C@@H](NC(=O)[C@@H](N)CNC(=O)c1nn[nH]n1)C(C)C)C(=O)NCC(O)(CCc1ccccc1)C(=O)Nc1cccc(C(=O)O)c1,CHEMBL1645512,10000.0,10.0
CC(C)C[C@H](NC(=O)[C@@H](NC(=O)[C@H](N)CNC(=O)c1nn[nH]n1)C(C)C)C(=O)NCC(O)(CCc1ccccc1)C(=O)Nc1cccc(C(=O)O)c1,CHEMBL1645513,10000.0,10.0
CC(C)C[C@H](NC(=O)[C@@H](NC(=O)[C@@H](N)CN)C(C)C)C(=O)NCC(O)(CCc1ccccc1)C(=O)Nc1cccc(C(=O)O)c1,CHEMBL1645514,10000.0,10.0
CC(C)C[C@H](NC(=O)[C@@H](NC(=O)[C@@H](CO)NC(=O)c1nn[nH]n1)C(C)C)C(=O)NCC(O)(CCc1ccccc1)C(=O)Nc1cccc(C(=O)O)c1,CHEMBL1645515,10000.0,10.0
CC(C)C[C@H](NC(=O)[C@@H](NC(=O)[C@H](CO)NC(=O)c1nn[nH]n1)C(C)C)C(=O)NCC(O)(CCc1ccccc1)C(=O)Nc1cccc(C(=O)O)c1,CHEMBL1645516,10000.0,10.0
CC(C)C[C@H](NC(=O)[C@@H](NC(=O)[C@@H](N)CNC(=O)c1nn[nH]n1)C(C)C)C(=O)NCC(O)C(=O)Nc1cccc(C(=O)O)c1,CHEMBL1645517,440.0,0.44
CC(C)[C@H](NC(=O)[C@@H](NC(=O)[C@@H](N)CNC(=O)c1nn[nH]n1)C(C)C)C(=O)NCC(O)C(=O)Nc1cccc(C(=O)O)c1,CHEMBL1645518,3000.0,3.0
CC(C)C[C@H](NC(=O)[C@@H](NC(=O)[C@@H](N)CN)C(C)C)C(=O)NCC(O)C(=O)Nc1cccc(C(=O)O)c1,CHEMBL1645519,10000.0,10.0
CC(C)C[C@H](NC(=O)[C@@H](NC(=O)[C@H](N)CO)C(C)C)C(=O)NCC(O)C(=O)Nc1cccc(C(=O)O)c1,CHEMBL1645520,10000.0,10.0
CC(C)C[C@H](NC(=O)[C@@H](NC(=O)[C@H](N)CNC(=O)c1nn[nH]n1)C(C)C)C(=O)NCC(O)C(=O)Nc1cccc(C(=O)O)c1,CHEMBL1645521,10000.0,10.0
CC(C)[C@H](NC(=O)[C@@H](NC(=O)[C@@H](CO)NC(=O)c1nn[nH]n1)C(C)C)C(=O)NCC(O)C(=O)Nc1cccc(C(=O)O)c1,CHEMBL1645522,10000.0,10.0
CC(C)C[C@H](NC(=O)[C@@H](NC(=O)[C@@H](N)CNC(=O)c1nn[nH]n1)C(C)C)C(=O)NCCC(=O)Nc1cccc(C(=O)O)c1,CHEMBL1645523,870.0,0.87
CC(C)C[C@H](NC(=O)[C@@H](NC(=O)[C@H](N)CNC(=O)c1nn[nH]n1)C(C)C)C(=O)NCCC(=O)Nc1cccc(C(=O)O)c1,CHEMBL1645524,10000.0,10.0
CC(C)C[C@H](NC(=O)[C@@H](NC(=O)[C@@H](CO)NC(=O)c1nn[nH]n1)C(C)C)C(=O)NCCC(=O)Nc1cccc(C(=O)O)c1,CHEMBL1645525,10000.0,10.0
CC(C)C[C@H](NC(=O)[C@@H](NC(=O)[C@H](CO)NC(=O)c1nn[nH]n1)C(C)C)C(=O)NCCC(=O)Nc1cccc(C(=O)O)c1,CHEMBL1645527,10000.0,10.0
CC(C)C[C@H](NC(=O)[C@@H](NC(=O)[C@@H](N)CNC(=O)c1nn[nH]n1)C(C)C)C(=O)NCC(O)C(=O)O,CHEMBL1645526,6100.0,6.1
CC(C)C[C@H](NC(=O)[C@@H](NC(=O)[C@@H](N)CNC(=O)c1nn[nH]n1)C(C)C)C(=O)O,CHEMBL1645528,4400.0,4.4
CC(C)[C@H](C[C@H](O)[C@H](COCc1ccccc1)NC(=O)c1cc(C(=O)N[C@H](C)c2ccccc2)cc(N(C)S(C)(=O)=O)c1)C(=O)N[C@H](C(=O)NCc1ccccc1)C(C)C,CHEMBL1644461,30.0,30.0
CC(C)S[C@H](NC(=O)[C@@H](C[C@H](O)[C@@H]1COCc2cccc(c2)C(C)NC(=O)c2cc(cc(N(C)S(C)(=O)=O)c2)C(=O)N1)C(C)C)C(=O)NCc1ccccc1,CHEMBL1644462,50.0,50.0
CC(C)S[C@H](NC(=O)[C@@H](C[C@H](O)[C@@H]1COCc2cccc(c2)C(c2ccccc2)NC(=O)c2cc(cc(N(C)S(C)(=O)=O)c2)C(=O)N1)C(C)C)C(=O)NCc1ccccc1,CHEMBL1644463,240.0,240.0
CC(C)CNC(=O)[C@@H](C[C@H](O)[C@@H]1COCc2cccc(c2)C(c2ccccc2)NC(=O)c2cc(cc(N(C)S(C)(=O)=O)c2)C(=O)N1)C(C)C,CHEMBL1644464,3700.0,3700.0
CNC(=O)[C@@H](C[C@H](O)[C@@H]1COCc2cccc(c2)C(c2ccccc2)NC(=O)c2cc(cc(N(C)S(C)(=O)=O)c2)C(=O)N1)C(C)C,CHEMBL1644465,10000.0,10000.0
COc1ccc(C2NC(=O)c3cc(cc(N(C)S(C)(=O)=O)c3)C(=O)N[C@H]([C@@H](O)C[C@H](C(=O)NCC(C)C)C(C)C)COCc3cccc2c3)cc1,CHEMBL1644466,3100.0,3100.0
COCCCC1NC(=O)c2cc(cc(N(C)S(C)(=O)=O)c2)C(=O)N[C@H]([C@@H](O)C[C@H](C(=O)NCC(C)C)C(C)C)COCc2cccc1c2,CHEMBL1644467,1900.0,1900.0
COCCOC1NC(=O)c2cc(cc(N(C)S(C)(=O)=O)c2)C(=O)N[C@H]([C@@H](O)C[C@H](C(=O)NCC(C)C)C(C)C)COCc2cccc1c2,CHEMBL1644468,10000.0,10000.0
COCCOC1CCCc2cc(cc(N(C)S(C)(=O)=O)c2)C(=O)N[C@H]([C@@H](O)C[C@H](C(=O)NCC(C)C)C(C)C)COCc2cccc1c2,CHEMBL1644469,10000.0,10000.0
CCN1C(=O)C(c2ccccc2)(c2ccccc2)N=C1N,CHEMBL567053,7998.34,5.097
NC1=NC(c2ccccc2)(c2ccccc2)C(=O)N1,CHEMBL56002,19998.62,4.699
COc1ccc(C2(c3ccc(F)c(-c4cncnc4)c3)N=C(N)N(C)C2=O)cc1,CHEMBL1651460,20.0,7.699
NC1=NC(c2ccccc2)(C2CCCCC2)C(=O)N1CCCO,CHEMBL605079,4797.33,5.319
O=C1C=C(c2ccc(C(F)(F)F)cc2)C(=O)C=C1c1ccccc1,CHEMBL1762560,6520.0,6.52
O=C1C=C(c2ccc(O)cc2)C(=O)c2ccccc21,CHEMBL1762553,8220.0,8.22
O=C1C=C(c2ccccc2)C(=O)c2c(O)cccc21,CHEMBL1762557,8980.0,8.98
COc1ccc(-c2cc(O)cc(-c3ccccc3)c2O)cc1,CHEMBL1762684,9100.0,9.1
O=C1C=C(c2ccccc2)C(=O)c2ccccc21,CHEMBL1762552,9330.0,9.33
COc1cccc2c1C(=O)C(c1ccc(O)cc1)=CC2=O,CHEMBL1762558,10310.0,10.31
COc1ccc(-c2cc(OC(C)=O)cc(-c3ccccc3)c2OC(C)=O)cc1,CHEMBL1762688,11150.0,11.15
COc1ccc(C2=CC(=O)c3c(OC)cccc3C2=O)cc1,CHEMBL1762556,11210.0,11.21
COc1ccc(-c2cc(O)cc(-c3ccccc3)c2OC(C)=O)cc1,CHEMBL1762689,11290.0,11.29
O=C1C=C(c2ccccc2)C(=O)C(c2ccccc2)=C1,CHEMBL1762679,11430.0,11.43
CC(=O)Oc1cc(-c2ccc(C(F)(F)F)cc2)c(OC(C)=O)cc1-c1ccccc1,CHEMBL1762686,12120.0,12.12
O=C1C(c2ccccc2)=CC(=O)c2c(O)cccc21,CHEMBL1762554,12560.0,12.56
COc1ccc(C2=CC(=O)C=C(c3ccccc3)C2=O)cc1,CHEMBL1762681,13410.0,13.41
Oc1cc(-c2ccccc2)c(O)cc1-c1ccccc1,CHEMBL1762683,15960.0,15.96
O=C1C(c2ccc(O)cc2)=CC(=O)c2c(O)cccc21,CHEMBL1762555,16090.0,16.09
CC(=O)Oc1cc(-c2ccccc2)c(OC(C)=O)c(-c2ccccc2)c1,CHEMBL1762687,20010.0,20.01
COc1ccc(C2=CC(=O)C(c3ccc(OC)cc3)=CC2=O)cc1,CHEMBL1762678,23260.0,23.26
COc1ccc(-c2cc(OC(C)=O)c(-c3ccc(OC)cc3)cc2OC(C)=O)cc1,CHEMBL1762685,23920.0,23.92
CC(C)c1cccc(CN[C@H]2CS(=O)(=O)C[C@@H](Cc3ccccc3)[C@@H]2O)c1,CHEMBL1760731,1100.0,1.1
CC(C)c1cccc(CN[C@H]2CS(=O)(=O)C[C@@H](Cc3cccc(Br)c3)[C@@H]2O)c1,CHEMBL1760732,760.0,0.76
CCCOc1cccc(C[C@@H]2CS(=O)(=O)C[C@H](NCc3cccc(C(C)C)c3)[C@H]2O)c1,CHEMBL1760733,2300.0,2.3
CCCOCc1cccc(C[C@@H]2CS(=O)(=O)C[C@H](NCc3cccc(C(C)C)c3)[C@H]2O)c1,CHEMBL1760734,1100.0,1.1
COc1ccc(C[C@@H]2CS(=O)(=O)C[C@H](NCc3cccc(C(C)C)c3)[C@H]2O)cc1Br,CHEMBL1760852,2800.0,2.8
CC(C)c1cccc(CN[C@H]2CS(=O)(=O)C[C@@H](Cc3ccc(O)cc3)[C@@H]2O)c1,CHEMBL1760729,1800.0,1.8
Cc1cccc(Cc2cc(C[C@@H]3CS(=O)(=O)C[C@H](NCc4cccc(C(C)C)c4)[C@H]3O)ccc2O)c1,CHEMBL1760853,6200.0,6.2
CC(C)c1cccc(CN[C@H]2CS(=O)(=O)C[C@@H](Cc3ccc(O)c(CO)c3)[C@@H]2O)c1,CHEMBL1760854,1200.0,1.2
CC(C)c1cccc(CN[C@H]2CS(=O)(=O)C[C@@H](Cc3ccc(O)c(CCO)c3)[C@@H]2O)c1,CHEMBL1760855,990.0,0.99
CCCCc1cc(C[C@@H]2CS(=O)(=O)C[C@H](NCc3cccc(C(C)C)c3)[C@H]2O)ccc1O,CHEMBL1760856,150.0,0.15
CCCc1cc(C[C@@H]2CS(=O)(=O)C[C@H](NCc3cccc(C(C)C)c3)[C@H]2O)ccc1O,CHEMBL1760857,190.0,0.19
CCc1cc(C[C@@H]2CS(=O)(=O)C[C@H](NCc3cccc(C(C)C)c3)[C@H]2O)ccc1O,CHEMBL1760858,370.0,0.37
CC(C)c1cccc(CN[C@H]2CS(=O)(=O)C[C@@H](Cc3ccc(O)c(Br)c3)[C@@H]2O)c1,CHEMBL1760859,300.0,0.3
CNC(=O)Oc1ccc(C[C@@H]2CS(=O)(=O)C[C@H](NCc3cccc(C(C)C)c3)[C@H]2O)cc1Br,CHEMBL1760860,60.0,0.06
CCCN1C(=O)OC[C@@H]1Cc1cc(C[C@@H]2CS(=O)(=O)C[C@H](NCc3cccc(C(C)C)c3)[C@H]2O)ccc1O,CHEMBL1615184,150.0,0.15
CC(=O)N[C@@H](Cc1cc(F)cc(F)c1)[C@H](O)CNCc1cccc(C(C)C)c1,CHEMBL1760861,3200.0,3.2
N[C@H]1CS(=O)(=O)C[C@@H](Cc2ccc(O)c(Br)c2)[C@@H]1O,CHEMBL1760862,100000.0,100.0
O=S1(=O)C[C@@H](Cc2ccc(O)c(Br)c2)[C@H](O)[C@@H](NCc2ccccc2)C1,CHEMBL1760863,66000.0,66.0
CC(C)c1ccnc(CN[C@H]2CS(=O)(=O)C[C@@H](Cc3ccc(O)c(Br)c3)[C@@H]2O)c1,CHEMBL1760864,4300.0,4.3
CC(C)(C)c1cccc(CN[C@H]2CS(=O)(=O)C[C@@H](Cc3ccc(O)c(Br)c3)[C@@H]2O)c1,CHEMBL1760865,55.0,0.055
CC(C)Oc1cccc(CN[C@H]2CS(=O)(=O)C[C@@H](Cc3ccc(O)c(Br)c3)[C@@H]2O)c1,CHEMBL1760866,1400.0,1.4
O=S1(=O)C[C@@H](Cc2ccc(O)c(Br)c2)[C@H](O)[C@@H](NCc2cc(Cl)cc(Cl)c2)C1,CHEMBL1760867,4200.0,4.2
CC(C)c1cccc(CN[C@H]2COC[C@@H](Cc3ccc(O)c(Br)c3)[C@@H]2O)c1,CHEMBL1760730,55000.0,55.0
O=S1(=O)C[C@@H](Cc2ccc(O)c(Br)c2)[C@H](O)[C@@H](NCc2cccc(C3CC3)c2)C1,CHEMBL1614769,950.0,0.95
CC(C)=CCc1c(-c2ccc(O)c3c2OC(C)(C)C=C3)oc2cc(O)cc(O)c2c1=O,CHEMBL1770312,5300.0,5.3
CC(C)=CC1Oc2cc(O)ccc2-c2oc3c4c(cc(O)c3c(=O)c21)OC(C)(C)C=C4,CHEMBL1770313,101200.0,101.2
CC(C)(O)CCc1c(-c2ccc(O)cc2O)oc2c3c(cc(O)c2c1=O)OC(C)(C)C=C3,CHEMBL1719948,135900.0,135.9
O=c1c(O)c(-c2ccc(O)cc2O)oc2cc(O)cc(O)c12,CHEMBL28626,12300.0,12.3
C/C(=C/Cc1c(-c2ccc(O)cc2O)oc2c3c(cc(O)c2c1=O)OC(C)(CO)C=C3)CO,CHEMBL1770315,103500.0,103.5
CC1(C)C=Cc2c(cc(O)c3c(=O)c4c(oc23)-c2ccc(O)cc2OC(C(C)(C)O)C4)O1,CHEMBL1770314,146100.0,146.1
CC(C)=CCc1c(-c2ccc(O)cc2O)oc2c3c(cc(O)c2c1=O)OC(C)(C)C=C3,CHEMBL464006,59400.0,59.4
O=c1cc(-c2ccc(O)cc2O)oc2cc(O)cc(O)c12,CHEMBL463145,60600.0,60.6
CC(C)=CCc1c(-c2ccc(O)cc2O)oc2c(CC=C(C)C)c(O)cc(O)c2c1=O,CHEMBL518543,3400.0,3.4
O=C(Nc1ncc(Cc2cccc(Cl)c2Cl)s1)c1ccc(CSc2nnc(-c3ccncc3)n2-c2ccccc2)cc1,CHEMBL1782309,100000.0,100.0
Cc1cc(C)nc(N/C(=N\C(=O)N2c3ccccc3Sc3ccccc32)Nc2cccc([N+](=O)[O-])c2)n1,CHEMBL1782310,28600.0,28.6
N#Cc1c(-c2ccc(F)cc2)cc(-c2ccccc2)nc1SCC(=O)NC12CC3CC(CC(C3)C1)C2,CHEMBL1782311,118000.0,118.0
CCc1nnc(NC(=O)CSc2nc(-c3ccc(F)cc3)cc(-c3ccccc3)c2C#N)s1,CHEMBL1504056,50000.0,50.0
COc1ccc(-c2cc(-c3ccc(Cl)cc3)c(C#N)c(SCC(=O)N(c3ccccc3)c3ccc4ccccc4c3)n2)cc1,CHEMBL1782312,50000.0,50.0
Cc1nn(-c2ccccc2)c(Cl)c1C1Nc2ccccc2-c2nnc(SCc3ccccc3)nc2O1,CHEMBL1782313,100000.0,100.0
Cc1nc(N/C(=N\C(=O)Nc2ccccc2)NC(=O)Nc2ccccc2)nc2ccccc12,CHEMBL1782314,3000.0,3.0
O=C(CSc1nnc(Cc2c[nH]c3ccccc23)n1Cc1ccccc1)c1c[nH]c2ccccc12,CHEMBL1782315,100000.0,100.0
O=S(=O)(c1ccc(Br)cc1)N(c1cnn(Cc2ccc(Cl)c(Cl)c2)c1)S(=O)(=O)c1ccc(Br)cc1,CHEMBL1782316,90000.0,90.0
N#Cc1c(-c2ccccc2)cc(-c2ccccc2)nc1SCC(=O)Nc1cccc([N+](=O)[O-])c1,CHEMBL1782317,20000.0,20.0
Cc1ccc(NC(=O)Cc2nnc(SCC(=O)Nc3nc(-c4ccccc4)cs3)n2C)cc1,CHEMBL1782318,21000.0,21.0
O=C(CSc1nc2ccc(Nc3nc(N4CCCCC4)nc(N4CCCCC4)n3)cc2s1)Nc1ccccc1F,CHEMBL1782319,10200.0,10.2
N#Cc1c(NC(=O)COC(=O)CSc2nc(-c3ccccc3)cc(-c3ccccc3)n2)sc2c1CCCC2,CHEMBL1782320,34500.0,34.5
N#Cc1c(NC(=O)C(F)(F)C(F)(F)C(F)(F)C(F)(F)C(=O)Nc2sc3c(c2C#N)CCCCCC3)sc2c1CCCCCC2,CHEMBL1782321,12200.0,12.2
COc1cccc(CNC[C@H](Cc2ccccc2)n2cc(-c3cc(C(=O)N[C@H](C)c4ccccc4)cc(N(C)S(C)(=O)=O)c3)nn2)c1,CHEMBL1795871,7000.0,7.0
C[C@@H](NC(=O)c1cc(-c2cn([C@H](CNCc3cccc(Br)c3)Cc3ccccc3)nn2)cc(N(C)S(C)(=O)=O)c1)c1ccccc1,CHEMBL1795872,2000.0,2.0
C#Cc1cccc(NC2CC(O)C(Nc3cccc(-c4cn([C@H](CNCc5cccc(Br)c5)Cc5ccccc5)nn4)c3)CC2O)c1,CHEMBL1795873,3400.0,3.4
C#Cc1cccc(NC2CC(Nc3cccc(-c4cn([C@H](CNCc5cccc(Br)c5)Cc5ccccc5)nn4)c3)C(O)CC2O)c1,CHEMBL1795874,2400.0,2.4
CC(C)C[C@H](NC(=O)[C@@H](NC(=O)[C@@H](N)CNC(=O)c1[nH]c(=O)[nH]c(=O)c1F)C(C)C)C(=O)N[C@@H](Cc1ccccc1)[C@@H](O)C(=O)N[C@H](C)c1ccccc1,CHEMBL1817733,34.8,34.8
CC(C)[C@H](NC(=O)[C@@H](N)CNC(=O)c1[nH]c(=O)[nH]c(=O)c1F)C(=O)N[C@@H](CC1CCCCC1)C(=O)N[C@@H](Cc1ccccc1)[C@@H](O)C(=O)N[C@H](C)c1ccccc1,CHEMBL1817734,39.6,39.6
CC(C)C[C@H](NC(=O)[C@@H](NC(=O)[C@@H](N)CNC(=O)c1[nH]c(=O)[nH]c(=O)c1F)C(C)C)C(=O)N[C@@H](Cc1ccccc1)[C@@H](O)C(=O)N[C@@H](C)c1ccccc1,CHEMBL1817737,20.4,20.4
CC(C)[C@H](NC(=O)[C@@H](N)CNC(=O)c1[nH]c(=O)[nH]c(=O)c1F)C(=O)N[C@@H](CC1CCCCC1)C(=O)N[C@@H](Cc1ccccc1)[C@@H](O)C(=O)N[C@@H](C)c1ccccc1,CHEMBL1817738,24.2,24.2
CC(C)C[C@H](NC(=O)[C@@H](NC(=O)[C@@H](N)CNC(=O)c1[nH]c(=O)[nH]c(=O)c1F)C(C)C)C(=O)N[C@@H](Cc1ccccc1)[C@@H](O)C(=O)NC(C)(C)c1ccccc1,CHEMBL1817741,27.0,27.0
CC(C)[C@H](NC(=O)[C@@H](N)CNC(=O)c1[nH]c(=O)[nH]c(=O)c1F)C(=O)N[C@@H](CC1CCCCC1)C(=O)N[C@@H](Cc1ccccc1)[C@@H](O)C(=O)NC(C)(C)c1ccccc1,CHEMBL1817742,31.9,31.9
CC(C)C[C@H](NC(=O)[C@@H](NC(=O)[C@@H](N)CNC(=O)c1[nH]c(=O)[nH]c(=O)c1F)C(C)C)C(=O)N[C@@H](Cc1ccccc1)[C@@H](O)C(=O)NC1(c2ccccc2)CCCC1,CHEMBL1817745,11.6,11.6
CC(C)[C@H](NC(=O)[C@@H](N)CNC(=O)c1[nH]c(=O)[nH]c(=O)c1F)C(=O)N[C@@H](CC1CCCCC1)C(=O)N[C@@H](Cc1ccccc1)[C@@H](O)C(=O)NC1(c2ccccc2)CCCC1,CHEMBL1817746,29.0,29.0
CC(C)C[C@H](NC(=O)[C@@H](NC(=O)[C@@H](N)CNC(=O)c1[nH]c(=O)[nH]c(=O)c1F)C(C)C)C(=O)N[C@@H](Cc1ccccc1)[C@@H](O)C(=O)NC1(c2ccccc2)CCCCC1,CHEMBL1817776,24.8,24.8
CC(C)[C@H](NC(=O)[C@@H](N)CNC(=O)c1[nH]c(=O)[nH]c(=O)c1F)C(=O)N[C@@H](CC1CCCCC1)C(=O)N[C@@H](Cc1ccccc1)[C@@H](O)C(=O)NC1(c2ccccc2)CCCCC1,CHEMBL1817777,40.6,40.6
Clc1ccc2c(NCCCCCCCNc3c4c(nc5ccccc35)-c3ccccc3C4)c3c(nc2c1)CCCC3,CHEMBL1819176,1000.0,1.0
c1ccc2c(c1)Cc1c-2nc2ccccc2c1NCCCCCCCNc1c2c(nc3ccccc13)-c1ccccc1C2,CHEMBL1819180,400.0,0.4
Nc1ccc2cccc(Br)c2n1,CHEMBL1821798,562000.0,562.0
Nc1ccc2ccc(Br)cc2n1,CHEMBL1821799,460000.0,460.0
Nc1ccc2cc(Br)ccc2n1,CHEMBL189197,338000.0,338.0
Nc1ccc2c(Br)cccc2n1,CHEMBL1821800,400000.0,400.0
Cc1ccccc1-c1ccc2nc(N)c(CCC(=O)N(C)C3CCCCC3)cc2c1,CHEMBL1821810,5200.0,5.2
Cc1ccccc1-c1ccc2nc(N)c(CCC(=O)NC3CCCCC3)cc2c1,CHEMBL1821811,74.0,0.074
Cc1ccccc1-c1ccc2nc(N)c(CCC(=O)NCC3CCCCC3)cc2c1,CHEMBL1821812,34.0,0.034
Cc1ccccc1-c1ccc2nc(N)c(CC(C)C(=O)NCC3CCCCC3)cc2c1,CHEMBL1821814,3.7,0.0037
Cc1ccccc1-c1ccc2nc(N)c(C[C@@H](C)C(=O)NCC3CCCCC3)cc2c1,CHEMBL1821815,2.5,0.0025
Cc1ccccc1-c1ccc2nc(N)c(C[C@H](C)C(=O)NCC3CCCCC3)cc2c1,CHEMBL1821816,970.0,0.97
CCC(Cc1cc2cc(-c3ccccc3C)ccc2nc1N)C(=O)NCC1CCCCC1,CHEMBL1821817,16.0,0.016
Cc1ccccc1-c1ccc2nc(N)c(CC(C(=O)NCC3CCCCC3)C(C)C)cc2c1,CHEMBL1821818,27.0,0.027
CCCC(Cc1cc2cc(-c3ccccc3C)ccc2nc1N)C(=O)NCC1CCCCC1,CHEMBL1821819,11.0,0.011
Cc1ccccc1-c1ccc2nc(N)c(C[C@@H](C)C(=O)NCCC(C)(C)C)cc2c1,CHEMBL1821820,0.65,0.00065
Cc1ccccc1-c1ccc2nc(N)c(C[C@@H](C)C(=O)NCc3ccccc3)cc2c1,CHEMBL1821821,20.0,0.02
Cc1ccccc1-c1ccc2nc(N)c(CC(C)C(=O)NCc3cccnc3)cc2c1,CHEMBL1821822,88.0,0.088
Cc1ccccc1-c1ccc2nc(N)c(CC(C)C(=O)NCc3cncs3)cc2c1,CHEMBL1821823,31.0,0.031
Cc1ccccc1-c1ccc2nc(N)c(C[C@@H](C)C(=O)NCc3cnccn3)cc2c1,CHEMBL1821824,50.0,0.05
Cc1ccccc1-c1ccc2nc(N)c(C[C@@H](C)C(=O)NCC3CCOCC3)cc2c1,CHEMBL1821825,10.0,0.01
Cc1ccccc1-c1ccc2nc(N)c(C[C@@H](C)C(=O)N[C@@H]3CCOC(C)(C)C3)cc2c1,CHEMBL1821728,0.7,0.0007
Cc1cccnc1-c1ccc2nc(N)c(C[C@@H](C)C(=O)NCCC(C)(C)C)cc2c1,CHEMBL1821826,16.0,0.016
C[C@H](Cc1cc2cc(-c3ncccc3Cl)ccc2nc1N)C(=O)NCCC(C)(C)C,CHEMBL1821827,11.0,0.011
COc1cccnc1-c1ccc2nc(N)c(CC(C)C(=O)NCCC(C)(C)C)cc2c1,CHEMBL1821828,97.0,0.097
CC(Cc1cc2cc(-c3ncccc3C#N)ccc2nc1N)C(=O)NCCC(C)(C)C,CHEMBL1821829,390.0,0.39
CC(=O)c1ccccc1-c1ccc2nc(N)c(CC(C)C(=O)NCCC(C)(C)C)cc2c1,CHEMBL1821830,15.0,0.015
CN1C(=O)C(c2cccc(-c3cncnc3)c2)(c2cnn(C)c2)N=C1N,CHEMBL1824133,100.0,0.1
CCn1cc(C2(c3cccc(-c4cncnc4)c3)N=C(N)N(C)C2=O)cn1,CHEMBL1824134,80.0,0.08
CCn1cc(C2(c3ccc(F)c(-c4cncnc4)c3)N=C(N)N(C)C2=O)cn1,CHEMBL1824135,40.0,0.04
CN1C(=O)C(c2ccc(F)c(-c3cncnc3)c2)(c2cnn(CC(F)(F)F)c2)N=C1N,CHEMBL1824136,120.0,0.12
CC(C)n1cc(C2(c3ccc(F)c(-c4cncnc4)c3)N=C(N)N(C)C2=O)cn1,CHEMBL1824137,80.0,0.08
CC(C)Cn1cc(C2(c3cccc(-c4cncnc4)c3)N=C(N)N(C)C2=O)cn1,CHEMBL1824138,30.0,0.03
CC(C)CCn1cc(C2(c3cccc(-c4cncnc4)c3)N=C(N)N(C)C2=O)cn1,CHEMBL1824139,30.0,0.03
CN1C(=O)C(c2cccc(-c3cncnc3)c2)(c2cnn(CCC(C)(C)C)c2)N=C1N,CHEMBL1824140,20.0,0.02
CCCCn1cc(C2(c3cccc(-c4cncnc4)c3)N=C(N)N(C)C2=O)cn1,CHEMBL1824141,8.0,0.008
CN1C(=O)C(c2cccc(-c3cncnc3)c2)(c2cnn(C3CCCC3)c2)N=C1N,CHEMBL1824142,70.0,0.07
CN1C(=O)C(c2cccc(-c3cncnc3)c2)(c2cnn(CCC3CCCCC3)c2)N=C1N,CHEMBL1824143,20.0,0.02
CCn1cc(C2(c3cccc(-c4cccnc4F)c3)N=C(N)N(C)C2=O)cn1,CHEMBL1824144,30.0,0.03
CCn1cc(C2(c3ccc(F)c(-c4cccnc4F)c3)N=C(N)N(C)C2=O)cn1,CHEMBL1824336,30.0,0.03
CN1C(=O)C(c2cccc(-c3cccnc3F)c2)(c2cnn(CCF)c2)N=C1N,CHEMBL1824337,50.0,0.05
CC(C)n1cc(C2(c3ccc(F)c(-c4cccnc4F)c3)N=C(N)N(C)C2=O)cn1,CHEMBL1824339,40.0,0.04
CC(C)Cn1cc(C2(c3cccc(-c4cccnc4F)c3)N=C(N)N(C)C2=O)cn1,CHEMBL1824340,20.0,0.02
CC(C)CCn1cc(C2(c3cccc(-c4cccnc4F)c3)N=C(N)N(C)C2=O)cn1,CHEMBL1824341,16.0,0.016
CN1C(=O)C(c2cccc(-c3cccnc3F)c2)(c2cnn(CCC(C)(C)C)c2)N=C1N,CHEMBL1824342,20.0,0.02
CCC(CC)Cn1cc(C2(c3cccc(-c4cccnc4F)c3)N=C(N)N(C)C2=O)cn1,CHEMBL1824343,20.0,0.02
CCCCn1cc(C2(c3cccc(-c4cccnc4F)c3)N=C(N)N(C)C2=O)cn1,CHEMBL1824344,10.0,0.01
CN1C(=O)C(c2cccc(-c3cccnc3F)c2)(c2cnn(C3CCCC3)c2)N=C1N,CHEMBL1824345,20.0,0.02
CN1C(=O)C(c2ccsc2)(c2cccc(-c3cncnc3)c2)N=C1N,CHEMBL1824346,70.0,0.07
Cc1cc(C2(c3cccc(-c4cncnc4)c3)N=C(N)N(C)C2=O)cs1,CHEMBL1824347,140.0,0.14
Cc1sccc1C1(c2cccc(-c3cncnc3)c2)N=C(N)N(C)C1=O,CHEMBL1824348,370.0,0.37
CCc1cc(C2(c3cccc(-c4cncnc4)c3)N=C(N)N(C)C2=O)cs1,CHEMBL1824349,80.0,0.08
CCc1cc(C2(c3cccc(-c4cncnc4)c3)N=C(N)N(C)C2=O)c(C)s1,CHEMBL1824350,180.0,0.18
CN1C(=O)C(c2cccc(-c3cncnc3)c2)(c2csc(Cl)c2)N=C1N,CHEMBL1824351,80.0,0.08
Cc1cc(C2(c3cccc(-c4cncnc4)c3)N=C(N)N(C)C2=O)c(Cl)s1,CHEMBL1824352,470.0,0.47
CCC(=O)c1cc(C2(c3cccc(-c4cncnc4)c3)N=C(N)N(C)C2=O)cs1,CHEMBL1824353,15.0,0.015
CN1C(=O)C(c2ccsc2)(c2cccc(-c3cccnc3)c2)N=C1N,CHEMBL1824354,60.0,0.06
CN1C(=O)C(c2ccsc2)(c2cccc(-c3cccnc3F)c2)N=C1N,CHEMBL1824355,40.0,0.04
CN1C(=O)C(c2ccsc2)(c2ccc(F)c(-c3cccnc3)c2)N=C1N,CHEMBL1824356,90.0,0.09
CN1C(=O)C(c2ccsc2)(c2ccc(F)c(-c3cccnc3F)c2)N=C1N,CHEMBL1824357,30.0,0.03
COc1cncc(-c2cccc(C3(c4ccsc4)N=C(N)N(C)C3=O)c2)c1,CHEMBL1824358,40.0,0.04
CN1C(=O)C(c2ccsc2)(c2cccc(-c3cnccn3)c2)N=C1N,CHEMBL1824359,90.0,0.09
CCC(=O)c1cc(C2(c3cccc(-c4cccnc4F)c3)N=C(N)N(C)C2=O)cs1,CHEMBL1824360,15.0,0.015
CCn1cc([C@@]2(c3cccc(-c4cccnc4F)c3)N=C(N)N(C)C2=O)cn1,CHEMBL1824335,1960.0,1.96
CCn1cc([C@]2(c3cccc(-c4cccnc4F)c3)N=C(N)N(C)C2=O)cn1,CHEMBL1824145,10.0,0.01
CN1C(=O)[C@](c2cccc(-c3cccnc3F)c2)(c2cnn(CC(F)(F)F)c2)N=C1N,CHEMBL1824338,30.0,0.03
CCC(=O)c1cc([C@]2(c3cccc(-c4cccnc4F)c3)N=C(N)N(C)C2=O)cs1,CHEMBL1824361,10.0,0.01
O=C(c1ccccc1)N(CC(O)Cn1c2ccccc2c2ccccc21)c1ccccc1,CHEMBL1909683,10000.0,10.0
O=C(c1ccc(Cl)cc1)N(CC(O)Cn1c2ccccc2c2ccccc21)c1ccccc1,CHEMBL1909684,4700.0,4.7
COc1ccc(C(=O)N(CC(O)Cn2c3ccccc3c3ccccc32)c2ccccc2)cc1,CHEMBL1909685,3800.0,3.8
O=C(c1ccc(Cl)c(Cl)c1)N(CC(O)Cn1c2ccccc2c2ccccc21)c1ccccc1,CHEMBL1909686,2500.0,2.5
O=C(c1ccccc1)N(CC(O)Cn1c2ccccc2c2ccccc21)c1ccc(C(F)(F)F)cc1,CHEMBL1909687,10000.0,10.0
O=C(c1ccccc1)N(CC(O)Cn1c2ccccc2c2ccccc21)c1ccc([N+](=O)[O-])cc1,CHEMBL1909688,10000.0,10.0
O=C(c1ccccc1)N(CC(O)Cn1c2ccccc2c2ccccc21)c1ccc(Cl)cc1,CHEMBL1909689,10000.0,10.0
O=C(c1ccccc1)N(CC(O)Cn1c2ccccc2c2ccccc21)c1ccc(F)cc1,CHEMBL1909690,10000.0,10.0
Cc1ccc(N(CC(O)Cn2c3ccccc3c3ccccc32)C(=O)c2ccccc2)cc1,CHEMBL1909691,10000.0,10.0
O=C(c1ccccc1)N(Cc1ccccc1)CC(O)Cn1c2ccccc2c2ccccc21,CHEMBL1909692,10000.0,10.0
O=C(c1ccc(Cl)cc1)N(Cc1ccccc1)CC(O)Cn1c2ccccc2c2ccccc21,CHEMBL1909693,10000.0,10.0
COc1ccc(C(=O)N(Cc2ccccc2)CC(O)Cn2c3ccccc3c3ccccc32)cc1,CHEMBL1909694,10000.0,10.0
O=C(c1ccc(Cl)c(Cl)c1)N(Cc1ccccc1)CC(O)Cn1c2ccccc2c2ccccc21,CHEMBL1909695,10000.0,10.0
O=C(c1ccccc1)N(Cc1ccc(Cl)cc1)CC(O)Cn1c2ccccc2c2ccccc21,CHEMBL1909696,10000.0,10.0
Cc1ccc(CN(CC(O)Cn2c3ccccc3c3ccccc32)C(=O)c2ccccc2)cc1,CHEMBL1909697,10000.0,10.0
COc1ccc(CN(CC(O)Cn2c3ccccc3c3ccccc32)C(=O)c2ccccc2)cc1,CHEMBL1909698,10000.0,10.0
O=C(c1ccccc1)N(CCc1ccccc1)CC(O)Cn1c2ccccc2c2ccccc21,CHEMBL1909699,4800.0,4.8
O=C(c1ccccc1)N(CC(O)Cn1c2ccccc2c2ccccc21)C1CCCCC1,CHEMBL1909700,10000.0,10.0
OC(CNc1cccc2ccccc12)Cn1c2ccccc2c2ccccc21,CHEMBL579169,2990.0,2.99
CCC(C)[C@@]1(NC(C)=O)CCN([C@@H](CCc2ccccc2)C(=O)N[C@@H](Cc2cc(F)cc(F)c2)[C@H](O)CNCc2cccc(OC)c2)C1=O,CHEMBL1914472,6.1,6.1
COc1cccc(CNC[C@@H](O)[C@H](Cc2cc(F)cc(F)c2)NC(=O)[C@H](CCc2ccccc2)N2CC[C@@](CC3CC3)(NC(C)=O)C2=O)c1,CHEMBL1915751,11.0,11.0
CCCC[C@H]1CCN([C@@H](CCc2ccccc2)C(=O)N[C@@H](Cc2cc(F)cc(F)c2)[C@H](O)CNCc2cccc(OC)c2)C1=O,CHEMBL1915974,38.0,38.0
COc1cccc(CNC[C@@H](O)[C@H](Cc2cc(F)cc(F)c2)NC(=O)[C@H](CCc2ccccc2)N2CC[C@H](C(C)C)C2=O)c1,CHEMBL1915975,75.0,75.0
COc1cccc(CNC[C@@H](O)[C@H](Cc2cc(F)cc(F)c2)NC(=O)[C@H](CCc2ccccc2)N2CC[C@H](CC(C)C)C2=O)c1,CHEMBL1915976,20.0,20.0
COC[C@H]1CCN([C@@H](CCc2ccccc2)C(=O)N[C@@H](Cc2cc(F)cc(F)c2)[C@H](O)CNCc2cccc(OC)c2)C1=O,CHEMBL1915977,32.0,32.0
CCC[C@@H](O)[C@H]1CCN([C@@H](CCc2ccccc2)C(=O)N[C@@H](Cc2cc(F)cc(F)c2)[C@H](O)CNCc2cccc(OC)c2)C1=O,CHEMBL1915978,5.2,5.2
COc1cccc(CNC[C@@H](O)[C@H](Cc2cc(F)cc(F)c2)NC(=O)[C@H](C)N2CC[C@@](CC3CC3)(NC(C)=O)C2=O)c1,CHEMBL1915979,46.0,46.0
CCCC[C@H]1CCN([C@@H](C)C(=O)N[C@@H](Cc2cc(F)cc(F)c2)[C@H](O)CNCc2cccc(OC)c2)C1=O,CHEMBL1915980,60.0,60.0
COc1cccc(CNC[C@@H](O)[C@H](Cc2cc(F)cc(F)c2)NC(=O)[C@H](C)N2CC[C@H](C(C)C)C2=O)c1,CHEMBL1915981,170.0,170.0
COc1cccc(CNC[C@@H](O)[C@H](Cc2cc(F)cc(F)c2)NC(=O)[C@H](C)N2CC[C@H](CC(C)C)C2=O)c1,CHEMBL1915982,89.0,89.0
COC[C@H]1CCN([C@@H](C)C(=O)N[C@@H](Cc2cc(F)cc(F)c2)[C@H](O)CNCc2cccc(OC)c2)C1=O,CHEMBL1915983,480.0,480.0
CCC[C@@H](O)[C@H]1CCN([C@@H](C)C(=O)N[C@@H](Cc2cc(F)cc(F)c2)[C@H](O)CNCc2cccc(OC)c2)C1=O,CHEMBL1915984,68.0,68.0
CC(=O)N[C@]1(CC(C)C)CCN([C@@H](CCc2ccccc2)C(=O)N[C@@H](Cc2cc(F)cc(F)c2)[C@H](O)[C@H]2Cc3ccccc3CN2)C1=O,CHEMBL1915985,8.6,8.6
CCC(C)[C@@]1(NC(C)=O)CCN([C@@H](CCc2ccccc2)C(=O)N[C@@H](Cc2cc(F)cc(F)c2)[C@H](O)[C@H]2Cc3ccccc3CN2)C1=O,CHEMBL1915986,54.0,54.0
CCC(C)[C@@]1(NC(C)=O)CCN([C@@H](CCc2ccccc2)C(=O)N[C@@H](Cc2cc(F)cc(F)c2)[C@H](O)[C@H]2Cc3cccc(OC)c3CN2)C1=O,CHEMBL1915989,4.2,4.2
CCCO[C@H]1CN[C@@H]([C@@H](O)[C@H](Cc2cc(F)cc(F)c2)NC(=O)[C@H](CCc2ccccc2)N2CC[C@@](CC(C)C)(NC(C)=O)C2=O)C1,CHEMBL1915990,1.4,1.4
CCCO[C@H]1CN[C@@H]([C@@H](O)[C@H](Cc2cc(F)cc(F)c2)NC(=O)[C@H](CCc2ccccc2)N2CC[C@](NC(C)=O)(C(C)CC)C2=O)C1,CHEMBL1915991,2.6,2.6
CCCC[C@H]1CCN([C@@H](CCc2ccccc2)C(=O)N[C@@H](Cc2cc(F)cc(F)c2)[C@H](O)[C@H]2C[C@@H](OCCC)CN2)C1=O,CHEMBL1915992,19.0,19.0
CCCO[C@H]1CN[C@@H]([C@@H](O)[C@H](Cc2cc(F)cc(F)c2)NC(=O)[C@H](CCc2ccccc2)N2CC[C@H](C(C)C)C2=O)C1,CHEMBL1915993,21.0,21.0
CCCO[C@H]1CN[C@@H]([C@@H](O)[C@H](Cc2cc(F)cc(F)c2)NC(=O)[C@H](CCc2ccccc2)N2CC[C@H](CC(C)C)C2=O)C1,CHEMBL1915994,5.7,5.7
CCCO[C@H]1CN[C@@H]([C@@H](O)[C@H](Cc2cc(F)cc(F)c2)NC(=O)[C@H](CCc2ccccc2)N2CC[C@H](COC)C2=O)C1,CHEMBL1915995,23.0,23.0
CCCO[C@H]1CN[C@@H]([C@@H](O)[C@H](Cc2cc(F)cc(F)c2)NC(=O)[C@H](CCc2ccccc2)N2CC[C@H]([C@H](O)CCC)C2=O)C1,CHEMBL1915996,4.7,4.7
CCCC[C@H]1CCN([C@@H](C)C(=O)N[C@@H](Cc2cc(F)cc(F)c2)[C@H](O)[C@H]2C[C@@H](OCCC)CN2)C1=O,CHEMBL1915997,87.0,87.0
CCCO[C@H]1CN[C@@H]([C@@H](O)[C@H](Cc2cc(F)cc(F)c2)NC(=O)[C@H](C)N2CC[C@H](C(C)C)C2=O)C1,CHEMBL1915998,160.0,160.0
CCCO[C@H]1CN[C@@H]([C@@H](O)[C@H](Cc2cc(F)cc(F)c2)NC(=O)[C@H](C)N2CC[C@H](CC(C)C)C2=O)C1,CHEMBL1915999,35.0,35.0
CCCO[C@H]1CN[C@@H]([C@@H](O)[C@H](Cc2cc(F)cc(F)c2)NC(=O)[C@H](C)N2CC[C@H]([C@H](O)CCC)C2=O)C1,CHEMBL1916000,70.0,70.0
CCC(C)[C@@]1(NC(C)=O)CCN([C@@H](CCc2ccccc2)C(=O)N[C@@H](Cc2cc(F)cc(F)c2)[C@H](O)[C@H]2C[C@@H](O)CN2)C1=O,CHEMBL1916001,6.5,6.5
CCCC[C@H]1CCN([C@@H](CCc2ccccc2)C(=O)N[C@@H](Cc2cc(F)cc(F)c2)[C@H](O)[C@H]2C[C@@H](O)CN2)C1=O,CHEMBL1916002,25.0,25.0
CCC(C)[C@@]1(NC(C)=O)CCN([C@@H](CCc2ccccc2)C(=O)N[C@@H](Cc2cc(F)cc(F)c2)[C@H](O)[C@H]2C[C@H](O)CN2)C1=O,CHEMBL1916003,0.89,0.89
CCCC[C@H]1CCN([C@@H](CCc2ccccc2)C(=O)N[C@@H](Cc2cc(F)cc(F)c2)[C@H](O)[C@H]2C[C@H](O)CN2)C1=O,CHEMBL1916004,110.0,110.0
CCC[C@@H](O)[C@H]1CCN([C@@H](CCc2ccccc2)C(=O)N[C@@H](Cc2cc(F)cc(F)c2)[C@H](O)[C@H]2C[C@H](O)CN2)C1=O,CHEMBL1916005,16.0,16.0
CCC(C)[C@@]1(NC(C)=O)CCN([C@@H](C)C(=O)N[C@@H](Cc2cc(F)cc(F)c2)[C@H](O)[C@H]2C[C@H](O)CN2)C1=O,CHEMBL1916006,31.0,31.0
CCCC[C@H]1CCN([C@@H](C)C(=O)N[C@@H](Cc2cc(F)cc(F)c2)[C@H](O)[C@H]2C[C@H](O)CN2)C1=O,CHEMBL1916007,96.0,96.0
CCC[C@@H](O)[C@H]1CCN([C@@H](C)C(=O)N[C@@H](Cc2cc(F)cc(F)c2)[C@H](O)[C@H]2C[C@H](O)CN2)C1=O,CHEMBL1916156,40.0,40.0
CCC(C)[C@@]1(NC(C)=O)CCN([C@@H](CCc2ccccc2)C(=O)N[C@@H](Cc2cc(F)cc(F)c2)[C@H](O)[C@H]2C[C@@H](Oc3ccccc3)CN2)C1=O,CHEMBL1916157,2.6,2.6
CCC(C)[C@@]1(NC(C)=O)CCN([C@@H](CCc2ccccc2)C(=O)N[C@@H](Cc2cc(F)cc(F)c2)[C@H](O)[C@H]2C[C@@H](Oc3ccccn3)CN2)C1=O,CHEMBL1916158,2.6,2.6
CCC(C)[C@@]1(NC(C)=O)CCN([C@@H](CCc2ccccc2)C(=O)N[C@@H](Cc2cc(F)cc(F)c2)[C@H](O)[C@H]2C[C@@H](Oc3cccnc3)CN2)C1=O,CHEMBL1916159,5.9,5.9
CCC(C)[C@@]1(NC(C)=O)CCN([C@@H](CCc2ccccc2)C(=O)N[C@@H](Cc2cc(F)cc(F)c2)[C@H](O)[C@H]2C[C@@H](N)CN2)C1=O,CHEMBL1916163,34.0,34.0
CCC(C)[C@@]1(NC(C)=O)CCN([C@@H](CCc2ccccc2)C(=O)N[C@@H](Cc2cc(F)cc(F)c2)[C@H](O)[C@H]2C[C@H](N)CN2)C1=O,CHEMBL1916164,50.0,50.0
CCC(C)[C@@]1(NC(C)=O)CCN([C@@H](CCc2ccccc2)C(=O)N[C@@H](Cc2cc(F)cc(F)c2)[C@H](O)[C@H]2C[C@@H](OCc3cccc(C(F)(F)F)c3)CN2)C1=O,CHEMBL1916166,2.7,2.7
CCC(C)[C@@]1(NC(C)=O)CCN([C@@H](CCc2ccccc2)C(=O)N[C@@H](Cc2cc(F)cc(F)c2)[C@H](O)[C@H]2C[C@@H](OCc3cccc(C#N)c3)CN2)C1=O,CHEMBL1916167,3.0,3.0
CCC(C)[C@@]1(NC(C)=O)CCN([C@@H](CCc2ccccc2)C(=O)N[C@@H](Cc2cc(F)cc(F)c2)[C@H](O)[C@H]2C[C@@H](OCc3ccc(F)cc3)CN2)C1=O,CHEMBL1916168,10.0,10.0
CCC(C)[C@@]1(NC(C)=O)CCN([C@@H](CCc2ccccc2)C(=O)N[C@@H](Cc2cc(F)cc(F)c2)[C@H](O)[C@H]2C[C@@H](OCc3ccccn3)CN2)C1=O,CHEMBL1916169,1.5,1.5
CCC(C)[C@@]1(NC(C)=O)CCN([C@@H](CCc2ccccc2)C(=O)N[C@@H](Cc2cc(F)cc(F)c2)[C@H](O)[C@H]2C[C@@H](OCc3cccnc3)CN2)C1=O,CHEMBL1916170,1.4,1.4
CCCC[C@H]1CCN([C@@H](CCc2ccccc2)C(=O)N[C@@H](Cc2cc(F)cc(F)c2)[C@H](O)[C@H]2Cc3ccccc3CN2)C1=O,CHEMBL1915987,1400.0,1400.0
CCCC[C@H]1CCN([C@@H](C)C(=O)N[C@@H](Cc2cc(F)cc(F)c2)[C@H](O)[C@H]2Cc3ccccc3CN2)C1=O,CHEMBL1915988,720.0,720.0
CCCC[C@H]1CCN([C@@H](CCc2ccccc2)C(=O)N[C@@H](Cc2cc(F)cc(F)c2)[C@H](O)[C@H]2C[C@@H](Oc3ccccn3)CN2)C1=O,CHEMBL1916160,360.0,360.0
CC(C)C[C@H]1CCN([C@@H](CCc2ccccc2)C(=O)N[C@@H](Cc2cc(F)cc(F)c2)[C@H](O)[C@H]2C[C@@H](Oc3ccccn3)CN2)C1=O,CHEMBL1916161,510.0,510.0
CC(C)C[C@H]1CCN([C@@H](C)C(=O)N[C@@H](Cc2cc(F)cc(F)c2)[C@H](O)[C@H]2C[C@@H](Oc3ccccn3)CN2)C1=O,CHEMBL1916162,330.0,330.0
CCC(C)[C@@]1(NC(C)=O)CCN([C@@H](CCc2ccccc2)C(=O)N[C@@H](Cc2cc(F)cc(F)c2)[C@H](O)[C@H]2C[C@@H](OCc3ccccc3)CN2)C1=O,CHEMBL1916165,12.0,12.0
CCC(C)[C@H](N)C(=O)N[C@@H](CCc1ccccc1)C(=O)N[C@@H](CC(C)C)[C@@H](O)C[C@@H](C)C(=O)NCCCCc1ccccc1,CHEMBL1917900,88.0,88.0
CCC(C)[C@@]1(N)CCN([C@@H](CCc2ccccc2)C(=O)N[C@@H](CC(C)C)[C@@H](O)C[C@@H](C)C(=O)NCCCCc2ccccc2)C1=O,CHEMBL1917901,141.0,141.0
CCC(C)[C@@]1(NC(C)=O)CCN([C@@H](CCc2ccccc2)C(=O)N[C@@H](Cc2cc(F)cc(F)c2)[C@H](O)C2Cc3ccccc3CN2)C1=O,CHEMBL1917903,54.0,54.0
CCC(C)[C@@]1(NC(C)=O)CCN([C@@H](CCc2ccccc2)C(=O)N[C@@H](Cc2cc(F)cc(F)c2)[C@H](O)[C@@H]2Cc3ccccc3CN2)C1=O,CHEMBL1917904,600.0,600.0
CC(=O)N[C@]1(CC(C)C)CCN([C@@H](CCc2ccccc2)C(=O)N[C@@H](Cc2cc(F)cc(F)c2)[C@H](O)C2Cc3ccccc3CN2)C1=O,CHEMBL1917905,8.0,8.0
CCCOc1cccc2c1CNC([C@@H](O)[C@H](Cc1cc(F)cc(F)c1)NC(=O)[C@H](CCc1ccccc1)N1CC[C@](NC(C)=O)(C(C)CC)C1=O)C2,CHEMBL1917906,17.0,17.0
CCC(C)[C@@]1(NC(C)=O)CCN([C@@H](CCc2ccccc2)C(=O)N[C@@H](Cc2cc(F)cc(F)c2)[C@H](O)C2Cc3cccc(OC)c3CN2)C1=O,CHEMBL1917907,4.0,4.0
CCC(C)[C@@]1(NC(C)=O)CCN([C@@H](CCc2ccccc2)C(=O)N[C@@H](Cc2cc(F)cc(F)c2)[C@H](O)[C@@H]2Cc3cccc(OC)c3CN2)C1=O,CHEMBL1917908,140.0,140.0
CCC(C)[C@@]1(NC(C)=O)CCN([C@@H](CCc2ccccc2)C(=O)N[C@@H](Cc2cc(F)cc(F)c2)[C@H](O)C2Cc3cccc(O)c3CN2)C1=O,CHEMBL1917909,870.0,870.0
CCCN(CCC)C(=O)c1cccc(C(=O)N[C@@H](Cc2cc(F)cc(F)c2)[C@H](O)[C@H]2Cc3ccccc3CN2)c1,CHEMBL1917910,1100.0,1100.0
CCCCN(C)C(=O)n1cc(C(=O)N[C@@H](Cc2cc(F)cc(F)c2)[C@H](O)[C@H]2Cc3ccccc3CN2)c2cccnc21,CHEMBL1917911,1200.0,1200.0
CCC(C)[C@@]1(NC(C)=O)CCN([C@@H](CCc2ccccc2)C(=O)N[C@@H](Cc2ccccc2)[C@H](O)CNCc2cccc(OC)c2)C1=O,CHEMBL1917902,5.0,5.0
CCCS[C@H]1CN[C@@H]([C@@H](O)[C@H](Cc2cc(F)cc(F)c2)NC(=O)[C@H](CCc2ccccc2)N2CC[C@](NC(C)=O)(C(C)CC)C2=O)C1,CHEMBL1917912,15.0,15.0
CCCS(=O)(=O)[C@H]1CN[C@@H]([C@@H](O)[C@H](Cc2cc(F)cc(F)c2)NC(=O)[C@H](CCc2ccccc2)N2CC[C@](NC(C)=O)(C(C)CC)C2=O)C1,CHEMBL1917913,5.0,5.0
CCCS(=O)(=O)[C@@H]1CN[C@@H]([C@@H](O)[C@H](Cc2cc(F)cc(F)c2)NC(=O)[C@H](CCc2ccccc2)N2CC[C@](NC(C)=O)(C(C)CC)C2=O)C1,CHEMBL1917914,45.0,45.0
CCCN(CCC)C(=O)c1cc(C(=O)N[C@@H](Cc2cc(F)cc(F)c2)[C@H](O)[C@H]2C[C@@H](S(=O)(=O)CCC)CN2)cc(-c2ncco2)c1,CHEMBL1917915,68.0,68.0
CCC(C)[C@@]1(NC(C)=O)CCN([C@@H](CCc2ccccc2)C(=O)N[C@@H](Cc2cc(F)cc(F)c2)[C@H](O)[C@H]2C[C@@H](S(=O)(=O)c3ccccc3)CN2)C1=O,CHEMBL1917916,12.0,12.0
CCC(C)[C@@]1(NC(C)=O)CCN([C@@H](CCc2ccccc2)C(=O)N[C@@H](Cc2cc(F)cc(F)c2)[C@H](O)[C@H]2C[C@@H](S(=O)(=O)Cc3ccc(F)cc3)CN2)C1=O,CHEMBL1914607,3.0,3.0
CCCC[C@@H]1CCN([C@@H](C)C(=O)N[C@@H](Cc2cc(F)cc(F)c2)[C@H](O)[C@H]2C[C@@H](S(=O)(=O)CCC)CN2)C1=O,CHEMBL1914608,330.0,330.0
C[C@H](CC(=O)[C@@]1([C@H](C)C(=O)O)CO1)[C@H]1CC[C@@]2(C)C3=C(CC[C@]12C)[C@@]1(C)CC[C@@H](OC(=O)CC(=O)O)C(C)(C)[C@@H]1CC3,CHEMBL1916315,14200.0,14.2
C[C@H](NC(=O)c1cc(-c2nc3ccccc3[nH]2)cc(N(C)S(C)(=O)=O)c1)c1ccccc1,CHEMBL1923700,1080.0,1080.0
COc1ccc2[nH]c(-c3cc(C(=O)N[C@@H](C)c4ccccc4)cc(N(C)S(C)(=O)=O)c3)nc2c1,CHEMBL1923701,545.0,545.0
C[C@H](NC(=O)c1cc(-c2nc3cc(F)ccc3[nH]2)cc(N(C)S(C)(=O)=O)c1)c1ccccc1,CHEMBL1923702,786.0,786.0
C[C@H](NC(=O)c1cc(-c2ncc(-c3ccccc3)[nH]2)cc(N(C)S(C)(=O)=O)c1)c1ccccc1,CHEMBL1923703,315.0,315.0
COc1cccc(-c2cnc(-c3cc(C(=O)N[C@@H](C)c4ccccc4)cc(N(C)S(C)(=O)=O)c3)[nH]2)c1,CHEMBL1923704,77.0,77.0
C[C@H](NC(=O)c1cc(-c2ncc(-c3cccc(F)c3)[nH]2)cc(N(C)S(C)(=O)=O)c1)c1ccccc1,CHEMBL1923705,187.0,187.0
CC(C)(C)Nc1c(-c2ccc(-c3nc4ccccc4[nH]3)cc2)nc2ccccn12,CHEMBL1923706,5511.0,5511.0
CC(C)(C)Nc1c(-c2ccc(-c3nc4ccc(F)cc4[nH]3)cc2)nc2ccccn12,CHEMBL1923707,2479.0,2479.0
COc1ccc2nc(-c3ccc(-c4nc5ccccn5c4NC(C)(C)C)cc3)[nH]c2c1,CHEMBL1923708,2241.0,2241.0
CC(C)(C)Nc1c(-c2cccc(-c3nc4ccccc4[nH]3)c2)nc2ccccn12,CHEMBL1923709,514.0,514.0
CC(C)(C)Nc1c(-c2cccc(-c3nc4ccc(F)cc4[nH]3)c2)nc2ccccn12,CHEMBL1923749,312.0,312.0
COc1ccc2nc(-c3cccc(-c4nc5ccccn5c4NC(C)(C)C)c3)[nH]c2c1,CHEMBL1923750,178.0,178.0
c1cc(-c2cn3ccccc3n2)cc(-c2nc3ccccc3[nH]2)c1,CHEMBL1923751,961.0,961.0
Fc1ccc2nc(-c3cccc(-c4cn5ccccc5n4)c3)[nH]c2c1,CHEMBL1923752,35.0,35.0
COc1ccc2nc(-c3cccc(-c4cn5ccccc5n4)c3)[nH]c2c1,CHEMBL1923753,26.0,26.0
Fc1ccc2nc(-c3cccc(-c4cn5ccc(F)cc5n4)c3)[nH]c2c1,CHEMBL1923754,18.0,18.0
CN1CC(N)=NC(C)(c2cccc(NC(=O)c3ccc(Cl)cn3)c2)C1=O,CHEMBL1923158,447.0,0.447
CN1CC(N)=N[C@@](C)(c2cccc(NC(=O)c3ccc(Cl)cn3)c2)C1=O,CHEMBL1923159,30000.0,30.0
CN1CC(N)=N[C@](C)(c2cccc(NC(=O)c3ccc(Cl)cn3)c2)C1=O,CHEMBL1923160,324.0,0.324
CN1CC(N)=NC(C)(c2cccc(NC(=O)c3ccc(C#N)cn3)c2)C1=O,CHEMBL1923294,813.0,0.813
CN1CC(N)=NC(C)(c2cccc(NC(=O)c3ccc(C(F)(F)F)cn3)c2)C1=O,CHEMBL1923295,1380.0,1.38
Cc1cnc(C(=O)Nc2cccc(C3(C)N=C(N)CN(C)C3=O)c2)cn1,CHEMBL1923296,7079.0,7.079
CN1CC(C)(c2cccc(NC(=O)c3ccc(Cl)cn3)c2)N=C(N)C1=O,CHEMBL1921816,550.0,0.55
CN1CC(C)(c2cc(NC(=O)c3ccc(Cl)cn3)ccc2F)N=C(N)C1=O,CHEMBL1923297,30000.0,30.0
NC1=Nc2ccc(Oc3ccccc3)cc2CN1CCC(=O)NC1C2CC3CC(C2)CC1C3,CHEMBL1929417,11.0,0.011
CC(C)C[C@H](NC(=O)[C@H](CC(N)=O)NC(=O)[C@@H](NC(=O)[C@@H](N)CCC(=O)O)C(C)C)[C@@H](O)C[C@H](C(=O)N[C@@H](C)C(=O)N[C@@H](CCC(=O)O)C(=O)N[C@@H](Cc1ccccc1)C(=O)O)C(C)C,CHEMBL1927636,164.5,164.5
CC[C@H](C)[C@H](NC(=O)[C@@H](N)CCC(N)=O)C(=O)N[C@@H](CC(=O)O)C(=O)N[C@@H](CC(C)C)[C@@H](O)C[C@@H](C)C(=O)N[C@@H](C)C(=O)N[C@@H](CCC(=O)O)C(=O)N[C@@H](Cc1ccccc1)C(=O)O,CHEMBL1927635,45.5,45.5
Nc1nc(Cc2ccc(-c3cccc4oc5ccccc5c34)cc2)cn1Cc1ccccc1Cl,CHEMBL1933459,5950.0,5.95
Nc1nc(Cc2ccc(-c3ccc(C(F)(F)F)cc3)cc2)cn1Cc1cc(F)cc(F)c1,CHEMBL1933457,5590.0,5.59
COc1cc(OC)cc(-c2ccc(Cc3cn(Cc4cc(F)cc(F)c4)c(N)n3)cc2)c1,CHEMBL1933456,7320.0,7.32
COc1cc(OC)cc(-c2ccc(Cc3cn(Cc4ccc(F)cc4)c(N)n3)cc2)c1,CHEMBL1933455,7400.0,7.4
O=c1ccc2ccccc2o1,CHEMBL6466,500000.0,500.0
O=c1ccc2ccc(O)cc2o1,CHEMBL51628,500000.0,500.0
COc1ccc2ccc(=O)oc2c1,CHEMBL49732,500000.0,500.0
CC(C)=CCOc1ccc2ccc(=O)oc2c1,CHEMBL156692,500000.0,500.0
CC(C)=CCC/C(C)=C/COc1ccc2ccc(=O)oc2c1,CHEMBL307341,345100.0,345.1
O=c1ccc2cc(O)c(O)cc2o1,CHEMBL244743,500000.0,500.0
COc1cc2ccc(=O)oc2cc1OC,CHEMBL325864,500000.0,500.0
CC(C)=CCc1cc2ccc(=O)oc2cc1O,CHEMBL502689,412900.0,412.9
COc1cc2oc(=O)ccc2cc1CC=C(C)C,CHEMBL1928409,500000.0,500.0
CC(C)=CCc1c(O)ccc2ccc(=O)oc12,CHEMBL350475,500000.0,500.0
COc1ccc2ccc(=O)oc2c1CC=C(C)C,CHEMBL52229,500000.0,500.0
O=c1ccc2cc3ccoc3cc2o1,CHEMBL164660,500000.0,500.0
O=c1ccc2c(O)c3ccoc3cc2o1,CHEMBL242711,500000.0,500.0
COc1c2ccoc2cc2oc(=O)ccc12,CHEMBL24171,500000.0,500.0
CC1(C)O[C@H]1COc1c2ccoc2cc2oc(=O)ccc12,CHEMBL510120,359200.0,359.2
CC(C)(O)[C@H](O)COc1c2ccoc2cc2oc(=O)ccc12,CHEMBL454060,500000.0,500.0
CC(C)=CCC/C(C)=C/COc1c2ccoc2cc2oc(=O)ccc12,CHEMBL1078442,32200.0,32.2
O=c1ccc2cc3ccoc3c(O)c2o1,CHEMBL1192,500000.0,500.0
COc1c2occc2cc2ccc(=O)oc12,CHEMBL416,500000.0,500.0
CC1(C)O[C@@H]1COc1c2occc2cc2ccc(=O)oc12,CHEMBL500034,443600.0,443.6
CC(C)(O)[C@H](O)COc1c2occc2cc2ccc(=O)oc12,CHEMBL1173444,500000.0,500.0
CC(C)=CCC/C(C)=C/COc1c2occc2cc2ccc(=O)oc12,CHEMBL1412710,20400.0,20.4
O=c1ccc2c(O)c3ccoc3c(O)c2o1,CHEMBL1934068,500000.0,500.0
COc1c2ccoc2c(O)c2oc(=O)ccc12,CHEMBL1934069,500000.0,500.0
CC(C)=CCOc1c2ccoc2c(O)c2oc(=O)ccc12,CHEMBL1934070,500000.0,500.0
CC(C)=CCC/C(C)=C/COc1c2ccoc2c(O)c2oc(=O)ccc12,CHEMBL1934071,500000.0,500.0
COc1c2ccoc2c(OC)c2oc(=O)ccc12,CHEMBL140796,500000.0,500.0
COc1c2occc2c(OCC=C(C)C)c2ccc(=O)oc12,CHEMBL1934194,3442000.0,3442.0
COc1c2occc2c(OC/C=C(\C)CCC=C(C)C)c2ccc(=O)oc12,CHEMBL1934195,9900.0,9.9
COc1c2ccoc2c(OCC=C(C)C)c2oc(=O)ccc12,CHEMBL452751,1432000.0,1432.0
COc1c2ccoc2c(OC[C@H]2OC2(C)C)c2oc(=O)ccc12,CHEMBL1934196,104900.0,104.9
COc1c2ccoc2c(OC[C@@H](O)C(C)(C)O)c2oc(=O)ccc12,CHEMBL508648,219700.0,219.7
COc1c2ccoc2c(OC/C=C(\C)CCC=C(C)C)c2oc(=O)ccc12,CHEMBL1934197,11100.0,11.1
CC(C)=CCOc1c2ccoc2c(OCC=C(C)C)c2oc(=O)ccc12,CHEMBL1710181,500000.0,500.0
CC(C)(O)[C@@H]1Cc2cc3ccc(=O)oc3cc2O1,CHEMBL442813,500000.0,500.0
O=c1ccc2ccc3occc3c2o1,CHEMBL53569,500000.0,500.0
CC(C)(O)[C@@H]1Cc2c(ccc3ccc(=O)oc23)O1,CHEMBL201152,500000.0,500.0
CC1(C)C=Cc2cc3ccc(=O)oc3cc2O1,CHEMBL303846,500000.0,500.0
CC1(C)CCc2cc3ccc(=O)oc3cc2O1,CHEMBL1934198,500000.0,500.0
CC1(C)Oc2cc3oc(=O)ccc3cc2C[C@@H]1O,CHEMBL481657,500000.0,500.0
C/C=C(\C)C(=O)O[C@H]1Cc2cc3ccc(=O)oc3cc2OC1(C)C,CHEMBL1631595,500000.0,500.0
CC(C)=CC(=O)O[C@H]1Cc2cc3ccc(=O)oc3cc2OC1(C)C,CHEMBL481658,500000.0,500.0
CC1(C)C=Cc2c(ccc3ccc(=O)oc23)O1,CHEMBL71358,500000.0,500.0
CC1(C)Oc2ccc3ccc(=O)oc3c2CC1O,CHEMBL1414353,500000.0,500.0
O=C([C@@H]1CNC[C@H]1c1ccccc1)N1CCOC[C@H]1Cc1ccccc1,CHEMBL1934284,240000.0,240.0
O=C([C@@H]1CNC[C@H]1c1ccccc1Br)N1CCOC[C@@H]1c1ccccc1,CHEMBL1934285,47000.0,47.0
CS(=O)(=O)c1ccc(-c2ccccc2[C@@H]2CNC[C@H]2C(=O)N2CCOC[C@@H]2c2ccccc2)cc1,CHEMBL1934286,4000.0,4.0
O=C([C@@H]1CNC[C@H]1c1ccccc1Br)N1CCCCC1c1ccccc1,CHEMBL1934287,57000.0,57.0
O=C([C@@H]1CNC[C@H]1c1ccccc1Br)N1CCC(c2ccccc2)CC1,CHEMBL1934288,19000.0,19.0
O=C([C@@H]1CNC[C@H]1c1ccccc1Br)N1CC[C@@H](c2ccccc2)C[C@H]1c1ccccc1,CHEMBL1934289,600.0,0.6
O=C([C@@H]1CNC[C@H]1c1ccccc1)N1CCC(c2ccccc2)CC1,CHEMBL1934290,19000.0,19.0
O=C([C@@H]1CNC[C@]12CCCc1ccccc12)N1CCC(c2ccccc2)CC1,CHEMBL1934291,4000.0,4.0
O=C([C@@H]1CNC[C@]12CCCc1ccccc12)N1CC[C@@H](c2ccccc2)C[C@H]1c1ccccc1,CHEMBL1934292,150.0,0.15
O=C([C@@H]1CNC[C@]12CCCc1cc(Br)ccc12)N1CC[C@@H](c2ccccc2)C[C@H]1c1ccccc1,CHEMBL1934293,70.0,0.07
O=C([C@@H]1CNC[C@]12CCCc1cc(Br)ccc12)N1CC[C@@H](c2ccccc2)C[C@H]1C1CCCCC1,CHEMBL1934294,24.0,0.024
O=C([C@@H]1CNC[C@]12CCCc1nc(Cl)ccc12)N1CC[C@@H](c2ccccc2)C[C@H]1C1CCCCC1,CHEMBL1934295,29.0,0.029
Cc1ccc2c(n1)CCC[C@]21CNC[C@H]1C(=O)N1CC[C@@H](c2ccccc2)C[C@H]1C1CCCCC1,CHEMBL1934296,36.0,0.036
CCN(CCCCCCNC1=CC(=O)c2ccccc2C1=O)Cc1ccccc1OC,CHEMBL1940612,2800.0,2.8
O=C(O[C@@H]1Cc2c(O)cc(O)cc2O[C@@H]1c1cc(O)c(O)c(O)c1)c1cc(O)c(O)c(O)c1,CHEMBL297453,757.0,7.57
O=C(Nc1ccc(N(CCO)CCO)cc1)c1cnc2cc(Cl)cc(Cl)c2c1O,CHEMBL1952315,2270.0,2.27
CSc1ccc2c(O)c(C(=O)Nc3ccc(N(CCO)CCO)cc3)cnc2c1,CHEMBL1952316,2810.0,2.81
CSc1cccc2c(O)c(C(=O)Nc3ccc(N(CCO)CCO)cc3)cnc12,CHEMBL1952317,3840.0,3.84
COc1cccc(-c2cccc(C3(c4ccncc4)N=C(N)N4CCCN=C43)c2)c1F,CHEMBL1957468,89.13,7.05
NC1=NC(c2ccncc2)(c2cccc(-c3cncnc3)c2)C2=NCCCN12,CHEMBL1955882,263.03,6.58
COc1ccc(C2(c3cccc(-c4cc(Cl)cc(Cl)c4)c3)N=C(N)N3CCCN=C32)cc1,CHEMBL1957469,22.39,7.65
COc1cccc(-c2cccc(C3(c4ccncc4)N=C(N)N4CC(F)(F)CN=C43)c2)c1F,CHEMBL1957470,40.74,7.39
COc1cccc(-c2cccc([C@]3(c4ccncc4)N=C(N)N4CC(F)(F)CN=C43)c2)c1F,CHEMBL1957471,20.42,7.69
NC1=NC(c2ccncc2)(c2cccc(-c3cncnc3)c2)C2=NCC(F)(F)CN12,CHEMBL1957472,107.15,6.97
COc1ccc(C2(c3cccc(-c4cncnc4)c3)N=C(N)N3CC(F)(F)CN=C32)cc1,CHEMBL1957473,100.0,7.0
NC1=NC(c2ccc(OC(F)F)cc2)(c2cccc(-c3cncnc3)c2)C2=NCC(F)(F)CN12,CHEMBL1957474,23.44,7.63
COc1cncc(-c2cccc(C3(c4ccc(OC(F)F)cc4)N=C(N)N4CC(F)(F)CN=C43)c2)c1,CHEMBL1957475,13.8,7.86
NC1=NC(c2ccc(OC(F)F)cc2)(c2cccc(-c3cccnc3F)c2)C2=NCC(F)(F)CN12,CHEMBL1957476,30.2,7.52
COc1ccc(F)c(-c2cccc(C3(c4ccncc4)N=C(N)N4CC(F)(F)CN=C43)c2)c1,CHEMBL1957477,28.84,7.54
COc1ccc(C2(c3ccc(F)c(-c4cccnc4)c3)N=C(N)N3CC(F)(F)CN=C32)cc1C,CHEMBL1957478,37.15,7.43
COc1ccc(C2(c3cccc(Br)c3)N=C(N)N3CC(F)(F)CN=C32)cc1,CHEMBL1957479,3388.44,5.47
COCC#Cc1cccc(C2(c3ccc(OC(F)F)cc3)N=C(N)N3CC(F)(F)CN=C32)c1,CHEMBL1957480,77.62,7.11
COCCC#Cc1cccc(C2(c3ccc(OC(F)F)cc3)N=C(N)N3CC(F)(F)CN=C32)c1,CHEMBL1957481,56.23,7.25
NC1=NC(c2ccc(OC(F)F)cc2)(c2cccc(OCCCF)c2)C2=NCC(F)(F)CN12,CHEMBL1957482,58.88,7.23
NC1=N[C@](c2ccc(OC(F)F)cc2)(c2cccc(OCCCF)c2)C2=NCC(F)(F)CN12,CHEMBL1957483,31.62,7.5
COc1cccc(-c2cccc([C@@]3(c4ccccc4)NC(=N)N(C)C3=O)c2)c1,CHEMBL2011981,2300.0,2.3
CN1C(=N)N[C@](c2ccccc2)(c2cccc(-c3cccnc3)c2)C1=O,CHEMBL2011983,630.0,0.63
CN1C(=N)NC(C)(c2cccc(-c3cccc(Cl)c3)c2)C1=O,CHEMBL2011985,4800.0,4800.0
CC(C)C1(c2cccc(-c3cccc(Cl)c3)c2)NC(=N)N(C)C1=O,CHEMBL2011987,4600.0,4600.0
CCC1(c2cccc(-c3cccc(Cl)c3)c2)NC(=N)N(C)C1=O,CHEMBL2011986,5300.0,5300.0
CN1C(=N)NC(c2cccc(-c3cccc(Cl)c3)c2)(C2CC2)C1=O,CHEMBL2011988,1900.0,1900.0
CN1C(=N)NC(c2cccc(-c3cccc(Cl)c3)c2)(C2CCCC2)C1=O,CHEMBL2011990,6900.0,6900.0
CN1C(=N)NC(c2cccc(-c3cccc(Cl)c3)c2)(C2CCC2)C1=O,CHEMBL2011989,2800.0,2800.0
CN1C(=N)NC(c2cccc(-c3cccc(Cl)c3)c2)(C2CCCCC2)C1=O,CHEMBL2011991,11000.0,11000.0
CN1C(=N)NC(CC2CC2)(c2cccc(-c3cccc(Cl)c3)c2)C1=O,CHEMBL2011993,9500.0,9500.0
CN1C(=N)NC(c2cccc(-c3cccc(Cl)c3)c2)(C2(C)CC2)C1=O,CHEMBL2011992,6000.0,6000.0
CN1C(=N)NC(c2cccc(-c3cccc(Cl)c3)c2)(c2ccccn2)C1=O,CHEMBL2011994,5900.0,5900.0
CN1C(=N)NC(c2cccnc2)(c2cccc(-c3cccc(Cl)c3)c2)C1=O,CHEMBL2011995,4400.0,4400.0
CN1C(=N)NC(c2cncnc2)(c2cccc(-c3cccc(Cl)c3)c2)C1=O,CHEMBL2011997,21000.0,21000.0
CN1C(=N)NC(c2cccc(-c3cccc(Cl)c3)c2)(c2ncccn2)C1=O,CHEMBL2011998,10000.0,10000.0
CN1C(=N)NC(c2cccc(-c3cccc(Cl)c3)c2)(c2nccs2)C1=O,CHEMBL2011999,10000.0,10000.0
CN1C(=N)NC(c2cccc(-c3cc(Cl)cc(Cl)c3)c2)(C2CC2)C1=O,CHEMBL2012000,2400.0,2400.0
COc1cccc(-c2cccc(C3(C4CC4)NC(=N)N(C)C3=O)c2)c1,CHEMBL2012001,1600.0,1600.0
CN1C(=N)NC(c2cccc(-c3cccc(C#N)c3)c2)(C2CC2)C1=O,CHEMBL2012002,940.0,940.0
CN1C(=N)NC(c2cccc(-c3cccnc3)c2)(C2CC2)C1=O,CHEMBL2012003,880.0,880.0
COc1cncc(-c2cccc(C3(C4CC4)NC(=N)N(C)C3=O)c2)c1,CHEMBL2012004,390.0,390.0
CN1C(=N)NC(c2cccc(-c3cncc(C#N)c3)c2)(C2CC2)C1=O,CHEMBL2012005,610.0,610.0
CN1C(=N)NC(c2cccc(-c3cncc(F)c3)c2)(C2CC2)C1=O,CHEMBL2012006,800.0,800.0
CN1C(=N)NC(c2cccc(-c3cncc(Cl)c3)c2)(C2CC2)C1=O,CHEMBL2012069,380.0,380.0
Cc1cncc(-c2cccc(C3(C4CC4)NC(=N)N(C)C3=O)c2)c1,CHEMBL2011964,640.0,640.0
CN1C(=N)N[C@@](c2cccc(-c3cncc(Cl)c3)c2)(C2CC2)C1=O,CHEMBL2011965,150.0,150.0
CC#Cc1cncc(-c2cccc([C@@]3(C4CC4)NC(=N)N(C)C3=O)c2)c1,CHEMBL2012070,82.0,82.0
CC1=CC2Cc3nc4cc(Cl)ccc4c(NCCCCCCCCCCNc4c5c(nc6ccccc46)CCCC5)c3C(C1)C2.Cl.Cl.Cl,CHEMBL3216554,7300.0,7.3
CC1=C[C@@H]2Cc3nc4cc(Cl)ccc4c(NCCCCCCCNc4c5c(nc6cc(Cl)ccc46)CCCC5)c3[C@H](C1)C2.Cl.Cl.Cl.Cl,CHEMBL3216556,5700.0,5.7
CC1=C[C@H]2Cc3nc4cc(Cl)ccc4c(NCCCCCCCNc4c5c(nc6cc(Cl)ccc46)CCCC5)c3[C@@H](C1)C2.Cl.Cl.Cl.Cl,CHEMBL3216557,5900.0,5.9
CC1=CC2Cc3nc4cc(Cl)ccc4c(NCCCCCCCCNc4c5c(nc6cc(Cl)ccc46)CCCC5)c3C(C1)C2.Cl,CHEMBL2011496,4900.0,4.9
CC1=CC2Cc3nc4cc(Cl)ccc4c(NCCCCCCCCCNc4c5c(nc6cc(Cl)ccc46)CCCC5)c3C(C1)C2.Cl.Cl.Cl.Cl,CHEMBL3216778,5800.0,5.8
CC1=CC2Cc3nc4cc(Cl)ccc4c(NCCCCCCCCCCNc4c5c(nc6cc(Cl)ccc46)CCCC5)c3C(C1)C2.Cl.Cl.Cl.Cl,CHEMBL3216779,6600.0,6.6
Cl.O=C(NCCCCCCCCCCNc1c2c(nc3cc(Cl)ccc13)CCCC2)c1cc(=O)c2ccccc2o1,CHEMBL2019032,22400.0,22.4
COc1ccc2oc(C(=O)NCCCCCCCCCCNc3c4c(nc5cc(Cl)ccc35)CCCC4)cc(=O)c2c1.Cl,CHEMBL2019035,14400.0,14.4
COc1cc(OC)c2c(=O)cc(C(=O)NCCCCCCCCCCNc3c4c(nc5ccccc35)CCCC4)oc2c1.Cl,CHEMBL2019037,2100.0,2.1
COc1cc2oc(C(=O)NCCCCCCCCCCNc3c4c(nc5ccccc35)CCCC4)cc(=O)c2cc1OC.Cl,CHEMBL2019040,3000.0,3.0
Cl.O=C(NCCCCCCCCCCNc1c2c(nc3ccccc13)CCCC2)c1cc(=O)c2cc(O)ccc2o1,CHEMBL2019043,2800.0,2.8
COc1cc(O)c2c(=O)cc(C(=O)NCCCCCCCCCCNc3c4c(nc5ccccc35)CCCC4)oc2c1.Cl,CHEMBL2019046,2900.0,2.9
Cl.O=C(NCCCCCCCCCCNc1c2c(nc3ccccc13)CCCC2)c1cc(=O)c2c(O)cc(O)cc2o1,CHEMBL2019047,3600.0,3.6
Cl.O=C(NCCCCCCCCCCNc1c2c(nc3cc(Cl)ccc13)CCCC2)c1cc(=O)c2cc(O)c(O)cc2o1,CHEMBL2019053,13600.0,13.6
O=c1cc(-c2ccc(O)cc2)oc2cc(O)cc(O)c12,CHEMBL28,38500.0,38.5
CC(C)C[C@H](NC(=O)[C@H](CC(N)=O)NC(=O)[C@@H](NC(=O)[C@@H](N)CC(=O)O)C(C)C)[C@@H](O)C[C@@H](C)C(=O)N[C@@H](C)C(=O)N[C@@H](CC(=O)O)C(=O)N[C@@H](Cc1ccccc1)C(=O)O,CHEMBL2019055,33.0,0.033
CC(=O)N[C@@H](Cc1cccc(F)c1)[C@H](O)CN[C@H]1CC2(CCC2)Oc2ncc(CC(C)(C)C)cc21,CHEMBL2030996,1.0,1.0
CC(=O)N[C@@H](Cc1ccc(F)cc1)[C@H](O)CN[C@H]1CC2(CCC2)Oc2ncc(CC(C)(C)C)cc21,CHEMBL2030997,5.0,5.0
CC(=O)N[C@@H](Cc1cc(F)cc(F)c1)[C@H](O)CN[C@H]1CC2(CCC2)Oc2ncc(CC(C)(C)C)cc21,CHEMBL2030998,7.0,7.0
C=CC[C@H](NC(C)=O)[C@H](O)CN[C@H]1CC2(CCC2)Oc2ncc(CC(C)(C)C)cc21,CHEMBL2030999,31.0,31.0
CC(=O)N[C@@H](Cc1ccc(F)cc1)[C@H](O)CN[C@H]1C[C@]2(CC[C@@H]2C)Oc2ncc(CC(C)(C)C)cc21,CHEMBL2031000,7.0,7.0
CC(=O)N[C@@H](Cc1ccc(F)cc1)[C@H](O)CN[C@H]1C[C@@]2(CC[C@H]2C)Oc2ncc(CC(C)(C)C)cc21,CHEMBL2031138,30500.0,30500.0
CC(=O)N[C@@H](Cc1ccc(F)cc1)[C@H](O)CN[C@H]1C[C@]2(CC[C@H]2C)Oc2ncc(CC(C)(C)C)cc21,CHEMBL2029366,29.0,29.0
CC(=O)N[C@@H](Cc1ccc(F)cc1)[C@H](O)CN[C@H]1C[C@@]2(CC[C@@H]2C)Oc2ncc(CC(C)(C)C)cc21,CHEMBL2031139,40000.0,40000.0
CC(=O)N[C@@H](Cc1ccc(F)cc1)[C@H](O)CN[C@H]1C[C@]2(C[C@@H](C)C2)Oc2ncc(CC(C)(C)C)cc21,CHEMBL2031140,9.0,9.0
CC(=O)N[C@@H](Cc1ccc(F)cc1)[C@H](O)CN[C@H]1C[C@]2(C[C@H](C)C2)Oc2ncc(CC(C)(C)C)cc21,CHEMBL2031141,4.0,4.0
CC(=O)N[C@@H](Cc1ccc(F)c(F)c1)[C@H](O)CN[C@H]1C[C@]2(C[C@@H](C)C2)Oc2ncc(CC(C)(C)C)cc21,CHEMBL2031142,0.7,0.7
CC(=O)N[C@@H](Cc1ccc(F)c(F)c1)[C@H](O)CN[C@H]1C[C@]2(C[C@H](C)C2)Oc2ncc(CC(C)(C)C)cc21,CHEMBL2031143,0.7,0.7
CC(=O)N[C@@H](Cc1ccc(F)cc1)[C@H](O)CN[C@H]1C[C@]2(C[C@@H](F)C2)Oc2ncc(CC(C)(C)C)cc21,CHEMBL2031144,9.0,9.0
CC(=O)N[C@@H](Cc1ccc(F)cc1)[C@H](O)CN[C@H]1C[C@]2(C[C@H](F)C2)Oc2ncc(CC(C)(C)C)cc21,CHEMBL2030995,6.0,6.0
CC(=O)N[C@@H](Cc1cccc(F)c1)[C@H](O)CN[C@H]1C[C@]2(C[C@@H](F)C2)Oc2ncc(CC(C)(C)C)cc21,CHEMBL2030994,2.0,2.0
CC(=O)N[C@@H](Cc1cccc(F)c1)[C@H](O)CN[C@H]1C[C@]2(C[C@H](F)C2)Oc2ncc(CC(C)(C)C)cc21,CHEMBL2031145,2.0,2.0
CC(=O)N[C@@H](Cc1ccc(F)cc1)[C@H](O)CN[C@H]1CC2(CC(F)(F)C2)Oc2ncc(CC(C)(C)C)cc21,CHEMBL2031146,8.0,8.0
CC(=O)N[C@@H](Cc1ccc(F)cc1)[C@H](O)CN[C@H]1C[C@]2(C[C@@H](O)C2)Oc2ncc(CC(C)(C)C)cc21,CHEMBL2031147,14.0,14.0
CC(=O)N[C@@H](Cc1ccc(F)cc1)[C@H](O)CN[C@H]1C[C@]2(C[C@H](O)C2)Oc2ncc(CC(C)(C)C)cc21,CHEMBL2031148,3.0,3.0
COCC(=O)N[C@@H](Cc1ccc(F)cc1)[C@H](O)CN[C@H]1C[C@]2(C[C@H](O)C2)Oc2ncc(CC(C)(C)C)cc21,CHEMBL2031149,2.0,2.0
CC(C)(C)Cc1cnc2c(c1)[C@@H](NC[C@@H](O)[C@H](Cc1ccc(F)cc1)NC(=O)CF)C[C@]1(C[C@H](O)C1)O2,CHEMBL2031150,4.0,4.0
C=CC[C@H](NC(C)=O)[C@H](O)CN[C@H]1C[C@]2(C[C@H](O)C2)Oc2ncc(CC(C)(C)C)cc21,CHEMBL2031151,5.0,5.0
O=C(N[C@@H](Cc1ccccc1)[C@H](O)C(=O)Nc1cccc(-c2nn[nH]n2)c1)c1cccc(C(=O)N2COC[C@@H]2c2ccccc2)c1,CHEMBL2048207,192.0,192.0
O=C(O)c1cc(C(=O)N[C@@H](Cc2ccccc2)[C@H](O)C(=O)Nc2cccc(-c3nn[nH]n3)c2)cc(C(=O)N2COC[C@@H]2c2ccccc2)c1,CHEMBL2048206,122.0,122.0
O=C(N[C@@H](Cc1ccccc1)[C@H](O)C(=O)Nc1cccc(-c2nn[nH]n2)c1)c1cc(Br)cc(C(=O)N2COC[C@@H]2c2ccccc2)c1,CHEMBL2048209,25.0,25.0
O=C(N[C@@H](Cc1ccccc1)[C@H](O)C(=O)Nc1cccc(-c2nn[nH]n2)c1)c1cc(I)cc(C(=O)N2COC[C@@H]2c2ccccc2)c1,CHEMBL2048210,34.0,34.0
Cc1cc(C(=O)N[C@@H](Cc2ccccc2)[C@H](O)C(=O)Nc2cccc(-c3nn[nH]n3)c2)cc(C(=O)N2COC[C@@H]2c2ccccc2)c1,CHEMBL2048211,67.0,67.0
O=C(N[C@@H](Cc1ccccc1)[C@H](O)C(=O)Nc1cccc(-c2nn[nH]n2)c1)c1cc(C(=O)N2COC[C@@H]2c2ccccc2)cc([N+](=O)[O-])c1,CHEMBL2048213,19.0,19.0
O=C(N[C@@H](Cc1ccccc1)[C@H](O)C(=O)Nc1cccc(-c2nn[nH]n2)c1)c1cc(C(=O)N2COC[C@@H]2c2ccc(F)cc2)cc([N+](=O)[O-])c1,CHEMBL2048214,13.0,13.0
CC(C)C[C@H](NC(=O)[C@@H](NC(=O)[C@@H](N)CNC(=O)c1nc(O)nc(O)c1F)C(C)C)C(=O)N[C@@H](Cc1ccccc1)[C@@H](O)C(=O)Nc1cccc(C(=O)O)c1,CHEMBL212925,26.0,26.0
CC(C)C[C@H](NC(=O)[C@@H](NC(=O)[C@@H](N)CNC(=O)c1[nH]c(=O)[nH]c(=O)c1F)C(C)C)C(=O)N[C@@H](Cc1ccccc1)C(=O)O,CHEMBL2047666,184.0,184.0
CC(C)[C@H](NC(=O)[C@@H](N)CNC(=O)c1[nH]c(=O)[nH]c(=O)c1F)C(=O)N[C@@H](CC1CCCCC1)C(=O)N[C@@H](Cc1ccccc1)C(=O)N[C@H](CC(N)=O)C(=O)O,CHEMBL2047665,141.0,141.0
CC(C)[C@H](NC(=O)[C@@H](N)CNC(=O)c1[nH]c(=O)[nH]c(=O)c1F)C(=O)N[C@@H](CC1CCCCC1)C(=O)N[C@@H](Cc1ccccc1)C(=O)N[C@H](CO)C(=O)O,CHEMBL2047664,163.0,163.0
CC(C)C[C@H](NC(=O)[C@@H](NC(=O)[C@@H](N)CNC(=O)c1[nH]c(=O)[nH]c(=O)c1F)C(C)C)C(=O)N[C@@H](Cc1ccccc1)C(=O)N[C@@H](C(=O)O)C(C)C,CHEMBL2047663,82.0,82.0
CC(C)C[C@H](NC(=O)[C@@H](NC(=O)[C@@H](N)CNC(=O)c1[nH]c(=O)[nH]c(=O)c1F)C(C)C)C(=O)N[C@@H](Cc1ccccc1)C(=O)N[C@H](C)C(=O)O,CHEMBL2047662,169.0,169.0
CC(C)C[C@H](NC(=O)[C@@H](NC(=O)[C@@H](N)CNC(=O)c1[nH]c(=O)[nH]c(=O)c1F)C(C)C)C(=O)N[C@@H](Cc1ccccc1)C(=O)N[C@H](CC(N)=O)C(=O)O,CHEMBL2047660,86.0,86.0
CC(C)C[C@H](NC(=O)[C@@H](NC(=O)[C@@H](N)CNC(=O)c1[nH]c(=O)[nH]c(=O)c1F)C(C)C)C(=O)N[C@@H](Cc1ccccc1)C(=O)N[C@@H](CC(N)=O)C(=O)O,CHEMBL2047659,173.0,173.0
CC(C)C[C@H](NC(=O)[C@@H](NC(=O)[C@@H](N)CNC(=O)c1[nH]c(=O)[nH]c(=O)c1F)C(C)C)C(=O)N[C@@H](Cc1ccccc1)C(=O)N[C@H](CO)C(=O)O,CHEMBL2047140,138.0,138.0
CC(C)C[C@H](NC(=O)[C@@H](NC(=O)[C@@H](N)CNC(=O)c1[nH]c(=O)[nH]c(=O)c1F)C(C)C)C(=O)N[C@@H](Cc1ccccc1)C(=O)N[C@@H](CO)C(=O)O,CHEMBL2047139,263.0,263.0
Cc1cc2cc(c1)C(=O)N[C@@H](c1ccccc1)C/C=C/COC[C@@H]([C@H](O)CNCc1cccc(C(C)C)c1)NC2=O,CHEMBL2047045,160.0,160.0
Cc1cc2cc(c1)C(=O)N[C@H]([C@H](O)CNCc1cccc(C(C)C)c1)COC/C=C/C[C@@H](c1ccccc1)NC2=O,CHEMBL2047044,2300.0,2300.0
Cc1cc2cc(c1)C(=O)N[C@H]([C@H](O)CNCc1cccc(C(C)C)c1)COC/C=C/CCNC2=O,CHEMBL2047043,220.0,220.0
Cc1cc2cc(c1)C(=O)N[C@H]([C@H](O)CNCc1ccccc1)COC/C=C/CCNC2=O,CHEMBL2047042,10000.0,10000.0
CC(C)c1cccc(CNC[C@@H](O)[C@@H]2COC/C=C/C[C@H](c3ccccc3)NC(=O)c3cc(cc(N(C)S(C)(=O)=O)c3)C(=O)N2)c1,CHEMBL2047041,0.15,0.15
CC(C)c1cccc(CNC[C@@H](O)[C@@H]2COC/C=C/C[C@@H](c3ccccc3)NC(=O)c3cc(cc(N(C)S(C)(=O)=O)c3)C(=O)N2)c1,CHEMBL2047040,260.0,260.0
CC(C)c1cccc(CNC[C@@H](O)[C@@H]2COC/C=C\CCN(C)C(=O)c3cc(cc(N(C)S(C)(=O)=O)c3)C(=O)N2)c1,CHEMBL2047039,6.9,6.9
CC(C)c1cccc(CNC[C@@H](O)[C@@H]2COCCCCCCNC(=O)c3cc(cc(N(C)S(C)(=O)=O)c3)C(=O)N2)c1,CHEMBL2047038,7.7,7.7
CC(C)c1cccc(CNC[C@@H](O)[C@@H]2COCCCCCNC(=O)c3cc(cc(N(C)S(C)(=O)=O)c3)C(=O)N2)c1,CHEMBL2047037,49.0,49.0
CN(c1cc2cc(c1)C(=O)N[C@H]([C@H](O)CNCc1ccccc1)COCCCCCNC2=O)S(C)(=O)=O,CHEMBL2047036,10000.0,10000.0
CC(C)c1cccc(CNC[C@@H](O)[C@@H]2COC/C=C/CCCNC(=O)c3cc(cc(N(C)S(C)(=O)=O)c3)C(=O)N2)c1,CHEMBL2047035,73.0,73.0
CN(c1cc2cc(c1)C(=O)N[C@H]([C@H](O)CNCc1cccc(C(C)(C)C)c1)COC/C=C/CCNC2=O)S(C)(=O)=O,CHEMBL2047034,4.6,4.6
CC(C)c1cccc(CNC[C@@H](O)[C@@H]2COC/C=C/CCNC(=O)c3cc(cc(N(C)S(C)(=O)=O)c3)C(=O)N2)c1,CHEMBL2047033,2.3,2.3
CN(c1cc2cc(c1)C(=O)N[C@H]([C@H](O)CNCc1ccccc1)COC/C=C/CCNC2=O)S(C)(=O)=O,CHEMBL2047032,560.0,560.0
CC(C)C[C@@H](C=O)NC(=O)[C@H](CC(C)C)NC(=O)[C@@H](NC(=O)OCc1ccccc1)C(C)C,CHEMBL2047376,14000.0,14.0
COc1cc2c(cc1OC)C(=O)C(CC1CCN(Cc3ccccc3)CC1)C2,CHEMBL502,3200.0,3.2
c1ccc(CN2CCC(Nc3nccc(NCc4ccc5c(c4)OCO5)n3)CC2)cc1,CHEMBL2047375,1400.0,1.4
COc1cc(CNc2ccnc(NC3CCN(Cc4ccccc4)CC3)n2)cc(OC)c1OC,CHEMBL2047231,8900.0,8.9
COc1ccc(CNc2ccnc(NC3CCN(Cc4ccccc4)CC3)n2)cc1,CHEMBL2047229,600.0,0.6
Cc1ccc(CNc2ccnc(NC3CCN(Cc4ccccc4)CC3)n2)cc1,CHEMBL2047228,11100.0,11.1
Fc1ccc(CNc2ccnc(NC3CCN(Cc4ccccc4)CC3)n2)cc1,CHEMBL2047227,700.0,0.7
Clc1ccc(CNc2ccnc(NC3CCN(Cc4ccccc4)CC3)n2)cc1,CHEMBL2047225,3200.0,3.2
Clc1cccc(CNc2ccnc(NC3CCN(Cc4ccccc4)CC3)n2)c1,CHEMBL2047224,600.0,0.6
Clc1ccccc1CNc1ccnc(NC2CCN(Cc3ccccc3)CC2)n1,CHEMBL2047223,1700.0,1.7
CCCN1CCC[C@@]12CCN([C@@H](C)C(=O)N[C@@H](Cc1ccccc1)[C@H](O)CNCc1cccc(C(C)C)c1)C2=O,CHEMBL2047887,55.0,55.0
CC(C)(C)c1cccc(CN[C@H]2CS(=O)(=O)C[C@@H](Cc3ccc(N)c(F)c3)[C@@H]2O)c1,CHEMBL2047888,350.0,0.35
CC(C)(C)c1cccc(CN[C@H]2CS(=O)(=O)C[C@@H](Cc3cc(F)c(N)c(Br)c3)[C@@H]2O)c1,CHEMBL2047889,55.0,0.055
CC(C)(C)c1cccc(CN[C@H]2CS(=O)(=O)C[C@@H](Cc3ccc(N)c(Br)c3)[C@@H]2O)c1,CHEMBL2047890,140.0,0.14
CC(F)(F)c1cccc(CN[C@H]2CS(=O)(=O)C[C@@H](Cc3cc(F)c(N)c(Br)c3)[C@@H]2O)c1,CHEMBL2047891,1370.0,1.37
CC(C)(C)c1cccc(CN[C@H]2CS(=O)(=O)C[C@@H](Cc3ccc(N)c(OC(F)(F)F)c3)[C@@H]2O)c1,CHEMBL2047892,130.0,0.13
CCCc1cc(C[C@@H]2CS(=O)(=O)C[C@H](NCc3cccc(C(C)(C)C)c3)[C@H]2O)cc(F)c1N,CHEMBL2047893,130.0,0.13
CC(C)(C)c1cccc(CN[C@H]2CS(=O)(=O)C[C@@H](Cc3ccc(N)nc3)[C@@H]2O)c1,CHEMBL2047894,1620.0,1.62
CC(C)(C)c1cccc(CN[C@H]2CS(=O)(=O)C[C@@H](Cc3ccc4[nH]ncc4c3)[C@@H]2O)c1,CHEMBL2047895,1450.0,1.45
CCCc1n[nH]c2ccc(C[C@@H]3CS(=O)(=O)C[C@H](NCc4cccc(C(C)(C)C)c4)[C@H]3O)cc12,CHEMBL2047896,220.0,0.22
CC(C)(C)c1cccc(CN[C@H]2CS(=O)(=O)C[C@@H](Cc3ccc4[nH]ccc4c3)[C@@H]2O)c1,CHEMBL2047897,2750.0,2.75
CC(C)(C)c1cccc(CN[C@H]2CS(=O)(=O)C[C@@H](Cc3ccc4[nH]cc(CC(F)F)c4c3)[C@@H]2O)c1,CHEMBL2047898,55.0,0.055
CC(C)(C)c1cccc(CN[C@H]2CS(=O)(=O)C[C@@H](Cc3ccc4[nH]cc(CC(F)(F)F)c4c3)[C@@H]2O)c1,CHEMBL2047899,120.0,0.12
CCc1c[nH]c2ccc(C[C@@H]3CS(=O)(=O)C[C@H](NCc4cccc(C(C)(C)C)c4)[C@H]3O)cc12,CHEMBL2047900,200.0,0.2
CC(C)(C)c1cccc(CN[C@H]2CS(=O)(=O)C[C@@H](Cc3cc(F)c4c(c3)C3(CCC(F)(F)CC3)CN4)[C@@H]2O)c1,CHEMBL2047901,140.0,0.14
CC(C)(C)c1cccc(CN[C@H]2CS(=O)(=O)C[C@@H](Cc3cc(F)c4c(c3)C3(CCC3)CN4)[C@@H]2O)c1,CHEMBL2047902,560.0,0.56
CN(C)CC(=O)Nc1ccc(C[C@@H]2CS(=O)(=O)C[C@H](NCc3cccc(C(C)(C)C)c3)[C@H]2O)cc1F,CHEMBL2047903,61.0,0.061
CCc1cc(C[C@@H]2CS(=O)(=O)C[C@H](NCc3cccc(C(C)(C)C)c3)[C@H]2O)cc(F)c1N,CHEMBL2047904,870.0,0.87
CCc1cc(C[C@@H]2CS(=O)(=O)C[C@H](NCc3cccc(C(C)(C)C)c3)[C@H]2O)cc(F)c1NC(C)=O,CHEMBL2047905,8.0,0.008
CCc1cc(C[C@@H]2CS(=O)(=O)C[C@H](NCc3cccc(C(C)(C)C)c3)[C@H]2O)cc(F)c1NC(=O)CN(C)C,CHEMBL2047906,52.0,0.052
CC(C)(C)c1cccc(CN[C@H]2CS(=O)(=O)C[C@@H](Cc3cc(F)c(N)c(C4CC4)c3)[C@@H]2O)c1,CHEMBL2047907,94.0,0.094
CC(C)(C)c1cccc(CN[C@H]2CS(=O)(=O)C[C@@H](Cc3cc(F)c(N)c(-c4cc[nH]n4)c3)[C@@H]2O)c1,CHEMBL2047908,28.0,0.028
CC(C)(C)c1cccc(CN[C@H]2CS(=O)(=O)C[C@@H](Cc3cc(F)c(N)c(-c4ccco4)c3)[C@@H]2O)c1,CHEMBL2047909,79.0,0.079
CC(C)(C)c1cccc(CN[C@H]2CS(=O)(=O)C[C@@H](Cc3cc(F)c(N)c(-c4ccoc4)c3)[C@@H]2O)c1,CHEMBL2047910,150.0,0.15
CC(C)(C)c1cccc(CN[C@H]2CS(=O)(=O)C[C@@H](Cc3cc(F)c(N)c(CCC(F)(F)F)c3)[C@@H]2O)c1,CHEMBL2047911,130.0,0.13
CC(C)(C)c1cccc(CN[C@H]2CS(=O)(=O)C[C@@H](Cc3cc(F)c(N)c(C[C@H](O)C(F)(F)F)c3)[C@@H]2O)c1,CHEMBL2047912,49.0,0.049
CO[C@@H](Cc1cc(C[C@@H]2CS(=O)(=O)C[C@H](NCc3cccc(C(C)(C)C)c3)[C@H]2O)cc(F)c1N)C(F)(F)F,CHEMBL2047913,78.0,0.078
CCCOc1cccc(C[C@@H]2CS(=O)(=O)C[C@H](NCc3cccc(C(C)(C)C)c3)[C@H]2O)c1,CHEMBL2047914,670.0,0.67
CCCOc1cc(C[C@@H]2CS(=O)(=O)C[C@H](NCc3cccc(C(C)(C)C)c3)[C@H]2O)ccc1N,CHEMBL2047915,45.0,0.045
CC(C)(C)c1cccc(CN[C@H]2CS(=O)(=O)C[C@@H](Cc3ccc(N)c(OCC(F)(F)F)c3)[C@@H]2O)c1,CHEMBL2048037,36.0,0.036
CCCOc1cc(C[C@@H]2CS(=O)(=O)C[C@H](NCc3cccc(C(C)(C)C)c3)[C@H]2O)cc(F)c1N,CHEMBL2048038,56.0,0.056
CCOc1cc(C[C@@H]2CS(=O)(=O)C[C@H](NCc3cccc(C(C)(C)C)c3)[C@H]2O)cc(F)c1N,CHEMBL2048039,24.0,0.024
CC(C)(C)c1cccc(CN[C@H]2CS(=O)(=O)C[C@@H](Cc3cc(F)c(N)c(OC4CCC4)c3)[C@@H]2O)c1,CHEMBL2048040,11.0,0.011
CC(C)(C)c1cccc(CN[C@H]2CS(=O)(=O)C[C@@H](Cc3cc(F)c(N)c(OC4COC4)c3)[C@@H]2O)c1,CHEMBL2048041,25.0,0.025
CC(C)(C)c1cccc(CN[C@H]2CS(=O)(=O)C[C@@H](Cc3cc(O)c(N)c(F)c3)[C@@H]2O)c1,CHEMBL2048042,120.0,0.12
CC(C)(C)c1cccc(CN[C@H]2CS(=O)(=O)C[C@@H](Cc3cc(F)c(N)c(OCCF)c3)[C@@H]2O)c1,CHEMBL2048043,43.0,0.043
CC(C)(C)c1cccc(CN[C@H]2CS(=O)(=O)C[C@@H](Cc3cc(F)c(N)c(OCC(F)F)c3)[C@@H]2O)c1,CHEMBL2048044,6.0,0.006
CC(C)(C)c1cccc(CN[C@H]2CS(=O)(=O)C[C@@H](Cc3cc(F)c(N)c(OCC(F)(F)F)c3)[C@@H]2O)c1,CHEMBL2048045,6.0,0.006
CC(C)(C)c1cccc(CN[C@H]2CS(=O)(=O)C[C@@H](Cc3cc(F)c(N)c(OCCC(F)(F)F)c3)[C@@H]2O)c1,CHEMBL2048046,75.0,0.075
CC(C)(C)c1cccc(CN[C@H]2CS(=O)(=O)C[C@@H](Cc3cc(F)c(N)c(OC(C(F)(F)F)C(F)(F)F)c3)[C@@H]2O)c1,CHEMBL2048047,2.0,0.002
COCCOc1cc(C[C@@H]2CS(=O)(=O)C[C@H](NCc3cccc(C(C)(C)C)c3)[C@H]2O)cc(F)c1N,CHEMBL2048048,100.0,0.1
CC(C)Oc1cc(C[C@@H]2CS(=O)(=O)C[C@H](NCc3cccc(C(C)(C)C)c3)[C@H]2O)cc(F)c1N,CHEMBL2048049,43.0,0.043
C[C@@H](Oc1cc(C[C@@H]2CS(=O)(=O)C[C@H](NCc3cccc(C(C)(C)C)c3)[C@H]2O)cc(F)c1N)C(F)(F)F,CHEMBL2048050,3.0,0.003
CCOC[C@@H](Oc1cc(C[C@@H]2CS(=O)(=O)C[C@H](NCc3cccc(C(C)(C)C)c3)[C@H]2O)cc(F)c1N)C(F)(F)F,CHEMBL2048051,2.0,0.002
CCOC[C@H](Oc1cc(C[C@@H]2CS(=O)(=O)C[C@H](NCc3cccc(C(C)(C)C)c3)[C@H]2O)cc(F)c1N)C(F)(F)F,CHEMBL2048052,32.0,0.032
COC[C@@H](Oc1cc(C[C@@H]2CS(=O)(=O)C[C@H](NCc3cccc(C(C)(C)C)c3)[C@H]2O)cc(F)c1N)C(F)(F)F,CHEMBL2048053,2.0,0.002
COCCOC[C@@H](Oc1cc(C[C@@H]2CS(=O)(=O)C[C@H](NCc3cccc(C(C)(C)C)c3)[C@H]2O)cc(F)c1N)C(F)(F)F,CHEMBL2048054,4.0,0.004
Nc1c(F)cc(C[C@@H]2CS(=O)(=O)C[C@H](N)[C@H]2O)cc1OC(C(F)(F)F)C(F)(F)F,CHEMBL2048055,10000.0,10.0
CC(C)(C)O[C@H]1C[C@@H]1CN[C@H]1CS(=O)(=O)C[C@@H](Cc2cc(F)c(N)c(OC(C(F)(F)F)C(F)(F)F)c2)[C@@H]1O,CHEMBL2048056,10000.0,10.0
CC(C)(C)c1ccnc(CN[C@H]2CS(=O)(=O)C[C@@H](Cc3cc(F)c(N)c(OC(C(F)(F)F)C(F)(F)F)c3)[C@@H]2O)c1,CHEMBL2048057,68.0,0.068
CC(C)(O)c1cccc(CN[C@H]2CS(=O)(=O)C[C@@H](Cc3cc(F)c(N)c(OC(C(F)(F)F)C(F)(F)F)c3)[C@@H]2O)c1,CHEMBL2048058,2.0,0.002
CC(C)(CO)c1cccc(CN[C@H]2CS(=O)(=O)C[C@@H](Cc3cc(F)c(N)c(OC(C(F)(F)F)C(F)(F)F)c3)[C@@H]2O)c1,CHEMBL2048059,2.0,0.002
CC1(C)OCc2ccc(CN[C@H]3CS(=O)(=O)C[C@@H](Cc4cc(F)c(N)c(OC(C(F)(F)F)C(F)(F)F)c4)[C@@H]3O)cc21,CHEMBL2048060,6.0,0.006
Nc1c(F)cc(C[C@@H]2CS(=O)(=O)C[C@H](NCc3cccc(OC(F)(F)F)c3)[C@H]2O)cc1OC(C(F)(F)F)C(F)(F)F,CHEMBL2048061,44.0,0.044
CC(C)(C)Cn1cc(CN[C@H]2CS(=O)(=O)C[C@@H](Cc3cc(F)c(N)c(OC(C(F)(F)F)C(F)(F)F)c3)[C@@H]2O)cn1,CHEMBL2048062,36.0,0.036
CC(C)(C)Cc1cc(CN[C@H]2CS(=O)(=O)C[C@@H](Cc3cc(F)c(N)c(OC(C(F)(F)F)C(F)(F)F)c3)[C@@H]2O)no1,CHEMBL2048063,7.0,0.007
Cc1ccc(OCC(=O)N[C@H]2c3cc(NC(=O)COc4ccc(C#N)cc4C)ccc3C[C@@H]2O)cc1,CHEMBL2058777,142.0,0.142
Cc1ccc(OCC(=O)N[C@H]2c3cc(NC(=O)COc4ccc(C#N)cc4C)ccc3C[C@H]2O)cc1,CHEMBL2058778,4000.0,4.0
Cc1ccc(OCC(=O)N[C@@H]2c3cc(NC(=O)COc4ccc(C#N)cc4C)ccc3C[C@H]2O)cc1,CHEMBL2058779,13600.0,13.6
Cc1ccc(OCC(=O)N[C@@H]2c3cc(NC(=O)COc4ccc(C#N)cc4C)ccc3C[C@@H]2O)cc1,CHEMBL2058780,45600.0,45.6
OC(CSc1ccc2ccccc2c1)Cn1ccc2ccccc21,CHEMBL2059329,10500.0,10.5
CCc1cccc2ccn(CC(O)CSc3ccccc3Cl)c12,CHEMBL2059330,7520.0,7.52
Cc1ccccc1SCC(O)Cn1c2c(c3ccccc31)CCC2,CHEMBL2059453,21400.0,21.4
OC(CSc1ccccc1F)Cn1c2c(c3ccccc31)CCCC2,CHEMBL2059592,11000.0,11.0
OC(CSc1ccccc1Cl)Cn1c2c(c3ccccc31)CCCC2,CHEMBL2059593,8280.0,8.28
COc1ccc(SCC(O)Cn2c3c(c4ccccc42)CCCC3)cc1,CHEMBL2059594,15200.0,15.2
OC(CSc1ccccc1F)Cn1c2ccccc2c2ccccc21,CHEMBL2059596,5360.0,5.36
Nc1cccc(SCC(O)Cn2c3ccccc3c3ccccc32)c1,CHEMBL2059597,36100.0,36.1
OC(CSc1ccc2ccccc2c1)Cn1c2ccccc2c2ccccc21,CHEMBL2059601,4930.0,4.93
Oc1ccc(SCC(O)Cn2c(-c3ccccc3)cc3ccccc32)cc1,CHEMBL2059605,13600.0,13.6
Oc1ccccc1SCC(O)Cn1c(-c2ccccc2)cc2ccccc21,CHEMBL2059606,25400.0,25.4
CCc1ccccc1SCC(O)Cn1c(-c2ccccc2)cc2ccccc21,CHEMBL2059611,10300.0,10.3
OC(CSc1ccc2ccccc2c1)Cn1c(-c2ccccc2)cc2ccccc21,CHEMBL2059613,6660.0,6.66
OC(COc1ccc(Cc2ccccc2)cc1)CSc1ccccc1Cl,CHEMBL2059624,9600.0,9.6
Oc1ccc(SCC(O)COc2ccc(Cc3ccccc3)cc2)cc1,CHEMBL2059626,10700.0,10.7
c1ccc2cc(SCCCn3c4ccccc4c4ccccc43)ccc2c1,CHEMBL2058867,7520.0,7.52
O[C@H](CSc1ccc2ccccc2c1)Cn1c2ccccc2c2ccccc21,CHEMBL2058868,5390.0,5.39
O[C@@H](CSc1ccc2ccccc2c1)Cn1c2ccccc2c2ccccc21,CHEMBL2058869,7980.0,7.98
O=C(CSc1ccc2ccccc2c1)Cn1c2ccccc2c2ccccc21,CHEMBL2058870,80000.0,80.0
NC(CSc1ccc2ccccc2c1)Cn1c2ccccc2c2ccccc21,CHEMBL2058871,15700.0,15.7
NCCNC(CSc1ccc2ccccc2c1)Cn1c2ccccc2c2ccccc21,CHEMBL2058872,7380.0,7.38
c1ccc2cc(SCC(Cn3c4ccccc4c4ccccc43)N3CCNCC3)ccc2c1,CHEMBL2058873,50000.0,50.0
OC(CCn1c2ccccc2c2ccccc21)CSc1ccc2ccccc2c1,CHEMBL2058874,4310.0,4.31
OC(CCSc1ccc2ccccc2c1)Cn1c2ccccc2c2ccccc21,CHEMBL2058875,6740.0,6.74
OC(CSc1ccc2ccccc2c1)C(O)Cn1c2ccccc2c2ccccc21,CHEMBL2059100,10100.0,10.1
OC(Cn1c2ccccc2c2ccccc21)Cn1c2ccccc2c2ccccc21,CHEMBL2059101,710.0,0.71
OC(CSc1ccc2ccccc2c1)CSc1ccc2ccccc2c1,CHEMBL2059102,30000.0,30.0
OC(CCn1c2ccccc2c2ccccc21)Cn1c2ccccc2c2ccccc21,CHEMBL2059103,100000.0,100.0
OC(Cn1c2ccccc2c2ccccc21)C(O)Cn1c2ccccc2c2ccccc21,CHEMBL2059104,8820.0,8.82
CCc1ccc2c(c1)[C@@H](NC[C@@H](O)[C@H](Cc1ccccc1)NC(=O)c1cc(-c3ccccn3)c(=O)n(C3CCCC3)c1)CC1(CCC1)O2,CHEMBL2151148,3.6,3.6
CCc1ccc2c(c1)[C@@H](NC[C@@H](O)[C@H](Cc1ccccc1)NC(C)=O)CC1(CCC1)O2,CHEMBL2151149,110.0,110.0
CC(=O)N[C@@H](Cc1ccccc1)[C@H](O)CN[C@H]1CC2(CCC2)Oc2ccc(CC(C)(C)C)cc21,CHEMBL2151150,7.2,7.2
CC(=O)N[C@@H](Cc1ccccc1)[C@H](O)CN[C@H]1CC2(CCC2)Oc2ncc(CC(C)(C)C)cc21,CHEMBL2151151,5.8,5.8
CC(=O)N[C@@H](Cc1ccccc1F)[C@H](O)CN[C@H]1CC2(CCC2)Oc2ncc(CC(C)(C)C)cc21,CHEMBL2151152,3.6,3.6
CC(=O)N[C@@H](Cc1ccc(Cl)cc1)[C@H](O)CN[C@H]1CC2(CCC2)Oc2ncc(CC(C)(C)C)cc21,CHEMBL2151153,8.3,8.3
CC(=O)N[C@@H](Cc1ccc(OC(F)(F)F)cc1)[C@H](O)CN[C@H]1CC2(CCC2)Oc2ncc(CC(C)(C)C)cc21,CHEMBL2151154,14.0,14.0
CC(=O)N[C@@H](Cc1cccc(C(F)(F)F)c1)[C@H](O)CN[C@H]1CC2(CCC2)Oc2ncc(CC(C)(C)C)cc21,CHEMBL2151235,2.4,2.4
CC(=O)N[C@@H](Cc1ccc(F)cc1F)[C@H](O)CN[C@H]1CC2(CCC2)Oc2ncc(CC(C)(C)C)cc21,CHEMBL2151236,6.5,6.5
CC(=O)N[C@@H](Cc1ccc(F)c(F)c1)[C@H](O)CN[C@H]1CC2(CCC2)Oc2ncc(CC(C)(C)C)cc21,CHEMBL2151237,2.0,2.0
CC(=O)N[C@@H](Cc1ccc(F)c(C)c1)[C@H](O)CN[C@H]1CC2(CCC2)Oc2ncc(CC(C)(C)C)cc21,CHEMBL2151238,4.0,4.0
CC(=O)N[C@@H](Cc1ccc(F)c(C(F)(F)F)c1)[C@H](O)CN[C@H]1CC2(CCC2)Oc2ncc(CC(C)(C)C)cc21,CHEMBL2151239,11.0,11.0
CC(=O)N[C@@H](Cc1ccc(F)c(OC(F)(F)F)c1)[C@H](O)CN[C@H]1CC2(CCC2)Oc2ncc(CC(C)(C)C)cc21,CHEMBL2151240,2.1,2.1
CC(=O)N[C@@H](Cc1ccc(F)c(C#N)c1)[C@H](O)CN[C@H]1CC2(CCC2)Oc2ncc(CC(C)(C)C)cc21,CHEMBL2151241,2.4,2.4
COc1cc(C[C@H](NC(C)=O)[C@H](O)CN[C@H]2CC3(CCC3)Oc3ncc(CC(C)(C)C)cc32)ccc1F,CHEMBL2151242,4.5,4.5
CC(=O)N[C@@H](Cc1ccc(C)c(F)c1)[C@H](O)CN[C@H]1CC2(CCC2)Oc2ncc(CC(C)(C)C)cc21,CHEMBL2151243,0.99,0.99
COc1ccc(C[C@H](NC(C)=O)[C@H](O)CN[C@H]2CC3(CCC3)Oc3ncc(CC(C)(C)C)cc32)cc1F,CHEMBL2151244,3.6,3.6
CC(=O)N[C@@H](Cc1ccc(C(F)(F)F)c(F)c1)[C@H](O)CN[C@H]1CC2(CCC2)Oc2ncc(CC(C)(C)C)cc21,CHEMBL2151316,44.0,44.0
CC#Cc1cncc(-c2cc(Cl)c([C@]3(C)CC(=O)N(C)C(=N)N3)s2)c1,CHEMBL2151181,11.0,11.0
CC#Cc1cncc(-c2csc([C@]3(C)CC(=O)N(C)C(=N)N3)c2)c1,CHEMBL2151141,13.0,13.0
CC#Cc1cncc(-c2ccc([C@]3(C)CC(=O)N(C)C(=N)N3)s2)c1,CHEMBL2151179,42.0,42.0
CC#Cc1cncc(-c2cc([C@]3(C)CC(=O)N(C)C(=N)N3)c(Cl)s2)c1,CHEMBL2151182,67.0,67.0
CN1C(=N)N[C@](C)(c2cc(-c3cccc(C#N)c3)cs2)CC1=O,CHEMBL2151138,68.0,68.0
CC#Cc1cncc(-c2cc([C@]3(C)CC(=O)N(C)C(=N)N3)cs2)c1,CHEMBL2151180,110.0,110.0
CN1C(=N)N[C@](C)(c2ccc(-c3cccc(C#N)c3)s2)CC1=O,CHEMBL2151139,120.0,120.0
CN1C(=N)N[C@](C)(c2csc(-c3cccc(C#N)c3)c2)CC1=O,CHEMBL2151140,400.0,400.0
CN1C(=N)N[C@](C)(c2cccc(-c3cccc(C#N)c3)c2)CC1=O,CHEMBL2151134,450.0,450.0
CN1C(=N)N[C@](C)(c2cccc(-c3cccnc3)c2)CC1=O,CHEMBL2151135,460.0,460.0
COc1cccc(-c2cccc([C@]3(C)CC(=O)N(C)C(N)=N3)c2)c1,CHEMBL1233206,840.0,840.0
C[C@@]1(c2cc(NC(=O)c3ccc(C#N)cn3)ccc2F)Cn2c(C#N)cnc2C(N)=N1,CHEMBL2152899,38.9,7.41
C[C@@]1(c2cc(NC(=O)c3ccn(C(F)F)n3)ccc2F)Cn2c(C#N)cnc2C(N)=N1,CHEMBL2152900,44.67,7.35
C[C@@]1(c2cc(NC(=O)c3ccn(C(F)F)n3)ccc2F)Cn2cc(C(F)(F)F)nc2C(N)=N1,CHEMBL2152901,46.77,7.33
NC1=N[C@@](c2cc(NC(=O)c3ccc(F)cn3)ccc2F)(C(F)F)Cn2ccnc21,CHEMBL2152902,30199.52,4.52
CC#Cc1cncc(-c2cccc([C@@]3(c4cc(C)c(=O)n(CC)c4)N=C(N)c4c(F)cccc43)c2)c1,CHEMBL2152903,2.0,2.0
CCn1cc([C@]2(c3cccc(-c4cncc(C#N)c4)c3)N=C(N)c3c(F)cccc32)cc(C)c1=O,CHEMBL2152904,8.0,8.0
CC#Cc1cncc(-c2cccc([C@@]3(c4cc(C(F)F)c(=O)n(CC)c4)N=C(N)c4c(F)cccc43)c2)c1,CHEMBL2152905,6.0,6.0
CC#Cc1ccnc(-c2cccc([C@@]3(c4cc(C)c(=O)n(CC)c4)N=C(N)c4c(F)cccc43)c2)c1,CHEMBL2152906,5.0,5.0
CN1C(=O)CC2(N=C1N)c1cc(-c3cc(F)cc(Cl)c3)ccc1OC1CC3(CC[C@@H]12)OCCO3,CHEMBL2152907,3083.85,3083.85
NC1=N[C@]2(CO1)c1cc(-c3cncc(Cl)c3)ccc1OC1OC[C@H](OCC3CC3)C[C@@H]12,CHEMBL2152909,8.9,8.9
NC1=N[C@@]2(CO1)c1cc(-c3cncc(Cl)c3)ccc1OC1OC[C@H](OCC3CC3)C[C@@H]12,CHEMBL2152908,7.8,7.8
NC1=N[C@@]2(COCC1)c1cc(-c3cccnc3F)ccc1Oc1cnc(-c3ccnc(F)c3)cc12,CHEMBL2152910,0.5,0.0005
CC(C)(C)COc1cc(F)c2c(c1)[C@]1(COCCC(N)=N1)c1cc(-c3cccnc3F)ccc1O2,CHEMBL2152911,0.5,0.0005
NC1=N[C@@]2(CCOC1)c1cc(-c3cccnc3F)ccc1Oc1cnc(-c3ccc(F)c(F)c3)cc12,CHEMBL2152912,2.0,0.002
NC1=N[C@@]2(CCOC1)c1cc(-c3cccnc3F)ccc1Oc1cnc(C3CCC(F)(F)C3)cc12,CHEMBL2152913,3.0,0.003
CC#Cc1cncc(-c2ccc3c(c2)C2(N=C(C)C(N)=N2)[C@]2(CC[C@H](OC)CC2)C3)c1,CHEMBL2152914,2.2,2.2
CO[C@H]1CC[C@]2(CC1)Cc1ccc(-c3cc(Cl)cc(C#N)c3)cc1C21N=C(C)C(N)=N1,CHEMBL2152915,1.6,1.6
CO[C@H]1CC[C@]2(CC1)Cc1ccc(C#CC3CC3)cc1C21N=C(C)C(N)=N1,CHEMBL2152916,4.8,4.8
CO[C@H]1CC[C@]2(CC1)Cc1ccc(OCC(C)C)cc1C21N=C(C)C(N)=N1,CHEMBL2152917,20.0,20.0
CC#Cc1cccc(-c2ccc3c(c2)C2(N=C(C)C(N)=N2)[C@]2(CC[C@H](OC)CC2)C3)c1,CHEMBL2151058,1.4,1.4
CO[C@H]1CC[C@]2(CC1)Cc1ccc(-c3cncc(Br)c3)cc1C21N=C(C)C(N)=N1,CHEMBL2152918,1.6,1.6
CC#Cc1cncc(-c2ccc3c(c2)C2(N=C(C)C(N)=N2)C2(CCC(OC)CC2)O3)c1,CHEMBL2152919,1.4,1.4
CCC#Cc1cncc(-c2ccc3c(c2)C2(N=C(C)C(N)=N2)[C@]2(CC[C@H](OC)CC2)C3)c1,CHEMBL2152920,2.3,2.3
CO[C@H]1CC[C@]2(CC1)Cc1ccc(-c3cc(Cl)c(F)c(C#N)c3)cc1C21N=C(C)C(N)=N1,CHEMBL2152921,0.72,0.72
CC(=O)N[C@@H](Cc1ccccc1)C(=O)CN[C@H]1CC(C)(C)Cc2nn(CC(C)C)cc21,CHEMBL2158260,10000.0,10000.0
CC(=O)N[C@@H](Cc1ccccc1)[C@H](O)CN[C@H]1CC(C)(C)Cn2nc(CC(C)(C)C)cc21,CHEMBL2158259,440.0,440.0
CC(=O)N[C@@H](Cc1ccccc1)[C@H](O)CN[C@H]1CC(C)(C)Cc2nn(CC(C)C)cc21,CHEMBL2158257,19.0,19.0
CC(=O)N[C@@H](Cc1ccccc1)[C@H](O)CNC1CC(C)(C)Cc2nn(CC(C)(C)C)cc21,CHEMBL2158256,65.0,65.0
CC(=O)N[C@@H](Cc1ccccc1)[C@H](O)CN[C@H]1CC(C)(C)Oc2ccc(CC(C)(C)C)cc21,CHEMBL2158252,12.0,12.0
CC(=O)N[C@@H](Cc1ccccc1)[C@H](O)CNC1CC(C)(C)Cc2[nH]c(CC(C)(C)C)nc21,CHEMBL2158255,1900.0,1900.0
CC(=O)N[C@@H](Cc1ccccc1)[C@H](O)CNC1CC(C)(C)Cc2oc(CC(C)(C)C)nc21,CHEMBL2158254,10000.0,10000.0
CC(=O)N[C@@H](Cc1ccccc1)[C@H](O)CNC1CC(C)(C)Oc2sc(CC(C)(C)C)cc21,CHEMBL2158253,8.5,8.5
CC(=O)N[C@@H](Cc1ccccc1)[C@H](O)CN[C@@H]1CC(C)(C)Cc2nn(CC(C)C)cc21,CHEMBL2158258,5600.0,5600.0
COc1cc(/C=C/C(=O)CC(=O)/C=C/c2ccc(O)c(OC)c2)ccc1O,CHEMBL140,5700.0,5.7
CC(=O)c1ccccc1NC(=O)c1ccc(OCCCCC[n+]2ccccc2)cc1.[Br-],CHEMBL2159663,310.0,0.31
CC(=O)c1ccccc1NC(=O)c1ccc(OCCCCC[n+]2cccc3ccccc32)cc1.[Br-],CHEMBL2159662,85000.0,85.0
CC(=O)c1ccccc1NC(=O)c1ccc(OCCCCCC[n+]2ccc3ccccc3c2)cc1.[Br-],CHEMBL2159661,100000.0,100.0
CC(=O)c1ccccc1NC(=O)c1ccc(OCCCCC[n+]2ccc3ccccc3c2)cc1.[Br-],CHEMBL2159660,100000.0,100.0
CCSc1cccc(-c2ccc(CCc3cc(=O)n(C)c(N)n3)cc2)c1,CHEMBL2169925,200000.0,200.0
Cn1c(N)nc([C@H]2C[C@H]2c2ccc(-c3cccc(C(N)=O)c3)cc2)cc1=O,CHEMBL2169924,59900.0,59.9
CC(=O)Nc1cccc(-c2ccc([C@@H]3C[C@@H]3c3cc(=O)n(C)c(N)n3)cc2)c1,CHEMBL2169923,70000.0,70.0
Cn1c(N)nc([C@H]2C[C@H]2c2ccc(-c3cccc(CCO)c3)cc2)cc1=O,CHEMBL2169922,24500.0,24.5
Cn1c(N)nc([C@H]2C[C@H]2c2ccc(-c3cccc(CC#N)c3)cc2)cc1=O,CHEMBL2172804,20600.0,20.6
COCc1cccc(-c2ccc([C@@H]3C[C@@H]3c3cc(=O)n(C)c(N)n3)cc2)c1,CHEMBL2172803,24300.0,24.3
CCSc1cccc(-c2ccc([C@@H]3C[C@@H]3c3cc(=O)n(C)c(N)n3)cc2)c1,CHEMBL2172802,9100.0,9.1
CSc1cccc(-c2ccc([C@@H]3C[C@@H]3c3cc(=O)n(C)c(N)n3)cc2)c1,CHEMBL2172801,14900.0,14.9
CCCc1cccc(-c2ccc([C@@H]3C[C@@H]3c3cc(=O)n(C)c(N)n3)cc2)c1,CHEMBL2172800,11000.0,11.0
CCc1cccc(-c2ccc([C@@H]3C[C@@H]3c3cc(=O)n(C)c(N)n3)cc2)c1,CHEMBL2172799,23200.0,23.2
Cn1c(N)nc([C@H]2C[C@H]2c2ccc(-c3cccc(OCC4CC4)c3)cc2)cc1=O,CHEMBL2172798,34100.0,34.1
CC(C)Oc1cccc(-c2ccc([C@@H]3C[C@@H]3c3cc(=O)n(C)c(N)n3)cc2)c1,CHEMBL2172797,54000.0,54.0
CCCOc1cccc(-c2ccc([C@@H]3C[C@@H]3c3cc(=O)n(C)c(N)n3)cc2)c1,CHEMBL2172796,14000.0,14.0
CCOc1cccc(-c2ccc([C@@H]3C[C@@H]3c3cc(=O)n(C)c(N)n3)cc2)c1,CHEMBL2172795,10200.0,10.2
COc1cccc(-c2ccc([C@@H]3C[C@@H]3c3cc(=O)n(C)c(N)n3)cc2)c1,CHEMBL2172794,14300.0,14.3
COc1cncc(-c2ccc([C@@H]3C[C@@H]3c3cc(=O)n(C)c(N)n3)cc2)n1,CHEMBL2172793,12600.0,12.6
COc1cc(-c2ccc([C@@H]3C[C@@H]3c3cc(=O)n(C)c(N)n3)cc2)ccn1,CHEMBL2169916,116000.0,116.0
COc1cccc(-c2ccc([C@@H]3C[C@@H]3c3cc(=O)n(C)c(N)n3)cc2)n1,CHEMBL2169947,53300.0,53.3
Cc1csc(-c2ccc([C@@H]3C[C@@H]3c3cc(=O)n(C)c(N)n3)cc2)c1,CHEMBL2169946,50700.0,50.7
Cc1ccc(-c2ccc([C@@H]3C[C@@H]3c3cc(=O)n(C)c(N)n3)cc2)s1,CHEMBL2169945,165000.0,165.0
Cn1c(N)nc([C@H]2C[C@H]2c2ccc(-c3ccco3)cc2)cc1=O,CHEMBL2169944,59000.0,59.0
Cn1c(N)nc([C@H]2C[C@H]2c2ccc(-c3ccsc3)cc2)cc1=O,CHEMBL2169943,46500.0,46.5
Cn1c(N)nc([C@H]2C[C@H]2c2ccc(-c3cccs3)cc2)cc1=O,CHEMBL2169942,14100.0,14.1
Cn1c(N)nc(CCc2ccc(-c3ccccc3)cc2)cc1=O,CHEMBL2169941,200000.0,200.0
Cc1ccc(-c2ccc([C@@H]3C[C@@H]3c3cc(=O)n(C)c(N)n3)cc2)cc1,CHEMBL2169940,119000.0,119.0
Cc1cccc(-c2ccc([C@@H]3C[C@@H]3c3cc(=O)n(C)c(N)n3)cc2)c1,CHEMBL2169939,17100.0,17.1
Cc1ccccc1-c1ccc([C@@H]2C[C@@H]2c2cc(=O)n(C)c(N)n2)cc1,CHEMBL2169938,39400.0,39.4
Cn1c(N)nc([C@H]2C[C@H]2c2ccc(-c3ccccc3)cc2)cc1=O,CHEMBL2169937,25600.0,25.6
COc1cccc(-c2cccc([C@H]3C[C@H]3c3cc(=O)n(C)c(N)n3)c2)c1,CHEMBL2169936,103000.0,103.0
Cn1c(N)nc([C@@H]2C[C@@H]2c2cccc(-c3ccccc3)c2)cc1=O,CHEMBL2169935,1848000.0,1848.0
Cn1c(N)nc([C@@H]2C[C@@H]2c2cccc(Br)c2)cc1=O,CHEMBL2169934,1114000.0,1114.0
COc1cccc(-c2cccc([C@@H]3C[C@@H]3c3cc(=O)n(C)c(N)n3)c2)c1,CHEMBL2169933,4600.0,4.6
Cn1c(N)nc([C@H]2C[C@H]2c2cccc(-c3ccccc3)c2)cc1=O,CHEMBL2169932,614000.0,614.0
Cn1c(N)nc([C@H]2C[C@H]2c2cccc(Br)c2)cc1=O,CHEMBL2169931,502000.0,502.0
Cn1c(N)nc(CCc2cccc(Br)c2)cc1=O,CHEMBL2169930,19800.0,19.8
Cn1c(N)nc([C@H]2C[C@@H]2c2ccccc2)cc1=O,CHEMBL2169929,2000000.0,2000.0
Cn1c(N)nc([C@@H]2C[C@H]2c2ccccc2)cc1=O,CHEMBL2169928,2000000.0,2000.0
Cn1c(N)nc([C@@H]2C[C@@H]2c2ccccc2)cc1=O,CHEMBL2169927,619000.0,619.0
Cn1c(N)nc([C@H]2C[C@H]2c2ccccc2)cc1=O,CHEMBL2169926,157000.0,157.0
Nc1nc(CCc2ccc3[nH]ccc3c2)cc(=O)[nH]1,CHEMBL2172792,130000.0,130.0
CCCc1cc(=O)[nH]c(N)n1,CHEMBL235825,2490000.0,2490.0
CC(C)(C)Cc1cnc2c(c1)[C@@H](NC[C@@H](O)[C@H](Cc1ccc(F)cc1)NC(=O)c1cncc(F)c1)CC1(CCC1)O2,CHEMBL2171303,69.0,69.0
CC(C)(C)Cc1cnc2c(c1)[C@@H](NC[C@@H](O)[C@H](Cc1ccc(F)cc1)NC(=O)c1cccnc1)CC1(CCC1)O2,CHEMBL2171304,33.0,33.0
CC(C)(C)Cc1cnc2c(c1)[C@@H](NC[C@@H](O)[C@H](Cc1ccc(F)cc1)NC(=O)c1cccnc1F)CC1(CCC1)O2,CHEMBL2171305,30.0,30.0
CO[C@H](C)C(=O)N[C@@H](Cc1ccc(F)cc1)[C@H](O)CN[C@H]1CC2(CCC2)Oc2ncc(CC(C)(C)C)cc21,CHEMBL2171306,28.0,28.0
COCC(=O)N[C@@H](Cc1ccc(F)cc1)[C@H](O)CN[C@H]1CC2(CCC2)Oc2ncc(CC(C)(C)C)cc21,CHEMBL2171307,5.0,5.0
CC(C)(C)Cc1cnc2c(c1)[C@@H](NC[C@@H](O)[C@H](Cc1ccc3c(c1)OCO3)NC(=O)c1ccc(F)nc1)CC1(CCC1)O2,CHEMBL2181828,69.5,69.5
CC(C)(C)Cc1cnc2c(c1)[C@@H](NC[C@@H](O)[C@H](Cc1ccc3c(c1)OCO3)NC(=O)c1cccnc1)CC1(CCC1)O2,CHEMBL2181827,67.6,67.6
CC(C)(C)Cc1cnc2c(c1)[C@@H](NC[C@@H](O)[C@H](Cc1ccc3c(c1)OCO3)NC(=O)c1cccnc1F)CC1(CCC1)O2,CHEMBL2181884,64.3,64.3
CC(C)(C)Cc1cnc2c(c1)[C@@H](NC[C@@H](O)[C@H](Cc1ccc3c(c1)OCO3)NC(=O)c1ccccc1F)CC1(CCC1)O2,CHEMBL2181883,1150.0,1150.0
C[C@@H](F)C(=O)N[C@@H](Cc1ccc2c(c1)OCO2)[C@H](O)CN[C@H]1CC2(CCC2)Oc2ncc(CC(C)(C)C)cc21,CHEMBL2181882,55.5,55.5
CC(C)(C)Cc1cnc2c(c1)[C@@H](NC[C@@H](O)[C@H](Cc1ccc3c(c1)OCO3)NC(=O)[C@@H]1CCCO1)CC1(CCC1)O2,CHEMBL2181881,27.5,27.5
CO[C@H](C)C(=O)N[C@@H](Cc1ccc2c(c1)OCO2)[C@H](O)CN[C@H]1CC2(CCC2)Oc2ncc(CC(C)(C)C)cc21,CHEMBL2181880,26.0,26.0
CC(C)C(=O)N[C@@H](Cc1ccc2c(c1)OCO2)[C@H](O)CN[C@H]1CC2(CCC2)Oc2ncc(CC(C)(C)C)cc21,CHEMBL2181831,812.0,812.0
COCC(=O)N[C@@H](Cc1ccc2c(c1)OCO2)[C@H](O)CN[C@H]1CC2(CCC2)Oc2ncc(CC(C)(C)C)cc21,CHEMBL2181830,16.8,16.8
CC(=O)N[C@@H](Cc1ccc2c(c1)OCCO2)[C@H](O)CN[C@H]1CC2(CCC2)Oc2ncc(CC(C)(C)C)cc21,CHEMBL2181829,22.9,22.9
CC(=O)N[C@@H](Cc1ccc2c(c1)OCO2)[C@H](O)CN[C@H]1CC2(CCC2)Oc2ncc(CC(C)(C)C)cc21,CHEMBL2181887,5.5,5.5
CC(=O)N[C@@H](Cc1ccc(OC(F)F)c(OC(F)F)c1)[C@H](O)CN[C@H]1CC2(CCC2)Oc2ncc(CC(C)(C)C)cc21,CHEMBL2181886,238.4,238.4
COc1ccc(C[C@H](NC(C)=O)[C@H](O)CN[C@H]2CC3(CCC3)Oc3ncc(CC(C)(C)C)cc32)cc1OC,CHEMBL2181885,9.3,9.3
C[C@@H](O)C(=O)N[C@@H](Cc1cccc(-c2nccs2)c1)[C@H](O)CN[C@H]1CC2(CCC2)Oc2ncc(CC(C)(C)C)cc21,CHEMBL2181917,408.0,408.0
CC(C)(C)Cc1cnc2c(c1)[C@@H](NC[C@@H](O)[C@H](Cc1cccc(-c3nccs3)c1)NC(=O)[C@@H]1CCCO1)CC1(CCC1)O2,CHEMBL2181916,5.9,5.9
CC(C)(C)Cc1cnc2c(c1)[C@@H](NC[C@@H](O)[C@H](Cc1cccc(-c3nccs3)c1)NC(=O)[C@H]1CCCO1)CC1(CCC1)O2,CHEMBL2181915,11.0,11.0
COC(OC)C(=O)N[C@@H](Cc1cccc(-c2nccs2)c1)[C@H](O)CN[C@H]1CC2(CCC2)Oc2ncc(CC(C)(C)C)cc21,CHEMBL2181914,9.1,9.1
CCO[C@H](C)C(=O)N[C@@H](Cc1cccc(-c2nccs2)c1)[C@H](O)CN[C@H]1CC2(CCC2)Oc2ncc(CC(C)(C)C)cc21,CHEMBL2181913,18.0,18.0
CO[C@@H](C)C(=O)N[C@@H](Cc1cccc(-c2nccs2)c1)[C@H](O)CN[C@H]1CC2(CCC2)Oc2ncc(CC(C)(C)C)cc21,CHEMBL2181912,17.0,17.0
CO[C@H](C)C(=O)N[C@@H](Cc1cccc(-c2nccs2)c1)[C@H](O)CN[C@H]1CC2(CCC2)Oc2ncc(CC(C)(C)C)cc21,CHEMBL2181911,9.9,9.9
CCOCC(=O)N[C@@H](Cc1cccc(-c2nccs2)c1)[C@H](O)CN[C@H]1CC2(CCC2)Oc2ncc(CC(C)(C)C)cc21,CHEMBL2181910,8.1,8.1
CCC(=O)N[C@@H](Cc1cccc(-c2nccs2)c1)[C@H](O)CN[C@H]1CC2(CCC2)Oc2ncc(CC(C)(C)C)cc21,CHEMBL2181909,414.0,414.0
CC(=O)N[C@@H](Cc1cccc(-c2nccs2)c1)[C@H](O)CN[C@H]1CC2(CCC2)Oc2ncc(CC(C)(C)C)cc21,CHEMBL2181908,5.6,5.6
C#Cc1ccc(F)c(C[C@H](NC(=O)COC)[C@H](O)CN[C@H]2CC3(CCC3)Oc3ncc(CC(C)(C)C)cc32)c1,CHEMBL2181907,11.0,11.0
C#Cc1cc(F)cc(C[C@H](NC(=O)COC)[C@H](O)CN[C@H]2CC3(CCC3)Oc3ncc(CC(C)(C)C)cc32)c1,CHEMBL2181906,7.3,7.3
C#Cc1cc(C[C@H](NC(=O)COC)[C@H](O)CN[C@H]2CC3(CCC3)Oc3ncc(CC(C)(C)C)cc32)ccc1F,CHEMBL2181905,12.0,12.0
C#Cc1cccc(C[C@H](NC(=O)COC)[C@H](O)CN[C@H]2CC3(CCC3)Oc3ncc(CC(C)(C)C)cc32)c1F,CHEMBL2181904,144.0,144.0
COCC(=O)N[C@@H](Cc1cc(-c2nccs2)ccc1F)[C@H](O)CN[C@H]1CC2(CCC2)Oc2ncc(CC(C)(C)C)cc21,CHEMBL2181903,18.0,18.0
COCC(=O)N[C@@H](Cc1cc(F)cc(-c2nccs2)c1)[C@H](O)CN[C@H]1CC2(CCC2)Oc2ncc(CC(C)(C)C)cc21,CHEMBL2181902,7.3,7.3
COCC(=O)N[C@@H](Cc1ccc(F)c(-c2nccs2)c1)[C@H](O)CN[C@H]1CC2(CCC2)Oc2ncc(CC(C)(C)C)cc21,CHEMBL2181901,15.0,15.0
COCC(=O)N[C@@H](Cc1cccc(-c2nccs2)c1F)[C@H](O)CN[C@H]1CC2(CCC2)Oc2ncc(CC(C)(C)C)cc21,CHEMBL2181900,100.0,100.0
C#Cc1ccc(C[C@H](NC(=O)COC)[C@H](O)CN[C@H]2CC3(CCC3)Oc3ncc(CC(C)(C)C)cc32)cc1,CHEMBL2181899,99.0,99.0
COCC(=O)N[C@@H](Cc1ccc(-c2nccs2)cc1)[C@H](O)CN[C@H]1CC2(CCC2)Oc2ncc(CC(C)(C)C)cc21,CHEMBL2181898,26.0,26.0
CC#Cc1cccc(C[C@H](NC(=O)COC)[C@H](O)CN[C@H]2CC3(CCC3)Oc3ncc(CC(C)(C)C)cc32)c1,CHEMBL2181897,22.0,22.0
C#Cc1cccc(C[C@H](NC(=O)COC)[C@H](O)CN[C@H]2CC3(CCC3)Oc3ncc(CC(C)(C)C)cc32)c1,CHEMBL2181896,7.1,7.1
COCC(=O)N[C@@H](Cc1cccc(-c2nc(C)cs2)c1)[C@H](O)CN[C@H]1CC2(CCC2)Oc2ncc(CC(C)(C)C)cc21,CHEMBL2181895,14.0,14.0
COCC(=O)N[C@@H](Cc1cccc(-c2cscn2)c1)[C@H](O)CN[C@H]1CC2(CCC2)Oc2ncc(CC(C)(C)C)cc21,CHEMBL2181894,9.8,9.8
COCC(=O)N[C@@H](Cc1cccc(-c2cncs2)c1)[C@H](O)CN[C@H]1CC2(CCC2)Oc2ncc(CC(C)(C)C)cc21,CHEMBL2181893,8.2,8.2
COCC(=O)N[C@@H](Cc1cccc(-c2nccs2)c1)[C@H](O)CN[C@H]1CC2(CCC2)Oc2ncc(CC(C)(C)C)cc21,CHEMBL2181892,6.5,6.5
COCC(=O)N[C@@H](Cc1cccc(-c2nccn2C)c1)[C@H](O)CN[C@H]1CC2(CCC2)Oc2ncc(CC(C)(C)C)cc21,CHEMBL2181891,5.5,5.5
COCC(=O)N[C@@H](Cc1cccc(-c2ncco2)c1)[C@H](O)CN[C@H]1CC2(CCC2)Oc2ncc(CC(C)(C)C)cc21,CHEMBL2181890,12.0,12.0
COCC(=O)N[C@@H](Cc1cccc(-c2ccccn2)c1)[C@H](O)CN[C@H]1CC2(CCC2)Oc2ncc(CC(C)(C)C)cc21,CHEMBL2181889,18.0,18.0
COCC(=O)N[C@@H](Cc1cccc(-c2ccncc2)c1)[C@H](O)CN[C@H]1CC2(CCC2)Oc2ncc(CC(C)(C)C)cc21,CHEMBL2181888,9.8,9.8
CC(C)Oc1cc(CN2CC[C@@]3(C[C@@H]2C)CN(C)S(=O)(=O)N3c2cccc(F)c2)ccc1O,CHEMBL2177470,100.0,0.1
CCOc1cc(CN2CC[C@@]3(C[C@@H]2C)CN(C)S(=O)(=O)N3c2cccc(F)c2)ccc1O,CHEMBL2177469,1600.0,1.6
C[C@H]1C[C@]2(CCN1Cc1ccc(O)c(Cl)c1)CN(C)S(=O)(=O)N2c1cccc(F)c1,CHEMBL2177468,350.0,0.35
C[C@H]1C[C@]2(CCN1Cc1ccc(O)cc1)CN(C)S(=O)(=O)N2c1cccc(F)c1,CHEMBL2177484,240.0,0.24
CCc1n[nH]c2ccc(CN3CC[C@@]4(C[C@@H]3C)CN(C)S(=O)(=O)N4c3cccc(F)c3)cc12,CHEMBL2177483,290.0,0.29
C[C@H]1C[C@]2(CCN1Cc1ccc3[nH]ccc3c1)CN(C)S(=O)(=O)N2c1cccc(F)c1,CHEMBL2177482,770.0,0.77
CC(=O)Nc1ccc(CN2CC[C@@]3(C[C@@H]2C)CN(C)S(=O)(=O)N3c2cccc(F)c2)cc1,CHEMBL2177481,7400.0,7.4
CC(C)Oc1cccc(CN2CC[C@@]3(C[C@@H]2C)CN(c2ncco2)S(=O)(=O)N3c2cccc(F)c2)c1,CHEMBL2177480,10200.0,10.2
CC(C)Oc1cccc(CN2CC[C@@]3(C[C@@H]2C)CN(c2nccs2)S(=O)(=O)N3c2cccc(F)c2)c1,CHEMBL2177479,4100.0,4.1
CC(C)Oc1cccc(CN2CC[C@@]3(C[C@@H]2C)CN(c2ncccn2)S(=O)(=O)N3c2cccc(F)c2)c1,CHEMBL2177478,2500.0,2.5
CC(C)Oc1cccc(CN2CC[C@@]3(C[C@@H]2C)CN(c2cccnc2)S(=O)(=O)N3c2cccc(F)c2)c1,CHEMBL2177477,3600.0,3.6
CC(C)Oc1cccc(CN2CC[C@@]3(C[C@@H]2C)CN(c2ccncc2)S(=O)(=O)N3c2cccc(F)c2)c1,CHEMBL2177476,3000.0,3.0
CC(C)Oc1cccc(CN2CC[C@@]3(C[C@@H]2C)CN(C(C)C)S(=O)(=O)N3c2cccc(F)c2)c1,CHEMBL2177475,1400.0,1.4
CC(C)Oc1cccc(CN2CC[C@@]3(C[C@@H]2C)CN(C)S(=O)(=O)N3c2cccc(F)c2)c1,CHEMBL2177473,1800.0,1.8
C[C@H]1C[C@]2(CCN1Cc1cccc(-c3ccccc3Cl)c1)CNS(=O)(=O)N2c1cccc(F)c1,CHEMBL2177472,710.0,0.71
C[C@H]1C[C@]2(CCN1Cc1cccc(OC3CCCC3)c1)CNS(=O)(=O)N2c1cccc(F)c1,CHEMBL2177471,5300.0,5.3
CC(C)COc1cccc(CN2CC[C@]3(CNS(=O)(=O)N3c3cccc(F)c3)C[C@@H]2C)c1,CHEMBL2177490,7100.0,7.1
CC(C)Oc1cccc(CN2CC[C@]3(CNS(=O)(=O)N3c3cccc(F)c3)C[C@@H]2C)c1,CHEMBL2177488,2900.0,2.9
CCOc1cccc(CN2CC[C@]3(CNS(=O)(=O)N3c3cccc(F)c3)C[C@@H]2C)c1,CHEMBL2177487,3300.0,3.3
CCN1C[C@]2(CCN(Cc3cccc(OC(C)C)c3)[C@@H](C)C2)N(c2cccc(F)c2)S1(=O)=O,CHEMBL2177474,1700.0,1.7
CCCOc1cccc(CN2CC[C@]3(CNS(=O)(=O)N3c3cccc(F)c3)C[C@@H]2C)c1,CHEMBL2177489,23100.0,23.1
COc1cccc(CN2CC[C@]3(CNS(=O)(=O)N3c3cccc(F)c3)C[C@@H]2C)c1,CHEMBL2177486,99300.0,99.3
C[C@H]1C[C@]2(CCN1Cc1ccccc1)CNS(=O)(=O)N2c1cccc(F)c1,CHEMBL2177485,20900.0,20.9
N#CC1(OC(=O)[C@H]2C[C@]3(CN2)C(=O)Nc2ccccc23)CCCCC1,CHEMBL2181985,25400.0,25.4
O=C(OC1CCS(=O)(=O)c2ccc(Br)cc21)[C@H]1C[C@]2(CN1)C(=O)Nc1ccccc12,CHEMBL2181984,4000.0,4.0
O=C(OC1CCSc2ccc(Br)cc21)[C@H]1C[C@]2(CN1)C(=O)Nc1ccccc12,CHEMBL2181983,22600.0,22.6
N#Cc1ccc(COC(=O)[C@H]2C[C@]3(CN2)C(=O)Nc2ccccc23)cc1Br,CHEMBL2181982,6260.0,6.26
O=C(OCc1ccc(Br)cc1)[C@H]1C[C@]2(CN1)C(=O)Nc1ccccc12,CHEMBL2181981,29500.0,29.5
N#Cc1ccc(COC(=O)[C@H]2C[C@]3(CN2)C(=O)Nc2ccccc23)cc1,CHEMBL2181980,12200.0,12.2
O=C(OCc1ccccc1)[C@H]1C[C@]2(CN1)C(=O)Nc1ccccc12,CHEMBL2181979,85700.0,85.7
COC(=O)N1CCC(OC(=O)[C@H]2C[C@]3(CN2)C(=O)Nc2ccccc23)CC1,CHEMBL2181978,83700.0,83.7
O=C(OC1CCOCC1)[C@H]1C[C@]2(CN1)C(=O)Nc1ccccc12,CHEMBL2181998,114000.0,114.0
Cc1cnc(N2C[C@H]3C(=O)N(C)C(=N)N[C@@]3(c3cc(-c4cccc(C#N)c4)cs3)C2)nc1,CHEMBL2178143,29.0,29.0
CN1C(=N)N[C@@]2(c3cc(-c4cccc(C#N)c4)cs3)CN(c3ncc(Cl)cn3)C[C@H]2C1=O,CHEMBL2178719,51.0,51.0
CN1C(=N)N[C@@]2(c3cc(-c4cccc(C#N)c4)cs3)CN(c3ncc(F)cn3)C[C@H]2C1=O,CHEMBL2178718,16.0,16.0
CN1C(=N)N[C@@]2(c3cc(-c4cccc(C#N)c4)cs3)CN(c3ncccn3)C[C@H]2C1=O,CHEMBL2178717,31.0,31.0
COc1cccc(N2C[C@H]3C(=O)N(C)C(=N)N[C@@]3(c3cc(-c4cccc(C#N)c4)cs3)C2)n1,CHEMBL2178715,18.0,18.0
CN1C(=N)N[C@@]2(c3cc(-c4cccc(C#N)c4)cs3)CN(c3ccc(F)cn3)C[C@H]2C1=O,CHEMBL2178714,22.0,22.0
CN1C(=N)N[C@@]2(c3cc(-c4cccc(C#N)c4)cs3)CN(c3ncccc3C#N)C[C@H]2C1=O,CHEMBL2178713,48.0,48.0
COc1cccnc1N1C[C@H]2C(=O)N(C)C(=N)N[C@@]2(c2cc(-c3cccc(C#N)c3)cs2)C1,CHEMBL2178712,23.0,23.0
CN1C(=N)N[C@@]2(c3cc(-c4cccc(C#N)c4)cs3)CN(c3ccccn3)C[C@H]2C1=O,CHEMBL2178153,50.0,50.0
CC#Cc1cncc(-c2csc([C@]34CN(c5cccc(OC(C)C)c5)C[C@H]3C(=O)N(C)C(=N)N4)c2)c1,CHEMBL2178152,13.0,13.0
CC(C)Oc1cccc(N2C[C@H]3C(=O)N(C)C(=N)N[C@@]3(c3cc(-c4cccc(C#N)c4)cs3)C2)c1,CHEMBL2178151,308.0,308.0
CN1C(=N)N[C@@]2(c3cc(-c4cccc(C#N)c4)cs3)CN(c3ccc(F)cc3)C[C@H]2C1=O,CHEMBL2178150,191.0,191.0
CC#Cc1cncc(-c2csc([C@]34CN(C(=O)c5cccc(F)c5)C[C@H]3C(=O)N(C)C(=N)N4)c2)c1,CHEMBL2178147,8.0,8.0
CN1C(=N)N[C@@]2(c3cc(-c4ccc(F)c(C#N)c4)cs3)CN(C(=O)c3cccc(F)c3)C[C@H]2C1=O,CHEMBL2178146,20.0,20.0
CN1C(=N)N[C@@]2(c3cc(-c4cccc(C#N)c4)cs3)CN(C(=O)c3ccccc3)C[C@H]2C1=O,CHEMBL2178145,19.0,19.0
CSCC[C@H](NC(=O)[C@H](CC(C)C)NC(C)=O)C(=O)N[C@@H](CC(C)C)[C@@H](O)CC(=O)N[C@@H](Cc1ccc(O)cc1)C(=O)NCc1cccc(C(=O)O)c1,CHEMBL2178144,91.0,91.0
COC(=O)[C@H]1C[C@]2(CN1)C(=O)Nc1ccccc12,CHEMBL2181997,242000.0,242.0
O=C1Nc2ccccc2[C@]12CCNC2,CHEMBL2181988,1100000.0,1.1
NC1=N[C@@](c2ccnc(C(F)(F)F)c2)(c2ccc(F)c(-c3cncnc3)c2)c2cccc(F)c21,CHEMBL2177306,7000.0,7000.0
CCn1cc([C@]2(c3cccc(NC(=O)c4ccc(Cl)cn4)c3)N=C(N)c3c(F)cccc32)cc(C)c1=O,CHEMBL2177305,0.15,0.15
CCn1cc([C@]2(c3cccc(C#CC4CC4)c3)N=C(N)c3c(F)cccc32)cc(C)c1=O,CHEMBL2177304,0.76,0.76
CC#Cc1cncc(-c2cccc([C@@]3(c4cc(C)c(=O)n(CC)c4)N=C(N)c4c(F)cc(F)cc43)c2)c1,CHEMBL2177303,0.38,0.38
CCn1cc(C2(c3cccc(-c4cncc(C#N)c4)c3)N=C(N)c3c(F)cccc32)cc(C)c1=O,CHEMBL2177302,1.84,1.84
CCn1cc(C2(c3cccc(-c4cncc(F)c4)c3)N=C(N)c3c(F)cccc32)cc(C)c1=O,CHEMBL2177301,3.98,3.98
CCn1cc(C2(c3cccc(-c4cncnc4)c3)N=C(N)c3c(F)cccc32)cc(C)c1=O,CHEMBL2177920,9.09,9.09
Cc1cc(C2(c3cccc(-c4cncnc4)c3)N=C(N)c3c(F)cccc32)cn(C)c1=O,CHEMBL2177919,11.4,11.4
COc1c(C)cc(C2(c3cccc(-c4cncnc4)c3)N=C(N)c3c(F)cccc32)cc1C#N,CHEMBL2177918,3.4,3.4
COc1c(C)cc(C2(c3cccc(-c4cncnc4)c3)N=C(N)c3c(F)cccc32)nc1C,CHEMBL2177917,2.92,2.92
COc1ccc(C2(c3cccc(-c4cncnc4)c3)N=C(N)c3c(F)cccc32)cc1,CHEMBL2177916,12.5,12.5
CC#Cc1cncc(-c2cccc(C3(c4ccnc(C(F)F)c4)N=C(N)c4c(F)cccc43)c2)c1,CHEMBL2177915,2.97,2.97
NC1=N[C@@](c2cccc(-c3cncnc3)c2)(c2ccnc(C(F)F)c2)c2cc(F)cc(F)c21,CHEMBL2177914,8.64,8.64
NC1=N[C@@](c2cccc(-c3cncnc3)c2)(c2ccnc(C(F)F)c2)c2cccc(F)c21,CHEMBL2177913,16.7,16.7
NC1=NC(c2cccc(-c3cncnc3)c2)(c2ccnc(C(F)F)c2)c2cccc(F)c21,CHEMBL2177912,17.0,17.0
COc1cc(C2(c3cccc(-c4cncnc4)c3)N=C(N)c3c(F)cccc32)ccn1,CHEMBL2177911,21.5,21.5
NC1=NC(c2cccc(-c3cncnc3)c2)(c2ccnc(C3CC3)c2)c2cccc(F)c21,CHEMBL2177113,18.4,18.4
Cc1cc(C2(c3cccc(-c4cncnc4)c3)N=C(N)c3c(F)cccc32)cc(C)n1,CHEMBL2177910,10.7,10.7
NC1=N[C@](c2ccnc(C(F)(F)F)c2)(c2ccc(F)c(-c3cncnc3)c2)c2cccc(F)c21,CHEMBL2177909,22.1,22.1
NC1=NC(c2ccnc(C(F)(F)F)c2)(c2ccc(F)c(-c3cncnc3)c2)c2cccc(F)c21,CHEMBL2177908,29.3,29.3
N#Cc1cncc(-c2cccc(C3(c4ccnc(C(F)(F)F)c4)N=C(N)c4c(F)cccc43)c2)c1,CHEMBL2177907,29.9,29.9
NC1=NC(c2cccc(-c3cncnc3)c2)(c2ccnc(C(F)(F)F)c2)c2cccc(F)c21,CHEMBL2177906,43.1,43.1
NC1=NC(c2ccncc2)(c2cccc(-c3cncc(F)c3)c2)c2cccc(F)c21,CHEMBL2177905,25.6,25.6
NC1=N[C@](c2ccncc2)(c2cccc(-c3cncnc3)c2)c2cccc(F)c21,CHEMBL2177904,8.25,8.25
NC1=NC(c2ccncc2)(c2cccc(-c3cncnc3)c2)c2cccc(F)c21,CHEMBL2177309,11.4,11.4
NC1=NC(c2cccc(-c3cncnc3)c2)(c2ccnc(C(F)(F)F)c2)c2ccccc21,CHEMBL2177308,2.1,2.1
NC1=NC(c2ccncc2)(c2cccc(-c3cncnc3)c2)c2ccccc21,CHEMBL2177307,90.3,90.3
COc1ccc(C2(c3cccc(-c4cccc(Cl)c4)c3)COC(N)=N2)cc1,CHEMBL2177311,18000.0,18.0
COc1ccc(C2(c3cccc(-c4cncnc4)c3)COC(N)=N2)cc1,CHEMBL2177313,13000.0,13.0
COc1ccc(C2(c3cccc(-c4cc(Cl)ccc4F)c3)COC(N)=N2)cc1,CHEMBL2177310,12000.0,12.0
COc1ccc2c(c1)[C@@]1(COC(N)=N1)c1cc(-c3cncnc3)ccc1O2,CHEMBL2177341,10400.0,10.4
COc1ccc(C2(c3cccc(-c4ccc(F)nc4)c3)COC(N)=N2)cc1,CHEMBL2177314,8300.0,8.3
COc1ccc(C2(c3cccc(-c4cccnc4)c3)COC(N)=N2)cc1,CHEMBL2177312,7460.0,7.46
COc1ccc2c(c1)C1(COC(N)=N1)c1cc(-c3ccccc3C)ccc1O2,CHEMBL2177321,7020.0,7.02
COc1ccc2c(c1)C1(COC(N)=N1)c1cc(-c3cccc(Cl)c3F)ccc1O2,CHEMBL2177329,6750.0,6.75
COc1ccc2c(c1)C1(COC(N)=N1)c1cc(-c3cccc(OC(F)(F)F)c3)ccc1O2,CHEMBL2177328,6410.0,6.41
COc1ccc2c(c1)C1(COC(N)=N1)c1cc(-c3ccnc(Cl)c3)ccc1O2,CHEMBL2177337,5800.0,5.8
CC(=O)N[C@@H](Cc1ccccc1)[C@H](O)CN[C@H]1CC2(CCC2)Oc2ncccc21,CHEMBL2177319,5280.0,5.28
COc1ccc(C2(c3cccc(-c4cccnc4F)c3)COC(N)=N2)cc1,CHEMBL2177315,5100.0,5.1
COc1ccc2c(c1)C1(COC(N)=N1)c1cc(-c3ccc(OC(F)(F)F)cc3)ccc1O2,CHEMBL2177327,5060.0,5.06
COc1ccc2c(c1)C1(COC(N)=N1)c1cc(-c3ccccc3Cl)ccc1O2,CHEMBL2177324,4880.0,4.88
COc1ccc2c(c1)C1(COC(N)=N1)c1cc(-c3cccc(C)c3)ccc1O2,CHEMBL2177322,4540.0,4.54
COc1ccc2c(c1)C1(COC(N)=N1)c1cc(-c3cc(Cl)ccc3F)ccc1O2,CHEMBL2177331,4290.0,4.29
COc1ccc2c(c1)C1(COC(N)=N1)c1cc(-c3ccncc3)ccc1O2,CHEMBL2177338,3900.0,3.9
COc1ccc(F)c(-c2ccc3c(c2)C2(COC(N)=N2)c2cc(OC)ccc2O3)c1,CHEMBL2177333,3720.0,3.72
COc1ccc2c(c1)C1(COC(N)=N1)c1cc(-c3ccc(C)cc3)ccc1O2,CHEMBL2177323,3630.0,3.63
COc1ccc2c(c1)C1(COC(N)=N1)c1cc(-c3cc(Cl)c(C)cc3F)ccc1O2,CHEMBL2177334,3210.0,3.21
COc1ccc2c(c1)C1(COC(N)=N1)c1cc(-c3ccccc3)ccc1O2,CHEMBL2177320,2520.0,2.52
COc1ccc2c(c1)C1(COC(N)=N1)c1cc(-c3cccc(Cl)c3)ccc1O2,CHEMBL2177325,2510.0,2.51
COc1ccc2c(c1)C1(COC(N)=N1)c1cc(-c3ccc(Cl)cc3)ccc1O2,CHEMBL2177326,2420.0,2.42
COc1ccc2c(c1)C1(COC(N)=N1)c1cc(-c3ccc(Cl)cc3F)ccc1O2,CHEMBL2177330,2240.0,2.24
COc1ccc2c(c1)C1(COC(N)=N1)c1cc(-c3cccc(OC)c3F)ccc1O2,CHEMBL2177332,2230.0,2.23
COc1ccc2c(c1)C1(COC(N)=N1)c1cc(-c3cccnc3F)ccc1O2,CHEMBL2177335,2000.0,2.0
CC(=O)N[C@@H](Cc1ccccc1)[C@H](O)CN[C@H]1CC2(CCC2)Oc2ncc(Cl)cc21,CHEMBL2177318,1880.0,1.88
NC1=N[C@](c2ccc(OC(F)F)cc2)(c2cccc(-c3cccnc3F)c2)CO1,CHEMBL2177316,1700.0,1.7
COc1ccc2c(c1)C1(COC(N)=N1)c1cc(-c3cncnc3)ccc1O2,CHEMBL2177339,1430.0,1.43
COc1ccc2c(c1)C1(COC(N)=N1)c1cc(-c3cnccc3F)ccc1O2,CHEMBL2177336,1330.0,1.33
COc1ccc2c(c1)[C@]1(COC(N)=N1)c1cc(-c3cncnc3)ccc1O2,CHEMBL2177340,534.0,0.534
CCc1cnc2c(c1)[C@@H](NC[C@@H](O)[C@H](Cc1ccccc1)NC(C)=O)CC1(CCC1)O2,CHEMBL2177317,91.0,0.091
CCCOc1ccc2c(c1)[C@]1(COC(N)=N1)c1cc(-c3cncnc3)ccc1O2,CHEMBL2177342,52.0,0.052
CC(C)COc1ccc2c(c1)[C@]1(COC(N)=N1)c1cc(-c3cncnc3)ccc1O2,CHEMBL2177343,36.0,0.036
CC(=O)N[C@@H](Cc1ccccc1)[C@H](O)CN[C@H]1CC2(CCC2)Oc2ncc(CC(C)C)cc21,CHEMBL2177107,5.0,0.005
CC#Cc1ccnc(-c2cc(C3(C4CC4)N=C(C)C(N)=N3)ccc2O)c1,CHEMBL2180015,100.0,0.1
CC#Cc1cncc(-c2cc(C3(C4CC4)N=C(C)C(N)=N3)ccc2O)c1,CHEMBL2180014,58.0,0.058
CC#Cc1cncc(-c2cccc(C3(C4CC4)N=C(C)C(N)=N3)c2)c1,CHEMBL2180037,190.0,0.19
COc1cccc(-c2cccc(C3(C4CCN(C(C)=O)CC4)N=C(C)C(N)=N3)c2)c1,CHEMBL2180036,1700.0,1.7
COc1cccc(-c2cccc(C3(C4CCOCC4)N=C(C)C(N)=N3)c2)c1,CHEMBL2180035,4000.0,4.0
CC1=NC(c2cccc(-c3cccnc3)c2)(C2CCCCC2)N=C1N,CHEMBL2180034,660.0,0.66
CC1=NC(c2cccc(-c3cncc(Cl)c3)c2)(C2CC2)N=C1N,CHEMBL2180033,690.0,0.69
CC1=N[C@@](Cc2ccccc2)(c2cccc(-c3cncnc3)c2)N=C1N,CHEMBL2180032,710.0,0.71
CC#Cc1cncc(-c2cccc(C3(c4cc(C)c(OC)c(C)c4)N=C(C)C(N)=N3)c2)c1,CHEMBL2180031,14.0,0.014
COc1c(C)cc([C@@]2(c3cccc(-c4cncnc4)c3)N=C(C)C(N)=N2)cc1C,CHEMBL2180030,24.0,0.024
COc1c(C)cc([C@]2(c3cccc(-c4cncnc4)c3)N=C(C)C(N)=N2)cc1C,CHEMBL2180029,400.0,0.4
COc1c(C)cc(C2(c3cccc(-c4cncnc4)c3)N=C(C)C(N)=N2)cc1C,CHEMBL2180028,49.0,0.049
COc1ccc(C2(c3cccc(-c4cncnc4)c3)N=C(C)C(N)=N2)cc1C,CHEMBL2180027,170.0,0.17
COc1ccc(C2(c3cccc(-c4cccnc4)c3)N=C(C)C(N)=N2)cc1,CHEMBL2180026,810.0,0.81
COc1ccc(C2(c3cccc(-c4cncnc4)c3)N=C(C)C(N)=N2)cc1,CHEMBL2180025,1300.0,1.3
CC1=NC(c2ccc(F)cc2)(c2cccc(-c3cccnc3)c2)N=C1N,CHEMBL2180024,1400.0,1.4
COc1cccc(-c2cccc(C3(c4ccncc4)N=C(C)C(N)=N3)c2)c1,CHEMBL2180023,2800.0,2.8
CC1=NC(c2ccccc2)(c2cccc(-c3cccnc3)c2)N=C1N,CHEMBL2180022,1900.0,1.9
COc1ccc(C2(c3cccc(-c4cncnc4)c3)N=C(N)C(C(C)C)=N2)cc1,CHEMBL2180021,2800.0,2.8
CC1=NC(C)(c2cccc(-c3cccnc3)c2)N=C1N,CHEMBL2180019,4300.0,4.3
COc1cccc(-c2cccc(C3(C)N=C(C)C(N)=N3)c2)c1,CHEMBL2180018,2200.0,2.2
CC(C)C1=NC(C)(c2cccc(-c3cccnc3)c2)N=C1N,CHEMBL2180017,32000.0,32.0
CC(C)C1=NC(c2ccccc2)(c2cccc(-c3cncnc3)c2)N=C1N,CHEMBL2180020,18000.0,18.0
CCC[C@H](O)[C@H](NC[C@H](Cc1ccccc1)NC(=O)c1cc2c3c(c1)c(CC)cn3CC1(CC1)S(=O)(=O)N2C)C(=O)NC(C)C,CHEMBL2179140,14.0,14.0
CCC[C@H](O)[C@H](NC[C@H](Cc1ccccc1)NC(=O)c1cc2c3c(c1)c(CC)cn3CC(C)(C)S(=O)(=O)N2C)C(=O)NCC(C)C,CHEMBL2179138,15.0,15.0
CCc1cn2c3c(cc(C(=O)N[C@H](CN[C@H](C(=O)NCC(C)C)[C@H](C)O)Cc4ccccc4)cc13)N(C)S(=O)(=O)CC2,CHEMBL2179136,22.0,22.0
CC(C)CNC(=O)[C@@H](NC[C@H](Cc1ccccc1)NC(=O)c1cc(C(=O)N[C@H](C)c2ccccc2)cc(N(C)S(C)(=O)=O)c1)[C@@H](C)O,CHEMBL2179132,1000.0,1000.0
CC(C)CNC(=O)[C@@H](NC[C@H](Cc1ccccc1)NC(=O)c1cc(C(=O)N[C@H](C)c2ccccc2)cc(N(C)S(C)(=O)=O)c1)[C@H](C)O,CHEMBL2179131,1.0,1.0
CC[C@H](NC[C@H](Cc1ccccc1)NC(=O)c1cc(C(=O)N[C@H](C)c2ccccc2)cc(N(C)S(C)(=O)=O)c1)C(=O)NCC(C)C,CHEMBL2179130,9.5,9.5
COc1ccc(-c2nsc(C)c2C(=O)/N=C(\N)NCc2cc(C)c(NC(=O)CN3CCC3)c(Cl)c2)cc1,CHEMBL2178165,5.0,5.0
COc1ccc(-c2nsc(C)c2C(=O)/N=C(\N)NCc2cc(Cl)c(NC(=O)CN3CCC3)c(Cl)c2)cc1,CHEMBL2178164,8.0,8.0
COc1ccc(-c2nsc(C)c2C(=O)/N=C(\N)NCc2cc(Cl)c(NC(C)=O)c(Cl)c2)cc1,CHEMBL2178180,310.0,310.0
COc1ccc(-c2nsc(C)c2C(=O)/N=C(\N)NCc2cc(Cl)c(N)c(Cl)c2)cc1,CHEMBL2178178,1030.0,1030.0
COc1ccc(-c2noc(C)c2C(=O)/N=C(\N)NCc2cc(Cl)cc(Cl)c2)cc1,CHEMBL2178200,3900.0,3900.0
CCNCC(=O)Nc1c(C)cc(CN/C(N)=N/C(=O)c2c(-c3ccc(OC)cc3)nsc2C)cc1Cl,CHEMBL2178163,10.0,10.0
CCNCC(=O)Nc1c(Cl)cc(CN/C(N)=N/C(=O)c2c(-c3ccc(OC)cc3)nsc2C)cc1Cl,CHEMBL2178162,20.0,20.0
COc1ccc(-c2nsc(C)c2C(=O)/N=C(\N)NCc2cc(C)c(NC(=O)CNCc3ccccc3)c(Cl)c2)cc1,CHEMBL2178161,70.0,70.0
COc1ccc(-c2nsc(C)c2C(=O)/N=C(\N)NCc2cc(Cl)c(NC(=O)CNCc3ccccc3)c(Cl)c2)cc1,CHEMBL2178195,140.0,140.0
COc1ccc(-c2nsc(C)c2C(=O)/N=C(\N)NCc2cc(C)c(NC(=O)CN(C)C)c(Cl)c2)cc1,CHEMBL2178194,20.0,20.0
COc1ccc(-c2nsc(C)c2C(=O)/N=C(\N)NCc2cc(Cl)c(NC(=O)CN(C)C)c(Cl)c2)cc1,CHEMBL2178193,70.0,70.0
COc1ccc(-c2noc(C)c2C(=O)/N=C(\N)NCc2cc(C)c(NC(=O)CN(C)C)c(Cl)c2)cc1,CHEMBL2178192,90.0,90.0
COc1ccc(-c2noc(C)c2C(=O)/N=C(\N)NCc2cc(Cl)c(NC(=O)CN(C)C)c(Cl)c2)cc1,CHEMBL2178191,210.0,210.0
COc1ccc(-c2noc(C)c2C(=O)/N=C(\N)NCc2cc(C)c(NC(=O)c3ccco3)c(Cl)c2)cc1,CHEMBL2178190,1400.0,1400.0
COc1ccc(-c2noc(C)c2C(=O)/N=C(\N)NCc2cc(C)c(NC(=O)C3CC3)c(Cl)c2)cc1,CHEMBL2178189,330.0,330.0
COc1ccc(-c2noc(C)c2C(=O)/N=C(\N)NCc2cc(Cl)c(NC(=O)C3CC3)c(Cl)c2)cc1,CHEMBL2178188,1600.0,1600.0
COc1ccc(-c2noc(C)c2C(=O)/N=C(\N)NCc2cc(Cl)c(NC(=O)CS(C)(=O)=O)c(Cl)c2)cc1,CHEMBL2178187,1900.0,1900.0
COc1ccc(-c2noc(C)c2C(=O)/N=C(\N)NCc2cc(C)c(NC(=O)CCSC)c(Cl)c2)cc1,CHEMBL2178186,640.0,640.0
COc1ccc(-c2noc(C)c2C(=O)/N=C(\N)NCc2cc(Cl)c(NC(=O)CSC)c(Cl)c2)cc1,CHEMBL2178185,2000.0,2000.0
COc1ccc(-c2nsc(C)c2C(=O)/N=C(\N)NCc2cc(C)c(NC(=O)c3ccccc3)c(Cl)c2)cc1,CHEMBL2178184,430.0,430.0
CCC(=O)Nc1c(C)cc(CN/C(N)=N/C(=O)c2c(-c3ccc(OC)cc3)noc2C)cc1Cl,CHEMBL2178183,780.0,780.0
COc1ccc(-c2nsc(C)c2C(=O)/N=C(\N)NCc2cc(C)c(NC(C)=O)c(Cl)c2)cc1,CHEMBL2178181,240.0,240.0
COc1ccc(-c2noc(C)c2C(=O)/N=C(\N)NCc2cc(Cl)c(NC(C)=O)c(Cl)c2)cc1,CHEMBL2178179,790.0,790.0
COc1ccc(-c2nsc(C)c2C(=O)/N=C(\N)NCc2cc(Cl)cc(Cl)c2)cc1,CHEMBL2178204,5000.0,5000.0
COC(=O)[C@@H]1CCCN1C(=O)[C@@H](Cc1ccccc1)N(C)C(=O)[C@H](C)NC(=O)[C@H](CC(C)C)NC(=O)C[C@H](O)[C@H](Cc1ccccc1)NC(=O)c1cc(C(=O)N[C@H](C)c2ccccc2)cc(N(C)S(C)(=O)=O)c1,CHEMBL2181011,100.0,100.0
COC(=O)[C@@H]1CCCN1C(=O)[C@@H](Cc1ccccc1)N(C)C(=O)[C@H](C)NC(=O)[C@H](CC(C)C)NC(=O)C[C@H](O)[C@H](Cc1ccccc1)NC(=O)c1cc(NS(C)(=O)=O)cc(C(=O)N[C@H](C)c2ccccc2)c1,CHEMBL2181010,100.0,100.0
COC(=O)[C@@H]1CCCN1C(=O)[C@@H](Cc1ccccc1)N(C)C(=O)[C@H](C)NC(=O)[C@H](CC(C)C)NC(=O)C[C@H](O)[C@H](Cc1ccccc1)NC(=O)[C@H](CCC(N)=O)N(C)C(=O)[C@@H](N)C(C)C,CHEMBL2181023,10.0,10.0
COC(=O)[C@@H](Cc1ccccc1)N(C)C(=O)[C@H](C)NC(=O)[C@H](CC(C)C)NC(=O)C[C@H](O)[C@H](Cc1ccccc1)NC(C)=O,CHEMBL2181014,10000.0,10000.0
COC(=O)[C@@H]1CCCN1C(=O)[C@@H](Cc1ccccc1)N(C)C(=O)[C@H](C)NC(=O)[C@H](CC(C)C)NC(=O)C[C@H](O)[C@H](Cc1ccccc1)NC(=O)[C@H](CCC(N)=O)NC(C)=O,CHEMBL2181013,10000.0,10000.0
COC(=O)[C@@H]1CCCN1C(=O)[C@@H](Cc1ccccc1)N(C)C(=O)[C@H](C)NC(=O)[C@H](CC(C)C)NC(=O)C[C@H](O)[C@H](Cc1ccccc1)NC(C)=O,CHEMBL2181012,10000.0,10000.0
COC(=O)[C@@H]1CCCN1C(=O)[C@@H](Cc1ccccc1)N(C)C(=O)[C@H](C)NC(=O)[C@H](CC(C)C)NC(=O)C[C@H](O)[C@H](Cc1ccccc1)NC(=O)[C@H](CCC(N)=O)N(C)C(=O)[C@@H](NC(=O)OC(C)(C)C)C(C)C,CHEMBL2181024,48.8,48.8
COC(=O)[C@@H]1CCCN1C(=O)[C@@H](Cc1ccccc1)N(C)C(=O)[C@H](C)NC(=O)[C@H](CC(C)C)NC(=O)C[C@H](O)[C@H](Cc1ccccc1)NC(=O)[C@H](CCC(N)=O)N(C)C(=O)[C@@H](NC(=O)OCc1ccccc1)C(C)C,CHEMBL2181022,54.2,54.2
COC(=O)[C@@H]1CCCN1C(=O)[C@@H](Cc1ccccc1)NC(=O)[C@H](C)NC(=O)[C@H](CC(C)C)NC(=O)C[C@H](O)[C@H](Cc1ccccc1)NC(=O)[C@H](CCC(N)=O)N(C)C(=O)[C@@H](NC(=O)[C@H](C)O)C(C)C,CHEMBL2181021,5430.0,5430.0
CC(C)C[C@H](NC(=O)C[C@H](O)[C@H](Cc1ccccc1)NC(=O)[C@H](CCC(N)=O)N(C)C(=O)[C@@H](NC(=O)[C@H](C)O)C(C)C)C(=O)N[C@@H](C)C(=O)N(C)[C@H](Cc1ccccc1)C(=O)NC(C)C,CHEMBL2181020,166.0,166.0
CC(C)C[C@H](NC(=O)C[C@H](O)[C@H](Cc1ccccc1)NC(=O)[C@H](CCC(N)=O)N(C)C(=O)[C@@H](NC(=O)[C@H](C)O)C(C)C)C(=O)N[C@@H](C)C(=O)N(C)[C@H](Cc1ccccc1)C(=O)NCc1ccccc1,CHEMBL2181019,124.0,124.0
CC(C)C[C@H](NC(=O)C[C@H](O)[C@H](Cc1ccccc1)NC(=O)[C@H](CCC(N)=O)N(C)C(=O)[C@@H](NC(=O)[C@H](C)O)C(C)C)C(=O)N[C@@H](C)C(=O)N(C)[C@H](Cc1ccccc1)C(=O)O,CHEMBL2181018,73.0,73.0
COC(=O)[C@@H]1CCCN1C(=O)[C@@H](Cc1ccccc1)N(C)C(=O)[C@@H](C)NC(=O)[C@H](CC(C)C)NC(=O)C[C@H](O)[C@H](Cc1ccccc1)NC(=O)[C@H](CCC(N)=O)N(C)C(=O)[C@@H](NC(=O)[C@H](C)O)C(C)C,CHEMBL2181017,10000.0,10000.0
COC(=O)[C@@H]1CCCN1C(=O)[C@H](Cc1ccccc1)N(C)C(=O)[C@@H](C)NC(=O)[C@H](CC(C)C)NC(=O)C[C@H](O)[C@H](Cc1ccccc1)NC(=O)[C@H](CCC(N)=O)N(C)C(=O)[C@@H](NC(=O)[C@H](C)O)C(C)C,CHEMBL2181016,10000.0,10000.0
COC(=O)[C@@H]1CCCN1C(=O)[C@@H](Cc1ccccc1)N(C)C(=O)[C@H](C)NC(=O)[C@H](CC(C)C)NC(=O)C[C@H](O)[C@H](Cc1ccccc1)NC(=O)[C@H](CCC(N)=O)N(C)C(=O)[C@@H](NC(=O)[C@H](C)O)C(C)C,CHEMBL2181015,189.0,189.0
COC(=O)[C@@H]1CCCN1C(=O)[C@H](Cc1ccccc1)N(C)C(=O)[C@H](C)NC(=O)[C@H](CC(C)C)NC(=O)C[C@H](O)[C@H](Cc1ccccc1)NC(=O)[C@H](CCC(N)=O)N(C)C(=O)[C@@H](NC(=O)[C@H](C)O)C(C)C,CHEMBL501578,353.0,353.0
CCCN(c1cc(COC(=O)[C@](C)(N)Cc2ccccc2)cc(C(=O)N[C@H](C)c2ccc(F)cc2)c1)S(C)(=O)=O,CHEMBL2203629,27.0,27.0
CC(C)C[C@H](NC(=O)[C@H](CC(N)=O)NC(=O)[C@H](C)NC(=O)[C@@H](N)CCC(=O)O)[C@@H](O)C[C@@H](C)C(=O)N[C@@H](C)C(=O)N[C@@H](CCC(=O)O)C(=O)N[C@@H](Cc1ccccc1)C(=O)O,CHEMBL2204316,1.6,1.6
O=C(/C=C/c1cccc(O)c1O)c1ccc(O)cc1O,CHEMBL2180475,270.0,0.27
O=C(/C=C/c1ccc(O)cc1)c1ccc(O)cc1O,CHEMBL129795,33000.0,33.0
O=c1c(O)c(-c2cc(O)c(O)c(O)c2)oc2cc(O)cc(O)c12,CHEMBL164,2800.0,2.8
O=c1c(O)c(-c2ccc(O)cc2)oc2cc(O)cc(O)c12,CHEMBL150,14700.0,14.7
O=C1Nc2cc(C(CO)NCc3ccccc3)ccc2C(c2ccccc2)=N[C@H]1c1ccccc1,CHEMBL2314778,11000.0,11.0
O=C(N[C@H](C(=O)Nc1cc(C(CO)NCc2ccccc2)ccc1C(=O)c1ccccc1)c1ccccc1)OCc1ccccc1,CHEMBL2314779,1200.0,1.2
O=C(N[C@@H](C(=O)Nc1cc(C(O)CNCc2ccccc2)ccc1C(=O)c1ccccc1)c1ccccc1)OCc1ccccc1,CHEMBL2314793,1200.0,1.2
O=C(N[C@H](C(=O)Nc1cc(C(O)CNCc2ccccc2)ccc1C(=O)c1ccccc1)c1ccccc1)OCc1ccccc1,CHEMBL2314792,1200.0,1.2
O=C(N[C@@H](C(=O)Nc1cc(C(CO)NCc2ccccc2)ccc1C(=O)c1ccccc1)c1ccccc1)OCc1ccccc1,CHEMBL2314780,4200.0,4.2
CC(C)(C)OC(=O)N1CCN(CC(O)c2ccc(C(=O)c3ccccc3)c(NC(=O)[C@H](NC(=O)OCc3ccccc3)c3ccccc3)c2)CC1,CHEMBL2314791,4900.0,4.9
O=C1Nc2ccccc2C(c2ccccc2)=N[C@H]1C(O)CN1CCNCC1,CHEMBL2314789,12500.0,12.5
O=C1Nc2cc(C(CO)NCc3ccccc3)ccc2C(c2ccccc2)=N[C@@H]1c1ccccc1,CHEMBL2314788,10900.0,10.9
CC(C)(C)OC(=O)N1CCN(c2cccc3c2NC(=O)[C@H](c2ccccc2)N=C3c2ccccc2)CC1,CHEMBL2314782,35000.0,35.0
CC(C)(C)OC(=O)N1CCN(c2cccc3c2NC(=O)[C@@H](c2ccccc2)N=C3c2ccccc2)CC1,CHEMBL2314781,43000.0,43.0
CN1CC(=O)OB(/C=C/c2ccccc2)OC(=O)C1,CHEMBL2315715,136150.0,136.15
COCCCCC1(CNC(=O)[C@@H]2CNC[C@H](NS(=O)(=O)c3ccc(C)cc3)C2)c2ccccc2Oc2ccccc21,CHEMBL2322207,30000.0,30.0
CC[N+](CC)(CC)Cc1ccc(CNC(=O)Cc2ccc(-c3ccccc3)cc2)cc1,CHEMBL2322832,100000.0,100.0
CCN(CC)Cc1ccc(CNC(=O)Cc2ccc(-c3ccccc3)cc2)cc1,CHEMBL2322831,100000.0,100.0
O=C(Cc1ccc(-c2ccccc2)cc1)NCc1ccc(CN2CCCC2)cc1,CHEMBL2322829,100000.0,100.0
NCc1ccc(CNC(=O)Cc2ccc(-c3ccc(O)cc3)cc2)cc1,CHEMBL2322542,100000.0,100.0
NCc1ccc(CNC(=O)Cc2ccc(-c3ccccc3)c(O)c2)cc1,CHEMBL2322534,100000.0,100.0
NCc1ccc(CNC(=O)Cc2ccc(-c3ccccc3)cc2O)cc1,CHEMBL2322533,100000.0,100.0
NCc1ccc(CNC(=O)Cc2ccc(-c3c(F)c(F)c(F)c(F)c3F)cc2)cc1,CHEMBL2322540,101000.0,101.0
C[C@@H](C(=O)NCc1ccc(CN)cc1)c1ccc(-c2ccccc2)c(F)c1,CHEMBL2322536,85700.0,85.7
O=C(Cc1ccc(-c2ccccc2)cc1)NCc1ccc(CN2Cc3ccccc3C2)cc1,CHEMBL2322830,63300.0,63.3
NCc1ccc(CNC(=O)Cc2ccc(-c3cccc(C(F)(F)F)c3)cc2)cc1,CHEMBL2322541,58900.0,58.9
CC(C(=O)NCc1ccc(CN)cc1)c1ccc(-c2ccccc2)c(F)c1,CHEMBL2322535,77100.0,77.1
NCc1ccc(CNC(=O)Cc2ccc(-c3cc(C(F)(F)F)cc(C(F)(F)F)c3)cc2)cc1,CHEMBL2322539,63900.0,63.9
NCc1ccc(CNC(=O)Cc2ccc(-c3ccccc3)cc2)cc1.O=C(O)C(F)(F)F,CHEMBL2322833,323000.0,323.0
CC(C)C(C(=O)NCc1ccc(CN)cc1)c1ccc(-c2ccccc2)cc1,CHEMBL2322537,33500.0,33.5
NCc1ccc(CNC(=O)C(Cc2ccccc2)c2ccc(-c3ccccc3)cc2)cc1,CHEMBL2322538,26900.0,26.9
COCCCOc1cc(C(=O)N(C[C@@H]2CNC[C@H]2Cc2ccccc2)C(C)C)ccc1OC.Cl,CHEMBL2322611,30000.0,30.0
NC1=NC2(c3cc(NC(=O)c4ccc(Cl)cn4)ccc3F)CC2CCS1,CHEMBL2331714,12.0,0.012
NC1=N[C@@]2(c3cc(NC(=O)c4ccc(Cl)cn4)ccc3F)C[C@H]2CCS1,CHEMBL2331712,26.0,0.026
N#Cc1ccc(C(=O)Nc2ccc(F)c([C@]34C[C@H]3CCSC(N)=N4)c2)nc1,CHEMBL2331713,60.0,0.06
NC1=NC2(c3cccc(NC(=O)c4ccc(Cl)cn4)c3)CC2CCS1,CHEMBL2331710,50.0,0.05
N#Cc1ccc(C(=O)Nc2ccc(F)c(C34CC3CCSC(N)=N4)c2)nc1,CHEMBL2331709,52.0,0.052
NC1=N[C@@]2(c3cccc(NC(=O)c4ccc(Cl)cn4)c3)C[C@H]2CCS1,CHEMBL2331708,5.0,0.005
CC1(C)Cc2ccc(-c3cncnc3)cc2[C@@]2(COC(N)=N2)C1,CHEMBL2349471,1348.0,1348.0
CN1C(=O)[C@]2(CC(C)(C)Cc3ccc(-c4cncnc4)cc32)N=C1N,CHEMBL2349470,48.0,48.0
CN1C(=O)[C@]2(CC(C)(C)Cc3ccc(-c4cccnc4F)cc32)N=C1N,CHEMBL2349469,30.0,30.0
CN1C(=O)[C@]2(CC(C)(C)Cc3ccc(-c4cccc(C#N)c4)cc32)N=C1N,CHEMBL2349468,18.0,18.0
CN1C(=O)[C@]2(CC(C)(C)Oc3ccc(-c4cncc(Cl)c4)cc32)N=C1N,CHEMBL2349467,19.0,19.0
CC1(C)Cc2ccc(-c3cncnc3)cc2C2(COC(N)=N2)C1,CHEMBL2349466,4892.0,4892.0
CC1(C)Cc2ccc(-c3cccnc3F)cc2C2(COC(N)=N2)C1,CHEMBL2349465,1908.0,1908.0
CC1(C)Cc2ccc(-c3cncc(F)c3)cc2C2(COC(N)=N2)C1,CHEMBL2349464,5840.0,5840.0
CN1C(=O)CC2(CC(C)(C)Cc3ccc(-c4cncc(Cl)c4)cc32)N=C1N,CHEMBL2349463,32863.0,32863.0
CC1(C)Cc2ccc(-c3cncc(Cl)c3)cc2C2(CCSC(N)=N2)C1,CHEMBL2349489,5738.0,5738.0
CC1(C)Cc2ccc(-c3cncc(Cl)c3)cc2C2(CSC(N)=N2)C1,CHEMBL2349488,1994.0,1994.0
CC1(C)Cc2ccc(-c3cncc(Cl)c3)cc2C2(COC(N)=N2)C1,CHEMBL2349487,789.0,789.0
CC(=O)N1CCC(CN2C(=O)C3(CC(C)(C)Oc4ccc(-c5cccc(Cl)c5)cc43)N=C2N)CC1,CHEMBL2349486,22.0,22.0
COCCN1C(=O)C2(CC(C)(C)Oc3ccc(-c4cccc(Cl)c4)cc32)N=C1N,CHEMBL2349485,123.0,123.0
CC1(C)CC2(N=C(N)N(CC(F)(F)F)C2=O)c2cc(-c3cccc(Cl)c3)ccc2O1,CHEMBL2349484,604.0,604.0
CCN1C(=O)C2(CC(C)(C)Oc3ccc(-c4cccc(Cl)c4)cc32)N=C1N,CHEMBL2349483,260.0,260.0
CN1C(=O)C2(CC(C)(C)C(F)(F)c3ccc(-c4cncnc4)cc32)N=C1N,CHEMBL2349482,1493.0,1493.0
CN1C(=O)C2(CC(C)(C)C(=O)c3ccc(-c4cncnc4)cc32)N=C1N,CHEMBL2349481,703.0,703.0
CN1C(=O)C2(CC(C)(C)Cc3ccc(-c4cncnc4)cc32)N=C1N,CHEMBL2349480,138.0,138.0
CN1C(=O)C2(CC(C)(C)Sc3ccc(-c4cncnc4)cc32)N=C1N,CHEMBL2349479,135.0,135.0
CN1C(=O)C2(CC(C)(C)Cc3ccc(-c4cncc(Cl)c4)cc32)N=C1N,CHEMBL2349478,30.0,30.0
CN1C(=O)C2(CC(C)(C)Sc3ccc(-c4cncc(Cl)c4)cc32)N=C1N,CHEMBL2349477,22.0,22.0
CN1C(=O)C2(CC(C)(C)Cc3ccc(-c4cccnc4F)cc32)N=C1N,CHEMBL2349476,60.0,60.0
CN1C(=O)C2(CC(C)(C)Cc3ccc(-c4cccc(C#N)c4)cc32)N=C1N,CHEMBL2349475,23.0,23.0
CN1C(=O)C2(CC(C)(C)Sc3ccc(-c4cccc(C#N)c4)cc32)N=C1N,CHEMBL2349474,47.0,47.0
CN1C(=O)C2(CC(C)(C)Cc3ccc(-c4cc(F)cc(Cl)c4)cc32)N=C1N,CHEMBL2349473,24.0,24.0
CN1C(=O)C2(CC(C)(C)Sc3ccc(-c4cc(F)cc(Cl)c4)cc32)N=C1N,CHEMBL2349472,23.0,23.0
Cc1ccc(C(=O)Nc2ccc3c(c2)C2(CC(C)(C)O3)N=C(N)N(C)C2=O)o1,CHEMBL2349609,230.0,230.0
CN1C(=O)C2(CC(C)(C)Oc3ccc(-c4ccns4)cc32)N=C1N,CHEMBL2349608,501.0,501.0
CN1C(=O)C2(CC(C)(C)Oc3ccc(-c4cncnc4)cc32)N=C1N,CHEMBL2349607,151.0,151.0
CN1C(=O)C2(CC(C)(C)Oc3ccc(-c4cncc(F)c4)cc32)N=C1N,CHEMBL2349606,145.0,145.0
CN1C(=O)C2(CC(C)(C)Oc3ccc(-c4cccnc4F)cc32)N=C1N,CHEMBL2349507,130.0,130.0
CC#Cc1cncc(-c2ccc3c(c2)C2(CC(C)(C)O3)N=C(N)N(C)C2=O)c1,CHEMBL2349506,10.0,10.0
CN1C(=O)C2(CC(C)(C)Oc3ccc(-c4cncc(C(F)(F)F)c4)cc32)N=C1N,CHEMBL2349505,63.0,63.0
CN1C(=O)C2(CC(C)(C)Oc3ccc(-c4cncc(Cl)c4)cc32)N=C1N,CHEMBL2349504,34.0,34.0
CN1C(=O)C2(CC(C)(C)Oc3ccc(-c4ccncc4)cc32)N=C1N,CHEMBL2349503,6270.0,6270.0
CN1C(=O)C2(CC(C)(C)Oc3ccc(-c4ccccn4)cc32)N=C1N,CHEMBL2349502,2363.0,2363.0
CN1C(=O)C2(CC(C)(C)Oc3ccc(-c4cccnc4)cc32)N=C1N,CHEMBL2349501,113.0,113.0
CN1C(=O)C2(CC(C)(C)Oc3ccc(N4CCCCC4)cc32)N=C1N,CHEMBL2349500,8661.0,8661.0
CC(C)COc1ccc2c(c1)C1(CC(C)(C)O2)N=C(N)N(C)C1=O,CHEMBL2349499,431.0,431.0
CN1C(=O)C2(CC(C)(C)Oc3ccc(C4CCCCC4)cc32)N=C1N,CHEMBL2349498,278.0,278.0
CN1C(=O)C2(CC(C)(C)Oc3ccc(-c4cccc(F)c4)cc32)N=C1N,CHEMBL2349497,99.0,99.0
CN1C(=O)C2(CC(C)(C)Oc3ccc(-c4cccc(OC(F)F)c4)cc32)N=C1N,CHEMBL2349496,28.0,28.0
CSc1cccc(-c2ccc3c(c2)C2(CC(C)(C)O3)N=C(N)N(C)C2=O)c1,CHEMBL2349495,344.0,344.0
CN1C(=O)C2(CC(C)(C)Oc3ccc(-c4cccc(C(F)(F)F)c4)cc32)N=C1N,CHEMBL2349494,74.0,74.0
CCOc1cccc(-c2ccc3c(c2)C2(CC(C)(C)O3)N=C(N)N(C)C2=O)c1,CHEMBL2349493,70.0,70.0
CC(C)Oc1cccc(-c2ccc3c(c2)C2(CC(C)(C)O3)N=C(N)N(C)C2=O)c1,CHEMBL2349492,2864.0,2864.0
CN1C(=O)C2(CC(C)(C)Oc3ccc(-c4cc(Cl)ccc4F)cc32)N=C1N,CHEMBL2349491,36.0,36.0
CN1C(=O)C2(CC(C)(C)Oc3ccc(-c4cc(F)cc(Cl)c4)cc32)N=C1N,CHEMBL2349490,39.0,39.0
COc1ccc(F)c(-c2ccc3c(c2)C2(CC(C)(C)O3)N=C(N)N(C)C2=O)c1,CHEMBL2349619,60.0,60.0
COc1cc(F)cc(-c2ccc3c(c2)C2(CC(C)(C)O3)N=C(N)N(C)C2=O)c1,CHEMBL2349618,61.0,61.0
CN1C(=O)C2(CC(C)(C)Oc3ccc(-c4cc(Cl)cc(Cl)c4)cc32)N=C1N,CHEMBL2349617,28.0,28.0
COc1ccc(-c2ccc3c(c2)C2(CC(C)(C)O3)N=C(N)N(C)C2=O)cc1,CHEMBL2349616,7197.0,7197.0
COc1ccccc1-c1ccc2c(c1)C1(CC(C)(C)O2)N=C(N)N(C)C1=O,CHEMBL2349615,1701.0,1701.0
COc1cccc(-c2ccc3c(c2)C2(CC(C)(C)O3)N=C(N)N(C)C2=O)c1,CHEMBL2349614,68.0,68.0
CN1C(=O)C2(CC(C)(C)Oc3ccc(-c4cccc(C#N)c4)cc32)N=C1N,CHEMBL2349613,94.0,94.0
CN1C(=O)C2(CC(C)(C)Oc3ccc(-c4cccc(Cl)c4)cc32)N=C1N,CHEMBL2349612,24.0,24.0
CN1C(=O)C2(CC(C)(C)Oc3ccc(-c4ccccc4)cc32)N=C1N,CHEMBL2349611,455.0,455.0
CN1C(=O)C2(CC(C)(C)Oc3ccc(Br)cc32)N=C1N,CHEMBL2349610,36830.0,36830.0
CC1(C)Cc2cc(Cl)ccc2C(N[C@@H](Cc2ccccc2)c2ncc(I)c(=O)[nH]2)=N1,CHEMBL2346804,590.0,0.59
CC1(C)Cc2cc(Cl)ccc2C(N[C@@H](Cc2ccccc2)c2ncc3ccoc3n2)=N1,CHEMBL2346803,73700.0,73.7
CC1(C)Cc2cc(Cl)ccc2C(N[C@@H](Cc2ccccc2)c2ncc(C#N)c(=O)[nH]2)=N1,CHEMBL2346802,470.0,0.47
CC1(C)Cc2cc(Cl)ccc2C(N[C@@H](Cc2ccccc2)c2ncc(Cl)c(=O)[nH]2)=N1,CHEMBL2346801,560.0,0.56
CC1(C)Cc2cc(Cl)ccc2C(N[C@@H](Cc2ccccc2)c2nc3ccncc3c(=O)[nH]2)=N1,CHEMBL2346800,170.0,0.17
CC1(C)Cc2cc(Cl)ccc2C(N[C@@H](Cc2ccccc2)c2nc3ccccc3c(=O)[nH]2)=N1,CHEMBL2346799,7230.0,7.23
CC1(C)Cc2cc(Cl)ccc2C(N[C@@H](Cc2ccccc2)c2nccc(=O)[nH]2)=N1,CHEMBL2346798,2710.0,2.71
CC1(C)Cc2cc(Cl)ccc2C(NC(Cc2ccccc2)c2n[nH]c(=O)[nH]2)=N1,CHEMBL2346797,3370.0,3.37
CC1(C)Cc2cc(Cl)ccc2C(N[C@@H](Cc2ccccc2)c2noc(=O)[nH]2)=N1,CHEMBL2346796,750.0,0.75
Cc1ccnc(C(Cc2ccccc2)NC2=NC(C)(C)Cc3cc(Cl)ccc32)n1,CHEMBL2346795,250000.0,250.0
CC1(C)Cc2cc(Cl)ccc2C(NC(Cc2ccccc2)c2ncccn2)=N1,CHEMBL2346794,137100.0,137.1
Cc1nnc(C(Cc2ccccc2)NC2=NC(C)(C)Cc3cc(Cl)ccc32)o1,CHEMBL2346793,339700.0,339.7
CC1(C)Cc2cc(Cl)ccc2C(NC(Cc2ccccc2)c2nnco2)=N1,CHEMBL2346792,184900.0,184.9
CC1(C)Cc2ccccc2C(NC(Cc2ccccc2)c2nnn[nH]2)=N1,CHEMBL2346791,638600.0,638.6
CC1(C)Cc2cc(Cl)ccc2C(N[C@@H](Cc2ccccc2)C(=O)O)=N1,CHEMBL2346790,2840.0,2.84
Cc1ccc2c(c1)CC(C)(C)N=C2N[C@@H](Cc1ccccc1)C(=O)O,CHEMBL2346789,5410.0,5.41
CC1(C)Cc2ccccc2C(NC(Cc2ccccc2)C(=O)O)=N1,CHEMBL2136098,27200.0,27.2
N#Cc1ccc(C(=O)Nc2ccc(F)c([C@@]3(CF)N=C(N)OCC3(F)F)c2)nc1,CHEMBL2347190,400.0,0.4
C[C@]1(c2cc(NC(=O)c3ccc(C#N)cn3)ccc2F)N=C(N)O[C@@H](C(F)(F)F)[C@@H]1F,CHEMBL2347189,150.0,0.15
C[C@]1(c2cc(NC(=O)c3ccc(C#N)cn3)ccc2F)N=C(N)O[C@H](C(F)(F)F)[C@@H]1F,CHEMBL2347188,10.0,0.01
N#Cc1ccc(C(=O)Nc2ccc(F)c([C@]3(CF)C[C@@H](C(F)(F)F)OC(N)=N3)c2)nc1,CHEMBL2347187,13.0,0.013
N#Cc1ccc(C(=O)Nc2ccc(F)c([C@@]3(CF)N=C(N)OC[C@@H]3F)c2)nc1,CHEMBL2347186,25.0,0.025
C[C@@]1(c2cc(NC(=O)c3ccc(C#N)cn3)ccc2F)C[C@@H](C(F)(F)F)OC(N)=N1,CHEMBL2347208,2.0,0.002
C[C@@]1(c2cc(NC(=O)c3ccc(C#N)cn3)ccc2F)C[C@H](C(F)(F)F)OC(N)=N1,CHEMBL2347207,230.0,0.23
N#Cc1ccc(C(=O)Nc2ccc(F)c([C@]3(C(F)F)CCOC(N)=N3)c2)nc1,CHEMBL2347206,9.0,0.009
C[C@]1(c2cc(NC(=O)c3ccc(C#N)cn3)ccc2F)N=C(N)OC[C@H]1F,CHEMBL2347205,27.0,0.027
C[C@]1(c2cc(NC(=O)c3ccc(C#N)cn3)ccc2F)N=C(N)OC[C@@H]1F,CHEMBL2347204,1.0,0.001
C[C@@]1(c2cc(NC(=O)c3ccc(C#N)cn3)ccc2F)CCOC(N)=N1,CHEMBL2347203,14.0,0.014
C[C@]1(c2cc(NC(=O)c3nn(C(F)F)cc3Cl)ccc2F)N=C(N)OCC1(F)F,CHEMBL2347202,13.0,0.013
C[C@]1(c2cc(NC(=O)c3ccn(C(F)F)n3)ccc2F)N=C(N)OCC1(F)F,CHEMBL2347201,17.0,0.017
Cn1cc(Cl)c(C(=O)Nc2ccc(F)c([C@@]3(C)N=C(N)OCC3(F)F)c2)n1,CHEMBL2347200,131.0,0.131
Cn1ccc(C(=O)Nc2ccc(F)c([C@@]3(C)N=C(N)OCC3(F)F)c2)n1,CHEMBL2347199,110.0,0.11
CC#CCOc1cnc(C(=O)Nc2ccc(F)c([C@@]3(C)N=C(N)OCC3(F)F)c2)cn1,CHEMBL2347198,1.0,0.001
C#CCOc1cnc(C(=O)Nc2ccc(F)c([C@@]3(C)N=C(N)OCC3(F)F)c2)cn1,CHEMBL2347197,1.0,0.001
C[C@]1(c2cc(NC(=O)c3cnc(OCC(F)(F)F)cn3)ccc2F)N=C(N)OCC1(F)F,CHEMBL2347196,110.0,0.11
COc1cnc(C(=O)Nc2ccc(F)c([C@@]3(C)N=C(N)OCC3(F)F)c2)cn1,CHEMBL2347195,22.0,0.022
C[C@]1(c2cc(NC(=O)c3ncc(Cl)cn3)ccc2F)N=C(N)OCC1(F)F,CHEMBL2347194,23.0,0.023
C[C@]1(c2cc(NC(=O)c3ncc(Cl)cc3Cl)ccc2F)N=C(N)OCC1(F)F,CHEMBL2347193,13.0,0.013
Cc1cc(Cl)cnc1C(=O)Nc1ccc(F)c([C@@]2(C)N=C(N)OCC2(F)F)c1,CHEMBL2347192,16.0,0.016
C[C@]1(c2cc(NC(=O)c3ccc(OCC(F)(F)C(F)F)cn3)ccc2F)N=C(N)OCC1(F)F,CHEMBL2347191,100.0,0.1
C[C@]1(c2cc(NC(=O)c3ccc(OCC(F)(F)F)cn3)ccc2F)N=C(N)OCC1(F)F,CHEMBL2347368,290.0,0.29
CCOc1ccc(C(=O)Nc2ccc(F)c([C@@]3(C)N=C(N)OCC3(F)F)c2)nc1,CHEMBL2347367,480.0,0.48
C[C@]1(c2cc(NC(=O)c3ccc(OC(F)(F)F)cn3)ccc2F)N=C(N)OCC1(F)F,CHEMBL2347366,54.0,0.054
COc1ccc(C(=O)Nc2ccc(F)c([C@@]3(C)N=C(N)OCC3(F)F)c2)nc1,CHEMBL2347365,61.0,0.061
C#Cc1ccc(C(=O)Nc2ccc(F)c([C@@]3(C)N=C(N)OCC3(F)F)c2)nc1,CHEMBL2347364,24.0,0.024
Cc1ccc(C(=O)Nc2ccc(F)c([C@@]3(C)N=C(N)OCC3(F)F)c2)nc1,CHEMBL2347363,87.0,0.087
C[C@]1(c2cc(NC(=O)c3ccc(C#N)cn3)ccc2F)N=C(N)OCC1(F)F,CHEMBL2347215,21.0,0.021
C[C@]1(c2cc(NC(=O)c3ccc(F)cn3)ccc2F)N=C(N)OCC1(F)F,CHEMBL2347214,13.0,0.013
C[C@]1(c2cc(NC(=O)c3ccccn3)ccc2F)N=C(N)OCC1(F)F,CHEMBL2347213,230.0,0.23
C[C@]1(c2cc(NC(=O)c3ccc(Cl)cn3)ccc2F)N=C(N)SCC1(F)F,CHEMBL2347212,4.0,0.004
C[C@@]1(c2cc(NC(=O)c3ccc(Cl)cn3)ccc2F)CCSC(N)=N1,CHEMBL2347211,1.0,0.001
C[C@]1(c2cc(NC(=O)c3ccc(Cl)cn3)ccc2F)N=C(N)OCC1(F)F,CHEMBL2347210,17.0,0.017
C[C@@]1(c2cc(NC(=O)c3ccc(Cl)cn3)ccc2F)CCOC(N)=N1,CHEMBL2347209,10.0,0.01
COc1ccc(C2(C)CCSC(N)=N2)cc1.Cl,CHEMBL2347369,41200.0,41.2
O=C(Nc1cc(Br)ccc1N1CCN(C(=O)c2cccs2)CC1)c1cc2ccccc2o/c1=N\c1ccccc1,CHEMBL2347883,3550.0,3.55
O=C(Nc1cc(Br)ccc1N1CCN(C(=O)c2ccco2)CC1)c1cc2ccccc2o/c1=N\c1ccccc1,CHEMBL2347882,741.0,0.741
O=C(Nc1cc(Br)ccc1N1CCN(C(=O)c2cccc([N+](=O)[O-])c2)CC1)c1cc2ccccc2o/c1=N\c1ccccc1,CHEMBL2347881,26430.0,26.43
COc1ccccc1C(=O)N1CCN(c2ccc(Br)cc2NC(=O)c2cc3ccccc3o/c2=N\c2ccccc2)CC1,CHEMBL2347880,25740.0,25.74
COc1ccc(C(=O)N2CCN(c3ccc(Br)cc3NC(=O)c3cc4ccccc4o/c3=N\c3ccccc3)CC2)cc1,CHEMBL2347879,10000.0,10.0
O=C(Nc1cc(Br)ccc1N1CCN(C(=O)c2cccc(Cl)c2)CC1)c1cc2ccccc2o/c1=N\c1ccccc1,CHEMBL2347878,10000.0,10.0
O=C(Nc1cc(Br)ccc1N1CCN(CCc2cc3ccccc3[nH]2)CC1)c1cc2ccccc2o/c1=N\c1ccccc1,CHEMBL2347877,928.0,0.928
O=C(Nc1cc(Br)ccc1N1CCN(CCCCN2C(=O)c3ccccc3C2=O)CC1)c1cc2ccccc2o/c1=N\c1ccccc1,CHEMBL2347876,854.0,0.854
O=C(Nc1cc(Br)ccc1N1CCN(CCCN2C(=O)c3ccccc3C2=O)CC1)c1cc2ccccc2o/c1=N\c1ccccc1,CHEMBL2347875,326.0,0.326
O=C(Nc1cc(Br)ccc1N1CCN(CCN2C(=O)c3ccccc3C2=O)CC1)c1cc2ccccc2o/c1=N\c1ccccc1,CHEMBL2347874,98.0,0.098
COc1ccc(CN2CCN(c3ccc(Br)cc3NC(=O)c3cc4ccccc4o/c3=N\c3ccccc3)CC2)cc1,CHEMBL2347873,578.0,0.578
N#Cc1cccc(CN2CCN(c3ccc(Br)cc3NC(=O)c3cc4ccccc4o/c3=N\c3ccccc3)CC2)c1,CHEMBL2347872,119.0,0.119
N#CCCCN1CCN(c2ccc(Br)cc2NC(=O)c2cc3ccccc3o/c2=N\c2ccccc2)CC1,CHEMBL2347871,10000.0,10.0
O=C(Nc1cc(Br)ccc1N1CCN(CCO)CC1)c1cc2ccccc2o/c1=N\c1ccccc1,CHEMBL2347870,849.0,0.849
O=C(Nc1cc(Br)ccc1N1CCNCC1)c1cc2ccccc2o/c1=N\c1ccccc1,CHEMBL2347869,9267.0,9.267
COc1cccc2cc(C(=O)Nc3cc(Br)ccc3N3CCN(Cc4ccccc4)CC3)/c(=N/c3ccccc3)oc12,CHEMBL2347868,10000.0,10.0
CC(C)(C)OC(=O)N1CCN(c2ccc(Br)cc2NC(=O)c2cc3ccccc3o/c2=N\c2ccccc2)CC1,CHEMBL2346677,9810.0,9.81
O=C(Nc1cc(Br)ccc1N1CCN(Cc2ccccc2)CC1)c1cc2ccccc2o/c1=N\c1ccccc1,CHEMBL2347867,503.0,0.503
COc1cccc2cc(C(=O)Nc3cc(Br)ccc3N3CCN(Cc4ccccc4)CC3)c(=N)oc12,CHEMBL2347866,10000.0,10.0
CC(C)(C)OC(=O)N1CCN(c2ccc(Br)cc2NC(=O)c2cc3ccccc3oc2=N)CC1,CHEMBL2347865,10000.0,10.0
N=c1oc2ccccc2cc1C(=O)Nc1cc(Br)ccc1N1CCN(Cc2ccccc2)CC1,CHEMBL2347864,1216.0,1.216
CCCc1scc(-c2cn[nH]c2)c1CC(NC1=NC(C)(C)Cc2cc(Cl)ccc21)c1nccc(=O)[nH]1,CHEMBL2380822,40000.0,40.0
CCCc1scc(-c2cn[nH]c2)c1CC(NC1=NC(C)(C)Cc2cc(Cl)ccc21)C(=O)O,CHEMBL2380821,400.0,0.4
CC#Cc1cscc1CC(NC1=NC(C)(C)Cc2cc(Cl)ccc21)C(=O)O,CHEMBL2380820,510.0,0.51
C#Cc1cscc1CC(NC1=NC(C)(C)Cc2cc(Cl)ccc21)C(=O)O,CHEMBL2380819,760.0,0.76
CC1(C)Cc2cc(Cl)ccc2C(NC(Cc2cscc2C2CC2)C(=O)O)=N1,CHEMBL2380818,2430.0,2.43
CC1(C)Cc2cc(Cl)ccc2C(NC(Cc2cscc2CCC2CC2)C(=O)O)=N1,CHEMBL2380817,570.0,0.57
CCCc1cscc1CC(NC1=NC(C)(C)Cc2cc(Cl)ccc21)C(=O)O,CHEMBL2380816,610.0,0.61
CCc1cscc1CC(NC1=NC(C)(C)Cc2cc(Cl)ccc21)C(=O)O,CHEMBL2380815,630.0,0.63
Cn1cc(-c2cscc2CC(NC2=NC(C)(C)Cc3cc(Cl)ccc32)C(=O)O)cn1,CHEMBL2380814,1090.0,1.09
CC1(C)Cc2cc(Cl)ccc2C(NC(Cc2cscc2-c2cn[nH]c2)C(=O)O)=N1,CHEMBL2380813,450.0,0.45
CC1(C)Cc2cc(Cl)ccc2C(NC(Cc2cscc2-c2cc[nH]n2)C(=O)O)=N1,CHEMBL2380812,1260.0,1.26
CC1(C)Cc2cc(Cl)ccc2C(NC(Cc2cscc2-c2ncco2)C(=O)O)=N1,CHEMBL2380811,820.0,0.82
CC1(C)Cc2cc(Cl)ccc2C(NC(Cc2cscc2-c2ccncc2)C(=O)O)=N1,CHEMBL2380810,1850.0,1.85
CC1(C)Cc2cc(Cl)ccc2C(NC(Cc2sccc2Br)C(=O)O)=N1,CHEMBL2380809,710.0,0.71
CC1(C)Cc2cc(Cl)ccc2C(NC(Cc2ccsc2Br)C(=O)O)=N1,CHEMBL2380808,9500.0,9.5
CC1(C)Cc2cc(Cl)ccc2C(NC(Cc2cscc2Br)C(=O)O)=N1,CHEMBL2380807,310.0,0.31
CC1(C)Cc2cc(Cl)ccc2C(NC(Cc2ccsc2)C(=O)O)=N1,CHEMBL2380806,2900.0,2.9
CC1(C)Cc2cc(Cl)ccc2C(N[C@H](Cc2ccccc2)C(=O)O)=N1,CHEMBL2380805,263800.0,263.8
Cn1c(N)nc(CCc2cccc(CCc3ccccc3)c2)cc1=O,CHEMBL2381577,200000.0,200.0
COc1cccc(CCc2cccc([C@@H]3C[C@@H]3c3cc(=O)n(C)c(N)n3)c2)c1,CHEMBL2381576,100000.0,100.0
Cc1ccc(CCc2cccc([C@@H]3C[C@@H]3c3cc(=O)n(C)c(N)n3)c2)cc1,CHEMBL2381575,200000.0,200.0
Cc1cccc(CCc2cccc([C@@H]3C[C@@H]3c3cc(=O)n(C)c(N)n3)c2)c1,CHEMBL2381574,200000.0,200.0
Cc1ccccc1CCc1cccc([C@@H]2C[C@@H]2c2cc(=O)n(C)c(N)n2)c1,CHEMBL2381573,120000.0,120.0
Cn1c(N)nc([C@H]2C[C@H]2c2cccc(C#Cc3ccccc3)c2)cc1=O,CHEMBL2381572,200000.0,200.0
Cn1c(N)nc([C@H]2C[C@H]2c2cccc(/C=C/c3ccccc3)c2)cc1=O,CHEMBL2381682,200000.0,200.0
Cn1c(N)nc([C@H]2C[C@H]2c2cccc(CCCc3ccccc3)c2)cc1=O,CHEMBL2381681,200000.0,200.0
Cn1c(N)nc([C@H]2C[C@H]2c2cccc(CCc3ccccc3)c2)cc1=O,CHEMBL2381680,22200.0,22.2
Cn1c(N)nc([C@H]2C[C@H]2c2cccc(Cc3ccccc3)c2)cc1=O,CHEMBL2381679,200000.0,200.0
COc1cncc(-c2cccc([C@@H]3C[C@@H]3c3cc(=O)n(C)c(N)n3)c2)n1,CHEMBL2381678,84900.0,84.9
COc1ccc(-c2cccc([C@@H]3C[C@@H]3c3cc(=O)n(C)c(N)n3)c2)cc1,CHEMBL2381677,30800.0,30.8
Cn1c(N)nc([C@H]2C[C@H]2c2cccc(-c3cccc(F)c3)c2)cc1=O,CHEMBL2381676,72400.0,72.4
Cn1c(N)nc([C@H]2C[C@H]2c2cccc(-c3cccc(N)c3)c2)cc1=O,CHEMBL2381675,200000.0,200.0
CN(C)c1cccc(-c2cccc([C@@H]3C[C@@H]3c3cc(=O)n(C)c(N)n3)c2)c1,CHEMBL2381581,200000.0,200.0
CSc1cccc(-c2cccc([C@@H]3C[C@@H]3c3cc(=O)n(C)c(N)n3)c2)c1,CHEMBL2381580,47500.0,47.5
Cc1cccc(-c2cccc([C@@H]3C[C@@H]3c3cc(=O)n(C)c(N)n3)c2)c1,CHEMBL2381579,74900.0,74.9
CCOc1cccc(-c2cccc([C@@H]3C[C@@H]3c3cc(=O)n(C)c(N)n3)c2)c1,CHEMBL2381578,39400.0,39.4
CCC1(c2cccc(-c3cncnc3)c2)N=C(N)c2ccccc2O1,CHEMBL2380439,100000.0,100.0
COc1ccc(C2(c3cccc(-c4cccnc4)c3)CC(OC)C(N)=N2)cc1,CHEMBL2380459,40000.0,40.0
CC1(c2cccc(-c3cccnc3)c2)N=C(N)c2c(F)cccc2O1,CHEMBL2380441,32000.0,32.0
CC1(c2cccc(-c3cncnc3)c2)N=C(N)c2c(F)cccc2O1,CHEMBL2380440,32000.0,32.0
CC1(c2cccc(-c3cccnc3)c2)N=C(N)c2ccccc2O1,CHEMBL2380438,25000.0,25.0
COc1cccc(-c2cccc(C3(C)N=C(N)CN3C(C)=O)c2)c1,CHEMBL2380457,20000.0,20.0
C[C@]1(c2cccc(-c3cncc(F)c3)c2)N=C(N)[C@H]2CCCCN21,CHEMBL2380453,16000.0,16.0
CC1(c2cccc(-c3cncnc3)c2)N=C(N)c2ccccc2O1,CHEMBL2380461,16000.0,16.0
COc1cccc(-c2cccc(C3(C)N=C(N)CCO3)c2)c1,CHEMBL2380443,10000.0,10.0
CC1(c2cccc(-c3cncnc3)c2)N=C(N)c2ccccc2S1,CHEMBL2380442,10000.0,10.0
COc1ccc(C2(c3cccc(-c4cncnc4)c3)CCC(N)=N2)cc1,CHEMBL2380458,7900.0,7.9
COc1cccc(-c2cccc(C3(C)N=C(N)CS3)c2)c1,CHEMBL2380454,7900.0,7.9
CC1(c2cccc(-c3cccc(Cl)c3)c2)N=C(N)CCO1,CHEMBL2380444,6300.0,6.3
C[C@]1(c2cccc(-c3cncc(F)c3)c2)N=C(N)[C@@H]2CCCCN21,CHEMBL2380452,4000.0,4.0
COc1cccc(-c2cccc(C3(C)COCC(N)=N3)c2)c1,CHEMBL2380447,3200.0,3.2
COc1cccc(-c2cccc(C3(c4ccncc4)N=C(N)CS3)c2)c1,CHEMBL2380456,2500.0,2.5
COc1cccc(-c2cccc(C3(C)CCSC(N)=N3)c2)c1,CHEMBL2380449,2000.0,2.0
COc1cccc(-c2cccc(C3(C)CSCC(N)=N3)c2)c1,CHEMBL2380448,2000.0,2.0
CC1(c2cccc(-c3cncnc3)c2)N=C(N)CCS1,CHEMBL2380445,1000.0,1.0
COc1ccc(C2(c3cccc(-c4cncnc4)c3)N=C(N)n3nc(C)cc32)cc1,CHEMBL2380451,790.0,0.79
COc1ccc(C2(c3cccc(-c4cccnc4)c3)N=C(N)CS2)cc1,CHEMBL2380455,790.0,0.79
COc1ccc(C2(c3cccc(-c4cncnc4)c3)N=C(N)c3nc(C)sc32)cc1,CHEMBL2380450,630.0,0.63
COc1cccc(-c2cccc(C3(C)N=C(N)CCS3)c2)c1,CHEMBL2380446,630.0,0.63
C[C@]1(c2nc(NC(=O)c3nn(C(F)F)cc3Cl)ccc2F)N=C(N)OCC1(F)F,CHEMBL2386726,19.0,0.019
C[C@]1(c2nc(NC(=O)c3ncc(OCC(F)F)nc3N)ccc2F)N=C(N)OCC1(F)F,CHEMBL2386725,830.0,0.83
C[C@]1(c2nc(NC(=O)c3ncc(Cl)cc3Cl)ccc2F)N=C(N)OCC1(F)F,CHEMBL2386724,18.0,0.018
C[C@]1(c2nc(NC(=O)c3ncc(C(F)(F)F)cc3Cl)ccc2F)N=C(N)OCC1(F)F,CHEMBL2386723,35.0,0.035
COCC[C@]1(c2nc(NC(=O)c3ncc(C#N)cc3C)ccc2F)N=C(N)OCC1(F)F,CHEMBL2386722,100.0,0.1
CC1(C)OC(N)=N[C@](C)(c2nc(NC(=O)c3ncc(C#N)cc3Cl)ccc2F)C1(F)F,CHEMBL2386721,29.0,0.029
C[C@]1(c2nc(NC(=O)c3ncc(C#N)cc3Cl)ccc2F)N=C(N)OCC1(F)F,CHEMBL2386720,12.0,0.012
C[C@]1(c2nc(NC(=O)c3ccc(C#N)cn3)ccc2F)N=C(N)OCC1(F)F,CHEMBL2386719,12.0,0.012
COc1ccc(C2(C)CCSC(N)=N2)cc1,CHEMBL2365642,41200.0,41.2
NC1=NC2(CCc3ccc(NC(=O)c4ccc(Cl)cn4)cc32)CO1,CHEMBL2403763,10780.0,10.78
CC1(c2cccc(NC(=O)c3ccccn3)c2)CSC(N)=N1,CHEMBL2403760,8980.0,8.98
NC1=NC2(CCc3ccc(NC(=O)c4ccc(Cl)cn4)cc32)CS1,CHEMBL2403764,4000.0,4.0
C[C@@]1(c2cccc(NC(=O)c3ccc(Cl)cn3)c2)COC(N)=N1,CHEMBL2403759,2020.0,2.02
CN1C(=O)C(C)(c2cccc(NC(=O)c3ccc(Cl)cn3)c2)N=C1N,CHEMBL2403761,1020.0,1.02
NC1=NC2(c3cccc(NC(=O)c4ccc(Cl)cn4)c3)CC2CS1,CHEMBL2403771,760.0,0.76
C[C@]1(c2cccc(NC(=O)c3ccc(Cl)cn3)c2)N=C(N)c2ccccc21,CHEMBL2403762,550.0,0.55
NC1=N[C@@]2(c3cc(NC(=O)c4ccc(Cl)cn4)ccc3F)C[C@H]2COC1,CHEMBL2403779,370.0,0.37
CC1(c2cc(NC(=O)c3ccc(Cl)cn3)ccc2F)N=C(N)c2ccccc2O1,CHEMBL2403775,120.0,0.12
C[C@@]1(c2cc(NC(=O)c3ccc(Cl)cn3)ccc2F)C[C@@H]2C[C@@H]2C(N)=N1,CHEMBL2403773,96.0,0.096
C[C@@]1(c2cc(NC(=O)c3ccc(Cl)cn3)ccc2F)Cc2ccccc2C(N)=N1,CHEMBL2403774,61.0,0.061
C[C@@]1(c2cc(NC(=O)c3ccc(Cl)cn3)ccc2F)COCCC(N)=N1,CHEMBL2403778,46.0,0.046
C[C@@]1(c2cc(NC(=O)c3ncc(Cl)cc3Cl)ccc2F)COCC(N)=N1,CHEMBL2403770,45.0,0.045
C[C@@]1(c2cc(NC(=O)c3ncc(Cl)cc3Cl)ccc2F)CCOC(N)=N1,CHEMBL2403768,39.0,0.039
CN1CC(N)=NC(C)(c2cccc(NC(=O)c3ccc(Cl)cn3)c2)C1,CHEMBL2403767,37.0,0.037
C[C@@]1(c2cc(NC(=O)c3ccc(Cl)cn3)ccc2F)CCC2(CC2)C(N)=N1,CHEMBL2403772,31.0,0.031
C[C@@]1(c2cc(NC(=O)c3ccc(Cl)cn3)ccc2F)COCC(N)=N1,CHEMBL2403769,31.0,0.031
C[C@@]1(c2cc(NC(=O)c3ccc(Cl)cn3)ccc2F)CCOCC(N)=N1,CHEMBL2403777,23.0,0.023
CN1C(=O)C[C@@](C)(c2cccc(NC(=O)c3ccc(Cl)cn3)c2)N=C1N,CHEMBL2403765,15.0,0.015
C[C@@]1(c2cc(NC(=O)c3ccc(Cl)cn3)ccc2F)CCCOC(N)=N1,CHEMBL2403776,14.0,0.014
CN1CC[C@@](C)(c2cc(NC(=O)c3ccc(Cl)cn3)ccc2F)N=C1N,CHEMBL2403766,12.0,0.012
CC(C)(C)Cc1cnc2c(c1)[C@@H](NC[C@@H](O)[C@@H]1Cc3cccc(c3)CCCn3cc(ccc3=O)C(=O)N1)CC1(CCC1)O2,CHEMBL2407492,7.8,0.0078
CC(C)(C)Cc1cnc2c(c1)[C@@H](NC[C@@H](O)[C@@H]1Cc3cccc(c3)CCCCn3cc(ccc3=O)C(=O)N1)CC1(CCC1)O2,CHEMBL2407491,5.1,0.0051
CCc1ccc2c(c1)[C@@H](NC[C@@H](O)[C@@H]1Cc3cccc(c3)CCCCn3cc(cc(N4CCCC4)c3=O)C(=O)N1)CC1(CCC1)O2,CHEMBL2407490,2.0,0.002
CCc1ccc2c(c1)[C@@H](NC[C@@H](O)[C@@H]1Cc3cccc(c3)CCCCn3cc(cc(-c4ccccn4)c3=O)C(=O)N1)CC1(CCC1)O2,CHEMBL2407489,14.0,0.014
CCc1ccc2c(c1)[C@@H](NC[C@@H](O)[C@@H]1Cc3cccc(c3)CCCCn3cc(ccc3=O)C(=O)N1)CC1(CCC1)O2,CHEMBL2407488,54.0,0.054
CC(C)(C)Cc1cnc2c(c1)[C@@H](NC[C@@H](O)[C@@H]1Cc3cccc(c3)CCCCCCC(=O)N1)CC1(CCC1)O2,CHEMBL2407487,5.9,0.0059
CCc1ccc2c(c1)[C@@H](NC[C@@H](O)[C@@H]1Cc3cccc(c3)CCCCCCCC(=O)N1)CC1(CCC1)O2,CHEMBL2407345,960.0,0.96
CCc1ccc2c(c1)[C@@H](NC[C@@H](O)[C@@H]1Cc3cccc(c3)CCCCCCC(=O)N1)CC1(CCC1)O2,CHEMBL2407344,58.0,0.058
CCc1ccc2c(c1)[C@@H](NC[C@@H](O)[C@@H]1Cc3cccc(c3)CCCCCC(=O)N1)CC1(CCC1)O2,CHEMBL2407343,250.0,0.25
C=CCc1cccc(C[C@H](NC(=O)c2cc(N3CCCC3)c(=O)n(CC=C)c2)[C@H](O)CN[C@H]2CC3(CCC3)Oc3ccc(CC)cc32)c1,CHEMBL2407342,85.0,0.085
C=CCc1cccc(C[C@H](NC(=O)c2cc(-c3ccccn3)c(=O)n(CC=C)c2)[C@H](O)CN[C@H]2CC3(CCC3)Oc3ccc(CC)cc32)c1,CHEMBL2407341,210.0,0.21
C=CCc1cccc(C[C@H](NC(=O)c2cc(Br)c(=O)n(CC=C)c2)[C@H](O)CN[C@H]2CC3(CCC3)Oc3ccc(CC)cc32)c1,CHEMBL2407340,170.0,0.17
C=CCCCC(=O)N[C@@H](Cc1cccc(CC=C)c1)[C@H](O)CN[C@H]1CC2(CCC2)Oc2ncc(CC(C)(C)C)cc21,CHEMBL2407339,66.0,0.066
C=CCCCCC(=O)N[C@@H](Cc1cccc(CC=C)c1)[C@H](O)CN[C@H]1CC2(CCC2)Oc2ccc(CC)cc21,CHEMBL2407338,10000.0,10.0
C=CCCCC(=O)N[C@@H](Cc1cccc(CC=C)c1)[C@H](O)CN[C@H]1CC2(CCC2)Oc2ccc(CC)cc21,CHEMBL2407496,810.0,0.81
C=CCCC(=O)N[C@@H](Cc1cccc(CC=C)c1)[C@H](O)CN[C@H]1CC2(CCC2)Oc2ccc(CC)cc21,CHEMBL2407495,1500.0,1.5
O=C(N[C@@H](Cc1ccccc1)[C@H](O)CNCc1cccc(C(F)(F)F)c1)c1cc(N2CCCC2=O)c(=O)n(C2CCCC2)c1,CHEMBL2407494,210.0,0.21
O=C1CCCCOc2cc(F)cc(c2)C[C@@H]([C@H](O)CNCc2cccc(C(F)(F)F)c2)NC(=O)CN1,CHEMBL2407493,50000.0,50.0
CC#Cc1cncc(-c2ccc3c(c2)C2(C=C(F)C(N)=N2)[C@]2(CC[C@@H](OC)CC2)C3)c1,CHEMBL2408785,258.0,258.0
CC1(C)Cc2ccc(-c3cncnc3)cc2C12C=C(F)C(N)=N2,CHEMBL2408784,3790.0,3790.0
CC#Cc1cncc(-c2ccc3c(c2)C2(C=C(F)C(N)=N2)[C@]2(CC[C@H](OC)CC2)C3)c1,CHEMBL2408786,18.0,18.0
CO[C@H]1CC[C@]2(CC1)Cc1ccc(-c3cncnc3)cc1C21C=C(F)C(N)=N1,CHEMBL2408787,1.1,1.1
CC(=O)N[C@@H](Cc1cc(F)cc(F)c1)[C@H](O)CN[C@H]1CC2(COC2)Oc2ccc(CC(C)(C)C)cc21,CHEMBL2408754,27105.0,27105.0
CC(=O)N[C@@H](Cc1cc(F)cc(F)c1)[C@H](O)CN[C@H]1COCc2ccc(CC(C)(C)C)cc21,CHEMBL2408738,19700.0,19700.0
CC(=O)N[C@@H](Cc1cc(F)cc(F)c1)[C@H](O)CN[C@H]1CCCc2ccc(Cc3ccccc3)cc21,CHEMBL2408761,4705.0,4705.0
CC(=O)N[C@@H](Cc1cc(F)cc(F)c1)[C@H](O)CN[C@H]1CCOc2ccc(OC3CCCO3)cc21,CHEMBL2408748,1325.0,1325.0
CC(=O)N[C@@H](Cc1cc(F)cc(F)c1)[C@H](O)CN[C@H]1CCOc2ccc(CC(C)(C)C(F)F)cc21,CHEMBL2408745,1300.0,1300.0
CC(=O)N[C@@H](Cc1cc(F)cc(F)c1)[C@H](O)CN[C@H]1CCOc2ccc(OC3CCOC3)cc21,CHEMBL2408749,858.0,858.0
CC(=O)N[C@@H](Cc1cc(F)cc(F)c1)[C@H](O)CN[C@H]1CC(C)(C)Oc2ccc(OC(C)(C)C)cc21,CHEMBL2408759,690.0,690.0
CC(=O)N[C@@H](Cc1cc(F)cc(F)c1)[C@H](O)CN[C@H]1CCN(C)c2ccc(CC(C)(C)C)cc21,CHEMBL2408736,643.0,643.0
CCCCc1ccc2c(c1)[C@@H](NC[C@@H](O)[C@H](Cc1cc(F)cc(F)c1)NC(C)=O)CCC2,CHEMBL2408763,574.0,574.0
CCc1ccc2c(c1)[C@@H](NC[C@@H](O)[C@H](Cc1cc(F)cc(F)c1)NC(C)=O)CCC2,CHEMBL2408762,538.0,538.0
CC(=O)N[C@@H](Cc1cc(F)cc(F)c1)[C@H](O)CN[C@H]1CCOc2ccc(OC(C)C)cc21,CHEMBL2408746,414.0,414.0
CC(=O)N[C@@H](Cc1cc(F)cc(F)c1)[C@H](O)CN[C@H]1CCCc2ccc(C(C)(C)C)cc21,CHEMBL2408765,378.0,378.0
CC(=O)N[C@@H](Cc1cc(F)cc(F)c1)[C@H](O)CN[C@H]1CCOc2ccc(OC3CCCC3)cc21,CHEMBL2408747,221.0,221.0
CC(=O)N[C@@H](Cc1cc(F)cc(F)c1)[C@H](O)CN[C@H]1CCOc2ccc(CC(C)(F)F)cc21,CHEMBL2408743,186.0,186.0
CC(=O)N[C@@H](Cc1cc(F)cc(F)c1)[C@H](O)CN[C@H]1CCOc2ccc(CC(C)(C)F)cc21,CHEMBL2408742,148.0,148.0
CC(=O)N[C@@H](Cc1cc(F)cc(F)c1)[C@H](O)CN[C@H]1CS(=O)(=O)Cc2ccc(C(C)C)cc21,CHEMBL2408740,127.0,127.0
CCc1ccc2c(c1)[C@@H](NC[C@@H](O)[C@H](Cc1cc(F)cc(F)c1)NC(C)=O)CS(=O)(=O)C2,CHEMBL2408739,116.0,116.0
CC(=O)N[C@@H](Cc1cc(F)cc(F)c1)[C@H](O)CN[C@H]1CCCc2ccc(CC(C)C)cc21,CHEMBL2408764,93.0,93.0
CC(=O)N[C@@H](Cc1cc(F)cc(F)c1)[C@H](O)CN[C@H]1CC(C)(C)Oc2ccc(OC(F)(F)F)cc21,CHEMBL2408758,89.0,89.0
CC(=O)N[C@@H](Cc1cc(F)cc(F)c1)[C@H](O)CN[C@H]1CCOc2ccc(CC(C)(C)C#N)cc21,CHEMBL2408744,60.0,60.0
CC(=O)N[C@@H](Cc1cc(F)cc(F)c1)[C@H](O)CN[C@H]1CCOc2ccc(CC(C)(C)C)cc21,CHEMBL2408737,46.0,46.0
CC(=O)N[C@@H](Cc1cc(F)cc(F)c1)[C@H](O)CN[C@H]1CCCc2ccc(CC(C)(C)C)cc21,CHEMBL2408760,45.0,45.0
CC(=O)N[C@@H](Cc1cc(F)cc(F)c1)[C@H](O)CN[C@H]1CS(=O)(=O)Cc2ccc(CC(C)(C)C)cc21,CHEMBL2408741,42.0,42.0
CC(=O)N[C@@H](Cc1cc(F)cc(F)c1)[C@H](O)CN[C@H]1CC2(CC2)Oc2ccc(CC(C)(C)C)cc21,CHEMBL2408755,22.0,22.0
CCC[C@]1(C)C[C@H](NC[C@@H](O)[C@H](Cc2cc(F)cc(F)c2)NC(C)=O)c2cc(CC(C)(C)C)ccc2O1,CHEMBL2408752,15.0,15.0
CC(=O)N[C@@H](Cc1cc(F)cc(F)c1)[C@H](O)CN[C@H]1CC(C)(C)Oc2ccc(CC(C)(F)F)cc21,CHEMBL2408756,9.0,9.0
COC[C@@]1(C)C[C@H](NC[C@@H](O)[C@H](Cc2cc(F)cc(F)c2)NC(C)=O)c2cc(CC(C)(C)C)ccc2O1,CHEMBL2408753,9.0,9.0
CC(=O)N[C@@H](Cc1cc(F)cc(F)c1)[C@H](O)CN[C@H]1CC(C)(C)Oc2ccc(CC(C)(C)C)cc21,CHEMBL2408750,8.0,8.0
CC(=O)N[C@@H](Cc1cc(F)cc(F)c1)[C@H](O)CN[C@H]1CC(C)(C)Oc2ccc(CC(C)(C)C#N)cc21,CHEMBL2408757,6.0,6.0
CCC[C@@]1(C)C[C@H](NC[C@@H](O)[C@H](Cc2cc(F)cc(F)c2)NC(C)=O)c2cc(CC(C)(C)C)ccc2O1,CHEMBL2408751,6.0,6.0
COC[C@@H](Oc1cc(C[C@@H]2C[S@@+]([O-])C[C@H](NCc3cc(C(C)(C)C)ccn3)[C@H]2O)cc(F)c1N)C(F)(F)F,CHEMBL2425607,422.0,0.422
COC[C@@H](Oc1cc(C[C@@H]2C[S@@+]([O-])C[C@H](NCc3cc(CC(C)(C)C)on3)[C@H]2O)cc(F)c1N)C(F)(F)F,CHEMBL2425606,764.0,0.764
COC[C@@H](Oc1cc(C[C@@H]2C[S@@+]([O-])C[C@H](NCc3cnn(CC(C)(C)C)c3)[C@H]2O)cc(F)c1N)C(F)(F)F,CHEMBL2425605,124.0,0.124
COC[C@@H](Oc1cc(C[C@@H]2C[S@@+]([O-])C[C@H](NCc3cccc(OC(F)(F)F)c3)[C@H]2O)cc(F)c1N)C(F)(F)F,CHEMBL2425604,382.0,0.382
COC[C@@H](Oc1cc(C[C@@H]2C[S@@+]([O-])C[C@H](NCc3cccc(OC(C)C)c3)[C@H]2O)cc(F)c1N)C(F)(F)F,CHEMBL2425603,75.0,0.075
COC[C@@H](Oc1cc(C[C@@H]2C[S@@+]([O-])C[C@H](NCc3cccc(C(C)(C)O)c3)[C@H]2O)cc(F)c1N)C(F)(F)F,CHEMBL2425602,126.0,0.126
COC[C@@H](Oc1cc(C[C@@H]2C[S@@+]([O-])C[C@H](NCc3cccc(C(C)(C)CO)c3)[C@H]2O)cc(F)c1N)C(F)(F)F,CHEMBL2425601,134.0,0.134
COC[C@@H](Oc1cc(C[C@@H]2C[S@@+]([O-])C[C@H](NCc3cc(C(C)(C)C)ccc3F)[C@H]2O)cc(F)c1N)C(F)(F)F,CHEMBL2425600,38.0,0.038
COC[C@@H](Oc1cc(C[C@@H]2C[S@@+]([O-])C[C@H](N[C@H](C)c3cccc(C(C)(C)C)c3)[C@H]2O)cc(F)c1N)C(F)(F)F,CHEMBL2425599,32.0,0.032
[2H]C([2H])(N[C@H]1C[S@+]([O-])C[C@@H](Cc2cc(F)c(N)c(O[C@H](COC)C(F)(F)F)c2)[C@@H]1O)c1cccc(C(C)C)c1,CHEMBL2425598,31.0,0.031
COC[C@@H](Oc1cc(C[C@@H]2C[S@@+]([O-])C[C@H](NCc3cccc(C(C)C)c3)[C@H]2O)cc(F)c1N)C(F)(F)F,CHEMBL2425618,44.0,0.044
[2H]C([2H])(N[C@H]1C[S@+]([O-])C[C@@H](Cc2cc(F)c(N)c(O[C@H](COC)C(F)(F)F)c2)[C@@H]1O)c1cccc(C(C)(C)C)c1,CHEMBL2425617,12.0,0.012
CC(C)(C)c1cccc(CN[C@H]2C[S@+]([O-])C[C@@H](Cc3cc(O)c(N)c(F)c3)[C@@H]2O)c1,CHEMBL2425614,1340.0,1.34
CC(C)(C)c1cccc(CN[C@H]2C[S@+]([O-])C[C@@H](Cc3cc(F)c(N)c(O[C@H](CO)C(F)(F)F)c3)[C@@H]2O)c1,CHEMBL2425613,21.0,0.021
COC[C@@H](Oc1cc(C[C@@H]2C[S@@+]([O-])C[C@H](NCc3cccc(C(C)(C)C)c3)[C@H]2O)cc(F)c1N)C(F)(F)F,CHEMBL2425612,10.0,0.01
CC(C)(C)c1cccc(CN[C@H]2C[S@+]([O-])C[C@@H](Cc3cc(F)c(N)c(OCC(F)(F)F)c3)[C@@H]2O)c1,CHEMBL2425611,62.0,0.062
COc1cc(C[C@@H]2C[S@@+]([O-])C[C@H](NCc3cccc(C(C)(C)C)c3)[C@H]2O)cc(F)c1N,CHEMBL2425610,26.0,0.026
CC(C)(C)c1cccc(CN[C@H]2C[S@@+]([O-])C[C@@H](Cc3cc(F)c(N)c(OC(C(F)(F)F)C(F)(F)F)c3)[C@@H]2O)c1,CHEMBL2425609,330.0,0.33
CC(C)(C)c1cccc(CN[C@H]2C[S@+]([O-])C[C@@H](Cc3cc(F)c(N)c(OC(C(F)(F)F)C(F)(F)F)c3)[C@@H]2O)c1,CHEMBL2425608,14.0,0.014
COC[C@@H](Oc1cc(C[C@@H]2C[S+]([O-])C[C@H](N)[C@H]2O)cc(F)c1N)C(F)(F)F,CHEMBL2425615,150000.0,150.0
COC[C@@H](Oc1cc(C[C@@H]2C[S@@+]([O-])C[C@H](NCCCOC(C)(C)C)[C@H]2O)cc(F)c1N)C(F)(F)F,CHEMBL2425616,10000.0,10.0
COc1cccc(-c2cccc(CC[C@]3(C)CC(=O)N(C)C(N)=N3)c2)c1.O=C(O)C(F)(F)F,CHEMBL2437435,160.0,0.16
CN1C(=O)C[C@@](C)(CCc2cccc(-c3ccccc3)c2)N=C1N.O=C(O)C(F)(F)F,CHEMBL2437434,1300.0,1.3
CN1C(=O)C[C@@](C)([C@@H]2C[C@H]2c2cccc(/C=C/c3ccccc3)c2)N=C1N.O=C(O)C(F)(F)F,CHEMBL2437437,2900.0,2.9
CN1C(=O)C[C@@](C)([C@@H]2C[C@H]2c2cccc(CCc3ccccc3)c2)N=C1N.O=C(O)C(F)(F)F,CHEMBL2437436,4000.0,4.0
CN1C(=O)C[C@@](C)([C@@H]2C[C@H]2c2cccc(-c3cccnc3)c2)N=C1N.O=C(O)C(F)(F)F,CHEMBL2437439,11800.0,11.8
CN1C(=O)C[C@@](C)([C@@H]2C[C@H]2c2cccc(-c3ccsc3)c2)N=C1N.O=C(O)C(F)(F)F,CHEMBL2437438,7500.0,7.5
CN1C(=O)C[C@@](C)([C@@H]2C[C@H]2c2cccc(-c3cccs3)c2)N=C1N.O=C(O)C(F)(F)F,CHEMBL2437441,6100.0,6.1
CC(=O)Nc1cccc(-c2cccc([C@@H]3C[C@H]3[C@]3(C)CC(=O)N(C)C(N)=N3)c2)c1.O=C(O)C(F)(F)F,CHEMBL2434994,16600.0,16.6
CN1C(=O)C[C@@](C)([C@@H]2C[C@H]2c2cccc(-c3cccc(CO)c3)c2)N=C1N.O=C(O)C(F)(F)F,CHEMBL2437440,20800.0,20.8
CCCOc1cccc(-c2cccc([C@@H]3C[C@H]3[C@]3(C)CC(=O)N(C)C(N)=N3)c2)c1.O=C(O)C(F)(F)F,CHEMBL2437446,8400.0,8.4
COc1ccc(-c2cccc([C@@H]3C[C@H]3[C@]3(C)CC(=O)N(C)C(N)=N3)c2)cc1.O=C(O)C(F)(F)F,CHEMBL2437445,23300.0,23.3
COc1cccc(-c2cccc([C@@H]3C[C@H]3[C@]3(C)CC(=O)N(C)C(N)=N3)c2)c1.O=C(O)C(F)(F)F,CHEMBL2437444,3300.0,3.3
COc1ccccc1-c1cccc([C@@H]2C[C@H]2[C@]2(C)CC(=O)N(C)C(N)=N2)c1.O=C(O)C(F)(F)F,CHEMBL2437443,7500.0,7.5
CN1C(=O)C[C@@](C)([C@@H]2C[C@H]2c2cccc(-c3ccccc3)c2)N=C1N.O=C(O)C(F)(F)F,CHEMBL2437442,9300.0,9.3
CN1C(=O)C[C@@](C)([C@@H]2C[C@@H]2c2ccccc2)N=C1N.O=C(O)C(F)(F)F,CHEMBL2437448,200000.0,200.0
CN1C(=O)C[C@](C)([C@H]2C[C@H]2c2ccccc2)N=C1N.O=C(O)C(F)(F)F,CHEMBL2437447,200000.0,200.0
CN1C(=O)C[C@](C)([C@@H]2C[C@@H]2c2ccccc2)N=C1N.O=C(O)C(F)(F)F,CHEMBL2437451,200000.0,200.0
CN1C(=O)C[C@@](C)([C@H]2C[C@H]2c2ccccc2)N=C1N.O=C(O)C(F)(F)F,CHEMBL2437450,200000.0,200.0
CN1C(=O)C[C@@](C)([C@H]2C[C@@H]2c2ccccc2)N=C1N.O=C(O)C(F)(F)F,CHEMBL2437449,132000.0,132.0
CN1C(=O)C[C@](C)([C@@H]2C[C@H]2c2ccccc2)N=C1N.O=C(O)C(F)(F)F,CHEMBL2437456,200000.0,200.0
CN1C(=O)C[C@](C)([C@H]2C[C@@H]2c2ccccc2)N=C1N.O=C(O)C(F)(F)F,CHEMBL2437455,200000.0,200.0
CN1C(=O)C[C@@](C)([C@@H]2C[C@H]2c2ccccc2)N=C1N.O=C(O)C(F)(F)F,CHEMBL2437454,18000.0,18.0
CN1C(=O)C[C@@](C)(CCc2ccccc2)N=C1N.O=C(O)C(F)(F)F,CHEMBL2437452,41400.0,41.4
CN1C(=O)C[C@](C)(CCc2ccccc2)N=C1N.O=C(O)C(F)(F)F,CHEMBL2437453,200000.0,200.0
C[C@@H](NC(=O)c1cc(C(=O)N[C@@H](Cc2ccccc2)[C@@H](O)C(=O)Nc2nnc(Br)s2)cc(N(C)S(C)(=O)=O)c1)c1ccccc1,CHEMBL2442231,26.0,26.0
CC1=C(C(=O)Nc2nc(C)cs2)C(c2ccco2)C(C(=O)Nc2nc(C)cs2)=C(C)N1,CHEMBL2443370,6780.0,6.78
CC1=C(C(=O)Nc2nc(C)cs2)C(c2ccccc2[N+](=O)[O-])C(C(=O)Nc2nc(C)cs2)=C(C)N1,CHEMBL2440151,4660.0,4.66
CC1=C(C(=O)Nc2nc3ccccc3s2)C(c2ccccc2[N+](=O)[O-])C(C(=O)Nc2nc3ccccc3s2)=C(C)N1,CHEMBL2443380,4270.0,4.27
CC1=C(C(=O)Nc2nc(C)cs2)C(c2ccc([N+](=O)[O-])cc2)C(C(=O)Nc2nc(C)cs2)=C(C)N1,CHEMBL2443373,4210.0,4.21
CC(C)C[C@H](NC(=O)[C@H](CC(N)=O)NC(=O)[C@@H](NC(=O)[C@@H](N)CCC(=O)O)C(C)C)C(=O)N[C@@H](C)CN[C@@H](C)C(=O)N[C@@H](CCC(=O)O)C(=O)N[C@@H](Cc1ccccc1)C(=O)O,CHEMBL2443369,3.0,0.003
CC(C)(C)OC(=O)N(Cc1ccccc1)C[C@H](O)c1cccc(NC(=O)c2cccc3ccccc23)c1,CHEMBL3086251,11000.0,11.0
CC(C)(C)OC(=O)N(Cc1ccccc1)C[C@@H](O)c1cccc(NC(=O)[C@H](NC(=O)OCc2ccccc2)c2ccccc2)c1,CHEMBL3086246,100000.0,100.0
O=C(N[C@H](C(=O)Nc1cccc([C@@H](O)CN[C@H](CO)Cc2ccccc2)c1)c1ccccc1)OCc1ccccc1,CHEMBL3086250,7500.0,7.5
CC(C)(C)OC(=O)N(C[C@H](O)c1cccc(NC(=O)[C@@H](NC(=O)OCc2ccccc2)c2ccccc2)c1)[C@H](CO)Cc1ccccc1,CHEMBL3086249,6400.0,6.4
CC(C)(C)OC(=O)N(C[C@H](O)c1cccc(NC(=O)[C@@H](NC(=O)OCc2ccccc2)c2ccccc2)c1)[C@H](CO)c1ccccc1,CHEMBL3086248,9200.0,9.2
CC(C)(C)OC(=O)N(Cc1ccccc1)C[C@@H](O)c1cccc(NC(=O)[C@@H](NC(=O)OCc2ccccc2)c2ccccc2)c1,CHEMBL3086247,5200.0,5.2
CC(C)(C)OC(=O)N(Cc1ccccc1)C[C@H](O)c1ccc(C(=O)c2ccccc2)c(NC(=O)[C@H](NC(=O)OCc2ccccc2)c2ccccc2)c1,CHEMBL3086245,18100.0,18.1
CC(C)(C)OC(=O)N(Cc1ccccc1)C[C@H](O)c1ccc(C(=O)c2ccccc2)c(NC(=O)[C@@H](NC(=O)OCc2ccccc2)c2ccccc2)c1,CHEMBL3086244,14900.0,14.9
CC(C)(C)OC(=O)N1CCN(c2cccc(C=O)c2NC(=O)[C@@H](NC(=O)OCc2ccccc2)c2ccccc2)CC1,CHEMBL3086243,14300.0,14.3
CC(C)(C)OC(=O)N1CCN(c2ccc(-c3ccccc3)c(C=O)c2NC(=O)[C@@H](NC(=O)OCC2c3ccccc3-c3ccccc32)c2ccccc2)CC1,CHEMBL3086242,14800.0,14.8
CC(C)(C)OC(=O)N1CCN(c2ccc(-c3ccccc3)c3c2NC(=O)[C@H](c2ccccc2)N=C3)CC1,CHEMBL3086238,12800.0,12.8
[N-]=[N+]=Nc1cc(C(=O)N[C@@H](Cc2ccccc2)[C@H](O)C(=O)Nc2cccc(-c3nn[nH]n3)c2)nc(C(=O)N2COC[C@@H]2c2ccccc2)c1,CHEMBL3105743,79.0,79.0
CSc1cc(C(=O)N[C@@H](Cc2ccccc2)[C@H](O)C(=O)Nc2cccc(-c3nn[nH]n3)c2)nc(C(=O)N2COC[C@@H]2c2ccccc2)c1,CHEMBL3105741,89.0,89.0
COc1cc(C(=O)N[C@@H](Cc2ccccc2)[C@H](O)C(=O)Nc2cccc(-c3nn[nH]n3)c2)nc(C(=O)N2COC[C@@H]2c2ccccc2)c1,CHEMBL3105738,151.0,151.0
O=C(/C=C(O)/C=C/c1c[nH]c2ccccc12)/C=C/c1ccc(O)c(O)c1,CHEMBL3103055,450000.0,450.0
O=C(/C=C(O)/C=C/c1ccccc1O)/C=C/c1ccc(O)c(O)c1,CHEMBL3103052,250000.0,250.0
COc1ccccc1/C=C/C(O)=C/C(=O)/C=C/c1ccc(O)c(O)c1,CHEMBL3103051,1400000.0,1400.0
O=C(/C=C(O)/C=C/c1cccc([N+](=O)[O-])c1)/C=C/c1ccc(O)c(O)c1,CHEMBL3103049,1800000.0,1800.0
O=C(/C=C(O)/C=C/c1ccc(O)c(O)c1)/C=C/c1ccc(O)c(O)c1,CHEMBL129964,2200000.0,2200.0
COc1cc(/C=C/C(O)=C/C(=O)/C=C/c2ccc(O)cc2)ccc1O,CHEMBL179512,1600000.0,1600.0
CN1C(=O)[C@]2(N=C1N)c1cc(-c3cccnc3F)ccc1C[C@H]1CCOC[C@@H]12,CHEMBL3127069,1.6,1.6
COc1cccc(-c2ccc3c(c2)[C@@]2(CC(C)(C)O3)N=C(N)N(C)C2=O)c1,CHEMBL3127070,68.0,68.0
CN1C(=O)[C@]2(N=C1N)c1cc(Br)ccc1O[C@H]1CCOC[C@@H]12,CHEMBL3127101,1200.0,1200.0
NC1=N[C@@]2(CO1)c1cc(-c3cncnc3)ccc1O[C@@H]1CCOC[C@H]12,CHEMBL3127096,940.0,940.0
NC1=N[C@@]2(CO1)c1cc(-c3cccnc3F)ccc1O[C@H]1CCOC[C@@H]12,CHEMBL3127093,670.0,670.0
NC1=N[C@@]2(CO1)c1cc(-c3cncnc3)ccc1O[C@H]1CCOC[C@@H]12,CHEMBL3127095,650.0,650.0
CN1C(=O)[C@@]2(N=C1N)c1cc(-c3cccnc3F)ccc1O[C@@H]1CCOC[C@H]12,CHEMBL3127085,550.0,550.0
C[C@@]12COCC[C@H]1Oc1ccc(-c3cccnc3F)cc1[C@@]21COC(N)=N1,CHEMBL3127082,400.0,400.0
NC1=N[C@@]2(CO1)c1cc(-c3cccnc3F)ccc1O[C@@H]1CCOC[C@H]12,CHEMBL3127094,270.0,270.0
NC1=N[C@@]2(CO1)c1cc(-c3cncc(Cl)c3)ccc1O[C@H]1CCOC[C@@H]12,CHEMBL3127091,230.0,230.0
C[C@]12CCOC[C@@H]1[C@]1(COC(N)=N1)c1cc(-c3cncnc3)ccc1O2,CHEMBL3127076,180.0,180.0
NC1=N[C@@]2(CS1)c1cc(-c3cccnc3F)ccc1O[C@@H]1CCOC[C@H]12,CHEMBL3127098,180.0,180.0
C[C@H]1OCC[C@H]2Oc3ccc(-c4cccnc4F)cc3[C@@]3(CSC(N)=N3)[C@H]12,CHEMBL3124962,170.0,170.0
C[C@H]1OCC[C@H]2Oc3ccc(-c4cccnc4F)cc3[C@@]3(COC(N)=N3)[C@H]12,CHEMBL3127078,170.0,170.0
NC1=N[C@@]2(CO1)c1cc(-c3cncc(Cl)c3)ccc1O[C@@H]1CCOC[C@H]12,CHEMBL3127092,120.0,120.0
CN1C(=O)[C@]2(N=C1N)c1cc(-c3cccc(OC(F)F)c3)c(F)cc1O[C@H]1CCOC[C@@H]12,CHEMBL3127083,99.0,99.0
C[C@]12CCOC[C@@H]1[C@]1(COC(N)=N1)c1cc(-c3cncc(F)c3)ccc1O2,CHEMBL3127074,99.0,99.0
C[C@]12CCOC[C@@H]1[C@]1(COC(N)=N1)c1cc(-c3cccnc3F)ccc1O2,CHEMBL3127075,92.0,92.0
C[C@]12CCOC[C@@H]1[C@]1(COC(N)=N1)c1cc(-c3cccnc3F)c(F)cc1O2,CHEMBL3127072,90.0,90.0
NC1=N[C@@]2(CS1)c1cc(-c3cncc(Cl)c3)ccc1O[C@@H]1CCOC[C@H]12,CHEMBL3127097,79.0,79.0
C[C@]12CCOC[C@@H]1[C@]1(COC(N)=N1)c1cc(-c3cncc(Cl)c3)c(F)cc1O2,CHEMBL3127071,61.0,61.0
CN1C(=O)[C@]2(N=C1N)c1cc(-c3cc(F)cc(Cl)c3)ccc1O[C@H]1CCOC[C@@H]12,CHEMBL3127105,44.0,44.0
C[C@]12CCOC[C@@H]1[C@]1(COC(N)=N1)c1cc(-c3cc(F)cc(Cl)c3)ccc1O2,CHEMBL3127100,41.0,41.0
CN1C(=O)[C@]2(N=C1N)c1cc(-c3cncnc3)ccc1O[C@H]1CCOC[C@@H]12,CHEMBL3127090,39.0,39.0
C[C@]12CCOC[C@@H]1[C@]1(COC(N)=N1)c1cc(-c3cccc(C#N)c3)ccc1O2,CHEMBL3127099,35.0,35.0
COc1cccc(-c2ccc3c(c2)[C@]2(N=C(N)N(C)C2=O)[C@H]2COCC[C@@H]2O3)c1,CHEMBL3127102,27.0,27.0
C[C@]12CCOC[C@@H]1[C@]1(COC(N)=N1)c1cc(-c3cncc(Cl)c3)ccc1O2,CHEMBL3127073,23.0,23.0
CN1C(=O)[C@]2(N=C1N)c1cc(-c3cncc(C#N)c3)ccc1O[C@H]1CCOC[C@@H]12,CHEMBL3127089,21.0,21.0
CN1C(=O)[C@]2(N=C1N)c1cc(-c3cccc(OC(F)F)c3)ccc1O[C@H]1CCOC[C@@H]12,CHEMBL3127103,21.0,21.0
CN1C(=O)[C@]2(N=C1N)c1cc(-c3cccnc3F)c(F)cc1O[C@H]1CCOC[C@@H]12,CHEMBL3127084,19.0,19.0
C[C@H]1OCC[C@H]2Oc3ccc(-c4cccnc4F)cc3[C@]3(N=C(N)N(C)C3=O)[C@H]12,CHEMBL3127077,17.0,17.0
CN1C(=O)[C@]2(N=C1N)c1cc(-c3cncc(F)c3)ccc1O[C@H]1CCOC[C@@H]12,CHEMBL3127086,16.0,16.0
CN1C(=O)[C@]2(N=C1N)c1cc(-c3cccc(C#N)c3)ccc1O[C@H]1CCOC[C@@H]12,CHEMBL3127104,14.0,14.0
CN1C(=O)[C@]2(N=C1N)c1cc(-c3cncnc3)ccc1O[C@H]1CCOC[C@@]12C,CHEMBL3127081,13.0,13.0
CN1C(=O)[C@]2(N=C1N)c1cc(-c3cncc(Cl)c3)ccc1O[C@H]1CCOC[C@@H]12,CHEMBL3127087,11.0,11.0
CN1C(=O)[C@]2(N=C1N)c1cc(-c3cccnc3F)ccc1O[C@H]1CCOC[C@@H]12,CHEMBL3127106,9.9,9.9
COc1cncc(-c2ccc3c(c2)[C@]2(N=C(N)N(C)C2=O)[C@H]2COCC[C@@H]2O3)c1,CHEMBL3127088,8.3,8.3
CN1C(=O)[C@]2(N=C1N)c1cc(-c3cccc(C#N)c3)ccc1O[C@H]1CCOC[C@@]12C,CHEMBL3127079,6.8,6.8
CN1C(=O)[C@]2(N=C1N)c1cc(-c3cccnc3F)ccc1O[C@H]1CCOC[C@@]12C,CHEMBL3127080,5.1,5.1
O=C(NCc1cccc(F)c1)c1c[nH]c2ccc(S(=O)(=O)Nc3ccc(C(F)(F)F)cc3)cc2c1=O,CHEMBL3236215,1850.0,1.85
COc1ccc(CNC(=O)c2c[nH]c3ccc(S(=O)(=O)Nc4ccc(C(F)(F)F)cc4)cc3c2=O)cc1,CHEMBL3236216,7040.0,7.04
COc1cccc(CNC(=O)c2c[nH]c3ccc(S(=O)(=O)Nc4ccc(C(F)(F)F)cc4)cc3c2=O)c1,CHEMBL3236217,2200.0,2.2
O=C(NCc1ccco1)c1c[nH]c2ccc(S(=O)(=O)Nc3ccc(C(F)(F)F)cc3)cc2c1=O,CHEMBL3236218,1610.0,1.61
O=C(NC1CCCCC1)c1c[nH]c2ccc(S(=O)(=O)Nc3ccc(C(F)(F)F)cc3)cc2c1=O,CHEMBL3236220,7180.0,7.18
Cc1ccccc1-c1ccc2[nH]cc(C(=O)NCc3cccc(C(F)(F)F)c3)c(=O)c2c1,CHEMBL3236224,6180.0,6.18
Cc1ccccc1-c1ccc2[nH]cc(C(=O)NCc3cccc(Br)c3)c(=O)c2c1,CHEMBL3236225,1890.0,1.89
Cc1ccccc1-c1ccc2[nH]cc(C(=O)NC3CCCCC3)c(=O)c2c1,CHEMBL3236228,11530.0,11.53
CC1=CC2Cc3nc4cc(Cl)ccc4c(NCCCCCCCCNC(=O)c4cc(O)c5c(c4)C(=O)c4cccc(O)c4C5=O)c3C(C1)C2.Cl,CHEMBL3233829,980.0,980.0
CC1=CC2Cc3nc4cc(Cl)ccc4c(NCCCCCCCCCNC(=O)c4cc(O)c5c(c4)C(=O)c4cccc(O)c4C5=O)c3C(C1)C2.Cl,CHEMBL3233830,120.0,120.0
CC1=C[C@H]2Cc3nc4cc(Cl)ccc4c(NCCCCCCCCCNC(=O)c4cc(O)c5c(c4)C(=O)c4cccc(O)c4C5=O)c3[C@@H](C1)C2.Cl,CHEMBL3233831,80.0,80.0
CC1=C[C@@H]2Cc3nc4cc(Cl)ccc4c(NCCCCCCCCCNC(=O)c4cc(O)c5c(c4)C(=O)c4cccc(O)c4C5=O)c3[C@H](C1)C2.Cl,CHEMBL3233832,80.0,80.0
CC1=CC2Cc3nc4cc(Cl)ccc4c(NCCCCCCCCCCNC(=O)c4cc(O)c5c(c4)C(=O)c4cccc(O)c4C5=O)c3C(C1)C2.Cl,CHEMBL3234038,1190.0,1190.0
CC1=CC2Cc3nc4cc(Cl)ccc4c(NCCCCCCCCCCCNC(=O)c4cc(O)c5c(c4)C(=O)c4cccc(O)c4C5=O)c3C(C1)C2.Cl,CHEMBL3234039,1200.0,1200.0
CC1=CC2Cc3nc4cc(Cl)ccc4c(NCc4ccc(CNC(=O)c5cc(O)c6c(c5)C(=O)c5cccc(O)c5C6=O)cc4)c3C(C1)C2.Cl,CHEMBL3234040,2020.0,2020.0
CC1=C[C@H]2Cc3nc4cc(Cl)ccc4c(N)c3[C@@H](C1)C2.Cl,CHEMBL2011499,5000.0,5000.0
CC1=C[C@@H]2Cc3nc4cc(Cl)ccc4c(N)c3[C@H](C1)C2,CHEMBL2007996,5000.0,5000.0
CN1C(=O)C2(N=C1N)c1cc(-c3cccnc3)ccc1Oc1ccc(-c3cccnc3)cc12,CHEMBL3260838,0.3,0.3
CN1C(=O)C2(N=C1N)c1cc(-c3cccnc3F)ccc1Oc1c(F)cc(-c3ccnc(F)c3)cc12,CHEMBL3260839,0.2,0.2
COc1ccc2c(c1C)CCc1ccc(-c3cncnc3)cc1C21N=C(N)N(C)C1=O,CHEMBL3260840,77.0,77.0
COC1CCC2(CC1)Cc1ccc(-c3cccc(C#N)c3)cc1C21N=C(N)N(C)C1=O,CHEMBL3260841,4.0,4.0
COc1cccc(-c2cccc([C@@]3(c4ccncc4)N=C(N)N4CC(F)(F)CN=C43)c2)c1F,CHEMBL3260842,30.9,7.51
NC1=N[C@](c2ccc(OC(F)F)cc2)(c2cccc(OCCF)c2)C2=NCC(F)(F)CN12,CHEMBL3261044,7.943,8.1
CC#Cc1cncc(-c2ccc3c(c2)[C@@]2(N=C(C)C(N)=N2)C2(CCC(OC)CC2)C3)c1,CHEMBL3349234,0.2,0.2
C[C@@]1(c2ccccc2)CCSC(N)=N1,CHEMBL2396987,22000.0,22.0
C[C@@]1(c2cc(-c3cncnc3)c(F)cc2F)CCSC(N)=N1,CHEMBL2333941,240.0,240.0
C[C@@]1(c2cc(NC(=O)c3cnc(-n4cccn4)cn3)ccc2F)CCSC(N)=N1,CHEMBL3261046,20.0,20.0
C[C@@]1(c2cc(NC(=O)c3cc4cc(F)ccc4[nH]3)ccc2F)CCSC(N)=N1,CHEMBL3261047,20.0,20.0
C[C@@]1(c2cc(Nc3ncccc3Cl)ccc2F)CCSC(N)=N1,CHEMBL3261048,83.0,83.0
COc1cccnc1Nc1ccc(F)c([C@]2(C)CCSC(N)=N2)c1,CHEMBL3261049,52.0,52.0
COc1cnc(C(=O)Nc2cccc([C@]3(C4CCCCC4)CSC(N)=N3)c2)cn1,CHEMBL3261050,514.0,514.0
C[C@]1(c2cc(NC(=O)c3ccc(C#N)cn3)ccc2F)N=C(N)O[C@@H]2CC(F)(F)C[C@@H]21,CHEMBL3261052,1.7,1.7
N#Cc1ccc(C(=O)Nc2cccc([C@]34C[C@H]3CCSC(N)=N4)c2)nc1,CHEMBL3261053,31.0,31.0
NC1=N[C@@]2(c3cc(NC(=O)c4ccc(F)cn4)ccc3F)COC[C@H]2CS1,CHEMBL2396989,20.3,20.3
CC1(c2cccc(NC(=O)c3ccc(Cl)cn3)c2)COCC(N)=N1,CHEMBL3261063,240.0,240.0
NC1=N[C@](CF)(c2cccc(NC(=O)c3ccc(Cl)cn3)c2)COC1,CHEMBL3261064,26.0,26.0
NC1=NC(c2cccc(NC(=O)c3ccc(Cl)cn3)c2)(C(F)F)COC1,CHEMBL3261065,30.0,30.0
NC1=NC(c2cccc(NC(=O)c3ccc(Cl)cn3)c2)(C(F)(F)F)COC1,CHEMBL3261066,420.0,420.0
Cc1cc(C#N)cnc1C(=O)Nc1ccc(F)c([C@]2(C)CO[C@@](C)(C(F)(F)F)C(N)=N2)c1,CHEMBL3261067,10.0,10.0
Cc1cc(C#N)cnc1C(=O)Nc1cc([C@]2(C)CO[C@@](C)(C(F)(F)F)C(N)=N2)c(F)cn1,CHEMBL3261068,2.0,2.0
Cc1cc(C#N)cnc1C(=O)Nc1ccc(F)c([C@]2(C)CO[C@@](C)(C(F)(F)F)C(N)=N2)n1,CHEMBL3261069,77.0,77.0
N#Cc1ccc(C(=O)Nc2ccc(F)c([C@]3(C(F)F)COCC(N)=N3)c2)nc1,CHEMBL3261074,28.0,28.0
CC1=CSC(N)=NN1,CHEMBL3261080,8200000.0,8200.0
NC1=Nc2ccccc2CS1,CHEMBL3261081,790000.0,790.0
CC1(c2cccc(NC(=O)c3ncc(F)cc3F)c2)COCC(N)=N1,CHEMBL3261058,120.0,120.0
CC1(c2cccc(Nc3ccon3)c2)COCC(N)=N1,CHEMBL3261059,580.0,580.0
CC1(c2cccc(-c3cncnc3)c2)COCC(N)=N1,CHEMBL3261060,710.0,710.0
C[C@@]1(c2cc(NC(=O)c3ccc(Cl)cn3)ccc2F)C[C@@H](c2ccccc2)OCC(N)=N1,CHEMBL3261061,142000.0,142.0
C[C@]1(c2cc(NC(=O)c3ccc(Cl)cn3)ccc2F)N=C(N)COCC1(F)F,CHEMBL3261062,1.0,0.001
CC1(C)C(N)=N[C@](C)(c2cc(NC(=O)c3ccc(Cl)cn3)ccc2F)CS1(=O)=O,CHEMBL3261078,1.0,1.0
C[C@@]1(c2cc(NC(=O)c3ccc(Cl)cn3)ccc2F)CS(=O)(=O)C2(CCCCC2)C(=N)N1,CHEMBL3261079,8.4,8.4
C[C@@]1(c2cc(NC(=O)c3ccc(C#N)cn3)ccc2F)Cn2cccc2C(N)=N1,CHEMBL3261075,19.5,7.71
C[C@]1(c2cccc(NC(=O)c3ccc(Cl)cn3)c2)N=C(N)Cn2nccc21,CHEMBL3261076,48.98,7.31
C[C@@]1(c2cc(NC(=O)c3ccc(C#N)cn3)ccc2F)Cc2cccn2C(N)=N1,CHEMBL3261077,36.0,36.0
CC#CCOc1cnc(C(=O)Nc2ccc(F)c(C34COCC3COC(N)=N4)c2)cn1,CHEMBL3261051,27.0,27.0
CC1(c2cc(NC(=O)c3ccc(Cl)cn3)ccc2F)N=C(N)CO[C@@H]1F,CHEMBL3261070,20.0,20.0
C[C@]1(c2cc(NC(=O)c3ccc(Cl)cn3)ccc2F)N=C(N)CO[C@H]1C(F)F,CHEMBL3261071,40.0,40.0
C[C@]1(c2cc(NC(=O)c3ccc(Cl)cn3)ccc2F)N=C(N)CO[C@H]1C(F)(F)F,CHEMBL3261072,34.0,34.0
CC1(c2cc(NC(=O)c3ccc(Cl)cn3)ccc2F)N=C(N)CO[C@@]1(F)C(F)(F)F,CHEMBL3261073,25.0,25.0
NC1=N[C@@]2(CO1)c1cc(-c3cncc(Cl)c3)ccc1O[C@@H]1COCC[C@H]12,CHEMBL3265330,110.0,0.11
NC1=N[C@@]2(CO1)c1cc(-c3cccnc3F)ccc1O[C@@H]1COCC[C@H]12,CHEMBL3265331,150.0,0.15
NC1=N[C@@]2(CO1)c1cc(-c3cncc(F)c3)ccc1O[C@@H]1COCC[C@H]12,CHEMBL3265332,360.0,0.36
N#Cc1cccc(-c2ccc3c(c2)[C@@]2(COC(N)=N2)[C@@H]2CCOC[C@H]2O3)c1,CHEMBL3265333,300.0,0.3
NC1=N[C@@]2(CO1)c1cc(-c3cc(F)cc(Cl)c3)ccc1O[C@@H]1COCC[C@H]12,CHEMBL3265334,60.0,0.06
NC1=N[C@@]2(CO1)c1cc(-c3cncc(Cl)c3)ccc1O[C@H]1COCC[C@@H]12,CHEMBL3265335,1000.0,1.0
C[C@]12COCC[C@@H]1[C@]1(COC(N)=N1)c1cc(-c3cncc(Cl)c3)ccc1O2,CHEMBL3265336,16000.0,16.0
NC1=N[C@]2(CO1)c1cc(-c3cncc(Cl)c3)ccc1O[C@H]1COCC[C@@H]12,CHEMBL3265337,7700.0,7.7
NC1=N[C@]2(CO1)c1cc(-c3cncc(Cl)c3)ccc1O[C@@H]1COCC[C@H]12,CHEMBL3265338,17000.0,17.0
COC1Oc2cc(O)ccc2-c2c1oc1cc(O)c(C)c(O)c1c2=O,CHEMBL498456,4770.0,4.77
COc1cc2c(c(O)c1C)C(=O)[C@@]1(O)c3cccc(OC)c3OC[C@@H]1O2,CHEMBL3287407,62210.0,62.21
COc1cc2oc3c(c(=O)c2c(O)c1C)-c1ccccc1OC3OC,CHEMBL3287408,3000000.0,3.0
COc1cc2oc3c(c(=O)c2c(O)c1C)-c1ccc(O)cc1OC3O,CHEMBL3287409,4240.0,4.24
O=c1oc2c(O)c(O)cc3c(=O)oc4c(O)c(O)cc1c4c23,CHEMBL6246,3900.0,3.9
O=C1O[C@@H]2[C@@H](OC(=O)c3cc(O)c(O)c(O)c3-c3c1cc(O)c(O)c3O)[C@H](O)O[C@@H]1COC(=O)c3cc(O)c(O)c(O)c3-c3c(O)c(O)c4oc(=O)c5c(c(O)c(O)c6oc(=O)c3c4c65)-c3c(cc(O)c(O)c3O)C(=O)O[C@@H]21,CHEMBL506814,410.0,0.41
O=C(O[C@@H]1O[C@@H]2COC(=O)c3cc(O)c(O)c(O)c3-c3c(cc(O)c(O)c3O)C(=O)O[C@H]2[C@H](OC(=O)c2cc(O)c(O)c(O)c2)[C@H]1OC(=O)c1cc(O)c(O)c(O)c1)c1cc(O)c(O)c(O)c1,CHEMBL450745,3100.0,3.1
O=C(OC[C@H]1O[C@@H](OC(=O)c2cc(O)c(O)c(O)c2)[C@H](OC(=O)c2cc(O)c(O)c(O)c2)[C@@H](OC(=O)c2cc(O)c(O)c(O)c2)[C@@H]1OC(=O)c1cc(O)c(O)c(O)c1)c1cc(O)c(O)c(O)c1,CHEMBL382408,3760.0,3.76
C=C[C@H](c1ccccc1O)c1cc(O)c(OC)cc1OC,CHEMBL2397757,180000.0,180.0
O=C(NCCCCCNc1c2c(nc3ccccc13)CCCC2)c1cc2ccccc2oc1=O,CHEMBL3326698,40100.0,40.1
O=C(NCCCCCCNc1c2c(nc3ccccc13)CCCC2)c1cc2ccccc2oc1=O,CHEMBL3326704,17200.0,17.2
Cc1ccc2oc(=O)c(C(=O)NCCCCCCNc3c4c(nc5ccccc35)CCCC4)cc2c1,CHEMBL3326707,100000.0,100.0
O=C(NCCCCCCNc1c2c(nc3ccccc13)CCCC2)c1cc2cc(OC(F)(F)F)ccc2oc1=O,CHEMBL3326709,22600.0,22.6
COc1ccc2oc(=O)c(C(=O)NCCCCCCCNc3c4c(nc5ccccc35)CCCC4)cc2c1,CHEMBL3327246,20200.0,20.2
Cc1ccc2oc(=O)c(C(=O)NCCCCCCCNc3c4c(nc5ccccc35)CCCC4)cc2c1,CHEMBL3327247,42800.0,42.8
CCOC[C@@H](CC(C)C)NC(=O)[C@@H]1CNC[C@H](C(=O)N(c2ccc(C(C)C)cn2)C2CC2)[C@@H]1O,CHEMBL3318957,30000.0,30.0
CC(C)(C)COc1ccc2c(c1)[C@]1(COC(N)=N1)c1cc(-c3cncnc3)ccc1O2,CHEMBL3354688,2.0,2.0
CC(C)(C)C#Cc1ccc2c(c1)[C@]1(COC(N)=N1)c1cc(-c3cncnc3)ccc1O2,CHEMBL3354689,2.0,2.0
CC(C)(C)CCc1ccc2c(c1)[C@]1(COC(N)=N1)c1cc(-c3cncnc3)ccc1O2,CHEMBL3354690,3.1,3.1
CC(C)(O)C#Cc1ccc2c(c1)[C@]1(COC(N)=N1)c1cc(-c3cncnc3)ccc1O2,CHEMBL3354691,2.0,2.0
COC(C)(C)C#Cc1ccc2c(c1)[C@]1(COC(N)=N1)c1cc(-c3cncnc3)ccc1O2,CHEMBL3354692,7.0,7.0
NC1=N[C@]2(CO1)c1cc(C3=CCOCC3)ccc1Oc1ccc(-c3cncnc3)cc12,CHEMBL3354693,4.0,4.0
NC1=N[C@@]2(CO1)c1cc(-c3cncnc3)ccc1Oc1ccc(N3CCOCC3)cc12,CHEMBL3354694,17.0,17.0
CC1(C)CN(c2ccc3c(c2)[C@]2(COC(N)=N2)c2cc(-c4cncnc4)ccc2O3)CCO1,CHEMBL3354695,11.0,11.0
NC1=N[C@]2(CO1)c1cc(OCC3CCCCC3)ccc1Oc1ccc(-c3cncnc3)cc12,CHEMBL3354696,7.0,7.0
CC(C)(O)COc1ccc2c(c1)[C@]1(COC(N)=N1)c1cc(-c3cncnc3)ccc1O2,CHEMBL3354697,7.0,7.0
COC(C)(C)COc1ccc2c(c1)[C@]1(COC(N)=N1)c1cc(-c3cncnc3)ccc1O2,CHEMBL3354698,4.0,4.0
CC(C)(F)COc1ccc2c(c1)[C@]1(COC(N)=N1)c1cc(-c3cncnc3)ccc1O2,CHEMBL3354699,8.0,8.0
CC(C)(C#N)COc1ccc2c(c1)[C@]1(COC(N)=N1)c1cc(-c3cncnc3)ccc1O2,CHEMBL3354700,9.0,9.0
CC1(COc2ccc3c(c2)[C@]2(COC(N)=N2)c2cc(-c4cncnc4)ccc2O3)COC1,CHEMBL3354701,7.0,7.0
CC(C)(C)COc1ccc2c(c1)[C@]1(COC(N)=N1)c1cc(-c3ccccn3)ccc1O2,CHEMBL3354702,23.0,23.0
CC(C)(C)COc1ccc2c(c1)[C@]1(COC(N)=N1)c1cc(-c3ccncc3)ccc1O2,CHEMBL3354703,323.0,323.0
CC(C)(C)COc1ccc2c(c1)[C@]1(COC(N)=N1)c1cc(-c3cccnc3)ccc1O2,CHEMBL3354704,4.0,4.0
CC(C)(C)COc1ccc2c(c1)[C@]1(COC(N)=N1)c1cc(-c3ccc(F)nc3)ccc1O2,CHEMBL3354705,6.0,6.0
CC(C)(C)COc1ccc2c(c1)[C@]1(COC(N)=N1)c1cc(-c3cncc(C#N)c3)ccc1O2,CHEMBL3354706,3.0,3.0
CC(C)(C)COc1ccc2c(c1)[C@]1(COC(N)=N1)c1cc(-c3cncc(F)c3)ccc1O2,CHEMBL3354707,4.0,4.0
COc1cncc(-c2ccc3c(c2)[C@@]2(COC(N)=N2)c2cc(OCC(C)(C)C)ccc2O3)c1,CHEMBL3354708,4.0,4.0
CC(C)(C)COc1ccc2c(c1)[C@]1(COC(N)=N1)c1cc(-c3cccnc3F)ccc1O2,CHEMBL3354709,0.8,0.8
CC(C)(C)COc1ccc2c(c1)[C@]1(COC(N)=N1)c1cc(-c3c(F)ccnc3F)ccc1O2,CHEMBL3354710,0.5,0.5
CC1(COc2ccc3c(c2)[C@]2(COC(N)=N2)c2cc(-c4cccnc4)ccc2O3)COC1,CHEMBL3354711,7.0,7.0
CC1(COc2cc3c(cc2F)Oc2ccc(-c4cccnc4)cc2[C@@]32COC(N)=N2)COC1,CHEMBL3354712,4.0,4.0
CC1(COc2cc(F)c3c(c2)[C@]2(COC(N)=N2)c2cc(-c4cccnc4)ccc2O3)COC1,CHEMBL3354713,1.0,1.0
CC1(COc2ccc3c(c2)[C@]2(COC(N)=N2)c2cc(-c4cccnc4)cc(F)c2O3)COC1,CHEMBL3354714,71.0,71.0
CC1(COc2cc(F)c3c(c2)[C@]2(COC(N)=N2)c2cc(-c4cccnc4F)ccc2O3)COC1,CHEMBL3354715,0.4,0.4
CC(C)(F)COc1cc(F)c2c(c1)[C@]1(COC(N)=N1)c1cc(-c3cccnc3F)ccc1O2,CHEMBL3354716,9.0,9.0
NC1=N[C@@]2(CO1)c1cc(-c3cccnc3F)ccc1Oc1c(F)cc(C3=CCCOC3)cc12,CHEMBL3354717,3.0,3.0
NC1=N[C@@]2(CO1)c1cc(-c3cccnc3F)ccc1Oc1c(F)cc(C3=CCOCC3)cc12,CHEMBL3354718,4.0,4.0
NC1=N[C@@]2(CO1)c1cc(-c3cccnc3F)ccc1Oc1c(F)cc(N3CCOCC3)cc12,CHEMBL3354719,5.0,5.0
NC1=N[C@@]2(CO1)c1cc(-c3cccnc3F)ccc1Oc1c(F)cc(N3CC[C@H](F)C3)cc12,CHEMBL3354720,7.0,7.0
Cn1cc(-c2cc(F)c3c(c2)[C@]2(COC(N)=N2)c2cc(-c4cccnc4F)ccc2O3)cn1,CHEMBL3354721,3.0,3.0
NC1=N[C@@]2(CO1)c1cc(-c3cccnc3F)ccc1Oc1c(F)cc(-c3ccccn3)cc12,CHEMBL3355143,12.0,12.0
CC(=O)N[C@@H](CCCNC(=N)N)C(=O)N[C@@H](C)C(=O)N[C@@H](CC(C)C)[C@@H](O)CC(=O)N[C@@H](CCC(N)=O)C(N)=O,CHEMBL3344151,100000.0,100.0
CC(=O)N[C@@H](CCCNC(=N)N)C(=O)N[C@@H](C)C(=O)N[C@@H](CC(C)C)[C@@H](O)CC(=O)N[C@@H](C)C(N)=O.O=C(O)C(F)(F)F,CHEMBL3344152,100000.0,100.0
CC(=O)N[C@@H](CCCNC(=N)N)C(=O)N[C@@H](C)C(=O)N[C@@H](CC(C)C)[C@@H](O)CC(=O)NCCCC(N)=O.O=C(O)C(F)(F)F,CHEMBL3344153,100000.0,100.0
CC(=O)N[C@@H](CCCNC(=N)N)C(=O)N[C@@H](C)C(=O)N[C@@H](CC(C)C)[C@@H](O)CC(=O)NC1CCCCC1.O=C(O)C(F)(F)F,CHEMBL3344154,100000.0,100.0
CC(C)C[C@H](NC(=O)[C@H](C)NC(=O)[C@H](CCCN)NC(=O)OCc1ccccc1)[C@@H](O)CC(=O)NC1CCCCC1.Cl,CHEMBL3344155,100000.0,100.0
CC(C)C[C@H](NC(=O)[C@H](C)NC(=O)[C@H](CCCCN)NC(=O)OCc1ccccc1)[C@@H](O)CC(=O)NC1CCCCC1.Cl,CHEMBL3344156,100000.0,100.0
CC(C)C[C@H](NC(=O)[C@H](C)NC(=O)[C@H](CCCNC(=N)N)NC(=O)OCc1ccccc1)[C@@H](O)CC(=O)NC1CCCCC1.O=C(O)C(F)(F)F,CHEMBL3344157,100000.0,100.0
CC(C)C[C@H](NC(=O)[C@H](C)NC(=O)[C@H](CCc1ccccc1)NC(=O)OCc1ccccc1)[C@@H](O)CC(=O)NC1CCCCC1,CHEMBL3344159,100000.0,100.0
CC(C)C[C@H](NC(=O)[C@@H](NC(=O)[C@H](CCCNC(=N)N)NC(=O)OCc1ccccc1)C(C)C)[C@@H](O)CC(=O)NC1CCCCC1.O=C(O)C(F)(F)F,CHEMBL3344164,100000.0,100.0
CC[C@H](C)[C@H](NC(=O)[C@H](CCCNC(=N)N)NC(=O)OCc1ccccc1)C(=O)N[C@@H](CC(C)C)[C@@H](O)CC(=O)NC1CCCCC1.O=C(O)C(F)(F)F,CHEMBL3344165,100000.0,100.0
CC(C)C[C@H](NC(=O)[C@H](CCCNC(=N)N)NC(=O)OCc1ccccc1)C(=O)N[C@@H](CC(C)C)[C@@H](O)CC(=O)NC1CCCCC1.O=C(O)C(F)(F)F,CHEMBL3344166,100000.0,100.0
CC(C)C[C@H](NC(=O)[C@H](Cc1ccccc1)NC(=O)[C@H](CCCNC(=N)N)NC(=O)OCc1ccccc1)[C@@H](O)CC(=O)NC1CCCCC1.O=C(O)C(F)(F)F,CHEMBL3344261,100000.0,100.0
CC(C)C[C@H](NC(=O)[C@H](C)NC(=O)[C@H](CCCNC(=N)N)NC(=O)OCc1ccccc1)[C@@H](O)CC(=O)NCc1ccccc1.O=C(O)C(F)(F)F,CHEMBL3344262,100000.0,100.0
CC(C)C[C@H](NC(=O)[C@H](C)NC(=O)[C@H](CCCNC(=N)N)NC(=O)OCc1ccccc1)[C@@H](O)CC(=O)NCCc1ccccc1.O=C(O)C(F)(F)F,CHEMBL3344263,100000.0,100.0
CC(C)C[C@H](NC(=O)[C@H](C)NC(=O)[C@H](CCCNC(=N)N)NC(=O)OCc1ccccc1)[C@@H](O)CC(=O)NC1Cc2ccccc2C1.O=C(O)C(F)(F)F,CHEMBL3344264,100000.0,100.0
CC(C)C[C@H](NC(=O)[C@H](C)NC(=O)[C@H](CCCNC(=N)N)NC(=O)OCc1ccccc1)[C@@H](O)CC(=O)NC(C)c1ccccc1.O=C(O)C(F)(F)F,CHEMBL3344265,100000.0,100.0
CC(C)C[C@H](NC(=O)[C@H](C)NC(=O)[C@H](CCCNC(=N)N)NC(=O)OCc1ccccc1)[C@@H](O)CC(=O)NCCc1ccc(Cl)cc1.O=C(O)C(F)(F)F,CHEMBL3344266,100000.0,100.0
CC(C)C[C@H](NC(=O)[C@H](C)NC(=O)[C@H](CCCNC(=N)N)NC(=O)OCc1ccccc1)[C@@H](O)CC(=O)N(C)CCc1ccc(Cl)cc1.O=C(O)C(F)(F)F,CHEMBL3344267,100000.0,100.0
CC(C)C[C@H](NC(=O)[C@H](C)NC(=O)[C@H](CCCNC(=N)N)NC(=O)c1ccccc1)[C@@H](O)CC(=O)NCCc1ccccc1.O=C(O)C(F)(F)F,CHEMBL3344268,100000.0,100.0
CC(C)C[C@H](NC(=O)[C@H](C)NC(=O)[C@H](CCCNC(=N)N)NC(=O)COCc1ccccc1)[C@@H](O)CC(=O)NCCc1ccccc1.O=C(O)C(F)(F)F,CHEMBL3344269,100000.0,100.0
CC(C)C[C@H](NC(=O)[C@H](C)NC(=O)[C@H](CCCNC(=N)N)NS(=O)(=O)c1ccccc1)[C@@H](O)CC(=O)NCCc1ccccc1.O=C(O)C(F)(F)F,CHEMBL3344270,100000.0,100.0
CC(C)C[C@H](NC(=O)[C@H](C)NC(=O)[C@H](CCCNC(=N)N)NS(=O)(=O)Cc1ccccc1)[C@@H](O)CC(=O)NCCc1ccccc1.O=C(O)C(F)(F)F,CHEMBL3344271,100000.0,100.0
CC(C)C[C@H](NC(=O)[C@@H](NC(=O)[C@H](CCCNC(=N)N)NS(=O)(=O)Cc1ccccc1)C(C)C)[C@@H](O)CC(=O)NCCc1ccccc1.O=C(O)C(F)(F)F,CHEMBL3344272,100000.0,100.0
CC1(C#Cc2cnc3c(c2)[C@]2(COC(N)=N2)c2cc(-c4cccnc4F)ccc2O3)COC1,CHEMBL3359763,4.4,4.4
CC(C)(O)C#Cc1cnc2c(c1)[C@]1(COC(N)=N1)c1cc(-c3cccnc3F)ccc1O2,CHEMBL3359762,5.6,5.6
COC(C)(C)C#Cc1cnc2c(c1)[C@]1(COC(N)=N1)c1cc(-c3cccnc3F)ccc1O2,CHEMBL3359761,2.8,2.8
CC(C)(C)C#Cc1cnc2c(c1)[C@]1(COC(N)=N1)c1cc(-c3cccnc3F)ccc1O2,CHEMBL3359760,4.5,4.5
NC1=N[C@@]2(CO1)c1cc(-c3cccnc3F)ccc1Oc1ncc(-c3ccnc(F)c3)cc12,CHEMBL3359759,15.0,15.0
N#Cc1ccc(-c2cnc3c(c2)[C@]2(COC(N)=N2)c2cc(-c4cccnc4F)ccc2O3)cc1,CHEMBL3359758,8.2,8.2
Cc1ccc(-c2cnc3c(c2)[C@]2(COC(N)=N2)c2cc(-c4cccnc4F)ccc2O3)cc1,CHEMBL3359757,14.0,14.0
NC1=N[C@@]2(CO1)c1cc(-c3cccnc3F)ccc1Oc1ncc(N3CCOCC3)cc12,CHEMBL3359756,16.0,16.0
CC1(C)C=C(c2cnc3c(c2)[C@]2(COC(N)=N2)c2cc(-c4cccnc4F)ccc2O3)CCO1,CHEMBL3359755,6.6,6.6
NC1=N[C@@]2(CO1)c1cc(-c3cccnc3F)ccc1Oc1ncc(C3CCOCC3)cc12,CHEMBL3359754,19.0,19.0
NC1=N[C@@]2(CO1)c1cc(-c3cccnc3F)ccc1Oc1ncc(C3=CCCOC3)cc12,CHEMBL3359753,5.2,5.2
NC1=N[C@@]2(CO1)c1cc(-c3cccnc3F)ccc1Oc1ncc(C3=CCOCC3)cc12,CHEMBL3359752,5.2,5.2
COC(C)(C)COc1cnc2c(c1)[C@]1(COC(N)=N1)c1cc(-c3cccnc3F)ccc1O2,CHEMBL3359751,6.6,6.6
CC(C)(C)COc1ccc2c(c1)[C@]1(COC(N)=N1)c1cc(-c3cncnc3)cnc1O2,CHEMBL3359750,1350.0,1350.0
CC(C)(C)COc1cnc2c(c1)[C@]1(COC(N)=N1)c1cc(-c3cccnc3F)ccc1O2,CHEMBL3359749,2.6,2.6
CC(C)(C)COc1cnc2c(c1)[C@]1(COC(N)=N1)c1cc(-c3cccnc3)ccc1O2,CHEMBL3359748,3.8,3.8
CC(C)(C)COc1cnc2c(c1)[C@]1(COC(N)=N1)c1cc(-c3cncnc3)ccc1O2,CHEMBL3359747,4.4,4.4
C[C@]12CCCO[C@@H]1[C@]1(COC(N)=N1)c1cc(-c3cc(F)cc(Cl)c3)ccc1O2,CHEMBL3357667,55.0,55.0
C[C@]12CCCO[C@@H]1[C@]1(CSC(N)=N1)c1cc(-c3cncc(Cl)c3)ccc1O2,CHEMBL3357666,51.0,51.0
C[C@]12CCCO[C@@H]1[C@]1(COC(N)=N1)c1cc(-c3cncc(Cl)c3)ccc1O2,CHEMBL3357665,52.0,52.0
C[C@]12CCCO[C@@H]1[C@]1(CSC(N)=N1)c1cc(-c3cccnc3F)ccc1O2,CHEMBL3357664,27.0,27.0
NC1=N[C@@]2(CS1)c1cc(-c3cccnc3F)ccc1O[C@@H]1CCCO[C@H]12,CHEMBL3357663,810.0,810.0
C[C@@]12CCCO[C@H]1[C@]1(COC(N)=N1)c1cc(-c3cccnc3F)ccc1O2,CHEMBL3357662,210.0,210.0
C[C@]12CCCO[C@@H]1[C@]1(COC(N)=N1)c1cc(-c3cccnc3F)ccc1O2,CHEMBL3357661,76.0,76.0
NC1=N[C@@]2(CO1)c1cc(-c3cccnc3F)ccc1O[C@@H]1CCCO[C@H]12,CHEMBL3357660,1100.0,1100.0
CN1C(=O)[C@]2(N=C1N)c1cc(-c3cccnc3F)ccc1O[C@]1(C)CCCO[C@H]12,CHEMBL3357659,26.0,26.0
CN1C(=O)[C@]2(N=C1N)c1cc(-c3cccnc3F)ccc1O[C@@]1(C)CCCO[C@@H]12,CHEMBL3357658,13.0,13.0
CN1C(=O)[C@]2(N=C1N)c1cc(-c3cccnc3F)ccc1O[C@@H]1CCCO[C@H]12,CHEMBL3357657,700.0,700.0
CN1C(=O)[C@]2(N=C1N)c1cc(-c3cccnc3F)ccc1O[C@H]1CCCO[C@@H]12,CHEMBL3357656,48.0,48.0
C[C@]12CCCO[C@@H]1[C@]1(CSC(N)=N1)c1cc(-c3cc(F)cc(Cl)c3)ccc1O2,CHEMBL3357668,41.0,41.0
C[C@]12CCCO[C@@H]1[C@]1(COC(N)=N1)c1cc(-c3cccc(C#N)c3)ccc1O2,CHEMBL3357669,98.0,98.0
C[C@]12CCCO[C@@H]1[C@]1(CSC(N)=N1)c1cc(-c3cccc(C#N)c3)ccc1O2,CHEMBL3357670,41.0,41.0
C[C@]12CCCO[C@@H]1[C@]1(COC(N)=N1)c1cc(-c3cncnc3)ccc1O2,CHEMBL3357671,89.0,89.0
C[C@]12CCCO[C@@H]1[C@]1(CSC(N)=N1)c1cc(-c3cncnc3)ccc1O2,CHEMBL3357672,56.0,56.0
NC1=N[C@@]2(CO1)c1cc(-c3cccnc3F)ccc1Oc1cnc(C3=CCOCC3)cc12,CHEMBL3394039,0.7,0.7
CC1(C)C=C(c2cc3c(cn2)Oc2ccc(-c4cccnc4F)cc2[C@@]32COC(N)=N2)CCO1,CHEMBL3394040,0.9,0.9
NC1=N[C@@]2(CO1)c1cc(-c3cccnc3F)ccc1Oc1cnc(C3=CCCOC3)cc12,CHEMBL3394041,0.5,0.5
NC1=N[C@@]2(CO1)c1cc(-c3cccnc3F)ccc1Oc1cnc(C3CCOCC3)cc12,CHEMBL3394042,7.1,7.1
NC1=N[C@@]2(CO1)c1cc(-c3cccnc3F)ccc1Oc1cnc(C3CCCOC3)cc12,CHEMBL3394043,11.3,11.3
NC1=N[C@@]2(CO1)c1cc(-c3cccnc3F)ccc1Oc1cnc([C@@H]3CCCCO3)cc12,CHEMBL3394044,18.5,18.5
NC1=N[C@@]2(CO1)c1cc(-c3cccnc3F)ccc1Oc1cnc([C@H]3CCCCO3)cc12,CHEMBL3394045,2.2,2.2
NC1=N[C@@]2(CO1)c1cc(-c3cccnc3F)ccc1Oc1cnc(N3CCOCC3)cc12,CHEMBL3394046,1.3,1.3
CC1(C)CN(c2cc3c(cn2)Oc2ccc(-c4cccnc4F)cc2[C@@]32COC(N)=N2)CCO1,CHEMBL3394047,4.0,4.0
NC1=N[C@@]2(CO1)c1cc(-c3cccnc3F)ccc1Oc1cnc(N3CCC(F)(F)CC3)cc12,CHEMBL3394048,0.7,0.7
NC1=N[C@@]2(CO1)c1cc(-c3cccnc3F)ccc1Oc1cnc(N3CCC(F)(F)C3)cc12,CHEMBL3394049,0.6,0.6
NC1=N[C@@]2(CO1)c1cc(-c3cccnc3F)ccc1Oc1cnc(N3CC[C@H](F)C3)cc12,CHEMBL3394050,2.7,2.7
NC1=N[C@@]2(CO1)c1cc(-c3cccnc3F)ccc1Oc1cnc(N3CC[C@@H](F)C3)cc12,CHEMBL3394051,0.5,0.5
NC1=N[C@@]2(CO1)c1cc(-c3cccnc3F)ccc1Oc1cnc(-c3ccccc3)cc12,CHEMBL3394052,1.4,1.4
NC1=N[C@@]2(CO1)c1cc(-c3cccnc3F)ccc1Oc1cnc(-c3ccccn3)cc12,CHEMBL3394053,3.8,3.8
NC1=N[C@@]2(CO1)c1cc(-c3cccnc3F)ccc1Oc1cnc(-c3cccnc3)cc12,CHEMBL3394054,2.5,2.5
NC1=N[C@@]2(CO1)c1cc(-c3cccnc3F)ccc1Oc1cnc(-c3ccncc3)cc12,CHEMBL3394055,2.5,2.5
Cc1cc(-c2cc3c(cn2)Oc2ccc(-c4cccnc4F)cc2[C@@]32COC(N)=N2)ccn1,CHEMBL3394056,2.4,2.4
NC1=N[C@@]2(CO1)c1cc(-c3cccnc3F)ccc1Oc1cnc(-c3ccnc(F)c3)cc12,CHEMBL3394057,0.9,0.9
NC1=N[C@]2(CO1)c1cc(C3=CCOCC3)ccc1Oc1ccc(-c3cccnc3F)cc12,CHEMBL3394058,2.6,2.6
NC1=N[C@@]2(CO1)c1cc(-c3cccnc3F)ccc1Oc1c2cc(-c2ccccc2)nc1F,CHEMBL3394210,0.7,0.7
NC1=N[C@@]2(CO1)c1cc(-c3cccnc3F)ccc1Oc1c2cc(-c2cccnc2)nc1F,CHEMBL3394211,0.3,0.3
NC1=N[C@@]2(CO1)c1cc(-c3cccnc3F)ccc1Oc1c2cc(-c2ccncc2)nc1F,CHEMBL3394212,0.4,0.4
Cc1ccc(-c2cc3c(c(F)n2)Oc2ccc(-c4cccnc4F)cc2[C@@]32COC(N)=N2)cn1,CHEMBL3394213,0.4,0.4
Cc1cc(-c2cc3c(c(F)n2)Oc2ccc(-c4cccnc4F)cc2[C@@]32COC(N)=N2)ccn1,CHEMBL3394214,0.8,0.8
NC1=N[C@@]2(CO1)c1cc(-c3cccnc3F)ccc1Oc1c2cc(-c2cccnc2F)nc1F,CHEMBL3394215,1.2,1.2
NC1=N[C@@]2(CO1)c1cc(-c3cccnc3F)ccc1Oc1c2cc(-c2ccc(F)nc2)nc1F,CHEMBL3394216,0.3,0.3
NC1=N[C@@]2(CO1)c1cc(-c3cccnc3F)ccc1Oc1c2cc(-c2ccnc(F)c2)nc1F,CHEMBL3394217,0.4,0.4
NC1=N[C@@]2(CO1)c1cc(-c3cccnc3F)ccc1Oc1c2cc(C2=COCCC2)nc1F,CHEMBL3394218,0.2,0.2
NC1=N[C@@]2(CO1)c1cc(-c3cccnc3F)ccc1Oc1c2cc(C2=CCCCO2)nc1F,CHEMBL3394219,0.4,0.4
NC1=N[C@@]2(CO1)c1cc(-c3ncccc3F)ccc1Oc1c2cc(C2=CCCOC2)nc1F,CHEMBL3394220,0.3,0.3
NC1=N[C@@]2(CO1)c1cc(-c3cccnc3F)ccc1Oc1c2cc(C2=CCOCC2)nc1F,CHEMBL3394221,0.3,0.3
NC1=N[C@@]2(CO1)c1cc(-c3cccnc3F)ccc1Oc1c2cc(C2CCCOC2)nc1F,CHEMBL3394222,1.0,1.0
NC1=N[C@@]2(CO1)c1cc(-c3cccnc3F)ccc1Oc1c2cc(C2CCOCC2)nc1F,CHEMBL3394223,0.7,0.7
NC1=N[C@@]2(CO1)c1cc(-c3cccnc3F)ccc1Oc1c2cc(N2CCOCC2)nc1F,CHEMBL3394224,0.3,0.3
NC1=N[C@@]2(CO1)c1cc(-c3cccnc3F)ccc1Oc1c2cc(N2CCC(F)(F)CC2)nc1F,CHEMBL3394225,0.3,0.3
NC1=N[C@@]2(CO1)c1cc(-c3cccnc3F)ccc1Oc1c2cc(N2CCC(F)(F)C2)nc1F,CHEMBL3394226,0.2,0.2
NC1=N[C@@]2(CO1)c1cc(-c3cccnc3F)ccc1Oc1c2cc(N2CC[C@@H](F)C2)nc1F,CHEMBL3394227,0.2,0.2
Cc1cc(-c2cc3c(c(F)n2)Oc2ccc(-c4cccnc4F)cc2[C@@]32COC(N)=N2)on1,CHEMBL3394228,0.3,0.3
COCCCOc1cc(C(=O)N(C[C@@H]2CNC[C@H]2NCc2ccc3ccccc3c2)C(C)C)ccc1OC,CHEMBL3400435,10000.0,10.0
COCCCOc1cc(C(=O)N(C[C@@H]2CNC[C@H]2OC(=O)NCc2ccccc2)C(C)C)ccc1OC,CHEMBL3403995,30000.0,30.0
CC(C)C[C@H](NC(=O)C[C@H](O)[C@H](Cc1ccccc1)NC(=O)[C@@H](N)Cc1cc2ccccc2[nH]1)C(=O)N[C@@H](C)C(=O)N(C)[C@H](Cc1ccccc1)C(=O)OCc1ccccc1,CHEMBL3400771,10000.0,10.0
CC(C)C[C@H](NC(=O)C[C@H](O)[C@H](Cc1ccccc1)NC(=O)c1cccc(C(=O)N2CCCC2=O)c1)C(=O)N[C@@H](C)C(=O)N(C)[C@H](Cc1ccccc1)C(=O)O,CHEMBL3400770,10000.0,10.0
CC(C)C[C@H](NC(=O)C[C@H](O)[C@H](Cc1ccccc1)NC(=O)c1cccc(C(=O)N2CCCC2=O)c1)C(=O)N[C@@H](C)C(=O)N(C)[C@H](Cc1ccccc1)C(=O)OCc1ccccc1,CHEMBL3400769,10000.0,10.0
CCCN(CCC)C(=O)c1cccc(C(=O)N[C@@H](Cc2ccccc2)[C@@H](O)CC(=O)N[C@@H](CC(C)C)C(=O)N[C@@H](C)C(=O)N(C)[C@H](Cc2ccccc2)C(=O)O)n1,CHEMBL3400768,10000.0,10.0
CCCN(CCC)C(=O)c1cccc(C(=O)N[C@@H](Cc2ccccc2)[C@@H](O)CC(=O)N[C@@H](CC(C)C)C(=O)N[C@@H](C)C(=O)N(C)[C@H](Cc2ccccc2)C(=O)O)c1,CHEMBL3400767,480.0,0.48
CCCN(CCC)C(=O)c1cccc(C(=O)N[C@@H](Cc2ccccc2)[C@@H](O)CC(=O)N[C@@H](CC(C)C)C(=O)N[C@@H](C)C(=O)N(C)[C@H](Cc2ccccc2)C(=O)OCc2ccccc2)n1,CHEMBL3400766,10000.0,10.0
CCCN(CCC)C(=O)c1cccc(C(=O)N[C@@H](Cc2ccccc2)[C@@H](O)CC(=O)N[C@@H](CC(C)C)C(=O)N[C@@H](C)C(=O)N(C)[C@H](Cc2ccccc2)C(=O)OCc2ccccc2)c1,CHEMBL3400765,1010.0,1.01
CC(C)C[C@H](NC(=O)C[C@H](O)[C@H](Cc1ccccc1)NC(=O)OC(C)(C)C)C(=O)N[C@@H](C)C(=O)N(C)[C@H](Cc1ccccc1)C(=O)O,CHEMBL3400764,10000.0,10.0
CC(C)C[C@H](NC(=O)C[C@H](O)[C@H](Cc1ccccc1)NC(=O)OC(C)(C)C)C(=O)N[C@@H](C)C(=O)N(C)[C@H](Cc1ccccc1)C(=O)OCc1ccccc1,CHEMBL3400763,10000.0,10.0
COC(=O)C[C@H](O)[C@H](Cc1ccccc1)NC(=O)[C@H](CCC(N)=O)N(C)C(=O)[C@@H](NC(=O)OCc1ccccc1)C(C)C,CHEMBL3400761,10000.0,10.0
COC(=O)[C@H](CC(C)C)NC(=O)C[C@H](O)[C@H](Cc1ccccc1)NC(=O)OC(C)(C)C,CHEMBL3400760,10000.0,10.0
COC(=O)[C@H](CC(C)C)NC(=O)C[C@H](O)[C@H](Cc1ccccc1)NC(=O)[C@H](CCC(N)=O)N(C)C(=O)OCc1ccccc1,CHEMBL3400759,10000.0,10.0
COC(=O)[C@H](CC(C)C)NC(=O)C[C@H](O)[C@H](Cc1ccccc1)NC(=O)[C@H](CCC(N)=O)N(C)C(=O)[C@@H](NC(=O)OCc1ccccc1)C(C)C,CHEMBL3400758,4460.0,4.46
COC(=O)[C@H](C)NC(=O)[C@H](CC(C)C)NC(=O)C[C@H](O)[C@H](Cc1ccccc1)NC(=O)OC(C)(C)C,CHEMBL3400757,10000.0,10.0
COC(=O)[C@H](C)NC(=O)[C@H](CC(C)C)NC(=O)C[C@H](O)[C@H](Cc1ccccc1)NC(=O)[C@H](CCC(N)=O)N(C)C(=O)OCc1ccccc1,CHEMBL3400756,10000.0,10.0
COC(=O)[C@H](C)NC(=O)[C@H](CC(C)C)NC(=O)C[C@H](O)[C@H](Cc1ccccc1)NC(=O)[C@H](CCC(N)=O)N(C)C(=O)[C@@H](NC(=O)OCc1ccccc1)C(C)C,CHEMBL3400755,2610.0,2.61
COC(=O)[C@@H](Cc1ccccc1)N(C)C(=O)[C@H](C)NC(=O)[C@H](CC(C)C)NC(=O)C[C@H](O)[C@H](Cc1ccccc1)NC(=O)[C@H](CCC(N)=O)N(C)C(=O)OCc1ccccc1,CHEMBL3400754,10000.0,10.0
COC(=O)[C@@H](Cc1ccccc1)N(C)C(=O)[C@H](C)NC(=O)[C@H](CC(C)C)NC(=O)C[C@H](O)[C@H](Cc1ccccc1)NC(=O)[C@H](CCC(N)=O)N(C)C(=O)[C@@H](NC(=O)OCc1ccccc1)C(C)C,CHEMBL3400753,870.0,0.87
NC1=N[C@@]2(c3ccc(F)cc3F)CO[C@@H](CF)C[C@H]2CS1,CHEMBL3414701,61.0,61.0
NC1=N[C@@]2(c3ccc(F)cc3F)CO[C@@H](C(F)F)C[C@H]2CS1,CHEMBL3414700,59.0,59.0
CC(C)C[C@H]1C[C@H]2CSC(N)=N[C@@]2(c2ccc(F)cc2F)CO1,CHEMBL3414711,25.0,25.0
NC1=N[C@@]2(c3ccc(F)cc3F)CO[C@@H](C3CC3)C[C@H]2CS1,CHEMBL3414710,24.0,24.0
CC[C@H]1C[C@H]2CSC(N)=N[C@@]2(c2ccc(F)cc2F)CO1,CHEMBL3414709,59.0,59.0
COC[C@H]1C[C@H]2CSC(N)=N[C@@]2(c2ccc(F)cc2F)CO1,CHEMBL3414708,30.0,30.0
C[C@H]1C[C@H]2CSC(N)=N[C@@]2(c2ccc(F)cc2F)CO1,CHEMBL3414707,39.0,39.0
NC1=N[C@@]2(c3ccc(F)cc3F)COCC[C@H]2CS1,CHEMBL3414706,265.0,265.0
COC[C@@H]1CSC(N)=N[C@]1(C)c1ccc(F)cc1F,CHEMBL3414704,3940.0,3940.0
COC[C@H]1CSC(N)=N[C@]1(C)c1ccc(F)cc1F,CHEMBL3414703,850.0,850.0
C[C@@]1(c2ccc(F)cc2F)CCSC(N)=N1,CHEMBL3414702,36000.0,36.0
NC1=N[C@@]2(c3ccc(F)cc3F)COC[C@H]2CS1,CHEMBL3414705,17200.0,17.2
Cc1coc([C@H]2C[C@H]3[C@@H](C)SC(N)=N[C@@]3(c3ccc(F)cc3F)CO2)n1,CHEMBL3422241,6.0,6.0
Cc1cc([C@H]2C[C@H]3[C@@H](C)SC(N)=N[C@@]3(c3ccc(F)cc3F)CO2)on1,CHEMBL3422242,6.0,6.0
C[C@H]1SC(N)=N[C@@]2(c3ccc(F)cc3F)CO[C@@H](c3cnn(C)c3)C[C@@H]12,CHEMBL3422243,3.0,3.0
Cc1coc([C@H]2C[C@H]3[C@@H](CF)SC(N)=N[C@@]3(c3ccc(F)cc3F)CO2)n1,CHEMBL3422244,10.0,10.0
Cc1cc([C@H]2C[C@H]3[C@@H](CF)SC(N)=N[C@@]3(c3ccc(F)cc3F)CO2)on1,CHEMBL3422245,15.0,15.0
Cn1cc([C@H]2C[C@H]3[C@@H](CF)SC(N)=N[C@@]3(c3ccc(F)cc3F)CO2)cn1,CHEMBL3422246,7.0,7.0
Cn1cc([C@H]2C[C@H]3CSC(N)=N[C@@]3(c3ccc(F)cc3F)CO2)cn1,CHEMBL3422238,4.0,4.0
Cc1cc([C@H]2C[C@H]3CSC(N)=N[C@@]3(c3ccc(F)cc3F)CO2)on1,CHEMBL3422237,3.0,3.0
Cc1coc([C@H]2C[C@H]3CSC(N)=N[C@@]3(c3ccc(F)cc3F)CO2)n1,CHEMBL3422236,4.0,4.0
NC1=N[C@@]2(c3ccc(F)cc3F)CO[C@@H](c3ncco3)C[C@H]2CS1,CHEMBL3422235,27.0,27.0
COC[C@H]1C[C@H]2[C@@H](C)SC(N)=N[C@@]2(c2ccc(F)cc2F)CO1,CHEMBL3422240,800.0,800.0
NC1=N[C@@]2(c3ccc(F)cc3F)CO[C@@H](c3cn[nH]c3)C[C@H]2CS1,CHEMBL3422239,599.0,599.0
Cc1noc(C)c1[C@@H]1C[C@@H](c2cccc(-c3cncnc3)c2)N=C(N)S1,CHEMBL3427246,230.0,230.0
Cc1noc(C)c1[C@@H]1C[C@@H](c2cc(-c3cncnc3)c(F)cc2F)N=C(N)S1,CHEMBL3427247,200.0,200.0
Cc1noc(C)c1[C@@H]1C[C@@H](c2cc(-c3cccc(C#N)c3)cs2)N=C(N)S1,CHEMBL3427248,300.0,300.0
CC#Cc1cncc(-c2csc([C@@H]3C[C@@H](c4c(C)noc4C)SC(N)=N3)c2)c1,CHEMBL3427249,60.0,60.0
Cc1noc(C)c1[C@@H]1C[C@@H](c2cc(NC(=O)c3ccc(Br)cn3)ccc2F)N=C(N)S1,CHEMBL3427250,22.0,22.0
Cc1noc(C)c1[C@@H]1C[C@@](C)(c2cc(-c3cncnc3)c(F)cc2F)N=C(N)S1,CHEMBL3427251,8.0,8.0
CC#Cc1cncc(-c2cc(Cl)c([C@]3(C)C[C@@H](c4c(C)noc4C)SC(N)=N3)s2)c1,CHEMBL3427252,30.0,30.0
Cc1noc(CC(C)(C)O)c1[C@@H]1C[C@@](C)(c2ccc(F)cc2F)N=C(N)S1,CHEMBL3427253,110.0,110.0
Cc1noc(C)c1[C@@H]1C[C@@](C)(c2cc(-c3cccnc3C#N)c(F)cc2F)N=C(N)S1,CHEMBL3427254,87.0,87.0
Cl.NC1=NC2CCC(NC(=O)c3ccccc3)CC2CS1,CHEMBL3586138,21700.0,21.7
Cl.NC1=NC2CCC(NC(=O)c3ccc(F)cn3)CC2CS1,CHEMBL3586137,37500.0,37.5
NC1=NC2CCCCC2CS1,CHEMBL3586134,4000000.0,4.0
NC1=NC2CCC(OC(=O)c3cccc(Cl)c3)CC2CS1.O=C(O)C(F)(F)F,CHEMBL3586133,761.0,0.761
Cl.NC1=NC23CCC(NC(=O)c4cccc(Cl)c4)CC2(COC3)CS1,CHEMBL3586132,36100.0,36.1
Cl.NC1=N[C@]23CC[C@H](NC(=O)c4cccc(Cl)c4)C[C@@H]2[C@@H](COC3)S1,CHEMBL3586131,2250.0,2.25
Cl.NC1=NC2CCC(NC(=O)c3cccc(Cl)c3)CC2CS1,CHEMBL3586130,1830.0,1.83
C[C@@]12CC[C@@H]3[C@](C)(CC[C@H](OC(=O)/C=C/c4ccc(O)cc4)[C@]3(C)C(=O)O)[C@H]1CC[C@H]1C(=CC[C@@H]3[C@]1(C)CC[C@@H](O)[C@]3(C)CO)C2,CHEMBL3586196,1070.0,1.07
CC1(C)C(=O)CC[C@@]2(C)[C@H]1CC[C@@]1(C)CC3=CC(=O)[C@H]4C(C)(C)[C@H](O)CC[C@]4(C)[C@H]3CC[C@@H]12,CHEMBL3586197,230.0,0.23
COc1ccc(C(=O)O[C@H]2CC[C@@]3(C)[C@@H](CC[C@@]4(C)C[C@@]5(O)[C@H](CC[C@@H]43)[C@@]3(C)CC[C@@H](O)C(C)(C)[C@@H]3C[C@@H]5O)[C@@]2(C)C(=O)O)cc1O,CHEMBL3586198,980.0,0.98
CC(=O)O[C@H]1CC[C@@]2(C)[C@@H](CC[C@@]3(C)C[C@@]4(O)CC[C@H]5C(C)(C)[C@@H](OC(C)=O)CC[C@]5(C)[C@H]4CC[C@@H]32)C1(C)C,CHEMBL3586199,10000.0,10.0
C[C@@]12CC[C@@H]3[C@](C)(CC[C@H](OC(=O)CCc4ccc(O)cc4)[C@]3(C)C(=O)O)[C@H]1CC[C@H]1C(=CC[C@@H]3[C@]1(C)CC[C@@H](O)[C@]3(C)CO)C2,CHEMBL3586200,10000.0,10.0
CC1(C)[C@H](O)CC[C@@]2(C)[C@H]1CC[C@@]1(C)CC3=CC[C@H]4C(C)(C)[C@@H](O)CC[C@]4(C)[C@H]3CC[C@@H]12,CHEMBL3586201,10000.0,10.0
C[C@@]12CC[C@@H]3[C@](C)(CC[C@H](O)[C@]3(C)C(=O)O)[C@H]1CC[C@H]1C(=CC(=O)[C@@H]3[C@]1(C)CC[C@@H](O)[C@]3(C)CO)C2,CHEMBL3586202,10000.0,10.0
CC1(C)[C@H](O)CC[C@@]2(C)[C@H]1CC[C@@]1(C)CC3=CC[C@H]4C(C)(C)[C@H](O)CC[C@]4(C)[C@H]3CC[C@@H]12,CHEMBL3586203,10000.0,10.0
COC(=O)[C@]1(C)[C@@H]2CC[C@@]3(C)CC4=CC(=O)[C@@H]5[C@](C)(CC[C@@H](O)[C@]5(C)CO)[C@H]4CC[C@@H]3[C@@]2(C)CC[C@@H]1O,CHEMBL506258,10000.0,10.0
C[C@@]12CC[C@@H]3[C@](C)(CC[C@H](OC(=O)c4ccc(O)cc4)[C@]3(C)C(=O)O)[C@H]1CC[C@@H]1[C@@]3(C)CC[C@@H](O)[C@](C)(CO)[C@@H]3C[C@H](O)[C@@]1(O)C2,CHEMBL3586204,310.0,0.31
CC1(C)[C@@H](O)CC[C@@]2(C)[C@H]1CC[C@@]1(C)C[C@@]3(O)CC[C@H]4C(C)(C)[C@@H](O)CC[C@]4(C)[C@H]3CC[C@@H]12,CHEMBL3586205,10000.0,10.0
CC1(C)[C@H](O)CC[C@]2(C)[C@H]3CC[C@H]4[C@@](C)(CC[C@@H]5[C@]4(C)CC[C@@H](O)[C@]5(C)C(=O)O)CC3=CC(=O)[C@@H]12,CHEMBL3586206,10000.0,10.0
CCCC[C@@H](O)/C=C/C=C/C(=O)O,CHEMBL3586207,6910.0,6.91
CN(Cc1ccccc1)Cc1ccc(/C=C2\Cc3ccc(OCCCCCN4CCC(=C(c5ccc(F)cc5)c5ccc(F)cc5)CC4)cc3C2=O)cc1,CHEMBL3597555,5950.0,5.95
CN(Cc1ccccc1)Cc1ccc(/C=C2\Cc3ccc(OCCCCCN4CCN(C(c5ccc(F)cc5)c5ccc(F)cc5)CC4)cc3C2=O)cc1,CHEMBL3597554,2490.0,2.49
CN(Cc1ccccc1)Cc1ccc(/C=C2\Cc3ccc(OCCCCCN4CCN(OC(=O)C(C)(C)C)CC4)cc3C2=O)cc1,CHEMBL3597552,3210.0,3.21
CCOC(=O)C1(c2ccccc2)CCN(CCCCCOc2ccc3c(c2)C(=O)/C(=C/c2ccc(CN(C)Cc4ccccc4)cc2)C3)CC1,CHEMBL3597550,8230.0,8.23
CN(Cc1ccccc1)Cc1ccc(/C=C2\Cc3ccc(OCCCCCN4CCN(c5ccccc5)CC4)cc3C2=O)cc1,CHEMBL3597549,11670.0,11.67
CN(Cc1ccccc1)Cc1ccc(/C=C2\Cc3ccc(OCCCCCN4CCC(c5ccccc5)CC4)cc3C2=O)cc1,CHEMBL3597548,13400.0,13.4
CCC[C@@H](C(=O)O)N(C)C[C@@H](O)[C@H](CC(C)C)NC(=O)[C@H](Cc1cccs1)NC(=O)[C@@H](NC(=O)[C@@H](N)CCC(=O)O)[C@@H](C)CC,CHEMBL3604700,680000.0,680.0
CCC[C@H](NC[C@@H](O)[C@H](CC(C)C)NC(=O)[C@H](Cc1cccs1)NC(=O)[C@@H](NC(=O)[C@@H](N)CCC(=O)O)[C@@H](C)CC)C(=O)O,CHEMBL3604698,72000.0,72.0
CCC[C@H](NC[C@@H](O)[C@H](Cc1cccs1)NC(=O)[C@H](Cc1cccs1)NC(=O)[C@@H](NC(=O)[C@@H](N)CCC(=O)O)[C@@H](C)CC)C(=O)O,CHEMBL3604697,9400.0,9.4
CCC[C@H](NC(=O)[C@@H](O)[C@H](Cc1ccccc1)NC(=O)[C@H](Cc1cccs1)NC(=O)[C@@H](NC(=O)[C@@H](N)CCC(=O)O)[C@@H](C)CC)C(=O)O,CHEMBL3604696,870000.0,870.0
CCC[C@H](NC(=O)[C@@H](O)[C@H](CC1CCCCC1)NC(=O)[C@H](Cc1cccs1)NC(=O)[C@@H](NC(=O)[C@@H](N)CCC(=O)O)[C@@H](C)CC)C(=O)O,CHEMBL3604695,480000.0,480.0
CCC[C@H](NC(=O)[C@@H](O)[C@H](CC(C)C)NC(=O)[C@H](Cc1cccs1)NC(=O)[C@@H](NC(=O)[C@@H](N)CCC(=O)O)[C@@H](C)CC)C(=O)O,CHEMBL3604604,1000000.0,1.0
CCC[C@H](NC(=O)[C@@H](O)[C@H](Cc1cccs1)NC(=O)[C@H](Cc1cccs1)NC(=O)[C@@H](NC(=O)[C@@H](N)CCC(=O)O)[C@@H](C)CC)C(=O)O,CHEMBL3604603,870000.0,870.0
CCC[C@@H](C(=O)O)N(C)C[C@H](O)[C@H](CC(C)C)NC(=O)[C@H](Cc1cccs1)NC(=O)[C@@H](NC(=O)[C@@H](N)CCC(=O)O)[C@@H](C)CC,CHEMBL3604602,1000000.0,1.0
CCC[C@H](NC(C)[C@H](O)[C@H](CC(C)C)NC(=O)[C@H](Cc1cccs1)NC(=O)[C@@H](NC(=O)[C@@H](N)CCC(=O)O)[C@@H](C)CC)C(=O)O,CHEMBL3604601,1000000.0,1.0
CCC[C@H](NC[C@H](O)[C@H](CC(C)C)NC(=O)[C@H](Cc1cccs1)NC(=O)[C@@H](NC(=O)[C@@H](N)CCC(=O)O)[C@@H](C)CC)C(=O)O,CHEMBL3604600,1000000.0,1.0
CCC[C@H](NC[C@H](O)[C@H](Cc1cccs1)NC(=O)[C@H](Cc1cccs1)NC(=O)[C@@H](NC(=O)[C@@H](N)CCC(=O)O)[C@@H](C)CC)C(=O)O,CHEMBL3604599,2000000.0,2.0
CCC[C@H](NC(=O)[C@H](O)[C@H](Cc1ccccc1)NC(=O)[C@H](Cc1cccs1)NC(=O)[C@@H](NC(=O)[C@@H](N)CCC(=O)O)[C@@H](C)CC)C(=O)O,CHEMBL3604598,34000.0,34.0
CCC[C@H](NC(=O)[C@H](O)[C@H](CC1CCCCC1)NC(=O)[C@H](Cc1cccs1)NC(=O)[C@@H](NC(=O)[C@@H](N)CCC(=O)O)[C@@H](C)CC)C(=O)O,CHEMBL3604597,64000.0,64.0
CCC[C@H](NC(=O)[C@H](O)[C@H](CC(C)C)NC(=O)[C@H](Cc1cccs1)NC(=O)[C@@H](NC(=O)[C@@H](N)CCC(=O)O)[C@@H](C)CC)C(=O)O,CHEMBL3604596,56000.0,56.0
CCC[C@H](NC(=O)[C@H](O)[C@H](Cc1cccs1)NC(=O)[C@H](Cc1cccs1)NC(=O)[C@@H](NC(=O)[C@@H](N)CCC(=O)O)[C@@H](C)CC)C(=O)O,CHEMBL3604595,26000.0,26.0
COc1cnc(C(=O)Nc2ccc(F)c([C@]3(C)COCC(N)=N3)c2)cn1,CHEMBL3634123,44.0,44.0
C[C@@]1(c2cccc(NC(=O)c3ccc(Cl)cn3)c2)COCC(N)=N1,CHEMBL3634122,44.0,44.0
COc1cnc(C(=O)Nc2ccc(F)c([C@@]3(C)N=C(N)CO[C@H]3F)c2)cn1,CHEMBL3634124,102.0,102.0
COc1cnc(C(=O)Nc2ccc(F)c([C@@]3(C)N=C(N)CO[C@@H]3F)c2)cn1,CHEMBL3634125,12.0,12.0
C[C@]1(c2cc(NC(=O)c3cnc(Cl)cn3)ccc2F)N=C(N)CO[C@@]1(F)C(F)(F)F,CHEMBL3634126,20.0,20.0
C[C@]1(c2cc(NC(=O)c3cnc(Cl)cn3)ccc2F)N=C(N)CO[C@]1(F)C(F)(F)F,CHEMBL3634127,316.0,316.0
C[C@]1(c2cc(NC(=O)c3cnc(Cl)cn3)ccc2F)N=C(N)CO[C@H]1C(F)(F)F,CHEMBL3634128,29.0,29.0
C[C@]1(c2cc(NC(=O)c3cnc(Cl)cn3)ccc2F)N=C(N)CO[C@@H]1C(F)(F)F,CHEMBL3634129,110.0,110.0
COc1cnc(C(=O)Nc2ccc(F)c([C@@]3(C4CC4)N=C(N)CO[C@@H]3F)c2)cn1,CHEMBL3634130,66.0,66.0
COc1cnc(C(=O)Nc2ccnc([C@@]3(C)N=C(N)CO[C@@H]3F)c2)cn1,CHEMBL3634338,74.0,74.0
COc1cnc(C(=O)Nc2cc([C@@]3(C)N=C(N)CO[C@@H]3F)ccn2)cn1,CHEMBL3634339,3467.0,3467.0
C[C@]1(c2cc(NC(=O)c3ccc(Cl)cn3)ccc2F)N=C(N)CO[C@@H]1F,CHEMBL3634340,7.4,7.4
Cc1cc(Cl)cnc1C(=O)Nc1ccc(F)c([C@@]2(C)N=C(N)CO[C@@H]2F)c1,CHEMBL3634341,6.9,6.9
C[C@]1(c2cc(NC(=O)c3ccc(C#N)cn3)ccc2F)N=C(N)CO[C@@H]1F,CHEMBL3634342,7.6,7.6
C[C@]1(c2cc(NC(=O)c3ncc(F)cc3F)ccc2F)N=C(N)OC[C@@H]1F,CHEMBL3680856,1.0,1.0
CC1(C)OCC(N)=N[C@](C)(c2cc(N[C@@H]3CCc4cc(C#N)cnc43)ccc2F)C1(F)F,CHEMBL3670915,310.0,310.0
C[C@]1(c2cc(NC3CCc4cc(Cl)cnc43)ccc2F)N=C(N)COC[C@@H]1F,CHEMBL3670904,70.0,70.0
Cc1cc(C(=O)Nc2ccc(F)c([C@@]3(C)N=C(N)OC[C@@H]3F)c2)nn1C,CHEMBL3680882,760.0,760.0
C[C@]1(c2cc(NC(=O)c3ccc(OCC(F)(F)F)cn3)ccc2F)N=C(N)OC[C@@H]1F,CHEMBL3680869,8.0,8.0
CC1(C)OCC(N)=N[C@](C)(c2cc(Nc3ccc(F)cc3)ccc2F)C1(F)F,CHEMBL3670921,310.0,310.0
C[C@]1(c2cc(NC(=O)c3ccc(OCC(F)(F)F)cn3)ccc2F)N=C(N)OC[C@@H]1OCC(F)(F)F,CHEMBL3680899,21.0,21.0
C[C@]1(c2cc(NC(=O)c3ccc(C4CC4)cn3)ccc2F)N=C(N)OC[C@@H]1F,CHEMBL3680874,14.0,14.0
CC1(C)OCC(N)=N[C@](C)(c2cc(Nc3cncc(C(F)(F)F)c3)ccc2F)C1(F)F,CHEMBL3670927,1900.0,1900.0
CC1(C)OCC(N)=N[C@](C)(c2cc(NC3COc4cc(Cl)cnc43)ccc2F)C1(F)F,CHEMBL3670917,40.0,40.0
C[C@]1(c2cc(NC3CCOCC3)ccc2F)N=C(N)COC[C@@H]1F,CHEMBL3670908,2400.0,2400.0
CC1(C)OCC(N)=N[C@](C)(c2cc(Nc3cccnc3)ccc2F)C1(F)F,CHEMBL3670925,1100.0,1100.0
Cc1ccc(Nc2ccc(F)c([C@@]3(C)N=C(N)COC(C)(C)C3(F)F)c2)cn1,CHEMBL3670928,5900.0,5900.0
CC#CCOc1cnc(C(=O)Nc2ccc(F)c([C@@]3(C)N=C(N)OC[C@]3(C)F)c2)cn1,CHEMBL3680900,0.1,0.1
C[C@]1(c2cc(NC(=O)c3cnc(C(F)F)cn3)ccc2F)N=C(N)OC[C@@H]1F,CHEMBL3680867,5.0,5.0
CC[C@]1(c2cc(NCc3nn(C(F)F)cc3Cl)ccc2F)N=C(N)COCC1(F)F,CHEMBL3670910,170.0,170.0
C[C@]1(c2cc(NC(=O)c3[nH]ncc3Cl)ccc2F)N=C(N)OC[C@@H]1F,CHEMBL3680880,130.0,130.0
Cn1ccc(Nc2ccc(F)c([C@@]3(C)N=C(N)COC(C)(C)C3(F)F)c2)n1,CHEMBL3670920,240.0,240.0
C[C@]1(c2cc(NC(=O)c3ccc(OCF)cn3)ccc2F)N=C(N)OC[C@@H]1F,CHEMBL3680857,1.0,1.0
COc1ccc(C(=O)Nc2ccc(F)c([C@@]3(C)N=C(N)OC[C@@H]3F)c2)nc1,CHEMBL3680865,4.0,4.0
CC1(C)OCC(N)=N[C@](C)(c2cc(Nc3ccc(Cl)nc3)ccc2F)C1(F)F,CHEMBL3670923,370.0,370.0
CC1(C)OCC(N)=N[C@](C)(c2cc(N[C@H]3CCc4cc(C#N)cnc43)ccc2F)C1(F)F,CHEMBL3670914,120.0,120.0
C[C@]1(F)COC(N)=N[C@]1(C)c1cc(NC(=O)c2ncccc2OCC(F)(F)F)ccc1F,CHEMBL3680888,22.0,22.0
C[C@]1(c2cc(NC(=O)C3CC3)ccc2F)N=C(N)OC[C@@H]1F,CHEMBL3680884,730.0,730.0
C[C@]1(c2cc(N[C@@H]3CCc4cc(Cl)cnc43)ccc2F)N=C(N)COCC1(F)F,CHEMBL3670912,2100.0,2100.0
Cc1cc(C(=O)Nc2ccc(F)c([C@@]3(C)N=C(N)OC[C@@H]3F)c2)c(C)o1,CHEMBL3680870,8.0,8.0
C[C@]1(c2cc(NC(=O)c3cnc(Cl)s3)ccc2F)N=C(N)OC[C@@H]1F,CHEMBL3680878,81.0,81.0
C[C@]1(F)COC(N)=N[C@]1(C)c1cc(NC(=O)c2ccc(Cl)cn2)ccc1F,CHEMBL3680892,3.0,3.0
Cn1nc(C(F)(F)F)cc1C(=O)Nc1ccc(F)c([C@@]2(C)N=C(N)OC[C@@H]2F)c1,CHEMBL3680879,90.0,90.0
C[C@]1(c2cc(NC(=O)c3ncc(C(F)(F)F)cc3Cl)ccc2F)N=C(N)OC[C@H]1F,CHEMBL3680887,140.0,140.0
C[C@]1(c2cc(NC(=O)c3ccc(OCC(F)(F)C(F)F)cn3)ccc2F)N=C(N)OC[C@@H]1F,CHEMBL3680876,17.0,17.0
C[C@]1(c2cc(Nc3ccc(C#N)cc3)ccc2F)N=C(N)COCC1(F)F,CHEMBL3670913,700.0,700.0
C[C@]1(c2cc(NC(=O)c3ccc(Cl)cn3)ccc2F)N=C(N)OC[C@@H]1OCC(F)(F)F,CHEMBL3680895,1.0,1.0
C[C@]1(c2cc(NC(=O)c3cnc(OCF)cn3)ccc2F)N=C(N)OC[C@@H]1F,CHEMBL3680862,24.0,24.0
C[C@]1(c2cc(NC(=O)c3ccc(OC(F)F)cn3)ccc2F)N=C(N)OC[C@@H]1F,CHEMBL3680858,2.0,2.0
C[C@]1(F)COC(N)=N[C@]1(C)c1cc(NC(=O)C2CC2(F)F)ccc1F,CHEMBL3680894,32.0,32.0
C[C@]1(c2cc(N[C@H]3CCc4cc(Cl)cnc43)ccc2F)N=C(N)COCC1(F)F,CHEMBL3670911,90.0,90.0
C[C@]1(c2cc(NC(=O)c3ccc(C#N)cn3)ccc2F)N=C(N)OC[C@@H]1OCC(F)(F)F,CHEMBL3680897,1.0,1.0
CC1(C)OCC(N)=N[C@](C)(c2cc(NC3CCc4cc(Cl)cnc43)ccc2F)C1(F)F,CHEMBL3670916,71.0,71.0
CC1(C)OCC(N)=N[C@](C)(c2cc(NC3CCCc4cc(C#N)cnc43)ccc2F)C1(F)F,CHEMBL3670918,120.0,120.0
C[C@]1(F)COC(N)=N[C@]1(C)c1cc(NC(=O)c2ccc(C#N)cn2)ccc1F,CHEMBL3680889,0.4,0.4
C[C@]1(c2cc(NC(=O)C3(C#N)CC3)ccc2F)N=C(N)OC[C@@H]1F,CHEMBL3680883,75.0,75.0
C[C@]1(c2cc(NC(=O)c3cnc(OCC(F)F)cn3)ccc2F)N=C(N)OC[C@@H]1F,CHEMBL3680871,8.0,8.0
C[C@]1(c2cc(NC(=O)c3ncc(C#N)cc3Cl)ccc2F)N=C(N)OC[C@@H]1F,CHEMBL3680859,2.0,2.0
COc1ccc(Nc2ccc(F)c([C@@]3(C)N=C(N)COC(C)(C)C3(F)F)c2)cn1,CHEMBL3670926,410.0,410.0
C[C@]1(F)COC(N)=N[C@]1(C)c1cc(NC(=O)c2ncc(Cl)cc2Cl)ccc1F,CHEMBL3680890,2.0,2.0
CC1(C)OCC(N)=N[C@](C)(c2cc(N[C@H]3CCc4cc(C#N)cnc43)c(F)cc2F)C1(F)F,CHEMBL3670922,1900.0,1900.0
C[C@]1(c2cc(NC(=O)c3ncc(C#N)cc3Cl)ccc2F)N=C(N)OC[C@H]1F,CHEMBL3680886,82.0,82.0
C[C@]1(c2cc(NC(=O)c3ccc(F)cn3)ccc2F)N=C(N)OC[C@@H]1F,CHEMBL3680872,10.0,10.0
C[C@]1(c2cc(NC(=O)c3ncc(Cl)cc3F)ccc2F)N=C(N)OC[C@@H]1F,CHEMBL3680860,2.0,2.0
CC1(C)OCC(N)=N[C@](C)(c2cc(Nc3ccc(OCC(F)(F)F)nc3)ccc2F)C1(F)F,CHEMBL3670929,12700.0,12700.0
C[C@]1(c2cc(NCc3nn(C(F)F)cc3Cl)ccc2F)N=C(N)COC[C@@H]1F,CHEMBL3670905,40.0,40.0
C[C@]1(F)COC(N)=N[C@]1(C)c1cc(NC(=O)c2nn(CC(F)F)cc2Cl)ccc1F,CHEMBL3639797,183.0,183.0
C[C@]1(c2cc(NC(=O)c3ccc(OCC(F)F)cn3)ccc2F)N=C(N)OC[C@@H]1F,CHEMBL3680873,13.0,13.0
C[C@]1(c2cc(NC(=O)c3ccc(C(F)F)cn3)ccc2F)N=C(N)OC[C@@H]1F,CHEMBL3680863,3.0,3.0
C[C@]1(c2cc(NC3CCOC3)ccc2F)N=C(N)COC[C@@H]1F,CHEMBL3670906,580.0,580.0
C[C@]1(c2cc(NC(=O)c3ccc(OCC4CC4)cn3)ccc2F)N=C(N)OC[C@@H]1F,CHEMBL3680875,15.0,15.0
C[C@]1(c2cc(NC(=O)c3ccc(Cl)cn3)ccc2F)N=C(N)OC[C@H]1F,CHEMBL3680885,42.0,42.0
C[C@]1(c2cc(NC(=O)c3ccc(OCC(F)(F)C(F)(F)F)cn3)ccc2F)N=C(N)OC[C@@H]1F,CHEMBL3680877,52.0,52.0
C[C@]1(F)COC(N)=N[C@]1(C)c1cc(NC(=O)c2nn(C(F)F)cc2Cl)ccc1F,CHEMBL3680891,2.0,2.0
C[C@]1(c2cc(NCc3nn(C(F)F)cc3Cl)ccc2F)N=C(N)COCC1(F)F,CHEMBL3670909,30.0,30.0
C[C@]1(c2cc(NC(=O)c3ncc(C(F)(F)F)cc3Cl)ccc2F)N=C(N)OC[C@@H]1F,CHEMBL3680861,2.0,2.0
C[C@]1(c2cc(NC(=O)c3ccc(F)cn3)ccc2F)N=C(N)OC[C@@H]1OCC(F)(F)F,CHEMBL3680896,2.0,2.0
C[C@]1(c2cc(NC(=O)c3ncc(Cl)cc3Cl)ccc2F)N=C(N)OC[C@@H]1OCC(F)(F)F,CHEMBL3680898,3.0,3.0
C[C@]1(c2cc(NC3CCCOC3)ccc2F)N=C(N)COC[C@@H]1F,CHEMBL3670907,400.0,400.0
[C-]#[N+]c1ccc(C(=O)Nc2ccc(F)c([C@@]3(CF)N=C(N)OC[C@@H]3F)c2)nc1,CHEMBL3680901,25.0,25.0
C[C@]1(c2cc(NC(=O)c3ncc(Cl)cc3Cl)ccc2F)N=C(N)OC[C@@H]1F,CHEMBL3680855,0.6,0.6
C[C@]1(c2cc(NC(=O)c3ccc(C#CC4CC4)cn3)ccc2F)N=C(N)OC[C@@H]1F,CHEMBL3680866,4.0,4.0
CC1(C)OCC(N)=N[C@](C)(c2cc(NC3COc4cc(Cl)ccc43)ccc2F)C1(F)F,CHEMBL3670919,320.0,320.0
C[C@]1(c2cc(NC(=O)c3ncc(C(F)(F)F)cc3F)ccc2F)N=C(N)OC[C@@H]1F,CHEMBL3680864,4.0,4.0
C[C@]1(c2cc(NC(=O)c3cnc(OCC4CC4)cn3)ccc2F)N=C(N)OC[C@@H]1F,CHEMBL3680868,5.0,5.0
C[C@]1(F)COC(N)=N[C@]1(C)c1cc(NC(=O)c2ccc(F)cn2)ccc1F,CHEMBL3680893,11.0,11.0
CC1(C)OCC(N)=N[C@](C)(c2cc(Nc3cncc(F)c3)ccc2F)C1(F)F,CHEMBL3670924,440.0,440.0
C[C@]1(c2cc(NC(=O)c3ccc(Cl)cn3)ccc2F)N=C(N)OC[C@@H]1F,CHEMBL3680854,0.4,0.4
C[C@]1(c2cc(NC(=O)c3cncs3)ccc2F)N=C(N)OC[C@@H]1F,CHEMBL3680881,250.0,250.0
[C-]#[N+]c1ccc(C(=O)Nc2ccc(F)c([C@@]3(CF)N=C(N)OC[C@H]3F)c2)nc1,CHEMBL3680902,39.0,39.0
C[C@@]1(c2cc(-c3cc(-c4ncc(Cl)cn4)no3)ccc2F)C[S@@]2(=O)=NCCCCN2C(N)=N1,CHEMBL3741055,12.0,0.012
C[C@@]1(c2cc(-c3cc(-c4ncc(Cl)cn4)no3)ccc2F)C[S@]2(=O)=NCCCCN2C(N)=N1,CHEMBL3741282,9.5,0.0095
C[C@@]1(c2cc(-c3cn(-c4ccc(C#N)cn4)nn3)ccc2F)C[S@]2(=O)=NCCCCN2C(N)=N1,CHEMBL3741314,9.5,0.0095
C[C@@]1(c2cc(C#Cc3ccc(C#N)cc3)ccc2F)C[S@@]2(=O)=NCCCCN2C(N)=N1,CHEMBL3740820,21.0,0.021
COc1cnc(-c2cc(-c3ccc(F)c([C@]4(C)C[S@@]5(=O)=NCCCCN5C(N)=N4)c3)on2)cn1,CHEMBL3741614,9.0,0.009
COc1cnc(-c2cc(-c3ccc(F)c([C@]4(C)C[S@]5(=O)=NCCCCN5C(N)=N4)c3)on2)cn1,CHEMBL3740508,694.0,0.694
C[C@@]1(c2cc(NC(=O)c3ncc(C#N)cc3Cl)ccc2F)C[S@@]2(=O)=NCCCCN2C(N)=N1,CHEMBL3741792,1.0,0.001
CC#CCOc1cnc(C(=O)Nc2ccc(F)c([C@]3(C)C[S@@]4(=O)=NCCCCN4C(N)=N3)c2)cn1,CHEMBL3741617,0.2,0.0002
Cc1cc(F)cnc1C(=O)Nc1ccc(F)c([C@]2(C)C[S@@]3(=O)=NCCCCN3C(N)=N2)c1,CHEMBL3742160,1.5,0.0015
C[C@@]1(c2cc(NC(=O)c3ccc(C#N)cn3)ccc2F)C[S@]2(=O)=NCCCCN2C(N)=N1,CHEMBL3739843,2.0,0.002
Cc1ccc2[nH]c(N[C@H]3CN(C(=O)OC(C)(C)C)C[C@@H]3OC(=O)c3ccc(-c4ccccc4)cc3)nc2c1,CHEMBL3746566,210.0,0.21
COc1ccc2[nH]c(N[C@H]3CN(C(=O)OC(C)(C)C)C[C@@H]3OC(=O)c3ccc(-c4ccccc4)cc3)nc2c1,CHEMBL3745974,450.0,0.45
CC(C)(C)OC(=O)N1C[C@H](Nc2nc3cc(F)ccc3[nH]2)[C@@H](OC(=O)c2ccc(-c3ccccc3)cc2)C1,CHEMBL3746637,50.0,0.05
CC(C)(C)OC(=O)N1C[C@H](Nc2nc3cc(Cl)ccc3[nH]2)[C@@H](OC(=O)c2ccc(-c3ccccc3)cc2)C1,CHEMBL3747191,440.0,0.44
Cc1ccc2[nH]c(N[C@H]3CN(C(=O)OC(C)(C)C)C[C@@H]3OC(=O)c3cccc(-c4ccc(F)cc4)c3)nc2c1,CHEMBL3746752,190.0,0.19
CC(C)(C)OC(=O)N1C[C@H](Nc2nc3cc(Cl)ccc3[nH]2)[C@@H](OC(=O)c2cccc(Oc3ccccc3)c2)C1,CHEMBL3746636,360.0,0.36
CC(C)c1ccc(C(=O)O[C@H]2CN(C(=O)OC(C)(C)C)C[C@@H]2Nc2nc3cc(F)ccc3[nH]2)cc1,CHEMBL3746261,70.0,0.07
CN(C)c1ccc(C(=O)O[C@H]2CN(C(=O)OC(C)(C)C)C[C@@H]2Nc2nc3cc(F)ccc3[nH]2)cc1,CHEMBL3747274,1350.0,1.35
Cc1ccc2[nH]c(N[C@H]3CNC[C@@H]3OC(=O)c3ccc(-c4ccccc4)cc3)nc2c1,CHEMBL3745922,660.0,0.66
CC(=O)N1C[C@H](Nc2nc3cc(C)ccc3[nH]2)[C@@H](OC(=O)c2ccc(-c3ccccc3)cc2)C1,CHEMBL3747247,720.0,0.72
Cc1ccc2[nH]c(N[C@H]3CN(C(=O)c4ccccc4)C[C@@H]3OC(=O)c3ccc(-c4ccccc4)cc3)nc2c1,CHEMBL3747556,390.0,0.39
COC(=O)CN1C[C@H](Nc2nc3cc(C)ccc3[nH]2)[C@@H](OC(=O)c2ccc(-c3ccccc3)cc2)C1,CHEMBL3745864,570.0,0.57
CCCS(=O)(=O)N1C[C@H](Nc2nc3cc(F)ccc3[nH]2)[C@@H](OC(=O)c2ccc(C(C)C)cc2)C1,CHEMBL3747444,670.0,0.67
CC(C)c1ccc(C(=O)O[C@H]2CN(S(=O)(=O)c3ccccc3)C[C@@H]2Nc2nc3cc(F)ccc3[nH]2)cc1,CHEMBL3747381,720.0,0.72
CCCS(=O)(=O)N1C[C@H](Nc2nc3cc(F)ccc3[nH]2)[C@@H](OC(=O)c2ccc(N(C)C)cc2)C1,CHEMBL3746131,3150.0,3.15
CC(C)(C)OC(=O)N1C[C@H](Nc2nc3cc(F)ccc3[nH]2)[C@@H](OCc2ccc(-c3ccccc3)cc2)C1,CHEMBL3747766,120.0,0.12
CC(C)c1ccc(CO[C@H]2CN(C(=O)OC(C)(C)C)C[C@@H]2Nc2nc3cc(F)ccc3[nH]2)cc1,CHEMBL3746656,730.0,0.73
CC(C)c1ccc(CO[C@H]2CNC[C@@H]2Nc2nc3cc(F)ccc3[nH]2)cc1,CHEMBL3746477,5000.0,5.0
CCCS(=O)(=O)N1C[C@H](Nc2nc3cc(F)ccc3[nH]2)[C@@H](OCc2ccc(C(C)C)cc2)C1,CHEMBL3747445,640.0,0.64
CC(C)c1ccc(CO[C@H]2CN(S(=O)(=O)c3ccccc3)C[C@@H]2Nc2nc3cc(F)ccc3[nH]2)cc1,CHEMBL3746896,480.0,0.48
CC(C)c1ccc(CO[C@H]2CN(CCO)C[C@@H]2Nc2nc3cc(F)ccc3[nH]2)cc1,CHEMBL3745980,5000.0,5.0
CC(C)c1ccc(CO[C@H]2CN(CC(N)=O)C[C@@H]2Nc2nc3cc(F)ccc3[nH]2)cc1,CHEMBL3747275,5000.0,5.0
COc1ccc(N2CCN([C@@H]3CN(C(=O)Nc4cc(Cl)cc(Cl)c4)CC[C@H]3OC(=O)c3ccc(Oc4ccccc4)cc3)CC2)cc1,CHEMBL3747119,600.0,0.6
COc1ccc(/C=C/C(=N/NC(=N)N)c2ccc(Cl)cc2)cc1OC,CHEMBL3754357,6423.0,6.423
COc1cccc2cc(C(=O)NCCCCCCCNc3c4c(nc5ccccc35)CCCC4)oc12,CHEMBL3752926,430.0,0.43
c1ccc2oc(CNCCCCCCCNc3c4c(nc5ccccc35)CCCC4)cc2c1,CHEMBL3752467,1350.0,1.35
COc1cccc2cc(CN(CCCCCCNc3c4c(nc5ccccc35)CCCC4)Cc3cc4cccc(OC)c4o3)oc12,CHEMBL3753957,190.0,0.19
c1ccc2oc(CN(CCCCCCCNc3c4c(nc5ccccc35)CCCC4)Cc3cc4ccccc4o3)cc2c1,CHEMBL3753360,620.0,0.62
Cl.Cl.c1ccc2c(NCCCCCCCNc3c4c(nc5ccccc35)CCCC4)c3c(nc2c1)CCCC3,CHEMBL3752685,7500.0,7.5
NC1=NC(c2ccc(F)cc2)NC(=O)N1,CHEMBL3752684,18030.0,18.03
O=C(/C=C/c1ccc(OCc2cc(F)cc(F)c2)cc1)CC(=O)/C=C/c1ccc(OCc2cc(F)cc(F)c2)cc1,CHEMBL3765711,730.0,0.73
O=C(/C=C/c1ccc(OCc2ccc(F)cc2F)cc1)CC(=O)/C=C/c1ccc(OCc2ccc(F)cc2F)cc1,CHEMBL3765195,1000.0,1.0
O=C(/C=C/c1ccc(OCc2ccccc2)cc1)CC(=O)/C=C/c1ccc(OCc2ccccc2)cc1,CHEMBL3765319,6040.0,6.04
COc1ccc(/C=C/C(=O)CC(=O)/C=C/c2ccc(OC)cc2)cc1,CHEMBL103006,5000.0,5.0
O=C(/C=C(O)/C=C/c1ccc(OCc2cccc(F)c2)cc1)/C=C/c1ccc(OCc2cccc(F)c2)cc1,CHEMBL3763264,1080.0,1.08
O=C(/C=C(O)/C=C/c1ccc(OCc2ccc(F)cc2)cc1)/C=C/c1ccc(OCc2ccc(F)cc2)cc1,CHEMBL3764465,1040.0,1.04
O=C(/C=C(O)/C=C/c1ccc(OCc2cc(F)cc(F)c2)cc1)/C=C/c1ccc(OCc2cc(F)cc(F)c2)cc1,CHEMBL3765050,390.0,0.39
O=C(/C=C(O)/C=C/c1ccc(OCc2ccc(F)cc2F)cc1)/C=C/c1ccc(OCc2ccc(F)cc2F)cc1,CHEMBL3764532,400.0,0.4
O=C(/C=C(O)/C=C/c1ccc(OCc2ccccc2)cc1)/C=C/c1ccc(OCc2ccccc2)cc1,CHEMBL3763728,40.0,0.04
O=C(/C=C(O)/C=C/c1ccc(OCc2ccccc2)cc1)/C=C/c1ccc(O)cc1,CHEMBL3765061,2690.0,2.69
COc1ccc(/C=C/C(=O)/C=C(O)/C=C/c2ccc(OCc3ccccc3)cc2)cc1,CHEMBL3763815,2280.0,2.28
COc1ccc(/C=C/C(=O)/C=C(O)/C=C/c2ccc(OC)cc2)cc1,CHEMBL454662,1650.0,1.65
O=C(/C=C(O)/C=C/c1ccc(O)cc1)/C=C/c1ccc(O)cc1,CHEMBL131770,2540.0,2.54
COc1cc(/C=C/C(O)=C/C(=O)/C=C/c2ccc(C)cc2)ccc1O,CHEMBL3763318,140.0,0.14
COc1cc(/C=C/C(O)=C/C(=O)/C=C/c2ccc(OCc3ccccc3)cc2)ccc1O,CHEMBL3763944,970.0,0.97
CC(=O)Nc1ccc(S(=O)(=O)NCC(=O)Nc2ccc(C)cc2C)cc1,CHEMBL3794321,7900.0,7.9
COc1nc(N2C[C@H]3C(=O)N(C)C(N)=N[C@@]3(c3c(F)cc(F)c(F)c3F)C2)nc(C)c1F,CHEMBL3640275,93.0,93.0
COc1nc(N2C[C@H]3C(=O)N(C)C(N)=N[C@@]3(c3c(F)ccc(F)c3F)C2)nc(C)c1F,CHEMBL3640286,234.0,234.0
COc1nc(N2C[C@H]3C(=O)N(C)C(N)=N[C@@]3(c3c(F)cccc3F)C2)nc(C)c1F,CHEMBL3640258,49.0,49.0
COc1nc(N2C[C@H]3C(=O)N(C)C(N)=N[C@@]3(c3cc(F)c(F)cc3F)C2)nc(C)c1F,CHEMBL3640255,35.0,35.0
COc1nc(N2C[C@H]3C(=O)N(C)C(N)=N[C@@]3(c3cc(F)ccc3F)C2)nc(C)c1F,CHEMBL3261082,28.0,28.0
COc1nc(N2C[C@H]3C(=O)N(C)C(N)=N[C@@]3(c3ccc(F)cc3)C2)nc(C)c1F,CHEMBL3640263,16.0,16.0
COc1nc(N2C[C@H]3C(=O)N(C)C(N)=N[C@@]3(c3ccccc3F)C2)nc(C)c1F,CHEMBL3640262,17.0,17.0
COc1nc(N2C[C@H]3C(=O)N(C)C(N)=N[C@@]3(c3ccccc3)C2)nc(C)c1F,CHEMBL3640259,58.0,58.0
CNc1nc(N2C[C@H]3C(=O)N(C)C(=N)N[C@@]3(c3ccc(C#N)s3)C2)nc(C)c1F,CHEMBL3799879,157.0,157.0
CSc1nc(N2C[C@H]3C(=O)N(C)C(=N)N[C@@]3(c3ccc(C#N)s3)C2)nc(C)c1F,CHEMBL3797680,36.0,36.0
CCOc1nc(N2C[C@H]3C(=O)N(C)C(=N)N[C@@]3(c3ccc(C#N)s3)C2)nc(C)c1F,CHEMBL3799339,361.0,361.0
CCCc1nc(N2C[C@H]3C(=O)N(C)C(=N)N[C@@]3(c3ccc(Cl)s3)C2)nc(OC)c1F,CHEMBL3798760,190.0,190.0
CCc1nc(N2C[C@H]3C(=O)N(C)C(=N)N[C@@]3(c3ccc(Cl)s3)C2)nc(OC)c1F,CHEMBL3797321,203.0,203.0
COc1nc(N2C[C@H]3C(=O)N(C)C(=N)N[C@@]3(c3ccc(Cl)s3)C2)nc(C)c1F,CHEMBL3798199,51.0,51.0
COc1nc(N2C[C@H]3C(=O)N(C)C(=N)N[C@@]3(c3ccc(C#N)s3)C2)nc(C)c1F,CHEMBL3798544,40.0,40.0
COc1nc(N2C[C@H]3C(=O)N(C)C(=N)N[C@@]3(c3ccc(C#N)s3)C2)ncc1F,CHEMBL3800447,238.0,238.0
COc1nc(N2C[C@H]3C(=O)N(C)C(=N)N[C@@]3(c3ccc(F)cc3F)C2)nc(C)c1F,CHEMBL3640290,14.0,14.0
COc1nc(N2C[C@H]3C(=O)N(C)C(=N)N[C@@]3(c3cc(-c4cccc(C#N)c4)cs3)C2)ncc1F,CHEMBL3800286,18.0,18.0
COc1cnc(C(=O)Nc2cc(F)c(F)c([C@]3(C)C[C@@H](c4c(C)noc4C)SC(N)=N3)c2)cn1,CHEMBL3805852,0.7,0.7
Cc1noc(C)c1[C@@H]1C[C@@](C)(c2cccc(NC(=O)c3ccc(Cl)cn3)c2F)N=C(N)S1,CHEMBL3805766,160.0,160.0
Cc1noc(C)c1[C@@H]1C[C@@](C)(c2cc(F)cc(NC(=O)c3ccc(Cl)cn3)c2)N=C(N)S1,CHEMBL3806215,2.3,2.3
Cc1noc(C)c1[C@@H]1C[C@@](C)(c2cc(NC(=O)c3ccc(Cl)cn3)cc(F)c2F)N=C(N)S1,CHEMBL3806322,0.7,0.7
Cc1noc(C)c1[C@@H]1C[C@@](C)(c2cc(NC(=O)c3ccc(Cl)cn3)c(F)cc2F)N=C(N)S1,CHEMBL3804970,31.0,31.0
Cc1noc(C)c1[C@@H]1C[C@@H](c2cc(NC(=O)c3ccc(Cl)cn3)ccc2F)N=C(N)S1,CHEMBL3806050,5.0,5.0
Cc1oncc1[C@]1(C)C[C@@H](c2cc(-c3cncnc3)c(F)cc2F)N=C(N)S1,CHEMBL3806227,180.0,0.18
Cc1noc(C)c1[C@]1(C)C[C@@H](c2cc(-c3cncnc3)c(F)cc2F)N=C(N)S1,CHEMBL3806093,3700.0,3.7
COc1ccc([C@@H]2C[C@@H](c3cc(-c4cncnc4)c(F)cc3F)N=C(N)S2)cc1OC,CHEMBL3806048,290.0,0.29
COc1ccc([C@@H]2C[C@@H](c3cccc(-c4cncnc4)c3)N=C(N)S2)cc1OC,CHEMBL3806161,1100.0,1.1
CC(C)(C)CCNC(=O)CCc1cc2cc(-c3ccccc3C#CCC3(NC(=O)c4ccc(F)cc4)CC3)ccc2nc1N,CHEMBL3808441,9.0,9.0
CC(C)(C)CCNC(=O)CCc1cc2cc(-c3ccccc3C#CC3CC(NC(=O)c4ccc(F)cc4)C3)ccc2nc1N,CHEMBL3808967,28.0,28.0
CC(C)(C)CCNC(=O)CCc1cc2cc(-c3ccccc3C#Cc3ccc(NC(=O)c4ccc(F)cc4)cn3)ccc2nc1N,CHEMBL3809897,14.0,14.0
CC(C)(C)CCNC(=O)CCc1cc2cc(-c3ccccc3CCc3ccc(NC(=O)c4ccc(F)cc4)cn3)ccc2nc1N,CHEMBL3809870,0.8,0.8
CC[C@H](C)[C@H](NC(=O)C[C@H](O)[C@H](Cc1ccccc1)NC(=O)[C@H](CCC(N)=O)N(C)C(=O)[C@@H](NC(=O)[C@H](C)O)[C@@H](C)CC)C(=O)NCC(=O)N(C)[C@H](Cc1ccccc1)C(=O)N1CCC[C@H]1C(=O)OC,CHEMBL3813928,690.0,690.0
COc1cc2ncnc(Nc3ccc(F)c(Cl)c3)c2cc1OCCCN1CCOCC1,CHEMBL939,20000.0,20.0
CC[C@]1(C)CCC2=C1CC[C@H]1[C@H]2C[C@@H](Cl)C2=C[C@@H](O)[C@@H]3C[C@@]21C(=O)O3,CHEMBL3937141,82000.0,82.0
NC1=N[C@@]2(c3cc(NC(=O)c4ccccn4)ccc3F)OCC[C@H]2CS1,CHEMBL3897492,860.0,860.0
NC1=N[C@@]2(c3cc(NC(=O)c4ncccc4F)ccc3F)OCC[C@H]2CS1,CHEMBL3890737,510.0,510.0
NC1=N[C@@]2(c3cc(NC(=O)c4ccc(F)cn4)ccc3F)OCC[C@H]2CS1,CHEMBL3959813,160.0,160.0
NC1=N[C@@]2(c3cc(NC(=O)c4ccc(Cl)cn4)ccc3F)OCC[C@H]2CS1,CHEMBL3891534,20.0,20.0
NC1=N[C@@]2(c3cc(NC(=O)c4ccc(Br)cn4)ccc3F)OCC[C@H]2CS1,CHEMBL3919597,33.0,33.0
N#Cc1ccc(C(=O)Nc2ccc(F)c([C@@]34N=C(N)SC[C@@H]3CCO4)c2)nc1,CHEMBL3980733,37.0,37.0
NC1=N[C@@]2(c3cc(NC(=O)c4ccc(OC(F)F)cn4)ccc3F)OCC[C@H]2CS1,CHEMBL3910646,160.0,160.0
NC1=N[C@@]2(c3cc(NC(=O)c4ncc(Cl)cc4Cl)ccc3F)OCC[C@H]2CS1,CHEMBL3909581,33.0,33.0
COc1cnc(C(=O)Nc2ccc(F)c([C@@]34N=C(N)SC[C@@H]3CCO4)c2)cn1,CHEMBL3986498,230.0,230.0
NC1=N[C@@]2(c3cc(F)cc(NC(=O)c4ccc(Cl)cn4)c3)OCC[C@H]2CS1,CHEMBL3900541,600.0,0.6
NC1=N[C@@]2(c3cc(F)cc(NC(=O)c4ccc(F)cn4)c3)OCC[C@H]2CS1,CHEMBL3928503,2000.0,2.0
OC[C@@H]1Cc2c([nH]c3ccccc23)CN1Cc1cn(C[C@@H]2Cc3c([nH]c4ccccc34)CN2)nn1,CHEMBL3883958,16730.0,16.73
O=C(/C=C/c1ccc(O)c(O)c1)NCc1cn(C[C@@H]2Cc3c([nH]c4ccccc34)CN2)nn1,CHEMBL3884327,50000.0,50.0
N[C@@H](Cc1c[nH]c2ccccc12)Cn1cc(-c2ccc(Cl)c(Cl)c2)nn1,CHEMBL3884069,20750.0,20.75
CCSc1cnc(C(=O)Nc2cccc([C@]3(C)CCSC(N)=N3)c2)cn1,CHEMBL3640249,70.0,70.0
C[C@@]1(c2cc(NC(=O)CCc3ccc(O)c(O)c3)ccc2F)CCSC(N)=N1,CHEMBL3640250,5960.0,5960.0
COc1nc(N2C[C@H]3C(=O)N(C)C(=N)N[C@@]3(c3cc(F)ccc3Cl)C2)nc(C)c1F,CHEMBL3640291,42.0,42.0
COc1nc(N2C[C@H]3C(=O)N(C)C(=N)N[C@@]3(c3cc(Cl)ccc3F)C2)nc(C)c1F,CHEMBL3640292,109.0,109.0
Cc1cc(Cl)cnc1C(=O)Nc1ccc(F)c([C@]2(CF)COCC(N)=N2)c1,CHEMBL3653509,8.0,8.0
Cc1cc(Cl)cnc1C(=O)Nc1ccc(F)c([C@]2(C(F)F)COCC(N)=N2)c1,CHEMBL3653510,6.0,6.0
Cc1cc(Br)cnc1C(=O)Nc1ccc(F)c([C@]2(C(F)F)COCC(N)=N2)c1,CHEMBL3653511,18.0,18.0
Cc1cc(C#N)cnc1C(=O)Nc1ccc(F)c([C@]2(C(F)F)COCC(N)=N2)c1,CHEMBL3653512,79.0,79.0
COc1ccc(C(=S)N(C)C)cc1OC,CHEMBL1526260,1500.0,1500.0
COc1ccc(-n2nc3cc(C)c(NC(=O)CC(C)C)cc3n2)cc1,CHEMBL1589705,165.0,165.0
Fc1ccccc1CSc1nc2ccc[nH]c-2n1,CHEMBL1601822,264.0,264.0
CCOC1=CC=C/C(=C\Nc2cc(C)cc(C)c2O)C1=O,CHEMBL3936271,61.0,61.0
CC(=O)N1CCN(C(=S)c2ccc(N(C)C)cc2)CC1,CHEMBL1312649,1288.0,1288.0
Sc1nnc(CSc2nc3ccccc3s2)o1,CHEMBL1610040,930.0,930.0
CC1(c2cccc(NC(=O)c3ccc(C(F)(F)F)cc3)c2)CCSC(N)=N1,CHEMBL3642630,1977.0,1977.0
COCc1cc(NC(=O)c2ccc(C)cc2)cc(C2(C)CCSC(N)=N2)c1,CHEMBL3642631,3239.0,3239.0
COCc1cc(NC(=O)c2ccc(Br)cc2)cc(C2(C)CCSC(N)=N2)c1,CHEMBL3642632,912.0,912.0
COCc1cc(NC(=O)c2ccc(Cl)cc2)cc(C2(C)CCSC(N)=N2)c1,CHEMBL3642633,1500.0,1500.0
COCc1cc(NC(=O)c2ccc(F)cc2)cc(C2(C)CCSC(N)=N2)c1,CHEMBL3642634,8497.0,8497.0
COCc1cc(NC(=O)c2ccc(C(F)(F)F)cc2)cc(C2(C)CCSC(N)=N2)c1,CHEMBL3642635,4586.0,4586.0
COCc1cc(NC(=O)c2ccc(OC(F)(F)F)cc2)cc(C2(C)CCSC(N)=N2)c1,CHEMBL3642636,3642.0,3642.0
COc1ccc(C(=O)OCC(=O)CNC(=O)C(Cc2ccccc2)NC(=O)OCc2ccccc2)cc1,CHEMBL3951035,1479.0,1479.0
COCc1cc(NC(=O)c2ccc(Cl)cn2)cc(C2(C)CCSC(N)=N2)c1,CHEMBL3642638,229.0,229.0
CC1(c2cccc(NC(=O)c3nc4ccccc4s3)c2)CCSC(N)=N1,CHEMBL3642639,175.0,175.0
CC1(c2cccc(NC(=O)c3ccc(F)cn3)c2)CCSC(N)=N1,CHEMBL3642640,220.0,220.0
CC1(c2cc(NC(=O)c3ccco3)cc(C(F)(F)F)c2)CCSC(N)=N1,CHEMBL3642641,2278.0,2278.0
CC1(c2cccc(NC(=O)c3ccc(C(F)(F)F)cn3)c2)CCSC(N)=N1,CHEMBL3642642,130.0,130.0
C[C@@H](NC(=O)c1ccc(C2(C)CCSC(N)=N2)s1)c1ccccc1,CHEMBL3645162,10000.0,10000.0
CC1(c2cc(Cl)cc(NC(=O)c3ccc(Br)cc3)c2)CCSC(N)=N1,CHEMBL3645163,165.0,165.0
CC1(c2cc(Cl)cc(NC(=O)c3nc4ccccc4s3)c2)CCSC(N)=N1,CHEMBL3645164,163.0,163.0
CC1(c2cc(Cl)cc(NC(=O)c3ccco3)c2)CCSC(N)=N1,CHEMBL3645165,243.0,243.0
CC1(c2cc(Cl)cc(NC(=O)c3ccc(Cl)cn3)c2)CCSC(N)=N1,CHEMBL3645166,49.0,49.0
CC1(c2cc(Cl)cc(NC(=O)c3cc4ccccc4s3)c2)CCSC(N)=N1,CHEMBL3645167,222.0,222.0
CC1(c2cc(NC(=O)c3ccc(C(F)(F)F)cn3)cc(C(F)(F)F)c2)CCSC(N)=N1,CHEMBL3642613,816.0,816.0
CC1(c2cccc(NC(=O)c3ccc(Br)cn3)c2)CCSC(N)=N1,CHEMBL3645168,37.0,37.0
NC1=NC(c2cccc(NC(=O)c3ccc(Cl)cn3)c2)CCS1,CHEMBL3645169,505.0,505.0
Cc1cc(C)c(C(=O)Nc2cc(Br)cc(C3(C)CCSC(N)=N3)c2)o1,CHEMBL3645170,160.0,160.0
CC1(c2cc(NC(=O)c3ccc(Cl)cn3)ccc2F)CCSC(N)=N1,CHEMBL3645171,27.0,27.0
CC1(c2cc(NC(=O)c3ccc(Cl)cn3)ccc2Cl)CCSC(N)=N1,CHEMBL3645172,32.0,32.0
CC1(c2cccc(NC(=O)c3ccc(C(N)=O)cn3)c2)CCSC(N)=N1,CHEMBL3645173,435.0,435.0
CC1(c2cccc(NC(=O)c3ncc(Cl)cc3Cl)c2)CCSC(N)=N1,CHEMBL3645174,54.0,54.0
Cc1cnc(C(=O)Nc2cccc(C3(C)CCSC(N)=N3)c2)cn1,CHEMBL3645175,833.0,833.0
CC(C)Oc1cc(NC(=O)c2ccc(Cl)cn2)cc(C2(C)CCSC(N)=N2)c1,CHEMBL3645176,2296.0,2296.0
COc1cc(NC(=O)c2ccc(Cl)cn2)cc(C2(C)CCSC(N)=N2)c1,CHEMBL3645177,174.0,174.0
CC#Cc1cncc(-c2ccc3c(c2)[C@@]2(N=C(C)C(N)=N2)[C@]2(CC[C@H](OC)CC2)C3)c1,CHEMBL3989948,1.2,1.2
CO[C@H]1CC[C@]2(CC1)Cc1ccc(Br)cc1[C@@]21N=C(C)C(N)=N1,CHEMBL4112515,163.0,163.0
CO[C@H]1CC[C@]2(CC1)Cc1ccc(-c3cc(F)cc(C#N)c3)cc1[C@@]21N=C(C)C(N)=N1,CHEMBL4106794,23.0,23.0
CO[C@H]1CC[C@]2(CC1)Cc1ccc(-c3cncc(Cl)c3)cc1[C@@]21N=C(C)C(N)=N1,CHEMBL3905878,23.0,23.0
CO[C@H]1CC[C@]2(CC1)Cc1ccc(-c3cc(Cl)cc(C#N)c3)cc1[C@@]21N=C(C)C(N)=N1,CHEMBL3890867,20.0,20.0
O=C(/C=C/c1ccc(O)cc1)CC(=O)/C=C/c1ccc(O)cc1O,CHEMBL3975998,1700.0,1700.0
COCOc1cc(O)ccc1/C=C/C(=O)CC(=O)/C=C/c1ccc(O)cc1,CHEMBL3677244,1700.0,1700.0
COc1ccc(C(Cc2ccc(C(F)(F)F)cc2)c2[nH]c(N)nc2C(O)c2ccccc2)cc1,CHEMBL3659647,5000.0,5000.0
Cn1cc(C2(Cc3ccccc3)CCc3ccccc32)nc1N,CHEMBL3659646,12000.0,12000.0
COc1ccc(C(Cc2cccc(Br)c2)c2cn(C)c(N)n2)cc1,CHEMBL3659639,900.0,900.0
COc1ccc(C(Cc2cccc(-c3ccc(C(F)(F)F)cc3Cl)c2)c2cn(C)c(N)n2)cc1,CHEMBL3659640,11000.0,11000.0
COc1ccc(C2(c3cn(C)c(N)n3)CCCCC2)cc1,CHEMBL3659641,27000.0,27000.0
COc1ccc(C(Cc2ccc(-c3ccc(=O)[nH]c3)cc2)c2cn(C)c(N)n2)cc1,CHEMBL3659642,17000.0,17000.0
COc1ccc2c(c1)CCC2(Cc1ccc(C(F)(F)F)nc1)c1cn(Cc2ccccc2)c(N)n1,CHEMBL3659644,63.0,63.0
COc1ccc2c(c1)CCC2(Cc1ccc(C(F)(F)F)nc1)c1cn(CCCO)c(N)n1,CHEMBL3659645,3300.0,3300.0
Cc1cc(C(=O)Nc2cccc([C@]3(C)CCSC(N)=N3)c2)c(C)o1,CHEMBL3645147,80.0,80.0
Cc1cc(C(=O)Nc2cccc([C@]3(C)CCSC(N)=N3)c2)c(C)s1,CHEMBL3645148,170.0,170.0
Cc1nc(C)c(C(=O)Nc2ccc(F)c([C@]3(C)CCSC(N)=N3)c2)s1,CHEMBL3645149,160.0,160.0
CC1(c2cccc(/N=C(\NO)c3ncc(Cl)cc3Cl)c2)CCSC(N)=N1,CHEMBL3640248,4850.0,4850.0
C/C=C/COc1ccc(C(=O)Nc2cccc([C@]3(C)CCSC(N)=N3)c2)nc1,CHEMBL3645150,100.0,100.0
CSc1ccc(C(=O)Nc2ccc(F)c([C@]3(C)CCSC(N)=N3)c2)s1,CHEMBL3645151,140.0,140.0
C[C@@]1(c2cc(NC(=O)c3ccc(Br)s3)ccc2F)CCSC(N)=N1,CHEMBL3645152,150.0,150.0
COCCOc1cnc(C(=O)Nc2cccc(C3(C)CCSC(N)=N3)c2)cn1,CHEMBL3645153,170.0,170.0
CC#CC(=O)Nc1cccc([C@]2(C)CCSC(N)=N2)c1,CHEMBL3645154,720.0,720.0
C=Cc1cnc(C(=O)Nc2cccc([C@]3(C)CCSC(N)=N3)c2)cn1,CHEMBL3639440,150.0,150.0
COCCOc1cnc(C(=O)Nc2cccc([C@]3(C)CCSC(N)=N3)c2)cn1,CHEMBL3645155,90.0,90.0
CCCCOc1cnc(C(=O)Nc2cccc(C3(C)CCSC(N)=N3)c2)cn1,CHEMBL3645156,160.0,160.0
CCCOc1cnc(C(=O)Nc2cccc([C@]3(C)CCSC(N)=N3)c2)cn1,CHEMBL3645157,110.0,110.0
CSCCOc1cnc(C(=O)Nc2cccc([C@]3(C)CCSC(N)=N3)c2)cn1,CHEMBL3645158,180.0,180.0
C=CCCOc1cnc(C(=O)Nc2cccc([C@]3(C)CCSC(N)=N3)c2)cn1,CHEMBL3645159,190.0,190.0
CC(C)COc1cnc(C(=O)Nc2cccc([C@]3(C)CCSC(N)=N3)c2)cn1,CHEMBL3645160,90.0,90.0
C[C@@]1(c2cccc(NC(=O)c3cnc(OCC(F)F)cn3)c2)CCSC(N)=N1,CHEMBL3645161,80.0,80.0
COCCOc1ccc(C(=O)Nc2ccc(F)c([C@]3(C)CCSC(N)=N3)c2)nc1,CHEMBL3640219,80.0,80.0
C[C@@]1(c2cccc(NC(=O)c3cnc(OCC4CCO4)cn3)c2)CCSC(N)=N1,CHEMBL3640220,170.0,170.0
C[C@@]1(c2cccc(NC(=O)c3cnc(OCc4ccccc4)cn3)c2)CCSC(N)=N1,CHEMBL3640221,80.0,80.0
C#CCCOc1cnc(C(=O)Nc2cccc([C@]3(C)CCSC(N)=N3)c2)cn1,CHEMBL3640222,130.0,130.0
CC#CCCOc1cnc(C(=O)Nc2cccc([C@]3(C)CCSC(N)=N3)c2)cn1,CHEMBL3640223,120.0,120.0
C=C(C)COc1cnc(C(=O)Nc2cccc([C@]3(C)CCSC(N)=N3)c2)cn1,CHEMBL3640224,100.0,100.0
C[C@@]1(c2cccc(NC(=O)c3ccc(OCc4ccc(F)cc4)cn3)c2)CCSC(N)=N1,CHEMBL3640225,180.0,180.0
C[C@@]1(c2cc(NC(=O)c3ccc(OCCO)cn3)ccc2F)CCSC(N)=N1,CHEMBL3640226,160.0,160.0
COc1nc(Nc2ccc(F)c([C@]3(C)CCSC(N)=N3)c2)nc(OC)n1,CHEMBL3640227,2140.0,2140.0
C[C@@]1(c2cc(NC(=O)c3cnc(-c4ccco4)cn3)ccc2F)CCSC(N)=N1,CHEMBL3640228,110.0,110.0
Cc1ccc(NC(=O)c2cnc(Cl)cn2)cc1C1(C)CCSC(N)=N1,CHEMBL3640229,120.0,120.0
C[C@@]1(c2cc(NC(=O)COc3ccccc3O)ccc2F)CCSC(N)=N1,CHEMBL3640230,9250.0,9250.0
C[C@@]1(c2cc(NC(=O)CCc3cccc(N)c3)ccc2F)CCSC(N)=N1,CHEMBL3640231,2480.0,2480.0
Cc1cc(SCC(=O)Nc2ccc(F)c([C@]3(C)CCSC(N)=N3)c2)nc(N)n1,CHEMBL3640232,6770.0,6770.0
C[C@@]1(c2cc(NC(=O)CSc3nccc(O)n3)ccc2F)CCSC(N)=N1,CHEMBL3640233,6790.0,6790.0
COCCOCCOc1cnc(C(=O)Nc2ccc(F)c([C@]3(C)CCSC(N)=N3)c2)cn1,CHEMBL3640234,80.0,80.0
Cc1cn2cc(C(=O)Nc3ccc(F)c([C@]4(C)CCSC(N)=N4)c3)ncc2n1,CHEMBL3640235,60.0,60.0
CC1(C)C[C@@](C)(c2cc(NC(=O)c3ncccc3F)ccn2)N=C(N)S1,CHEMBL3640236,10.0,10.0
C[C@]1(c2cc(NC(=O)c3ncccc3F)ccc2F)N=C(N)SCC1(F)F,CHEMBL3640237,110.0,110.0
Cc1cnc(C(=O)Nc2ccc(F)c([C@@]3(C)N=C(N)SCC3(F)F)c2)cn1,CHEMBL3640238,170.0,170.0
Cc1nc(C(=O)Nc2ccc(F)c([C@@]3(C)N=C(N)SCC3(F)F)c2)co1,CHEMBL3640239,20.0,20.0
CCCCc1ccc(C(=O)Nc2ccc(F)c([C@@]3(C)N=C(N)SCC3(F)F)c2)nc1,CHEMBL3640240,870.0,870.0
C[C@@]1(c2cc(Nc3ncc4ccccn34)ccc2F)CCSC(N)=N1,CHEMBL3640241,510.0,510.0
C[C@@]1(c2cc(NC(=O)c3coc(C(F)(F)F)n3)ccc2F)CCSC(N)=N1,CHEMBL3640242,10.0,10.0
Cc1cnc(C(=O)Nc2ccc(F)c([C@@]3(C)N=C(N)SCC34CC4)c2)cn1,CHEMBL3640243,10.0,10.0
COc1ncc(NC(=O)c2cnc(C)cn2)cc1[C@]1(C)CCSC(N)=N1,CHEMBL3640244,50.0,50.0
COc1cnc(C(=O)Nc2ccc(F)c([C@@]3(C)N=C(N)SCC3=O)c2)cn1,CHEMBL3640245,40.0,40.0
C[C@@]1(c2cc(NC(=O)c3cnc(NCC#N)cn3)ccc2F)CCSC(N)=N1,CHEMBL3640246,200.0,200.0
C[C@@]1(c2cc(NC(=O)c3cnc(NCC(F)(F)F)cn3)ccc2F)CCSC(N)=N1,CHEMBL3640247,160.0,160.0
COc1nc(N2C[C@H]3C(=O)N(C)C(N)=N[C@@]3(c3ccccc3F)C2)nc(C)c1Cl,CHEMBL3640264,32.0,32.0
CCOc1nc(N2C[C@H]3C(=O)N(C)C(N)=N[C@@]3(c3ccccc3)C2)nc(C)c1F,CHEMBL3640251,323.0,323.0
Cc1nc(N2C[C@H]3C(=O)N(C)C(N)=N[C@@]3(c3ccccc3)C2)nc(C)c1F,CHEMBL3640269,292.0,292.0
CCc1nc(N2C[C@H]3C(=O)N(C)C(N)=N[C@@]3(c3ccccc3)C2)nc(C)c1F,CHEMBL3640252,217.0,217.0
CCc1nc(N2C[C@H]3C(=O)N(C)C(N)=N[C@@]3(c3ccccc3)C2)nc(OC)c1F,CHEMBL3640253,144.0,144.0
Cc1nc(N2C[C@H]3C(=O)N(C)C(N)=N[C@@]3(c3ccccc3)C2)nc(C2CC2)c1F,CHEMBL3640271,349.0,349.0
Cc1nc(N2C[C@H]3C(=O)N(C)C(N)=N[C@@]3(c3ccccc3)C2)nc(C2CC2)c1Cl,CHEMBL3640254,664.0,664.0
COc1nc(N2C[C@H]3C(=O)N(C)C(N)=N[C@@]3(c3ccc(F)cc3)C2)nc(OC)c1F,CHEMBL3640273,61.5,61.5
Cc1nc(N2C[C@H]3C(=O)N(C)C(N)=N[C@@]3(c3ccc(F)cc3)C2)nc(C)c1F,CHEMBL3640274,114.0,114.0
COc1nc(N2C[C@H]3C(=O)N(C)C(N)=N[C@@]3(c3cc(F)ccc3F)C2)nc(OC)c1F,CHEMBL3640256,66.0,66.0
COc1nc(N2C[C@H]3C(=O)N(C)C(N)=N[C@@]3(c3ccc(F)cc3F)C2)nc(OC)c1F,CHEMBL3640257,7.5,7.5
CCc1nc(N2C[C@H]3C(=O)N(C)C(N)=N[C@@]3(c3ccc(F)cc3)C2)nc(OC)c1F,CHEMBL3640276,22.0,22.0
CCc1nc(N2C[C@H]3C(=O)N(C)C(N)=N[C@@]3(c3cc(F)ccc3F)C2)nc(OC)c1F,CHEMBL3640277,31.0,31.0
CCc1nc(N2C[C@H]3C(=O)N(C)C(N)=N[C@@]3(c3ccc(F)cc3F)C2)nc(OC)c1F,CHEMBL3640278,26.0,26.0
COc1nc(N2C[C@H]3C(=O)N(C)C(N)=N[C@@]3(c3c(F)cc(F)cc3F)C2)nc(C)c1F,CHEMBL3640260,21.0,21.0
COc1nc(N2C[C@H]3C(=O)N(C)C(N)=N[C@@]3(c3cccc(Cl)c3)C2)nc(C)c1F,CHEMBL3640279,176.0,176.0
COc1nc(N2C[C@H]3C(=O)N(C)C(N)=N[C@@]3(c3cc(F)ccc3F)C2)nc(C2CC2)c1F,CHEMBL3640280,86.0,86.0
COc1nc(N2C[C@H]3C(=O)N(C)C(N)=N[C@@]3(c3cc(F)ccc3F)C2)nc(C2CC2)c1Cl,CHEMBL3640281,90.0,90.0
Cc1nc(N2C[C@H]3C(=O)N(C)C(N)=N[C@@]3(c3cc(F)ccc3F)C2)nc(C2CC2)c1F,CHEMBL3640283,235.0,235.0
COc1nc(N2C[C@H]3C(=O)N(C)C(N)=N[C@@]3(c3ccc(F)cc3F)C2)nc(C2CC2)c1F,CHEMBL3640284,31.0,31.0
COc1nc(N2C[C@H]3C(=O)N(C)C(N)=N[C@@]3(c3ccc(F)cc3F)C2)nc(C2CC2)c1Cl,CHEMBL3640265,117.0,117.0
COc1nc(N2C[C@H]3C(=O)N(C)C(N)=N[C@@]3(c3ccc(F)cc3F)C2)nc(C(F)(F)F)c1F,CHEMBL3640287,67.0,67.0
Cc1nc(N2C[C@H]3C(=O)N(C)C(N)=N[C@@]3(c3cccc(C#N)c3)C2)nc(C2CC2)c1F,CHEMBL3640261,213.0,213.0
COc1nc(N2C[C@H]3C(=O)N(C)C(N)=N[C@@]3(c3ccc(F)c(Cl)c3F)C2)nc(C)c1F,CHEMBL3640285,40.0,40.0
COc1nc(N2C[C@H]3C(=O)N(C)C(N)=N[C@@]3(c3cccc(C#N)c3)C2)nc(C)c1F,CHEMBL3640282,63.0,63.0
COc1nc(N2C[C@H]3C(=O)N(C)C(N)=N[C@@]3(c3ccc(F)cc3F)C2)nc(CO)c1F,CHEMBL3640289,21.0,21.0
COc1nc(N2C[C@H]3C(=O)N(C)C(N)=N[C@@]3(c3ccc(F)cc3Cl)C2)nc(C)c1F,CHEMBL3640266,9.5,9.5
COc1nc(N2C[C@H]3C(=O)N(C)C(N)=N[C@@]3(c3ccc(F)cc3)C2)nc(C2CC2)c1F,CHEMBL3640267,50.0,50.0
CCc1nc(N2C[C@H]3C(=O)N(C)C(N)=N[C@@]3(c3cc(F)c(F)cc3F)C2)nc(OC)c1F,CHEMBL3640268,18.0,18.0
CC1(c2cccc(OCC(=O)Nc3ccc(F)cc3)c2)CCSC(N)=N1,CHEMBL3642620,5700.0,5700.0
Cc1ccc(NC(=O)COc2cccc(C3(C)CCSC(N)=N3)c2)cc1O,CHEMBL3642609,7900.0,7900.0
Cc1ccc(NC(=O)COc2cccc(C3(C)CCSC(N)=N3)c2)cc1F,CHEMBL3642616,8000.0,8000.0
CC1(c2cccc(OCC(=O)Nc3ccc(Cl)cc3)c2)CCSC(N)=N1,CHEMBL3642601,2900.0,2900.0
CC1(c2cccc(OCC(=O)Nc3cccc(O)c3)c2)CCSC(N)=N1,CHEMBL3642602,7000.0,7000.0
CC1(c2cccc(OCCCc3ccccc3)c2)CCSC(N)=N1,CHEMBL3642617,2800.0,2800.0
CCOC(=O)/C=C/c1cccc(C2(C)CCSC(N)=N2)c1,CHEMBL3642603,5000.0,5000.0
CC1(c2cccc(/C=C/c3ccc(Cl)cc3)c2)CCSC(N)=N1,CHEMBL3642599,7700.0,7700.0
CC1(c2cccc(OCCCc3ccc(Cl)cc3)c2)CCSC(N)=N1,CHEMBL3642622,4000.0,4000.0
CC1(c2cccc(/C=C/C(=O)Nc3ccc(Cl)cc3)c2)CCSC(N)=N1,CHEMBL3642615,4500.0,4500.0
CCOC(=O)/C(F)=C/c1cccc(C2(C)CCSC(N)=N2)c1,CHEMBL3642621,8100.0,8100.0
CC1(c2cccc(C=Cc3ccc(Cl)cn3)c2)CCSC(=N)N1,CHEMBL3950821,5900.0,5900.0
CC1(c2cccc(C=CC(=O)Nc3ccc(Cl)cn3)c2)CCSC(=N)N1,CHEMBL3907072,2500.0,2500.0
CC1(c2ccc(F)c(NC(=O)c3ccc4ccccc4n3)c2)CCSC(N)=N1,CHEMBL3642612,6700.0,6700.0
CC1(c2cc(Br)cc(NC(=O)c3cccs3)c2)CCSC(N)=N1,CHEMBL3642605,5100.0,5100.0
CC1(c2cc(NC(=O)c3cc4cc(F)ccc4[nH]3)ccc2F)CCSC(N)=N1,CHEMBL3642614,450.0,450.0
CC1(c2cc(Br)cc(NC(=O)c3ccccn3)c2)CCSC(N)=N1,CHEMBL3642619,720.0,720.0
CC1(c2cccc(NCc3ccc(Cl)cc3)c2)CCSC(N)=N1,CHEMBL3642610,5600.0,5600.0
CC1(c2cc(Br)cc(NC(=O)c3ccco3)c2)CCSC(N)=N1,CHEMBL3642611,156.0,156.0
CC1(c2cc(Br)cc(NC(=O)c3ccc(Cl)cn3)c2)CCSC(N)=N1,CHEMBL3642600,39.4,39.4
CC1(c2cc(Br)cc(NC(=O)c3ccno3)c2)CCSC(N)=N1,CHEMBL3642618,2563.0,2563.0
CC1(c2cc(Br)cc(NC(=O)c3nc4ccccc4s3)c2)CCSC(N)=N1,CHEMBL3642607,149.0,149.0
Cc1cc(C(=O)Nc2cc(Br)cc(C3(C)CCSC(N)=N3)c2)c(C)o1,CHEMBL3642604,278.0,278.0
CC1(c2cc(Br)cc(NC(=O)c3ccc(Br)cc3)c2)CCSC(N)=N1,CHEMBL3642623,140.0,140.0
CCC(C)N1C(=O)C2(N=C1N)c1cc(C#N)ccc1C[C@]21CC[C@@H](OC)CC1,CHEMBL3656186,273.6,273.6
CCCCN1C(=O)C2(N=C1N)c1cc(C#N)ccc1CC21CCC(OC)CC1,CHEMBL3656187,42.8,42.8
CCCN1C(=O)C2(N=C1N)c1cc(C#N)ccc1CC21CCC(OC)CC1,CHEMBL3656188,99.1,99.1
COCCOc1ccc2c(c1)C1(N=C(N)N(C(C)C)C1=O)C1(CCC(OC)CC1)C2,CHEMBL3656189,87.1,87.1
CO[C@H]1CC[C@]2(CC1)Cc1ccc(CC3CCCCC3)cc1C21N=C(N)N(C)O1,CHEMBL3910301,76.3,76.3
CCCc1ccc2c(c1)C1(N=C(N)N(C)O1)[C@]1(CC[C@H](OC)CC1)C2,CHEMBL3656191,92.8,92.8
CO[C@H]1CC[C@]2(CC1)Cc1ccc(CC(C)C)cc1C21N=C(N)N(C)O1,CHEMBL3969552,72.8,72.8
CO[C@H]1CC[C@]2(CC1)Cc1ccc(CC(C)C)cc1C21N=C(N)N(C(C)C)C1=O,CHEMBL3985399,78.2,78.2
CO[C@H]1CC[C@]2(CC1)Cc1ccc(CCc3ccccc3)cc1C21N=C(N)N(C)O1,CHEMBL3924654,403.0,403.0
CCCCCc1ccc2c(c1)C1(N=C(N)N(C)O1)[C@]1(CC[C@H](OC)CC1)C2,CHEMBL3656195,29.8,29.8
CCCc1ccc2c(c1)C1(N=C(N)N(C(C)C)C1=O)[C@]1(CC[C@H](OC)CC1)C2,CHEMBL3656196,54.3,54.3
CO[C@H]1CC[C@]2(CC1)Cc1ccc(CC3CCCCC3)cc1C21N=C(N)N(C(C)C)C1=O,CHEMBL3979334,44.3,44.3
CO[C@H]1CC[C@]2(CC1)Cc1ccc(CCc3ccccc3)cc1C21N=C(N)N(C(C)C)C1=O,CHEMBL3917982,187.8,187.8
CO[C@H]1CC[C@]2(CC1)Cc1ccc(C(C)C)cc1C21N=C(N)N(C)O1,CHEMBL3889964,144.3,144.3
CO[C@H]1CC[C@]2(CC1)Cc1ccc(CCC(C)C)cc1C21N=C(N)N(C(C)C)C1=O,CHEMBL3975135,27.1,27.1
CO[C@H]1CC[C@]2(CC1)Cc1ccc(C(C)C)cc1C21N=C(N)N(C(C)C)C1=O,CHEMBL3907808,148.9,148.9
CCc1ccc2c(c1)C1(N=C(N)N(C(C)C)C1=O)[C@]1(CC[C@H](OC)CC1)C2,CHEMBL3656202,199.3,199.3
CO[C@H]1CC[C@]2(CC1)Cc1ccc(CCC(C)C)cc1C21N=C(N)N(C)C1=O,CHEMBL3898784,15.8,15.8
CCc1ccc2c(c1)C1(N=C(N)N(C)O1)[C@]1(CC[C@H](OC)CC1)C2,CHEMBL3656204,521.1,521.1
CCCCCc1ccc2c(c1)C1(N=C(N)N(C(C)C)C1=O)[C@]1(CC[C@H](OC)CC1)C2,CHEMBL3656205,39.0,39.0
COc1ccc(COc2ccc3c(c2)C2(N=C(N)N(C)C2=O)[C@]2(CC[C@H](OC)CC2)C3)cc1,CHEMBL3983108,807.0,807.0
CO[C@H]1CC[C@]2(CC1)Cc1ccc(OC(C)C)cc1C21N=C(N)N(C)C1=O,CHEMBL3913272,170.6,170.6
CO[C@H]1CC[C@]2(CC1)Cc1ccc(OCC3CCC3)cc1C21N=C(N)N(C(C)C)C1=O,CHEMBL3982045,34.3,34.3
CO[C@H]1CC[C@]2(CC1)Cc1ccc(C3CCCC3)cc1C21N=C(N)N(C(C)C)C1=O,CHEMBL3915571,128.0,128.0
CCCCc1ccc2c(c1)C1(N=C(N)N(C(C)C)C1=O)[C@]1(CC[C@H](OC)CC1)C2,CHEMBL3656210,48.0,48.0
CO[C@H]1CC[C@]2(CC1)Cc1ccc(CC(C)(C)C)cc1C21N=C(N)N(C(C)C)C1=O,CHEMBL3909616,267.0,267.0
COc1cccc(-c2ccc3c(c2)C2(N=C(N)N(C)C2=O)[C@]2(CC[C@H](OC(C)C)CC2)C3)c1,CHEMBL3656212,61.0,61.0
CO[C@H]1CC[C@]2(CC1)Cc1ccc(CCC(C)C)cc1C21N=C(N)N(CC(F)F)C1=O,CHEMBL3934938,9.0,9.0
CO[C@H]1CC[C@]2(CC1)Cc1ccc(CCC(C)C)cc1C21N=C(N)N(CC(F)(F)F)C1=O,CHEMBL3919628,77.0,77.0
COCCN1C(=O)C2(N=C1N)c1cc(CCC(C)C)ccc1C[C@]21CC[C@@H](OC)CC1,CHEMBL3656215,9.0,9.0
CCN1C(=O)C2(N=C1N)c1cc(CCC(C)C)ccc1C[C@]21CC[C@@H](OC)CC1,CHEMBL3656216,8.0,8.0
CO[C@H]1CC[C@]2(CC1)Cc1ccc(OCc3ccccc3)cc1C21N=C(N)N(C)O1,CHEMBL3941774,890.0,890.0
COc1cccc(-c2ccc3c(c2)C2(N=C(N)N(C)O2)[C@]2(CC[C@](C)(O)CC2)C3)c1,CHEMBL3656218,877.1,877.1
CO[C@H]1CC[C@]2(CC1)Cc1cc(F)c(OCC(F)(F)F)cc1C21N=C(N)N(C)O1,CHEMBL3974295,53.0,53.0
CO[C@H]1CC[C@]2(CC1)Cc1ccc(C#CC3CC3)cc1C21N=C(N)N(CC(=O)O)C1=O,CHEMBL3979180,5.0,5.0
CO[C@H]1CC[C@]2(CC1)Cc1ccc(-c3ncco3)cc1C21N=C(N)N(CCF)C1=O,CHEMBL3929053,128.0,128.0
CO[C@H]1CC[C@]2(CC1)Cc1ccc(-c3nccs3)cc1C21N=C(N)N(CCF)C1=O,CHEMBL3889795,115.0,115.0
CO[C@H]1CC[C@]2(CC1)Cc1ccc(Cl)cc1C21N=C(N)N(C(C)C)C1=O,CHEMBL3961260,169.0,169.0
CO[C@H]1CC[C@]2(CC1)Cc1ccc(-c3ncc(C)s3)cc1C21N=C(N)N(CC(F)(F)F)C1=O,CHEMBL3902306,320.0,320.0
COCCN1C(=O)C2(N=C1N)c1cc(OC(F)F)ccc1C[C@]21CC[C@@H](OC)CC1,CHEMBL3656225,128.0,128.0
COCCN1C(=O)C2(N=C1N)c1cc(C3CC3)ccc1C[C@]21CC[C@@H](OC)CC1,CHEMBL3656226,172.0,172.0
COCCN1C(=O)C2(N=C1N)c1cc(Cl)ccc1C[C@]21CC[C@@H](OC)CC1,CHEMBL3656227,88.0,88.0
COCCO[C@H]1CC[C@]2(CC1)Cc1ccc(Cl)cc1C21N=C(N)N(C)C1=O,CHEMBL3930777,614.0,614.0
CO[C@H]1CC[C@]2(CC1)Cc1ccc(Br)cc1C21CC(C)(C)SC(N)=N1,CHEMBL3902793,2440.0,2440.0
CO[C@H]1CC[C@]2(CC1)Cc1ccc(Cl)cc1C21N=C(N)N(CC(F)F)C1=O,CHEMBL3939788,138.0,138.0
CO[C@H]1CC[C@]2(CC1)Cc1ccc(C#CC3CC3)cc1C21N=C(N)N(CC(N)=O)C1=O,CHEMBL3915238,11.0,11.0
CO[C@H]1CC[C@]2(CC1)Cc1ccc(C#CC3CC3)cc1C21N=C(N)N(CC(=O)OC(C)C)C1=O,CHEMBL3916361,4.5,4.5
CO[C@H]1CC[C@]2(CC1)Cc1ccc(C#CC3CC3)cc1C21N=C(N)N(CCC(=O)OC(C)C)C1=O,CHEMBL3986110,21.0,21.0
CO[C@H]1CC[C@]2(CC1)Cc1ccc(C#CC3CC3)cc1C21N=C(N)N(Cc2nnc(C)s2)C1=O,CHEMBL3925344,9.4,9.4
CO[C@H]1CC[C@]2(CC1)Cc1ccc(Cl)cc1C21N=C(N)N(C)O1,CHEMBL3893841,212.0,212.0
CO[C@H]1CC[C@]2(CC1)Cc1ccc(C#N)cc1C21N=C(N)N(C)O1,CHEMBL3923021,157.0,157.0
CO[C@H]1CC[C@]2(CC1)Cc1ccc(-c3cnc(C)nc3)cc1C21CC(=N)N(C(C)C)C1=O,CHEMBL3922739,23.0,23.0
CO[C@H]1CC[C@]2(CC1)Cc1ccc(N3CCCC3=O)cc1C21N=C(N)N(C)C1=O,CHEMBL3966983,110.0,110.0
COCCOc1ccc2c(c1)C1(CC(=N)N(CC(F)(F)F)C1=O)[C@]1(CC[C@H](OC)CC1)C2,CHEMBL3656239,77.0,77.0
CO[C@H]1CC[C@]2(CC1)Cc1ccc(OCC(F)(F)F)cc1C21N=C(N)N(CCF)C1=O,CHEMBL3952491,25.0,25.0
CO[C@H]1CC[C@]2(CC1)Cc1ccc(OCC(F)(F)F)cc1C21N=C(N)N(CC(F)(F)F)C1=O,CHEMBL3981271,34.0,34.0
CN1C(=O)C2(N=C1N)c1cc(CCC3CC3)ccc1O[C@]21CC[C@@H](OC(F)F)CC1,CHEMBL3656242,149.0,149.0
CN1C(=O)C2(N=C1N)c1cc(-c3cccc(C#N)c3)ccc1O[C@]21CC[C@@H](OC(F)F)CC1,CHEMBL3639551,176.6,176.6
CO[C@H]1CC[C@]2(CC1)Cc1ccc(C#CC3CC3)cc1C21N=C(N)N(Cc2ccnnc2)C1=O,CHEMBL3938356,4079.5,4079.5
CO[C@H]1CC[C@]2(CC1)Cc1ccc(OCC(C)C)cc1C21N=C(N)N(CC(F)(F)F)C1=O,CHEMBL3967914,11.7,11.7
CN1C(=O)[C@@]2(N=C1N)c1ccccc1CC21CCc2ccccc2CC1,CHEMBL3656245,8052.0,8052.0
CN1C(=O)[C@]2(N=C1N)c1ccccc1CC21CCc2ccccc2CC1,CHEMBL3656246,168.7,168.7
CN1C(=O)[C@]2(N=C1N)c1cc(C#N)ccc1CC21CCc2ccccc2CC1,CHEMBL3656247,60.0,60.0
CN1C(=O)[C@@]2(N=C1N)c1cc(C#N)ccc1CC21CCc2ccccc2CC1,CHEMBL3656248,1452.5,1452.5
CO[C@H]1CC[C@]2(CC1)Cc1ccc(OCC3CCC3)cc1C21N=C(N)N(CC(F)(F)F)C1=O,CHEMBL3953496,134.2,134.2
CO[C@H]1CC[C@]2(CC1)Cc1ccc(-c3cc(C#N)cs3)cc1C21N=C(N)N(C(C)C)C1=O,CHEMBL3986229,250.5,250.5
CO[C@H]1CC[C@]2(CC1)Cc1ccc(-c3ccc(C#N)s3)cc1C21N=C(N)N(C(C)C)C1=O,CHEMBL3969581,546.7,546.7
CN1C(=O)C2(N=C1N)c1cc(Br)ccc1CC21CNC1,CHEMBL3656252,13500.0,13500.0
COCCOc1ccc2c(c1)C1(N=C(N)N(C3CCC3)C1=O)[C@]1(CC[C@H](OC)CC1)C2,CHEMBL3656253,111.7,111.7
CO[C@H]1CC[C@]2(CC1)Cc1ccc(C#N)cc1C21N=C(N)N(CCc2nccs2)C1=O,CHEMBL3964102,57.9,57.9
CO[C@H]1CC[C@]2(CC1)Cc1ccc(C#CC3CC3)cc1[C@@]21N=C(N)N(CC2CCO2)C1=O,CHEMBL3891866,78.6,78.6
CO[C@H]1CC[C@]2(CC1)Cc1ccc(CN3CCC(F)(F)C3)cc1C21N=C(N)N(C)C1=O,CHEMBL3956802,108.3,108.3
CO[C@H]1CC[C@]2(CC1)Cc1ccc(Oc3ccccc3)cc1[C@@]21N=C(N)N(C)C1=O,CHEMBL3985480,247.6,247.6
CO[C@H]1CC[C@]2(CC1)Cc1ccc(Oc3ccccc3)cc1[C@]21N=C(N)N(C)C1=O,CHEMBL3971363,3.9,3.9
CO[C@H]1CC[C@]2(CC1)Cc1ccc(Br)cc1[C@]21N=C(N)N(C)C1=O,CHEMBL3890041,15.9,15.9
CO[C@H]1CC[C@]2(CC1)Cc1ccc(-n3ccccc3=O)cc1C21N=C(N)N(C)C1=O,CHEMBL3972526,457.9,457.9
CN1C(=O)C2(N=C1N)c1cc(C#CC3CC3)ccc1O[C@]21CC[C@@H](OC(F)F)CC1,CHEMBL3656260,267.8,267.8
CN1C(=O)C2(N=C1N)c1cc(Br)ccc1O[C@]21CC[C@@H](OC(F)F)CC1,CHEMBL3656261,423.8,423.8
CO[C@H]1CC[C@]2(CC1)Cc1ccc(Br)cc1[C@@]21N=C(N)N(CC(C)(C)O)C1=O,CHEMBL3980458,4226.0,4226.0
CO[C@H]1CC[C@]2(CC1)Cc1ccc(Br)cc1[C@@]21N=C(N)N(Cc2cnccn2)C1=O,CHEMBL3949349,2119.0,2119.0
CO[C@H]1CC[C@]2(CC1)Cc1ccc(Br)cc1[C@@]21N=C(N)N([C@@H](C)CO)C1=O,CHEMBL3978446,13500.0,13500.0
CO[C@H]1CC[C@]2(CC1)Cc1ccc(Br)cc1[C@@]21N=C(N)N([C@H](C)CO)C1=O,CHEMBL3979493,19370.0,19370.0
CO[C@H]1CC[C@]2(CC1)Cc1ccc(Br)cc1[C@@]21N=C(N)N(C)C1=O,CHEMBL3951352,4509.3,4509.3
CO[C@H]1CC[C@]2(CC1)Cc1ccc(Oc3cccc(C#N)c3)cc1C21N=C(N)N(C)C1=O,CHEMBL3982284,7.0,7.0
CO[C@H]1CC[C@]2(CC1)Cc1ccc(Oc3cc(Cl)cc(Cl)c3)cc1C21N=C(N)N(C)C1=O,CHEMBL3908843,6.0,6.0
CO[C@H]1CC[C@]2(CC1)Cc1ccc(Oc3cccc(Cl)c3)cc1C21N=C(N)N(C)O1,CHEMBL3954597,99.0,99.0
CO[C@H]1CC[C@]2(CC1)Cc1ccc(Oc3ccc(Cl)cc3)cc1C21N=C(N)N(C)O1,CHEMBL3983234,105.0,105.0
CCCO[C@H]1CC[C@]2(CC1)Cc1ccc(-c3cccc(OC)c3)cc1C21N=C(N)N(C)O1,CHEMBL3959903,455.0,455.0
CCO[C@H]1CC[C@]2(CC1)Cc1ccc(-c3cccc(OC)c3)cc1C21N=C(N)N(C)O1,CHEMBL3894384,86.0,86.0
CCO[C@H]1CC[C@]2(CC1)Cc1ccc(-c3cccc(OC)c3)cc1C21N=C(N)N(C)C1=O,CHEMBL3978126,15.0,15.0
CO[C@H]1CC[C@]2(CC1)Cc1ccc(OCC(C)C)cc1C21N=C(N)N(C(C)C)C1=O,CHEMBL3907597,12.0,12.0
CO[C@H]1CC[C@]2(CC1)Cc1ccc(OCCOC(C)C)cc1C21N=C(N)N(C(C)C)C1=O,CHEMBL3909450,390.0,390.0
COCCCO[C@H]1CC[C@]2(CC1)Cc1ccc(-c3cccc(OC)c3)cc1C21N=C(N)N(C)O1,CHEMBL3905966,293.0,293.0
COCCCOc1ccc2c(c1)C1(N=C(N)N(CC(F)F)C1=O)[C@]1(CC[C@H](OC)CC1)C2,CHEMBL3656276,6.2,6.2
CCOCCCc1ccc2c(c1)C1(N=C(N)N(CC(F)F)C1=O)[C@]1(CC[C@H](OC)CC1)C2,CHEMBL3656277,102.0,102.0
CO[C@H]1CC[C@]2(CC1)Cc1ccc(OCC3CCCO3)cc1C21N=C(N)N(CC(F)F)C1=O,CHEMBL3923832,31.0,31.0
CN1OC2(N=C1N)c1cc(-c3cc(Cl)cc(C#N)c3)ccc1CC21CCc2ccccc2CC1,CHEMBL3656131,7.4,7.4
COC1CCC2(CC1)Cc1ccc(-c3cccc(OC(F)(F)F)c3)cc1C21N=C(N)N(C)C1=O,CHEMBL3656132,7.8,7.8
COC1CCC2(CC1)Cc1ccc(-c3ccc(F)c(C#N)c3)cc1C21N=C(N)N(C)O1,CHEMBL3656133,7.9,7.9
COC1CCC2(CC1)Cc1ccc(-c3ccc(F)c(Cl)c3)cc1C21N=C(N)N(C)O1,CHEMBL3656134,8.8,8.8
COC1CCC2(CC1)Cc1ccc(-c3cc(F)cc(Cl)c3)cc1C21N=C(N)N(C)C1=O,CHEMBL3656135,11.1,11.1
CN1OC2(N=C1N)c1cc(-c3cc(F)cc(Cl)c3)ccc1CC21CCc2ccccc2CC1,CHEMBL3656136,11.2,11.2
COc1cc(Cl)cc(-c2ccc3c(c2)C2(N=C(N)N(C)C2=O)C2(CCC(OC)CC2)C3)c1,CHEMBL3656137,11.5,11.5
CN1OC2(N=C1N)c1cc(-c3cccc(Cl)c3)ccc1CC21CCc2ccccc2CC1,CHEMBL3656138,12.1,12.1
COC1CCC2(CC1)Cc1ccc(-c3cccnc3)cc1C21N=C(N)N(C)O1,CHEMBL3656139,16.8,16.8
COC1CCC2(CC1)Cc1ccc(-c3cc(C)cc(C)c3)cc1C21N=C(N)N(C)O1,CHEMBL3656140,14.6,14.6
COC1CCC2(CC1)Cc1ccc(-c3cccc(C(F)(F)F)c3)cc1C21N=C(N)N(C)O1,CHEMBL3656141,18.7,18.7
CN1OC2(N=C1N)c1cc(-c3cc(Cl)cc(Cl)c3)ccc1CC21CCc2ccccc2CC1,CHEMBL3656142,18.9,18.9
CN1OC2(N=C1N)c1cc(-c3cccc(C#N)c3)ccc1CC21CCc2ccccc2CC1,CHEMBL3656143,19.3,19.3
CN1OC2(N=C1N)c1cc(-c3ccc(F)c(Cl)c3)ccc1CC21CCc2ccccc2CC1,CHEMBL3639550,20.7,20.7
CCOC1CCC2(CC1)Cc1ccc(C#CC3CC3)cc1C21N=C(N)N(C)O1,CHEMBL3656144,21.0,21.0
COC1CCC2(CC1)Cc1ccc(-c3cccc(C#N)c3)cc1C21N=C(N)N(C)O1,CHEMBL3656145,26.2,26.2
COc1cc(Cl)cc(-c2ccc3c(c2)C2(N=C(N)N(C)O2)C2(CCc4ccccc4CC2)C3)c1,CHEMBL3656146,38.3,38.3
CCO[C@H]1CC[C@]2(CC1)Cc1ccc(-c3cccc(C#N)c3)cc1C21N=C(N)N(C)O1,CHEMBL3970197,41.7,41.7
CN1C(=O)C2(N=C1N)c1cc(-c3cccc(C#N)c3)ccc1CC21CCc2ccccc2CC1,CHEMBL3656148,5.3,5.3
CN1OC2(N=C1N)c1cc(Cl)ccc1CC21CCc2ccccc2CC1,CHEMBL3656149,61.6,61.6
CN1OC2(N=C1N)c1cc(Br)ccc1CC21CCc2ccccc2CC1,CHEMBL3656150,64.0,64.0
COC1CCC2(CC1)Cc1ccc(-c3cc(F)ccc3C)cc1C21N=C(N)N(C)O1,CHEMBL3656151,74.1,74.1
CN1OC2(N=C1N)c1cc(-c3cccc(C#N)c3)ccc1CC21CCc2cc(F)c(F)cc2C1,CHEMBL3656152,89.0,89.0
CN1OC2(N=C1N)c1cc(-c3cccc(C#N)c3)ccc1CC21CC=C(F)CC1,CHEMBL3656153,93.3,93.3
CN1OC2(N=C1N)c1ccccc1CC21CCc2ccccc2CC1,CHEMBL3656154,104.6,104.6
CN1OC2(N=C1N)c1cc(-c3cccc(C#N)c3)ccc1CC21CCOc2ccccc2C1,CHEMBL3656155,121.7,121.7
COC1CCC2(CC1)Cc1ccc(-c3ccc4cc[nH]c4c3)cc1C21N=C(N)N(C)O1,CHEMBL3656156,125.6,125.6
CN1OC2(N=C1N)c1cc(-c3cccc(OC(F)(F)F)c3)ccc1CC21CCc2ccccc2CC1,CHEMBL3656157,130.4,130.4
CN1OC2(N=C1N)c1cc(-c3cccc(C(F)(F)F)c3)ccc1CC21CCc2ccccc2CC1,CHEMBL3656158,157.6,157.6
CN1OC2(N=C1N)c1cc(-c3cccc(C#N)c3)ccc1CC21Cc2ccccc2C1,CHEMBL3656159,159.6,159.6
CC1=C(C)CC2(CC1)Cc1ccc(-c3cccc(C#N)c3)cc1C21N=C(N)N(C)O1,CHEMBL3656160,161.1,161.1
COC1CCC2(CC1)Cc1ccc(-c3cc(F)cc(Cl)c3)cc1C21CC(=O)N(C)C(N)=N1,CHEMBL3656161,172.7,172.7
CN1OC2(N=C1N)c1cc(-c3cccc(C#N)c3)ccc1CC21CCc2cc(F)ccc2C1,CHEMBL3656162,178.4,178.4
CN1OC2(N=C1N)c1cc(-c3cccc(C#N)c3)ccc1CC21CCC(F)(F)CC1,CHEMBL3656163,189.1,189.1
CN1OC2(N=C1N)c1cc(-c3cccc(C#N)c3)ccc1CC21CCc2ccccc2C1,CHEMBL3656164,194.7,194.7
CN1OC2(N=C1N)c1cc(-c3cccc(C#N)c3)ccc1CC21CCCc2ccccc2C1,CHEMBL3656165,292.9,292.9
CN1OC2(N=C1N)c1cc(-c3cccc(C#N)c3)ccc1CC21C=CC(c2ccccc2)C1,CHEMBL3656166,295.2,295.2
CN1OC2(N=C1N)c1cc(-c3cccc(C#N)c3)ccc1CC21CCc2c(ccc(F)c2F)C1,CHEMBL3656167,378.3,378.3
[C-]#[N+]c1cccc(-c2ccc3c(c2)C2(CC(=N)N(C)O2)C2(CCC(OCC)CC2)C3)c1,CHEMBL3656168,41.7,41.7
CN1OC2(N=C1N)c1cc(-c3cccc(C#N)c3)ccc1CC21CCCC1,CHEMBL3656169,443.2,443.2
CN1OC2(N=C1N)c1cc(-c3cccc(C#N)c3)ccc1CC21CCOCC1,CHEMBL3656170,465.8,465.8
COC1CCC2(CCc3ccc(-c4cccc(C#N)c4)cc3C23N=C(N)N(C)O3)CC1,CHEMBL3656171,505.8,505.8
CN1OC2(N=C1N)c1cc(-c3cccc(C#N)c3)ccc1CC21CCc2c(F)cccc2C1,CHEMBL3656172,617.9,617.9
CO[C@H]1CC[C@]2(CC1)Cc1ccc(C#CC3CC3)cc1C21CC(=O)N(C)C(N)=N1,CHEMBL3898229,670.4,670.4
CN1C(=O)C2(N=C1N)c1cc(Br)ccc1CC21CCc2ccccc2CC1,CHEMBL3656174,204.3,204.3
CO[C@H]1CC2(Cc3ccc(-c4cccc(C#N)c4)cc3C23N=C(N)N(C)O3)C[C@H]1OC,CHEMBL3656175,935.52,935.52
CO[C@H]1CC[C@]2(CC1)Cc1ccc(-c3cccc(C#N)c3)cc1C21CC(=O)N(C)C(N)=N1,CHEMBL3968267,969.7,969.7
COC1CCC2(CC1)Cc1ccc(-c3cccnc3)cc1C21CC(=O)N(C)C(N)=N1,CHEMBL3656177,1554.9,1554.9
CN1O[C@]2(N=C1N)c1cc(-c3cccc(C#N)c3)ccc1C[C@]21CCc2ccccc2C1,CHEMBL3656178,1856.1,1856.1
CN1OC2(N=C1N)c1cc(-c3cccc(C#N)c3)ccc1CCC21CCc2ccccc2CC1,CHEMBL3656179,5053.9,5053.9
CO[C@H]1CC[C@]2(CC1)Cc1ccc(Br)cc1C21CC(=O)N(C)C(N)=N1,CHEMBL3947373,36244.8,36244.8
CO[C@H]1CC[C@@]2(CC1)Cc1ccc(-c3cccc(C#N)c3)cc1C21CC(=O)N(C)C(N)=N1,CHEMBL3968463,50000.0,50000.0
CO[C@H]1CC[C@@]2(CC1)Cc1ccc(Br)cc1C21CC(=O)N(C)C(N)=N1,CHEMBL3930817,200000.0,200000.0
CN1OC2(N=C1N)c1cc(Br)ccc1OC21CCc2ccccc2CC1,CHEMBL3656181,138.5,138.5
COC1CCC2(CC1)Oc1ccc(-c3cccc(C#N)c3)cc1C21N=C(N)N(C)O1,CHEMBL3656182,1778.6,1778.6
CN1OC2(CC3(CCOCC3)c3ccc(-c4cccc(C#N)c4)cc32)N=C1N,CHEMBL3656183,4702.2,4702.2
COC1CCC2(CC1)Cc1ccc(C#CC3CC3)cc1C21N=C(N)N(C)C1=O,CHEMBL3656184,2.1,2.1
CCOC1CCC2(CC1)Cc1ccc(-c3cccc(C#N)c3)cc1C21N=C(N)N(C)O1,CHEMBL3656185,432.3,432.3
COC1CCC2(CC1)Cc1ccc(-c3cc(F)cc(Cl)c3)cc1C21N=C(N)N(C)O1,CHEMBL3652430,2.6,2.6
COC1CCC2(CC1)Cc1ccc(-c3cc(Cl)cc(C#N)c3)cc1C21N=C(N)N(C)O1,CHEMBL3652431,3.5,3.5
COC1CCC2(CC1)Cc1ccc(C#CC3CC3)cc1C21N=C(N)N(C)O1,CHEMBL3652432,4.5,4.5
COC1CCC2(CC1)Cc1ccc(-c3cccc(Cl)c3)cc1C21N=C(N)N(C)O1,CHEMBL3652434,4.5,4.5
COC1CCC2(CC1)Cc1ccc(-c3cc(Cl)cc(Cl)c3)cc1C21N=C(N)N(C)O1,CHEMBL3652435,4.8,4.8
COc1cc(Cl)cc(-c2ccc3c(c2)C2(N=C(N)N(C)O2)C2(CCC(OC)CC2)C3)c1,CHEMBL3656128,5.9,5.9
COC1CCC2(CC1)Cc1ccc(-c3cc(F)cc(C#N)c3)cc1C21N=C(N)N(C)O1,CHEMBL3656129,5.9,5.9
COC1CCC2(CC1)Cc1ccc(-c3cccc(OC(F)(F)F)c3)cc1C21N=C(N)N(C)O1,CHEMBL3656130,7.0,7.0
CCOC(=O)C=Cc1cccc(C2(C)CCSC(=N)N2)c1,CHEMBL3949846,5000.0,5000.0
CC1(c2cccc(C(=O)Nc3ccc(Cl)cn3)c2)CCSC(N)=N1,CHEMBL3642624,1500.0,1500.0
CC1(c2cccc(C=CC(=O)Nc3ccc(Cl)cc3)c2)CCSC(=N)N1,CHEMBL3955419,4500.0,4500.0
CCOC(=O)C(F)=Cc1cccc(C2(C)CCSC(=N)N2)c1,CHEMBL3919635,8100.0,8100.0
CC1(c2cccc(/C=C/c3ccc(Cl)cn3)c2)CCSC(N)=N1,CHEMBL3642608,5900.0,5900.0
CC1(c2cccc(/C=C/C(=O)Nc3ccc(Cl)cn3)c2)CCSC(N)=N1,CHEMBL3642606,2500.0,2500.0
CC1(c2cc(Br)cc(NC(=O)c3cc4ccccc4s3)c2)CCSC(N)=N1,CHEMBL3642625,165.0,165.0
CC1(c2cc(NC(=O)c3ccc(Cl)cn3)cc(C(F)(F)F)c2)CCSC(N)=N1,CHEMBL3642626,264.0,264.0
CC1(c2cccc(NC(=O)c3ccc(Cl)cn3)c2)CCSC(N)=N1,CHEMBL3642627,61.0,61.0
CC1(c2cccc(NC(=O)c3ccc(Cl)cc3Cl)c2)CCSC(N)=N1,CHEMBL3642628,1288.0,1288.0
CC1(c2cccc(NC(=O)c3ccc(C#N)cc3)c2)CCSC(N)=N1,CHEMBL3642629,930.0,930.0
CCOc1ccc(N2Cc3ccccc3C2)cc1,CHEMBL1570219,1977.0,1977.0
COc1ccc(C2C(C#N)=C(N)N3C(=C2C#N)Sc2ccccc23)cc1,CHEMBL1376633,3239.0,3239.0
COCc1cc(NC(=O)c2ccco2)cc(C2(C)CCSC(N)=N2)c1,CHEMBL3642637,1479.0,1479.0
COc1cc(-c2nn(C(C)C)c3ncnc(N)c23)ccc1NC(=O)OC(C)(C)C,CHEMBL1241481,229.0,229.0
CC(C)n1nc(-c2ccc(Br)c(O)c2)c2c(N)ncnc21,CHEMBL1241578,175.0,175.0
CC(C)n1nc(-c2ccc3ncccc3c2)c2c(N)ncnc21,CHEMBL1233882,220.0,220.0
CC(C)(C)c1cc(NC(=O)Nc2ccc(Cl)cc2)n(-c2c(Cl)cc(C(F)(F)F)cc2Cl)n1,CHEMBL584726,2278.0,2278.0
CC(C)N1CNc2c(NCc3ccc(N)cc3)nc(N3CCCCC3CCO)nc21,CHEMBL3937030,130.0,130.0
C[C@@]1(c2cccc(NC(=O)c3ccc(Br)cn3)n2)COCC(N)=N1,CHEMBL3670347,390.0,390.0
CC1(c2cccc(NC(=O)c3ccc(Br)cn3)n2)COCC(N)=N1,CHEMBL3670348,790.0,790.0
NC1=NC(CF)(c2cccc(NC(=O)c3ccc(Cl)cn3)n2)COC1,CHEMBL3670349,2600.0,2600.0
NC1=NC(CF)(c2cccc(NC(=O)c3ccc(Br)cn3)n2)COC1,CHEMBL3670350,1600.0,1600.0
Cc1cc(C#N)cnc1C(=O)Nc1cccc(C2(CF)COCC(N)=N2)n1,CHEMBL3670351,270.0,270.0
NC(=S)c1ccc(C(=O)Nc2cccc(C3(CF)COCC(N)=N3)n2)nc1,CHEMBL3670352,2100.0,2100.0
Cc1cc(C#N)cnc1C(=O)Nc1cccc([C@]2(C)CO[C@@](C)(C(F)(F)F)C(N)=N2)n1,CHEMBL3670353,5.0,5.0
C[C@]1(c2cccc(NC(=O)c3ccc(C#N)cn3)n2)CO[C@@](C)(C(F)(F)F)C(N)=N1,CHEMBL3670354,6200.0,6200.0
C[C@@]1(c2cccc(NC(=O)c3ccc(C#N)cn3)n2)CO[C@@](C)(C(F)(F)F)C(N)=N1,CHEMBL3670355,39.0,39.0
Cc1cc(C#N)cnc1C(=O)Nc1ccc(F)c([C@@]2(C)CO[C@@](C)(C(F)(F)F)C(N)=N2)n1,CHEMBL3670356,490.0,490.0
NC1=NC(CF)(c2ccnc(NC(=O)c3ccc(Cl)cn3)c2)COC1,CHEMBL3670357,8100.0,8100.0
Cc1cc(C(N)=S)cnc1C(=O)Nc1cc(C2(CF)COCC(N)=N2)ccn1,CHEMBL3670358,10000.0,10000.0
Cc1cc(C#N)cnc1C(=O)Nc1cc([C@@]2(C)CO[C@@](C)(C(F)(F)F)C(N)=N2)c(F)cn1,CHEMBL3670359,7600.0,7600.0
NC1=NC(CF)(c2cc(NC(=O)c3ccc(Br)cn3)cnc2Cl)COC1,CHEMBL3670360,140.0,140.0
C[C@@]1(c2cccc(NC(=O)c3ncc(C#N)cc3N)n2)CO[C@@](C)(C(F)(F)F)C(N)=N1,CHEMBL3670361,43.0,43.0
C[C@@]1(c2cccc(NC(=O)c3ncc(C#N)cc3Cl)n2)CO[C@@](C)(C(F)(F)F)C(N)=N1,CHEMBL3670362,10.0,10.0
C[C@@]1(c2cccc(NC(=O)c3ncc(Br)cc3Cl)n2)CO[C@@](C)(C(F)(F)F)C(N)=N1,CHEMBL3670363,13.0,13.0
C[C@@]1(c2cccc(NC(=O)c3ncc(OCC(F)(F)F)nc3N)n2)CO[C@@](C)(C(F)(F)F)C(N)=N1,CHEMBL3670364,1200.0,1200.0
C[C@@]1(c2nc(NC(=O)c3ncc(C#N)cc3Cl)ccc2F)CO[C@@](C)(C(F)(F)F)C(N)=N1,CHEMBL3670365,6.0,6.0
COc1cnc(C(=O)Nc2ccc(F)c([C@]3(C)CO[C@@](C)(C(F)(F)F)C(N)=N3)n2)c(C)c1,CHEMBL3670366,93.0,93.0
C[C@@]1(c2nc(NC(=O)c3ncc(OCC(F)(F)F)nc3N)ccc2F)CO[C@@](C)(C(F)(F)F)C(N)=N1,CHEMBL3670367,400.0,400.0
C[C@@]1(c2nc(NC(=O)c3ncc(C#N)cc3N)ccc2F)CO[C@@](C)(C(F)(F)F)C(N)=N1,CHEMBL3670368,11.0,11.0
C[C@]1(c2nc(NC(=O)c3ncc(C#N)cc3Cl)ccc2F)CO[C@@](C)(C(F)(F)F)C(N)=N1,CHEMBL3670369,1100.0,1100.0
Cc1cc(OC(F)F)cnc1C(=O)Nc1ccc(F)c([C@]2(C)CO[C@@](C)(C(F)(F)F)C(N)=N2)n1,CHEMBL3670370,26.0,26.0
C[C@@]1(c2nc(NC(=O)c3ncc(OC(F)F)cc3Cl)ccc2F)CO[C@@](C)(C(F)(F)F)C(N)=N1,CHEMBL3670371,25.0,25.0
C[C@@]1(c2nc(NC(=O)c3ncc(Cl)cc3Cl)ccc2F)CO[C@@](C)(C(F)(F)F)C(N)=N1,CHEMBL3670372,7.0,7.0
Cc1cc(OCF)cnc1C(=O)Nc1ccc(F)c([C@]2(C)CO[C@@](C)(C(F)(F)F)C(N)=N2)n1,CHEMBL3670373,45.0,45.0
Cc1cnc(C(=O)Nc2ccc(F)c([C@]3(C)CO[C@@](C)(C(F)(F)F)C(N)=N3)n2)cn1,CHEMBL3670374,820.0,820.0
C[C@@]1(c2nc(NC(=O)c3ncc(C(F)(F)F)cc3Cl)ccc2F)CO[C@@](C)(C(F)(F)F)C(N)=N1,CHEMBL3670375,7.0,7.0
C[C@@]1(c2cc(NC(=O)c3ncc(C#N)cc3Cl)ncc2F)CO[C@@](C)(C(F)(F)F)C(N)=N1,CHEMBL3670376,150.0,150.0
C[C@@]1(c2cc(NC(=O)c3ncc(OC(F)F)cc3Cl)ncc2F)CO[C@@](C)(C(F)(F)F)C(N)=N1,CHEMBL3670377,410.0,410.0
Cc1cc(C#N)cnc1C(=O)Nc1cc([C@]2(C)COC(CF)(CF)C(N)=N2)c(F)cn1,CHEMBL3670378,380.0,380.0
Cc1cc(C#N)cnc1C(=O)Nc1ccc(F)c([C@]2(C(F)F)COCC(N)=N2)n1,CHEMBL3670379,33.0,33.0
Cc1cc(C#N)cnc1C(=O)Nc1ccc(F)c([C@@]2(C(F)F)COCC(N)=N2)n1,CHEMBL3670380,1500.0,1500.0
N#Cc1cnc(C(=O)Nc2ccc(F)c([C@]3(C(F)F)COCC(N)=N3)n2)c(Cl)c1,CHEMBL3670381,42.0,42.0
Cc1cnc(C(=O)Nc2ccc(F)c([C@]3(C)CO[C@@](C)(C(F)(F)F)C(N)=N3)n2)c(C)n1,CHEMBL3670382,230.0,230.0
C[C@@]1(c2nc(NC(=O)c3ncc(OCCCF)nc3N)ccc2F)CO[C@@](C)(C(F)(F)F)C(N)=N1,CHEMBL3670383,200.0,200.0
COCCn1ccc2nc(C(=O)Nc3ccc(F)c([C@]4(C)CO[C@@](C)(C(F)(F)F)C(N)=N4)n3)c(N)nc21,CHEMBL3670384,1200.0,1200.0
C[C@@]1(c2nc(NC(=O)c3ncc(C(F)(F)F)nc3N)ccc2F)CO[C@@](C)(C(F)(F)F)C(N)=N1,CHEMBL3670385,40.0,40.0
C[C@@]1(c2nc(NC(=O)c3nc4ccn(CC(F)F)c4nc3N)ccc2F)CO[C@@](C)(C(F)(F)F)C(N)=N1,CHEMBL3670386,10000.0,10000.0
C[C@@]1(c2nc(NC(=O)c3nn(C(F)F)cc3Cl)ccc2F)CO[C@@](C)(C(F)(F)F)C(N)=N1,CHEMBL3670387,10.0,10.0
C[C@@]1(c2nc(NC(=O)c3nc4ccn(CC(F)F)c4cc3Cl)ccc2F)CO[C@@](C)(C(F)(F)F)C(N)=N1,CHEMBL3670388,10000.0,10000.0
COCCn1ccc2nc(C(=O)Nc3ccc(F)c([C@]4(C)CO[C@@](C)(C(F)(F)F)C(N)=N4)n3)c(Cl)cc21,CHEMBL3670389,7300.0,7300.0
COc1cnc(C(=O)Nc2cccc(C3(C4CCCCC4)CSC(N)=N3)c2)cn1,CHEMBL3670299,514.0,514.0
NC1=NC(c2cccc(NC(=O)c3ccc(O)cn3)c2)(C2CCCCC2)CS1,CHEMBL3670300,966.0,966.0
C[C@@]1(c2cc(NC(=O)c3ccc(Cl)cn3)ccc2F)C=CSC(N)=N1,CHEMBL3639691,10.0,10.0
CC(C)=C1C[C@@](C)(c2cc(NC(=O)c3cnc(C)cn3)ccc2F)N=C(N)S1,CHEMBL3670301,95.0,95.0
COc1cnc(C(=O)Nc2ccc(F)c([C@]3(C)CC(=C(C)C)SC(N)=N3)c2)cn1,CHEMBL3670302,19.0,19.0
COc1cnc(C(=O)Nc2ccc(F)c([C@@]3(C)N=C(N)SC=C3C)c2)cn1,CHEMBL3670303,572.0,572.0
CC1=CSC(N)=N[C@]1(C)c1cc(NC(=O)c2cnc(C)cn2)ccc1F,CHEMBL3670304,5280.0,5280.0
C#CCOc1cnc(C(=O)Nc2ccc(F)c([C@@]3(C)N=C(N)SC=C3C)c2)cn1,CHEMBL3670305,54.0,54.0
COCCOc1ccc(C(=O)Nc2ccc(F)c([C@]3(C)C=CSC(N)=N3)c2)nc1,CHEMBL3670306,73.0,73.0
Cc1cc(C(=O)Nc2ccc(F)c([C@]3(C)C=CSC(N)=N3)c2)n(C)n1,CHEMBL3670307,96.0,96.0
C[C@@]1(c2cc(NC(=O)c3cnc(-c4ncco4)cn3)ccc2F)C=CSC(N)=N1,CHEMBL3670308,304.0,304.0
C[C@@]1(c2cc(NC(=O)c3ccc(-c4ccc[nH]4)cn3)ccc2F)C=CSC(N)=N1,CHEMBL3670309,97.0,97.0
Cc1cnc(C(=O)Nc2cccc(C3(C(F)(F)F)CCSC(N)=N3)c2)cn1,CHEMBL3670310,2130.0,2130.0
NC1=NC(c2cccc(NC(=O)c3cnc(OCCF)cn3)c2)(C(F)(F)F)CCS1,CHEMBL3670311,611.0,611.0
N#Cc1ccc(C(=O)Nc2cccc(C3(C(F)(F)F)CCSC(N)=N3)c2)nc1,CHEMBL5764411,91.0,91.0
COc1cnc(C(=O)Nc2cccc(C3(C(F)(F)F)CCSC(N)=N3)c2)cn1,CHEMBL3670313,273.0,273.0
C=C1C[C@@](C)(c2cc(NC(=O)c3cnc(OC)cn3)ccc2F)N=C(N)S1,CHEMBL3670314,16.0,16.0
C=C1C[C@@](C)(c2cc(NC(=O)c3cnc(C)cn3)ccc2F)N=C(N)S1,CHEMBL3670315,76.0,76.0
NC1=NC(c2cccc(F)c2)(c2cccc(NC(=O)c3ncc(Cl)cc3Cl)c2)CS1,CHEMBL3670316,352.0,352.0
COc1ccc(C2(c3cccc(NC(=O)c4ncc(Cl)cc4Cl)c3)CSC(N)=N2)cc1O,CHEMBL3670317,186.0,186.0
C[C@@]1(c2cc(NC(=O)c3ncc(C#N)cc3Cl)ccc2F)C=CSC(N)=N1,CHEMBL3670318,19.0,19.0
Cn1ccnc1COc1cnc(C(=O)Nc2ccc(F)c([C@]3(C)C=CSC(N)=N3)c2)cn1,CHEMBL3670319,243.0,243.0
C[C@@]1(c2cc(NC(=O)c3cnc(OCc4ncc[nH]4)cn3)ccc2F)C=CSC(N)=N1,CHEMBL3670320,169.0,169.0
C[C@@]1(c2cc(NC(=O)c3cc4n(n3)CCN4)ccc2F)C=CSC(N)=N1,CHEMBL3670321,435.0,435.0
C[C@@]1(c2cc(NC(=O)c3cnc(NS(C)(=O)=O)cn3)ccc2F)C=CSC(N)=N1,CHEMBL3670322,296.0,296.0
C[C@@]1(c2cc(NC(=O)c3cnc(-n4cncn4)cn3)ccc2F)C=CSC(N)=N1,CHEMBL3670323,36.0,36.0
C[C@@]1(c2cc(NC(=O)c3cnc(-n4ccnn4)cn3)ccc2F)C=CSC(N)=N1,CHEMBL3670324,250.0,250.0
C[C@@]1(c2cc(NC(=O)c3cnc(-n4nccn4)cn3)ccc2F)C=CSC(N)=N1,CHEMBL3670325,234.0,234.0
Cc1ncnn1-c1cnc(C(=O)Nc2ccc(F)c([C@]3(C)C=CSC(N)=N3)c2)cn1,CHEMBL3670326,697.0,697.0
C[C@@]1(c2cc(NC(=O)c3ccc(F)cn3)ccc2F)C=CSC(N)=N1,CHEMBL3670327,62.0,62.0
C[C@@]1(c2cc(NC(=O)c3ncc(Br)cn3)ccc2F)C=CSC(N)=N1,CHEMBL3670328,24.0,24.0
Cc1c(C(=O)Nc2ccc(F)c([C@]3(C)C=CSC(N)=N3)c2)oc2ccc(Br)cc12,CHEMBL3670329,7.0,7.0
C=C1C[C@@](C)(c2cc(NC(=O)c3cnc(OC)cn3)cnc2Cl)N=C(N)S1,CHEMBL3670330,14.0,14.0
C=C1C[C@@](C)(c2cc(NC(=O)c3ncc(C#N)cc3F)cnc2Cl)N=C(N)S1,CHEMBL3670331,22.0,22.0
C=C1C[C@@](C)(c2cc(NC(=O)c3cnc(OC)cn3)cnc2C)N=C(N)S1,CHEMBL3670332,36.0,36.0
C=C1C[C@@](C)(c2cncc(NC(=O)c3cnc(OC)cn3)c2)N=C(N)S1,CHEMBL3670333,63.0,63.0
C=C1C[C@@](C)(c2cncc(NC(=O)c3ncc(C(F)(F)F)cc3Cl)c2)N=C(N)S1,CHEMBL3670334,102.0,102.0
Cc1nc(CN(C)C(=O)c2cccc(C(=O)N[C@@H](Cc3ccccc3)[C@H](O)C3NCCN(Cc4ccccc4)C3=O)c2)cs1,CHEMBL3694256,10000.0,10000.0
COCCOc1cnc(C(=O)Nc2cccc(C3(C)CC(=O)N(C)C(N)=N3)c2)cn1,CHEMBL3690084,14.0,14.0
C#CCOc1cnc(C(=O)Nc2cccc(C3(C)CC(=O)N(C)C(N)=N3)c2)cn1,CHEMBL3690085,56.0,56.0
CC#CCOc1cnc(C(=O)Nc2cccc(C3(C)CC(=O)N(C)C(N)=N3)c2)cn1,CHEMBL3690086,12.0,12.0
CN1C(=O)CC(C)(c2cccc(NC(=O)c3cnc(Cl)cn3)c2)N=C1N,CHEMBL3690087,37.0,37.0
COc1cnc(C(=O)Nc2cccc(C3(C)CC(=O)N(C)C(N)=N3)c2)cn1,CHEMBL3690088,42.0,42.0
COc1cnc(C(=O)Nc2cccc(CNc3cccnc3N)c2)cn1,CHEMBL3690089,1985.0,1985.0
COCCOc1cnc(C(=O)Nc2cccc(CNc3cccnc3N)c2)cn1,CHEMBL3690090,3176.0,3176.0
C#CCOc1cnc(C(=O)Nc2cccc(CNc3cccnc3N)c2)cn1,CHEMBL3690091,180.0,180.0
CC#CCOc1cnc(C(=O)Nc2cccc(CNc3cccnc3N)c2)cn1,CHEMBL3690092,73.0,73.0
NC1=N[C@@]2(c3ccccc3)CN(c3ncc(F)cn3)C[C@H]2CS1,CHEMBL3705027,64.4,64.4
NC1=N[C@@]2(c3cccs3)CN(c3ncc(F)cn3)C[C@H]2CS1,CHEMBL3705028,77.3,77.3
NC1=N[C@@]2(c3ccns3)CN(c3ncc(F)cn3)C[C@H]2CS1,CHEMBL3704998,172.0,172.0
NC1=N[C@@]2(c3ccc(F)s3)CN(c3ncccn3)C[C@H]2CS1,CHEMBL3705029,166.0,166.0
N#Cc1ccc([C@]23CN(c4ncc(F)cn4)C[C@H]2CSC(N)=N3)s1,CHEMBL3705030,110.0,110.0
NC1=N[C@@]2(c3ccc(F)s3)CN(c3ncc(F)cn3)C[C@H]2CS1,CHEMBL3704999,91.2,91.2
CC1(c2cccc(NC(=O)c3ccco3)c2)COCC(N)=N1,CHEMBL3653339,1300.0,1300.0
CC1(c2cccc(NC(=O)c3ccc(Br)cn3)c2)COCC(N)=N1,CHEMBL3653340,140.0,140.0
C[C@@]1(c2cccc(NC(=O)c3ccc(Br)cn3)c2)COCC(N)=N1,CHEMBL3653341,70.0,70.0
C[C@]1(c2cccc(NC(=O)c3ccc(Br)cn3)c2)COCC(N)=N1,CHEMBL3653342,10000.0,10000.0
Cc1nc(C(=O)Nc2cccc(C3(C)COCC(N)=N3)c2)co1,CHEMBL3653343,640.0,640.0
Cc1cnc(C(=O)Nc2cccc(C3(C)COCC(N)=N3)c2)cn1,CHEMBL3653344,4700.0,4700.0
CC1(c2cccc(NC(=O)c3ncc(Br)cn3)c2)COCC(N)=N1,CHEMBL3653345,540.0,540.0
CC1(c2cccc(NC(=O)c3cn4ccccc4n3)c2)COCC(N)=N1,CHEMBL3653346,10000.0,10000.0
CC1(c2cccc(NC(=O)c3ncccc3F)c2)COCC(N)=N1,CHEMBL3653347,2300.0,2300.0
Cc1nc(C(=O)Nc2cccc(C3(C)COCC(N)=N3)c2)c(C)o1,CHEMBL3653348,590.0,590.0
Cc1nc(C(=O)Nc2cccc(C3(C)COCC(N)=N3)c2)cs1,CHEMBL3653349,3800.0,3800.0
CC1(c2cccc(NC(=O)c3ccc(O)nn3)c2)COCC(N)=N1,CHEMBL3653350,850.0,850.0
CC1(c2cccc(NC(=O)c3ccccn3)c2)COCC(N)=N1,CHEMBL3653351,3400.0,3400.0
CC1(c2cccc(NC(=O)c3ccc(C#N)cn3)c2)COCC(N)=N1,CHEMBL3653352,160.0,160.0
CC1(c2cccc(NC(=O)c3cnc(-n4ccc(C(F)(F)F)n4)cn3)c2)COCC(N)=N1,CHEMBL3653353,9100.0,9100.0
Cc1ccn(-c2cnc(C(=O)Nc3cccc(C4(C)COCC(N)=N4)c3)cn2)n1,CHEMBL3653354,9200.0,9200.0
CC1(c2cccc(NC(=O)c3ncc(C(F)(F)F)cc3Cl)c2)COCC(N)=N1,CHEMBL3653355,400.0,400.0
COc1cnc(C(=O)Nc2cccc(C3(C)COCC(N)=N3)c2)cn1,CHEMBL3653356,560.0,560.0
CC1(c2cccc(NC(=O)c3cnc(O)cn3)c2)COCC(N)=N1,CHEMBL3653357,2000.0,2000.0
CC1(c2cccc(NC(=O)c3cc(Br)co3)c2)COCC(N)=N1,CHEMBL3653358,350.0,350.0
CC1(c2cccc(NC(=O)c3ccc(C(F)(F)F)cn3)c2)COCC(N)=N1,CHEMBL3653359,420.0,420.0
CC1(c2cccc(NC(=O)c3coc(C(F)(F)F)c3)c2)COCC(N)=N1,CHEMBL3653360,11000.0,11000.0
CC1(c2cccc(NC(=O)c3ccc(Br)cc3)c2)COCC(N)=N1,CHEMBL3653361,970.0,970.0
CC1(c2cccc(NC(=O)C3CCCCC3)c2)COCC(N)=N1,CHEMBL3653362,130000.0,130000.0
CC1(c2cccc(NC(=O)C3CCC(F)(F)CC3)c2)COCC(N)=N1,CHEMBL3653363,130000.0,130000.0
Cc1ccc(C(=O)Nc2cccc(C3(C)COCC(N)=N3)c2)nc1,CHEMBL3653364,1400.0,1400.0
CC1(c2cccc(NC(=O)c3cccnc3)c2)COCC(N)=N1,CHEMBL3653365,60000.0,60000.0
Cc1cc(Br)cnc1C(=O)Nc1cccc([C@]2(C)COCC(=N)N2)c1,CHEMBL3653366,56.0,56.0
COc1ccc(C(=O)Nc2cccc([C@]3(C)COCC(N)=N3)c2)nc1,CHEMBL3653367,330.0,330.0
NC1=NC(CF)(c2cccc(NC(=O)c3ccc(Br)cn3)c2)COC1,CHEMBL3653368,160.0,160.0
NC1=NC(CF)(c2cc(Cl)cc(NC(=O)c3ccc(Br)cn3)c2)COC1,CHEMBL3653369,1400.0,1400.0
NC1=N[C@](CF)(c2cccc(NC(=O)c3ccc(Br)cn3)c2)COC1,CHEMBL3653370,130.0,130.0
NC1=NC(c2cccc(NC(=O)c3ccc(Br)cn3)c2)(C(F)F)COC1,CHEMBL3653371,560.0,560.0
N#Cc1ccc(C(=O)Nc2cccc(C3(C(F)F)COCC(N)=N3)c2)nc1,CHEMBL3639522,350.0,350.0
Cc1cc(Br)cnc1C(=O)Nc1cccc(C2(C(F)F)COCC(N)=N2)c1,CHEMBL3653372,120.0,120.0
Cc1cnc(C(=O)Nc2cccc(C3(C(F)F)COCC(N)=N3)c2)cn1,CHEMBL3653373,10000.0,10000.0
NC1=NC(c2cccc(NC(=O)c3ccc(C(F)(F)F)cn3)c2)(C(F)F)COC1,CHEMBL3653374,780.0,780.0
NC1=NC(c2cccc(NC(=O)c3ncc(C(F)(F)F)cc3Cl)c2)(C(F)F)COC1,CHEMBL3653375,1000.0,1000.0
Cc1cc(Cl)cnc1C(=O)Nc1cccc(C2(C(F)F)COCC(N)=N2)c1,CHEMBL3653376,350.0,350.0
NC1=NC(c2cc(NC(=O)c3ccc(Br)cn3)ccc2F)(C(F)F)COC1,CHEMBL3653377,56.0,56.0
NC1=NC(c2cc(NC(=O)c3ccc(Cl)cn3)ccc2F)(C(F)F)COC1,CHEMBL3653378,62.0,62.0
NC1=N[C@@](c2cc(NC(=O)c3ncc(C(F)(F)F)cc3Cl)ccc2F)(C(F)F)COC1,CHEMBL3653379,71.0,71.0
NC1=N[C@@](c2cc(NC(=O)c3ccc(C(F)(F)F)cn3)ccc2F)(C(F)F)COC1,CHEMBL3653380,56.0,56.0
Cc1cnc(C(=O)Nc2ccc(F)c([C@]3(C(F)F)COCC(N)=N3)c2)cn1,CHEMBL3653381,550.0,550.0
COc1ccc(C(=O)Nc2ccc(F)c([C@]3(C(F)F)COCC(N)=N3)c2)nc1,CHEMBL3653382,50.0,50.0
NC1=NC(c2cccc(NC(=O)c3ccc(Br)cn3)c2)(C(F)(F)F)COC1,CHEMBL3653383,420.0,420.0
C[C@@]1(c2cc(Br)cc(NC(=O)c3ncc(Br)cn3)c2)COCC(N)=N1,CHEMBL3653384,230.0,230.0
C[C@@]1(c2cc(Br)cc(NC(=O)c3ccc(Br)cn3)c2)COCC(N)=N1,CHEMBL3653385,180.0,180.0
C[C@@]1(c2cc(Br)cc(NC(=O)c3ccc(C#N)cn3)c2)COCC(N)=N1,CHEMBL3653386,380.0,380.0
C[C@@]1(c2cc(Br)cc(NC(=O)c3ccc(C(F)(F)F)cn3)c2)COCC(N)=N1,CHEMBL3653387,440.0,440.0
Cc1cc(Br)cnc1C(=O)Nc1cc(Br)cc([C@]2(C)COCC(N)=N2)c1,CHEMBL3653388,84.0,84.0
C[C@@]1(c2cc(Br)cc(NC(=O)c3ccc(Cl)cn3)c2)COCC(N)=N1,CHEMBL3653389,101.0,101.0
Cc1cnc(C(=O)Nc2cc(Br)cc([C@]3(C)COCC(N)=N3)c2)cn1,CHEMBL3653390,1700.0,1700.0
Cc1nc(C(=O)Nc2cc(Br)cc([C@]3(C)COCC(N)=N3)c2)c(C)o1,CHEMBL3653391,780.0,780.0
Cc1nc(C(=O)Nc2cc(Br)cc([C@]3(C)COCC(N)=N3)c2)co1,CHEMBL3653392,240.0,240.0
CC1(c2cc(NC(=O)c3ccc(Br)cn3)ccc2F)COCC(N)=N1,CHEMBL3653393,58.0,58.0
Cc1cnc(C(=O)Nc2ccc(F)c(C3(C)COCC(N)=N3)c2)cn1,CHEMBL3653394,1970.0,1970.0
CC1(c2cc(NC(=O)c3ccc(C#N)cn3)ccc2F)COCC(N)=N1,CHEMBL3653395,95.0,95.0
CC1(c2cc(NC(=O)c3ccc(Cl)cn3)ccc2F)COCC(N)=N1,CHEMBL3653396,110.0,110.0
Cc1cc(Br)cnc1C(=O)Nc1ccc(F)c(C2(C)COCC(N)=N2)c1,CHEMBL3653397,40.0,40.0
CC1(c2cc(NC(=O)c3ccc(C(N)=O)cn3)ccc2F)COCC(N)=N1,CHEMBL3653398,1200.0,1200.0
C[C@@]1(c2cccc(NC(=O)c3ccc(Br)cn3)c2)CO[C@@](C)(C(F)(F)F)C(N)=N1,CHEMBL3653399,20.0,20.0
COc1ccc(C(=O)Nc2cccc([C@]3(C)CO[C@@](C)(C(F)(F)F)C(N)=N3)c2)nc1,CHEMBL3653400,100.0,100.0
C[C@@]1(c2cc(NC(=O)c3ccc(Br)cn3)ccc2F)CO[C@@](C)(C(F)(F)F)C(N)=N1,CHEMBL3653401,11.0,11.0
COc1ccc(C(=O)Nc2ccc(F)c([C@]3(C)CO[C@@](C)(C(F)(F)F)C(N)=N3)c2)nc1,CHEMBL3653402,9.0,9.0
C[C@@]1(c2cc(NC(=O)c3ncc(C#N)cn3)ccc2F)CO[C@@](C)(C(F)(F)F)C(N)=N1,CHEMBL3653403,34.0,34.0
C[C@@]1(c2cc(NC(=O)c3ncc(Br)cn3)ccc2F)CO[C@@](C)(C(F)(F)F)C(N)=N1,CHEMBL3653404,16.0,16.0
C[C@@]1(c2cc(NC(=O)c3ccc(C#N)cn3)ccc2F)CO[C@@](C)(C(F)(F)F)C(N)=N1,CHEMBL3653405,26.0,26.0
COCCOc1cnc(C(=O)Nc2ccc(F)c([C@]3(C)CO[C@@](C)(C(F)(F)F)C(N)=N3)c2)cn1,CHEMBL3653406,79.0,79.0
C[C@H]1OC[C@](c2cc(NC(=O)c3ccc(C#N)cn3)ccc2F)(C(F)F)N=C1N,CHEMBL3653407,130.0,130.0
C[C@@H]1OC[C@](c2cc(NC(=O)c3ccc(C#N)cn3)ccc2F)(C(F)F)N=C1N,CHEMBL3653408,46.0,46.0
C[C@H]1OC[C@](c2cc(NC(=O)c3ccc(Br)cn3)ccc2F)(C(F)F)N=C1N,CHEMBL3653409,92.0,92.0
C[C@@H]1OC[C@](c2cc(NC(=O)c3ccc(Br)cn3)ccc2F)(C(F)F)N=C1N,CHEMBL3653410,38.0,38.0
CC1(C)OCC(c2cc(NC(=O)c3ccc(C#N)cn3)ccc2F)(C(F)F)N=C1N,CHEMBL3653411,120.0,120.0
CC1(C)OCC(c2cc(NC(=O)c3ccc(Br)cn3)ccc2F)(C(F)F)N=C1N,CHEMBL3653412,74.0,74.0
NC1=NC(c2cc(NC(=O)c3ccc(Br)cn3)c(F)cc2F)(C(F)F)COC1,CHEMBL3653413,1100.0,1100.0
N#Cc1ccc(C(=O)Nc2cc(C3(C(F)F)COCC(N)=N3)c(F)cc2F)nc1,CHEMBL3653414,3000.0,3000.0
COc1cc(Br)cnc1C(=O)Nc1cc(C2(C(F)F)COCC(N)=N2)c(F)cc1F,CHEMBL3653415,2900.0,2900.0
NC1=NC(c2cc(NC(=O)c3ncc(Br)cc3O)c(F)cc2F)(C(F)F)COC1,CHEMBL3653416,930.0,930.0
NC1=N[C@](CF)(c2cc(NC(=O)c3ccc(Cl)cn3)ccc2F)COC1,CHEMBL3653417,26.0,26.0
NC1=NC(CF)(c2cc(NC(=O)c3ccc(Br)cn3)ccc2F)COC1,CHEMBL3653418,44.0,44.0
NC1=NC(CF)(c2cc(NC(=O)c3ccc(Cl)cn3)ccc2F)COC1,CHEMBL3653419,57.0,57.0
NC1=NC(CF)(c2cc(NC(=O)c3ncc(Cl)cc3Cl)ccc2F)COC1,CHEMBL3653420,33.0,33.0
N#Cc1ccc(C(=O)Nc2ccc(F)c(C3(CF)COCC(N)=N3)c2)nc1,CHEMBL3653421,94.0,94.0
Cc1cc(Br)cnc1C(=O)Nc1ccc(F)c(C2(CF)COCC(N)=N2)c1,CHEMBL3653422,39.0,39.0
Cc1cc(Br)cnc1C(=O)Nc1ccc(F)c([C@]2(CF)COCC(N)=N2)c1,CHEMBL3653423,15.0,15.0
NC1=N[C@](CF)(c2cc(NC(=O)c3ncc(Br)cc3O)ccc2F)COC1,CHEMBL3653424,22.0,22.0
COc1cc(Br)cnc1C(=O)Nc1ccc(F)c([C@]2(CF)COCC(N)=N2)c1,CHEMBL3653425,390.0,390.0
N#Cc1ccc(C(=O)Nc2ccc(F)c([C@]3(C(F)F)CCOCC(N)=N3)c2)nc1,CHEMBL3653426,27.0,27.0
NC1=N[C@@](c2cc(NC(=O)c3ccc(Br)cn3)ccc2F)(C(F)F)CCOC1,CHEMBL3653427,18.0,18.0
N#Cc1ccc(C(=O)Nc2ccc(F)c(C3(C(F)(F)F)CCOCC(N)=N3)c2)nc1,CHEMBL3653428,240.0,240.0
NC1=NC(c2cc(NC(=O)c3ccc(Br)cn3)ccc2F)(C(F)(F)F)CCOC1,CHEMBL3653429,140.0,140.0
CC1(c2cc(NC(=O)c3ccc(Cl)cn3)ccc2F)N=C(N)COCC1(F)F,CHEMBL3653430,34.0,34.0
CC1(c2cc(NC(=O)c3ccc(Br)cn3)ccc2F)N=C(N)COCC1(F)F,CHEMBL3653431,30.0,30.0
NC1=NC(c2cccc(NC(=O)c3cc(Br)co3)c2)(C(F)F)COC1,CHEMBL3653432,890.0,890.0
NC1=NC(c2cccc(NC(=O)c3ccc(O)nn3)c2)(C(F)F)COC1,CHEMBL3653433,7800.0,7800.0
Cc1nc(C(=O)Nc2cccc(C3(C(F)F)COCC(N)=N3)c2)co1,CHEMBL3653434,1500.0,1500.0
CCc1nc(C(=O)Nc2cccc(C3(C(F)F)COCC(N)=N3)c2)co1,CHEMBL3653435,5200.0,5200.0
Cc1nc(C(=O)Nc2cccc(C3(C(F)F)COCC(N)=N3)c2)c(C)o1,CHEMBL3653436,4000.0,4000.0
COc1cc(Br)cnc1C(=O)Nc1cccc(C2(C(F)F)COCC(N)=N2)c1,CHEMBL3653437,820.0,820.0
NC1=NC(c2cccc(NC(=O)c3ncc(Br)cc3O)c2)(C(F)F)COC1,CHEMBL3653438,28.0,28.0
COCCOc1cnc(C(=O)Nc2cccc(C3(C(F)F)COCC(N)=N3)c2)cn1,CHEMBL3653439,1200.0,1200.0
NC1=NC(c2cccc(NC(=O)c3cnc(C(F)F)cn3)c2)(C(F)F)COC1,CHEMBL3653440,1900.0,1900.0
NC1=N[C@@](c2cc(NC(=O)c3ncc(Cl)cc3Cl)ccc2F)(C(F)F)COC1,CHEMBL3653441,25.0,25.0
NC1=N[C@@](c2cc(NC(=O)c3ncc(F)cc3F)ccc2F)(C(F)F)COC1,CHEMBL3653442,120.0,120.0
Cc1c(C(=O)Nc2ccc(F)c([C@]3(C(F)F)COCC(N)=N3)c2)oc2ccc(Br)cc12,CHEMBL3653443,6.0,6.0
NC1=N[C@@](c2cc(NC(=O)c3ncc(Br)cc3Cl)ccc2F)(C(F)F)COC1,CHEMBL3653444,18.0,18.0
NC1=N[C@@](c2cc(NC(=O)c3ccc(Br)cn3)ccc2F)(C(F)F)COC1,CHEMBL3653445,14.0,14.0
NC1=N[C@@](c2cc(NC(=O)c3ncc(Br)cc3O)ccc2F)(C(F)F)COC1,CHEMBL3653446,10.0,10.0
CCOc1ccc(C(=O)Nc2ccc(F)c([C@]3(C(F)F)COCC(N)=N3)c2)nc1,CHEMBL3653447,180.0,180.0
NC1=N[C@@](c2cc(NC(=O)c3ncc(Br)cn3)ccc2F)(C(F)F)COC1,CHEMBL3653448,36.0,36.0
NC1=N[C@@](c2cc(NC(=O)c3cnc(C(F)F)cn3)ccc2F)(C(F)F)COC1,CHEMBL3653449,200.0,200.0
NC1=N[C@@](c2cc(NC(=O)c3cnc(OCC(F)F)cn3)ccc2F)(C(F)F)COC1,CHEMBL3653450,97.0,97.0
NC1=N[C@@](c2cc(NC(=O)c3cnc(OCC(F)(F)F)cn3)ccc2F)(C(F)F)COC1,CHEMBL3653451,25.0,25.0
NC1=N[C@@](c2cc(NC(=O)c3cc(Br)co3)ccc2F)(C(F)F)COC1,CHEMBL3653452,78.0,78.0
NC1=N[C@@](c2cc(NC(=O)c3cc4ccccn4n3)ccc2F)(C(F)F)COC1,CHEMBL3653453,740.0,740.0
Cc1nc(C(=O)Nc2ccc(F)c([C@]3(C(F)F)COCC(N)=N3)c2)co1,CHEMBL3653454,98.0,98.0
Cc1nc(C(=O)Nc2ccc(F)c([C@]3(C(F)F)COCC(N)=N3)c2)c(C)o1,CHEMBL3653455,170.0,170.0
NC1=N[C@@](c2cc(NC(=O)c3cn4ccccc4n3)ccc2F)(C(F)F)COC1,CHEMBL3653456,2200.0,2200.0
COc1cc(Br)cnc1C(=O)Nc1ccc(F)c([C@]2(C(F)F)COCC(N)=N2)c1,CHEMBL3653457,93.0,93.0
CCc1nc(C(=O)Nc2ccc(F)c([C@]3(C(F)F)COCC(N)=N3)c2)co1,CHEMBL3653458,330.0,330.0
NC1=N[C@@](c2cc(NC(=O)c3ccc(C(F)F)cn3)ccc2F)(C(F)F)COC1,CHEMBL3653459,87.0,87.0
Cn1ccnc1C(=O)Nc1ccc(F)c([C@]2(C(F)F)COCC(N)=N2)c1,CHEMBL3653460,1000.0,1000.0
NC1=N[C@@](c2cc(NC(=O)c3ccc(O)nn3)ccc2F)(C(F)F)COC1,CHEMBL3653461,260.0,260.0
COCCOc1cnc(C(=O)Nc2ccc(F)c([C@]3(C(F)F)COCC(N)=N3)c2)cn1,CHEMBL3653462,45.0,45.0
NC1=N[C@@](c2cc(NC(=O)c3cnc(OCCF)cn3)ccc2F)(C(F)F)COC1,CHEMBL3653463,130.0,130.0
NC1=N[C@@](c2cc(NC(=O)c3ccc(Cl)cn3)ccc2F)(C(F)F)COC1,CHEMBL3653464,30.0,30.0
NC1=N[C@@](c2cc(NC(=O)c3ccc(OC(F)F)cn3)ccc2F)(C(F)F)COC1,CHEMBL3653465,42.0,42.0
NC1=N[C@@](c2cc(NC(=O)c3ccc(OCF)cn3)ccc2F)(C(F)F)COC1,CHEMBL3653466,75.0,75.0
NC1=N[C@@](c2cc(NC(=O)c3ncc(Cl)cc3F)ccc2F)(C(F)F)COC1,CHEMBL3653467,43.0,43.0
NC1=N[C@@](c2cc(NC(=O)c3cnc(Cl)cn3)ccc2F)(C(F)F)COC1,CHEMBL3653468,33.0,33.0
Cc1cc(C(=O)Nc2ccc(F)c([C@]3(C(F)F)COCC(N)=N3)c2)n[nH]1,CHEMBL3653469,820.0,820.0
Cc1ccc(C(=O)Nc2ccc(F)c([C@]3(C(F)F)COCC(N)=N3)c2)cn1,CHEMBL3653470,110.0,110.0
NC1=N[C@@](c2cc(NC(=O)c3cnc(O)cn3)ccc2F)(C(F)F)COC1,CHEMBL3639523,340.0,340.0
COc1cnc(C(=O)Nc2ccc(F)c([C@]3(C(F)F)COCC(N)=N3)c2)cn1,CHEMBL3653471,100.0,100.0
Cc1nc(C(=O)Nc2ccc(F)c([C@]3(C(F)F)COCC(N)=N3)c2)cs1,CHEMBL3653472,940.0,940.0
Cc1cnc(C(=O)Nc2ccc(F)c([C@]3(C(F)F)COCC(N)=N3)c2)s1,CHEMBL3653473,700.0,700.0
Cn1ccc(C(=O)Nc2ccc(F)c([C@]3(C(F)F)COCC(N)=N3)c2)n1,CHEMBL3653474,290.0,290.0
Cn1cc([N+](=O)[O-])c(C(=O)Nc2ccc(F)c([C@]3(C(F)F)COCC(N)=N3)c2)n1,CHEMBL3653475,1200.0,1200.0
C[C@@]1(c2cc(NC(=O)c3ncc(Cl)cc3N)ccc2F)CO[C@@](C)(C(F)(F)F)C(N)=N1,CHEMBL3653476,8.0,8.0
CC1(c2cc(NC(=O)c3ncc(C(F)(F)F)cc3Cl)ccc2F)N=C(N)COCC1(F)F,CHEMBL3653477,120.0,120.0
COc1cc(Br)cnc1C(=O)Nc1ccc(F)c(C2(C)N=C(N)COCC2(F)F)c1,CHEMBL3653478,180.0,180.0
CC1(c2cc(NC(=O)c3ccc(C#N)cn3)ccc2F)N=C(N)COCC1(F)F,CHEMBL3653479,34.0,34.0
NC1=N[C@@](c2cc(NC(=O)c3cc4cncnc4[nH]3)ccc2F)(C(F)F)COC1,CHEMBL3653480,5200.0,5200.0
COCCOc1cnc(C(=O)Nc2ccc(F)c([C@]3(C(F)F)COCC(N)=N3)c2)c(N)n1,CHEMBL3653481,18.0,18.0
CCc1ccc(C(=O)Nc2ccc(F)c([C@]3(C(F)F)COCC(N)=N3)c2)nc1,CHEMBL3653482,130.0,130.0
NC1=N[C@@](c2cc(NC(=O)c3ncc(Cl)cc3N)ccc2F)(C(F)F)COC1,CHEMBL3653483,12.0,12.0
COc1cnc(C(=O)Nc2ccc(F)c([C@]3(C(F)F)COCC(N)=N3)c2)c(Cl)c1,CHEMBL3653484,66.0,66.0
NC1=N[C@@](c2cc(NC(=O)c3ccc(=O)[nH]c3)ccc2F)(C(F)F)COC1,CHEMBL3653485,8500.0,8500.0
NC1=N[C@@](c2cc(NC(=O)c3cc4cccn4cn3)ccc2F)(C(F)F)COC1,CHEMBL3653486,680.0,680.0
CC#CCOc1cnc(C(=O)Nc2ccc(F)c([C@]3(C(F)F)COCC(N)=N3)c2)cn1,CHEMBL3653487,1.0,1.0
NC1=N[C@@](c2cc(NC(=O)c3ncc(Br)cc3N)ccc2F)(C(F)F)COC1,CHEMBL3653488,8.0,8.0
CCn1ccnc1C(=O)Nc1ccc(F)c([C@]2(C(F)F)COCC(N)=N2)c1,CHEMBL3653489,1200.0,1200.0
C#CCOc1cnc(C(=O)Nc2ccc(F)c([C@]3(C(F)F)COCC(N)=N3)c2)cn1,CHEMBL3653490,3.0,3.0
Cc1nc(C(=O)Nc2ccc(F)c([C@]3(C(F)F)COCC(N)=N3)c2)c(N)o1,CHEMBL3653491,260.0,260.0
NC1=N[C@@](c2cc(NC(=O)c3ncc(Cl)cc3O)ccc2F)(C(F)F)COC1,CHEMBL3653492,12.0,12.0
CC(C)Oc1cnc(C(=O)Nc2ccc(F)c([C@]3(C(F)F)COCC(N)=N3)c2)cn1,CHEMBL3653493,340.0,340.0
CCOc1cnc(C(=O)Nc2ccc(F)c([C@]3(C(F)F)COCC(N)=N3)c2)cn1,CHEMBL3653494,49.0,49.0
Cc1c(C(=O)Nc2ccc(F)c([C@]3(C(F)F)COCC(N)=N3)c2)oc2ccc(CN(C)C)cc12,CHEMBL3653495,9.0,9.0
Cc1c(C(=O)Nc2ccc(F)c([C@]3(C(F)F)COCC(N)=N3)c2)nnn1C,CHEMBL3653496,10000.0,10000.0
COc1cnc(C(=O)Nc2ccc(F)c([C@]3(C(F)F)COCC(N)=N3)c2)c(C)n1,CHEMBL3653497,210.0,210.0
COc1cnc(C(=O)Nc2ccc(F)c([C@]3(C(F)F)COCC(N)=N3)c2)c(N)n1,CHEMBL3653498,16.0,16.0
Cc1cc(OC(F)F)cnc1C(=O)Nc1ccc(F)c([C@]2(C(F)F)COCC(N)=N2)c1,CHEMBL3653499,18.0,18.0
Cc1cc(OCF)cnc1C(=O)Nc1ccc(F)c([C@]2(C(F)F)COCC(N)=N2)c1,CHEMBL3653500,29.0,29.0
COCCOc1cnc(C(=O)Nc2ccc(F)c([C@]3(C(F)F)COCC(N)=N3)c2)c(C)n1,CHEMBL3653501,170.0,170.0
COc1cnc(C(=O)Nc2ccc(F)c([C@]3(C(F)F)COCC(N)=N3)c2)c(OC)c1,CHEMBL3653502,920.0,920.0
COCCOc1ccc(C(=O)Nc2ccc(F)c([C@]3(C(F)F)COCC(N)=N3)c2)nc1,CHEMBL3653503,340.0,340.0
COCCOc1cnc(C(=O)Nc2ccc(F)c([C@]3(C(F)F)COCC(N)=N3)c2)c(F)c1,CHEMBL3653504,340.0,340.0
CC#CCOc1cnc(C(=O)Nc2ccc(F)c([C@]3(C(F)F)COCC(N)=N3)c2)c(C)n1,CHEMBL3653505,4.0,4.0
COCc1cnc(C(=O)Nc2ccc(F)c([C@]3(C(F)F)COCC(N)=N3)c2)c(Cl)c1,CHEMBL3653506,700.0,700.0
NC1=N[C@@](c2cc(NC(=O)c3ncc(OCF)cc3Cl)ccc2F)(C(F)F)COC1,CHEMBL3653507,59.0,59.0
NC1=N[C@@](c2cc(NC(=O)c3ncc(CC(F)F)cc3Cl)ccc2F)(C(F)F)COC1,CHEMBL3653508,50.0,50.0
COc1cccc2c1OCC[C@@]21CNC[C@@H]1C(=O)N1CC[C@H](c2ccccc2)C[C@@H]1C1CCCC(F)(F)C1,CHEMBL3904137,2190.0,2190.0
CC(C)[C@H]1C[C@@H](c2ccccc2)CCN1C(=O)[C@H]1CNC[C@@]12CCCc1ccccc12,CHEMBL3954417,22000.0,22000.0
COC(C)(C)C1CCCCN1C(=O)[C@@H]1CNC[C@@]12CCCc1ccccc12,CHEMBL3952919,20000.0,20000.0
O=C([C@@H]1CNC[C@]12CCCc1cc(Cl)ccc12)N1CCC(c2ccccc2)CC1,CHEMBL3978571,920.0,920.0
O=C([C@H]1CNC[C@@]12CCc1ccccc12)N1CC[C@H](c2ccccc2)C[C@@H]1c1ccccc1,CHEMBL3959272,71.0,71.0
O=C([C@@H]1CNC[C@]12CCc1cc(Br)ccc12)N1CCC(c2ccccc2)CC1,CHEMBL3650162,14000.0,14000.0
CC(C)c1cccc2c1CCC[C@]21CNC[C@H]1C(=O)N1CCC(c2ccccc2)CC1,CHEMBL3964236,24.0,24.0
O=C([C@@H]1CNC[C@]12CCSc1ccccc12)N1CCC(c2ccccc2)CC1,CHEMBL3977426,12000.0,12000.0
CCc1ccc2c(c1)CCC[C@]21CNC[C@H]1C(=O)N1CCC(c2ccccc2)CC1,CHEMBL3943026,19000.0,19000.0
O=C([C@@H]1CNC[C@]12CCCc1nc(Cl)ccc12)N1CCC2(C=Cc3ccccc32)CC1c1ccccc1,CHEMBL3945580,200.0,200.0
Cc1cccc(C2CC(c3ccccc3)CCN2C(=O)C2CNC[C@]23CCCc2nc(Cl)ccc23)c1,CHEMBL3937658,450.0,450.0
Cn1nc([C@H]2C[C@H]3CSC(N)=N[C@@]3(c3ccc(F)cc3F)CO2)cc1F,CHEMBL3650175,83.7,83.7
NC1=N[C@@]2(c3ccc(F)cc3F)CO[C@@H](c3ccc(F)cn3)C[C@H]2CS1,CHEMBL3650176,233.0,233.0
Cn1cc([C@H]2C[C@H]3CSC(N)=N[C@@]3(c3ccc(F)cc3F)CO2)ccc1=O,CHEMBL3650177,119.0,119.0
NC1=N[C@@]2(c3ccc(F)cc3F)CO[C@@H](c3cn4cccnc4n3)C[C@H]2CS1,CHEMBL3650178,1840.0,1840.0
NC1=N[C@@]2(c3ccc(F)cc3F)CO[C@@H](c3cnn(CC(F)(F)F)c3)C[C@H]2CS1,CHEMBL3650179,72.8,72.8
Cc1nc([C@H]2C[C@H]3CSC(N)=N[C@@]3(c3ccc(F)cc3F)CO2)no1,CHEMBL3650180,341.0,341.0
Cc1ccc([C@H]2C[C@H]3CSC(N)=N[C@@]3(c3ccc(F)cc3F)CO2)cn1,CHEMBL3650181,182.0,182.0
Cn1cc(F)c([C@H]2C[C@H]3CSC(N)=N[C@@]3(c3ccc(F)cc3F)CO2)n1,CHEMBL3650182,162.0,162.0
NC1=N[C@@]2(c3ccc(F)cc3F)CO[C@@H](c3nc4cnccc4o3)C[C@H]2CS1,CHEMBL3650183,240.0,240.0
COc1cnc([C@H]2C[C@H]3CSC(N)=N[C@@]3(c3ccc(F)cc3F)CO2)nc1,CHEMBL3650184,343.0,343.0
Cn1ncc([C@H]2C[C@H]3CSC(N)=N[C@@]3(c3ccc(F)cc3F)CO2)n1,CHEMBL3650185,466.0,466.0
NC1=N[C@@]2(c3ccc(F)cc3F)CO[C@@H](c3nc(C(F)F)co3)C[C@H]2CS1,CHEMBL3650186,231.0,231.0
Cc1ncc([C@H]2C[C@H]3CSC(N)=N[C@@]3(c3ccc(F)cc3F)CO2)cn1,CHEMBL3650187,1400.0,1400.0
Cn1cc([C@H]2C[C@H]3CSC(N)=N[C@@]3(c3ccc(F)cc3F)CO2)nn1,CHEMBL3650188,877.0,877.0
N#Cc1coc([C@H]2C[C@H]3CSC(N)=N[C@@]3(c3ccc(F)cc3F)CO2)n1,CHEMBL3650189,555.0,555.0
Cc1cnc([C@H]2C[C@H]3CSC(N)=N[C@@]3(c3ccc(F)cc3F)CO2)cn1,CHEMBL3650190,389.0,389.0
Cc1cnc([C@@H]2C[C@@H]3CSC(N)=N[C@]3(c3ccc(F)cc3F)CO2)cn1,CHEMBL3650191,36200.0,36200.0
CCOc1cc([C@H]2C[C@H]3CSC(N)=N[C@@]3(c3ccc(F)cc3F)CO2)nn1C,CHEMBL3650192,5400.0,5400.0
NC1=N[C@@]2(c3ccc(F)cc3F)CO[C@@H](c3nc4ccncc4o3)C[C@H]2CS1,CHEMBL3650168,5020.0,5020.0
NC1=N[C@@]2(c3ccc(F)cc3F)CO[C@@H](c3cncnc3)C[C@H]2CS1,CHEMBL3650169,1550.0,1550.0
COc1cc([C@H]2C[C@H]3CSC(N)=N[C@@]3(c3ccc(F)cc3F)CO2)ccn1,CHEMBL3650170,384.0,384.0
COc1cncc([C@H]2C[C@H]3CSC(N)=N[C@@]3(c3ccc(F)cc3F)CO2)c1,CHEMBL3650171,1250.0,1250.0
Cc1cc([C@H]2C[C@H]3CSC(N)=N[C@@]3(c3ccc(F)cc3F)CO2)ccn1,CHEMBL3650172,221.0,221.0
NC1=N[C@@]2(c3ccc(F)cc3F)CO[C@@H](c3ccc4nccn4c3)C[C@H]2CS1,CHEMBL3650173,2150.0,2150.0
NC1=N[C@@]2(c3ccc(F)cc3F)CO[C@@H](c3cncc(F)c3)C[C@H]2CS1,CHEMBL3650174,37.9,37.9
CC1=NC2(CCOc3ccc(-c4cc(Cl)cc(Cl)c4)cc32)N=C1N,CHEMBL3653657,157.0,157.0
CC1=NC2(CCOc3ccc(-c4cncc(Cl)c4)cc32)N=C1N,CHEMBL3653658,743.0,743.0
CC1=NC2(CCOc3ccc(-c4cc(F)cc(F)c4)cc32)N=C1N,CHEMBL3653659,1700.0,1700.0
CC1=NC2(CCOc3ccc(-c4cc(C)cc(C)c4)cc32)N=C1N,CHEMBL3657452,3200.0,3200.0
COc1ccc(OC)c(-c2ccc3c(c2)C2(CCO3)N=C(C)C(N)=N2)c1,CHEMBL3657453,3640.0,3640.0
CC1=NC2(CCOc3ccc(-c4cccc(F)c4F)cc32)N=C1N,CHEMBL3657454,4250.0,4250.0
CC1=NC2(CCOc3ccc(-c4cc(C)ccc4C)cc32)N=C1N,CHEMBL3657455,6710.0,6710.0
COc1ccc(F)cc1-c1ccc2c(c1)C1(CCO2)N=C(C)C(N)=N1,CHEMBL3657456,16300.0,16300.0
COc1cccc(-c2ccc3c(c2)C2(CCO3)N=C(C)C(N)=N2)c1F,CHEMBL3657457,1680.0,1680.0
COc1ccc(C)cc1-c1ccc2c(c1)C1(CCO2)N=C(C)C(N)=N1,CHEMBL3657458,6850.0,6850.0
CC1=NC2(CCOc3ccc(-c4cc(C)ccc4F)cc32)N=C1N,CHEMBL3657459,1980.0,1980.0
COc1ccc(F)c(-c2ccc3c(c2)C2(CCO3)N=C(C)C(N)=N2)c1,CHEMBL3657460,1800.0,1800.0
CC1=NC2(CCOc3ccc(NC(=O)c4ccc(Cl)cn4)cc32)N=C1N,CHEMBL3653660,1300.0,1300.0
CC1=NC2(CCOc3ccc(NC(=O)c4ccc(C(F)(F)F)cn4)cc32)N=C1N,CHEMBL3653661,1890.0,1890.0
CC#CCOc1ccc(C(=O)Nc2ccc3c(c2)C2(CCO3)N=C(C)C(N)=N2)nc1,CHEMBL3653662,112.0,112.0
CC#CCOc1cnc(C(=O)Nc2ccc3c(c2)C2(CCO3)N=C(C)C(N)=N2)cn1,CHEMBL3653663,22.0,22.0
CC1=NC2(CCOc3ccc(NC(=O)c4ccc(C)s4)cc32)N=C1N,CHEMBL3653664,6460.0,6460.0
CC1=NC2(CCOc3ccc(NC(=O)c4ncc(Cl)cc4Cl)cc32)N=C1N,CHEMBL3653665,560.0,560.0
CC1=NC2(N=C1N)c1cc(Br)ccc1CC21CCC(OC(F)F)CC1,CHEMBL3653666,112.0,112.0
CO[C@H]1CC[C@@]2(CC1)Cc1ccc(Br)cc1C21N=C(C)C(N)=N1,CHEMBL3970341,53.0,53.0
CO[C@H]1CC[C@]2(CC1)Cc1ccc(Br)cc1C21N=C(C)C(N)=N1,CHEMBL3946143,3330.0,3330.0
COC1CCC2(CC1)Cc1ccc(Br)cc1[C@@]21N=C(C)C(N)=N1,CHEMBL3653668,10300.0,10300.0
COC1CCC2(CC1)Cc1ccc(Br)cc1[C@]21N=C(C)C(N)=N1,CHEMBL3639525,16600.0,16600.0
CC#Cc1cncc(-c2ccc3c(c2)[C@]2(N=C(C)C(N)=N2)C2(CCC(OC)CC2)C3)c1,CHEMBL3653669,7720.0,7720.0
CC#Cc1ccnc(-c2ccc3c(c2)C2(N=C(C)C(N)=N2)[C@]2(CC[C@H](OC)CC2)C3)c1,CHEMBL3901045,2.3,2.3
CO[C@H]1CC[C@]2(CC1)Cc1ccc(-c3cc(C#N)cc(C#N)c3)cc1C21N=C(C)C(N)=N1,CHEMBL3972170,5.2,5.2
CO[C@H]1CC[C@]2(CC1)Cc1ccc(-c3cncc(Cl)c3)cc1C21N=C(C)C(N)=N1,CHEMBL3965844,2.3,2.3
CO[C@H]1CC[C@]2(CC1)Cc1ccc(-c3cncc(F)c3)cc1C21N=C(C)C(N)=N1,CHEMBL3937468,5.5,5.5
CO[C@H]1CC[C@]2(CC1)Cc1ccc(-c3ccc(F)c(C#N)c3)cc1C21N=C(C)C(N)=N1,CHEMBL3928450,7.1,7.1
CO[C@H]1CC[C@]2(CC1)Cc1ccc(-c3ccc(F)c(C#N)c3)cc1[C@@]21N=C(C)C(N)=N1,CHEMBL3927408,2.5,2.5
CO[C@H]1CC[C@]2(CC1)Cc1ccc(C#CC(C)(C)C)cc1C21N=C(C)C(N)=N1,CHEMBL3951608,15.0,15.0
CO[C@H]1CC[C@]2(CC1)Cc1ccc(NC(=O)c3ncc(Br)cn3)cc1C21N=C(C)C(N)=N1,CHEMBL3913558,47.0,47.0
CO[C@H]1CC[C@]2(CC1)Cc1ccc(NC(=O)c3ccc(C(F)(F)F)cn3)cc1C21N=C(C)C(N)=N1,CHEMBL3983379,34.0,34.0
CO[C@H]1CC[C@]2(CC1)Cc1ccc(NC(=O)c3oc4cc(Cl)ccc4c3C)cc1C21N=C(C)C(N)=N1,CHEMBL3922553,17.0,17.0
CO[C@H]1CC[C@]2(CC1)Cc1ccc(NC(=O)c3ncc(Cl)cc3Cl)cc1C21N=C(C)C(N)=N1,CHEMBL3898686,28.0,28.0
CO[C@H]1CC[C@]2(CC1)Cc1ccc(NC(=O)c3ccc(Cl)cn3)cc1C21N=C(C)C(N)=N1,CHEMBL3925456,20.0,20.0
CO[C@H]1CC[C@]2(CC1)Cc1ccc(OCCC(F)(F)F)cc1C21N=C(C)C(N)=N1,CHEMBL3959097,22.0,22.0
CO[C@H]1CC[C@]2(CC1)Cc1ccc(OCCCF)cc1C21N=C(C)C(N)=N1,CHEMBL3945121,25.0,25.0
CO[C@H]1CC[C@]2(CC1)Cc1ccc(NC(=O)c3ncc(Cl)cc3C)cc1C21N=C(C)C(N)=N1,CHEMBL3922674,18.0,18.0
CO[C@H]1CC[C@]2(CC1)Cc1ccc(NC(=O)c3ccc(F)cn3)cc1C21N=C(C)C(N)=N1,CHEMBL3964909,121.0,121.0
CC#Cc1cc(-c2ccc3c(c2)C2(N=C(C)C(N)=N2)[C@]2(CC[C@H](OC)CC2)C3)ccn1,CHEMBL3939422,4.9,4.9
CC1=NC2(N=C1N)c1cc(Br)ccc1CC21CCOCC1,CHEMBL3653689,7530.0,7530.0
CC1=NC2(N=C1N)c1cc(-c3cccc(Cl)c3)ccc1CC21CCOCC1,CHEMBL3653690,100.0,100.0
CC1=NC2(N=C1N)c1cc(-c3ccc(F)c(Cl)c3)ccc1CC21CCOCC1,CHEMBL3653691,145.0,145.0
CC1=NC2(N=C1N)c1cc(Br)ccc1CC21CCC(F)(F)CC1,CHEMBL3653692,1760.0,1760.0
CC1=NC2(N=C1N)c1cc(-c3cncc(Cl)c3)ccc1CC21CCC(F)(F)CC1,CHEMBL3653693,53.0,53.0
CC1=NC2(N=C1N)c1cc(NC(=O)c3ccc(Cl)cn3)ccc1CC21CCC(F)(F)CC1,CHEMBL3653694,408.0,408.0
CC#Cc1cncc(-c2ccc3c(c2)C2(N=C(C)C(N)=N2)C2(CCC(F)(F)CC2)C3)c1,CHEMBL3653695,7.3,7.3
COC1CCC2(CC1)Oc1ccc(Br)cc1C21N=C(C)C(N)=N1,CHEMBL3653696,674.0,674.0
COC1CCC2(CC1)Oc1ccc(-c3cccc(Cl)c3)cc1C21N=C(C)C(N)=N1,CHEMBL3653697,5.3,5.3
COC1CCC2(CC1)Oc1ccc(-c3cncc(Cl)c3)cc1C21N=C(C)C(N)=N1,CHEMBL3653698,5.2,5.2
CC1=NC2(CC3(CCCOC3)Oc3ccc(-c4cccc(Cl)c4)cc32)N=C1N,CHEMBL3653699,124.0,124.0
CC1=NC2(CC3(CCCOC3)Oc3ccc(-c4ccc(F)c(Cl)c4)cc32)N=C1N,CHEMBL3653700,180.0,180.0
CC1=NC2(CC(C3CCCOC3)Oc3ccc(Br)cc32)N=C1N,CHEMBL3653701,1030.0,1030.0
CC1=NC2(CC(C3CCCOC3)Oc3ccc(-c4cccc(Cl)c4)cc32)N=C1N,CHEMBL3653702,0.7,0.7
CC1=N[C@]2(C[C@@H]([C@@H]3CCCOC3)Oc3ccc(-c4cccc(Cl)c4)cc32)N=C1N,CHEMBL3653703,2030.0,2030.0
CC1=N[C@]2(C[C@H]([C@H]3CCCOC3)Oc3ccc(-c4cccc(Cl)c4)cc32)N=C1N,CHEMBL3653704,803.0,803.0
CC1=N[C@]2(C[C@H]([C@@H]3CCCOC3)Oc3ccc(-c4cccc(Cl)c4)cc32)N=C1N,CHEMBL3653705,10.0,10.0
CC1=N[C@]2(C[C@@H]([C@H]3CCCOC3)Oc3ccc(-c4cccc(Cl)c4)cc32)N=C1N,CHEMBL3653706,14.0,14.0
CC1=NC2(CC(C3CCOC(C)(C)C3)Oc3ccc(Br)cc32)N=C1N,CHEMBL3653707,10.0,10.0
CC1=NC2(CC(C3CCOC(C)(C)C3)Oc3ccc(-c4cccc(Cl)c4)cc32)N=C1N,CHEMBL3653708,100.0,100.0
CC1=NC2(CCCc3ccc(Br)cc32)N=C1N,CHEMBL3653709,75600.0,75600.0
CC1=NC2(CCCc3ccc(-c4cncc(Cl)c4)cc32)N=C1N,CHEMBL3653710,325.0,325.0
CC#Cc1cncc(-c2ccc3c(c2)C2(CCC3)N=C(C)C(N)=N2)c1,CHEMBL3653711,62.0,62.0
CC1=NC2(N=C1N)c1cc(Br)ccc1CC21CCC1,CHEMBL3653712,6610.0,6610.0
CC1=NC2(N=C1N)c1cc(-c3cncc(Cl)c3)ccc1CC21CCC1,CHEMBL3653713,284.0,284.0
CC#Cc1cncc(-c2ccc3c(c2)C2(N=C(C)C(N)=N2)C2(CCC2)C3)c1,CHEMBL3653714,31.0,31.0
CC1=NC2(N=C1N)c1cc(C#CC3CC3)ccc1CC21CCC1,CHEMBL3653715,523.0,523.0
CC1=NC2(N=C1N)c1cc(C#CC(C)(C)C)ccc1CC21CCC1,CHEMBL3653716,2610.0,2610.0
CO[C@H]1CC[C@]2(CC1)Cc1ccc(-c3cnc(C)c(Cl)c3)cc1C21N=C(C)C(N)=N1,CHEMBL3980368,12.0,12.0
CO[C@H]1CC[C@]2(CC1)Cc1ccc(-c3cnc(C)c(Cl)c3)cc1[C@@]21N=C(C)C(N)=N1,CHEMBL3902314,5.9,5.9
CO[C@H]1CC[C@]2(CC1)Cc1ccc(-c3cc(Cl)cnc3C)cc1C21N=C(C)C(N)=N1,CHEMBL3909571,19.0,19.0
CC#Cc1cncc(-c2ccc3c(c2)C2(N=C(C)C(N)=N2)[C@]2(CC[C@H](OC)CC2)C3)c1C,CHEMBL3904970,89.0,89.0
CCC1=NC2(N=C1N)c1cc(Br)ccc1C[C@]21CC[C@@H](OC)CC1,CHEMBL3653721,401.0,401.0
CCC1=NC2(N=C1N)c1cc(-c3cncc(Cl)c3)ccc1C[C@]21CC[C@@H](OC)CC1,CHEMBL3653722,5.7,5.7
CC#Cc1cncc(-c2ccc3c(c2)C2(N=C(N)C(CC)=N2)[C@]2(CC[C@H](OC)CC2)C3)c1,CHEMBL3653723,2.0,2.0
CCC1=NC2(N=C1N)c1cc(-c3cncc(C#N)c3)ccc1C[C@]21CC[C@@H](OC)CC1,CHEMBL3653724,21.0,21.0
CCC1=NC2(N=C1N)c1cc(-c3cccc(C#N)c3)ccc1C[C@]21CC[C@@H](OC)CC1,CHEMBL3653725,18.0,18.0
CC#Cc1cncc(-c2ccc3c(c2)[C@@]2(N=C(C)C(N)=N2)[C@]2(CC[C@H](O)CC2)C3)c1,CHEMBL3653726,1.3,1.3
CO[C@H]1CC[C@]2(CC1)Cc1ccc(-c3cc(C)cc(C#N)c3)cc1C21N=C(C)C(N)=N1,CHEMBL3895159,2.6,2.6
CO[C@H]1CC[C@]2(CC1)Cc1ccc(-c3cc(F)cc(C#N)c3)cc1C21N=C(C)C(N)=N1,CHEMBL3923132,5.7,5.7
CC1=NC2(N=C1N)c1cc(Br)ccc1CC21CC1,CHEMBL3653729,16300.0,16300.0
CC1=NC2(N=C1N)c1cc(-c3cc(Cl)cc(C#N)c3)ccc1CC21CC1,CHEMBL3653730,101.0,101.0
CO[C@H]1CC[C@]2(CC1)Cc1ccc(C#N)cc1C21N=C(C)C(N)=N1,CHEMBL3985516,188.0,188.0
COCc1cccc(-c2ccc3c(c2)C2(N=C(C)C(N)=N2)[C@]2(CC[C@H](OC)CC2)C3)c1,CHEMBL3653732,22.0,22.0
COCc1cc(F)cc(-c2ccc3c(c2)C2(N=C(C)C(N)=N2)[C@]2(CC[C@H](OC)CC2)C3)c1,CHEMBL3653733,23.0,23.0
CO[C@H]1CC[C@]2(CC1)Cc1ccc(-c3cncc(COCC(F)(F)F)c3)cc1C21N=C(C)C(N)=N1,CHEMBL3933883,66.0,66.0
CO[C@H]1CC[C@]2(CC1)Cc1ccc(-c3cncc(C)c3)cc1[C@@]21N=C(C)C(N)=N1,CHEMBL3972463,21.0,21.0
CO[C@H]1CC[C@]2(CC1)Cc1ccc(-c3cncc(C(F)(F)F)c3)cc1[C@@]21N=C(C)C(N)=N1,CHEMBL3939410,2.1,2.1
CO[C@H]1CC[C@]2(CC1)Cc1ccc(-c3cc(C#N)cc(C(F)(F)F)c3)cc1[C@@]21N=C(C)C(N)=N1,CHEMBL3971150,3.1,3.1
CO[C@H]1CC[C@]2(CC1)Cc1ccc(-c3cc(C#N)cc(C(F)F)c3)cc1[C@@]21N=C(C)C(N)=N1,CHEMBL3955716,1.5,1.5
COc1cc(-c2ccc3c(c2)[C@@]2(N=C(C)C(N)=N2)[C@]2(CC[C@H](OC)CC2)C3)cc(C#N)c1F,CHEMBL3929159,2.2,2.2
CO[C@H]1CC[C@]2(CC1)Cc1ccc(-c3cc(F)cc(F)c3)cc1[C@@]21N=C(C)C(N)=N1,CHEMBL3953357,2.8,2.8
COc1cccc(-c2ccc3c(c2)[C@@]2(N=C(C)C(N)=N2)[C@]2(CC[C@H](OC)CC2)C3)c1F,CHEMBL3916726,3.3,3.3
CO[C@H]1CC[C@]2(CC1)Cc1ccc(-c3ccccc3)cc1[C@@]21N=C(C)C(N)=N1,CHEMBL3928162,13.0,13.0
COc1cc(C#N)cc(-c2ccc3c(c2)C2(N=C(C)C(N)=N2)[C@]2(CC[C@H](OC)CC2)C3)c1,CHEMBL3907727,2.2,2.2
COc1cc(C#N)cc(-c2ccc3c(c2)[C@@]2(N=C(C)C(N)=N2)[C@]2(CC[C@H](OC)CC2)C3)c1,CHEMBL3902302,0.84,0.84
COc1cc(C#N)cc(-c2ccc3c(c2)[C@]2(N=C(C)C(N)=N2)[C@]2(CC[C@H](OC)CC2)C3)c1,CHEMBL4111546,5870.0,5870.0
CO[C@H]1CC[C@]2(CC1)Cc1ccc(-c3cc(Br)cc(C#N)c3)cc1C21N=C(C)C(N)=N1,CHEMBL3936953,1.8,1.8
CCc1cc(C#N)cc(-c2ccc3c(c2)C2(N=C(C)C(N)=N2)[C@]2(CC[C@H](OC)CC2)C3)c1,CHEMBL3657419,5.3,5.3
COCc1cc(C#N)cc(-c2ccc3c(c2)C2(N=C(C)C(N)=N2)[C@]2(CC[C@H](OC)CC2)C3)c1,CHEMBL3657420,6.1,6.1
COc1ccc(F)c(-c2ccc3c(c2)[C@@]2(N=C(C)C(N)=N2)[C@]2(CC[C@H](OC)CC2)C3)c1,CHEMBL3985518,1.5,1.5
CO[C@H]1CC[C@]2(CC1)Cc1ccc(-c3cc(F)ccc3F)cc1[C@@]21N=C(C)C(N)=N1,CHEMBL3903281,3.9,3.9
CO[C@H]1CC[C@]2(CC1)Cc1ccc(-c3cc(Cl)c(F)c(C#N)c3)cc1[C@@]21N=C(C)C(N)=N1,CHEMBL3974225,0.72,0.72
CO[C@H]1CC[C@]2(CC1)Cc1ccc(-c3cccc(F)c3F)cc1[C@@]21N=C(C)C(N)=N1,CHEMBL3897786,19.8,19.8
CO[C@H]1CC[C@]2(CC1)Cc1ccc(-c3cc(C#N)ccc3F)cc1[C@@]21N=C(C)C(N)=N1,CHEMBL3894452,3.3,3.3
CO[C@H]1CC[C@]2(CC1)Cc1ccc(-c3ccc(F)cc3F)cc1[C@@]21N=C(C)C(N)=N1,CHEMBL3917003,34.0,34.0
CO[C@H]1CC[C@]2(CC1)Cc1ccc(-c3cccc(Cl)c3Cl)cc1[C@@]21N=C(C)C(N)=N1,CHEMBL3986744,64.0,64.0
CC1=N[C@]2(N=C1N)c1cc(-c3cc(F)cc(C#N)c3)ccc1C[C@]21CC[C@@H](OC(F)F)CC1,CHEMBL3657428,22.0,22.0
COc1cc(C#N)cc(-c2ccc3c(c2)[C@@]2(N=C(C)C(N)=N2)[C@]2(CC[C@H](OC(F)F)CC2)C3)c1,CHEMBL3657429,1.0,1.0
CC1=NC2(N=C1N)c1cc(-c3cncc(C(F)(F)F)c3)ccc1C[C@]21CC[C@@H](OC(F)F)CC1,CHEMBL3657430,21.0,21.0
CC1=NC2(N=C1N)c1cc(-c3cc(Cl)cc(C#N)c3)ccc1C[C@]21CC[C@@H](OC(F)F)CC1,CHEMBL3639562,1.3,1.3
CC1=NC2(N=C1N)c1cc(-c3cc(F)cc(F)c3)ccc1C[C@]21CC[C@@H](OC(F)F)CC1,CHEMBL3657431,21.0,21.0
COc1cc(-c2ccc3c(c2)C2(N=C(C)C(N)=N2)[C@]2(CC[C@H](OC(F)F)CC2)C3)cc(C#N)c1F,CHEMBL3657432,24.0,24.0
CC#Cc1cncc(-c2ccc3c(c2)C2(N=C(C)C(N)=N2)[C@]2(CC[C@](C)(OC)CC2)C3)c1,CHEMBL3919032,51.0,51.0
CO[C@H]1CC[C@]2(CC1)Cc1ccc(C#CC3CCC3)cc1C21N=C(C)C(N)=N1,CHEMBL3946842,22.0,22.0
CO[C@H]1CC[C@]2(CC1)Cc1ccc(C#CC(C)C)cc1C21N=C(C)C(N)=N1,CHEMBL3945110,24.0,24.0
CC1=NC2(N=C1N)c1cc(-c3cc(F)cc(C#N)c3)ccc1CC21CCC(=O)CC1,CHEMBL3657436,632.0,632.0
CO[C@H]1CC[C@]2(CC1)Cc1ccc(-c3cnc4[nH]cc(C)c4c3)cc1C21N=C(C)C(N)=N1,CHEMBL3981574,26.0,26.0
CO[C@H]1CC[C@]2(CC1)Cc1ccc(-c3cncc(C(F)F)c3)cc1C21N=C(C)C(N)=N1,CHEMBL3952823,27.0,27.0
CO[C@H]1CC[C@]2(CC1)Cc1ccc(-c3ccc4[nH]cc(C)c4c3)cc1C21N=C(C)C(N)=N1,CHEMBL3917335,37.0,37.0
CC#Cc1cccc(-c2ccc3c(c2)C2(N=C(C)C(N)=N2)[C@]2(CC[C@H](OC)CC2)C3)c1Cl,CHEMBL3957561,189.0,189.0
CC1=NC2(N=C1N)c1cc(Br)ccc1CC21CCC(C(F)(F)F)CC1,CHEMBL3657441,19300.0,19300.0
CO[C@H]1CC[C@]2(CC1)Cc1ccc(OCC3CCC3)cc1C21N=C(C)C(N)=N1,CHEMBL3961886,20.0,20.0
COCc1cc(-c2ccc3c(c2)C2(N=C(C)C(N)=N2)[C@]2(CC[C@H](OC)CC2)C3)cc(C#N)c1F,CHEMBL3657443,34.0,34.0
CC1=NC2(N=C1N)c1cc(Br)ccc1CC21CCC(C(F)F)CC1,CHEMBL3657444,2610.0,2610.0
CC1=NC2(N=C1N)c1cc(-c3cncc(Cl)c3)ccc1CC21CCC(C(F)F)CC1,CHEMBL3657445,748.0,748.0
CCO[C@H]1CC[C@]2(CC1)Cc1ccc(Br)cc1C21N=C(C)C(N)=N1,CHEMBL3948423,842.0,842.0
CCO[C@H]1CC[C@]2(CC1)Cc1ccc(-c3cncc(C(F)(F)F)c3)cc1C21N=C(C)C(N)=N1,CHEMBL3926971,44.0,44.0
CCO[C@H]1CC[C@]2(CC1)Cc1ccc(-c3cc(F)cc(C#N)c3)cc1C21N=C(C)C(N)=N1,CHEMBL3963582,21.0,21.0
CCO[C@H]1CC[C@]2(CC1)Cc1ccc(-c3cncc(Cl)c3)cc1C21N=C(C)C(N)=N1,CHEMBL3972810,25.0,25.0
CCO[C@H]1CC[C@]2(CC1)Cc1ccc(-c3cc(C#N)cc(C(F)F)c3)cc1C21N=C(C)C(N)=N1,CHEMBL3917387,28.0,28.0
CC#Cc1cncc(-c2ccc3c(c2)C2(N=C(C)C(N)=N2)[C@]2(CC[C@H](OCC)CC2)C3)c1,CHEMBL3987125,22.0,22.0
CC(C)OC[C@H]1C[C@H]2CSC(N)=N[C@@]2(c2ccccc2F)CO1,CHEMBL3691382,396.0,396.0
NC1=N[C@@]2(c3ccc(F)cc3F)CO[C@@H](CO)C[C@H]2CS1,CHEMBL3691383,2270.0,2270.0
NC1=N[C@@]2(c3ccccc3F)CO[C@@H](CF)C[C@H]2CS1,CHEMBL3691384,838.0,838.0
NC1=N[C@@]2(c3ccc(F)cc3F)CO[C@@H](COCc3ccccc3)C[C@H]2CO1,CHEMBL3691359,32.3,32.3
NC1=N[C@@]2(c3ccccc3F)CO[C@@H](COc3ccccc3)C[C@H]2CS1,CHEMBL3691360,826.0,826.0
NC1=N[C@@]2(c3ccccc3F)CO[C@@H](COc3ccccn3)C[C@H]2CS1,CHEMBL3691361,2380.0,2380.0
CCOC[C@H]1C[C@H]2CSC(N)=N[C@@]2(c2ccccc2F)CO1,CHEMBL3691362,914.0,914.0
NC1=N[C@@]2(c3ccc(F)cc3)COCC[C@H]2CS1,CHEMBL3691363,7520.0,7520.0
NC1=N[C@@]2(c3ccccc3F)COCC[C@H]2CS1,CHEMBL3691364,7950.0,7950.0
Cc1ccc([C@]23COCC[C@H]2CSC(N)=N3)c(F)c1,CHEMBL3691365,3730.0,3730.0
NC1=N[C@@]2(c3ccccc3)COCC[C@H]2CS1,CHEMBL3691366,10400.0,10400.0
NC1=N[C@@]2(c3ccccc3F)CO[C@@H](COC(=O)c3ccccc3)C[C@H]2CS1,CHEMBL3691367,13000.0,13000.0
NC1=N[C@@]2(c3c(F)cccc3F)COCC[C@H]2CS1,CHEMBL3691368,13800.0,13800.0
NC1=N[C@@]2(c3ccc(Cl)cc3F)COCC[C@H]2CS1,CHEMBL3691369,10200.0,10200.0
NC1=N[C@@]2(c3ccc(O)cc3F)COCC[C@H]2CS1,CHEMBL3691370,5350.0,5350.0
COc1ccccc1[C@]12COCC[C@H]1CSC(N)=N2,CHEMBL3691371,100000.0,100000.0
NC1=N[C@]2(c3ccc(F)cc3F)COCC[C@@H]2CS1,CHEMBL3691372,100000.0,100000.0
NC1=N[C@@]2(c3ccccc3F)CO[C@@H](COc3cnccn3)C[C@H]2CS1,CHEMBL3691373,2030.0,2030.0
NC1=N[C@@]2(c3ccccc3F)CO[C@@H](COc3ncccn3)C[C@H]2CS1,CHEMBL3691374,8030.0,8030.0
NC1=N[C@@]2(c3ccccc3OC(F)(F)F)COCC[C@H]2CS1,CHEMBL3691375,87900.0,87900.0
COC[C@H]1C[C@H]2CSC(N)=N[C@@]2(c2ccccc2F)CO1,CHEMBL3691376,1240.0,1240.0
C[C@H]1SC(N)=N[C@@]2(c3ccccc3F)COCC[C@@H]12,CHEMBL3691377,6720.0,6720.0
C[C@@H]1SC(N)=N[C@@]2(c3ccccc3F)COCC[C@@H]12,CHEMBL3691378,11200.0,11200.0
NC1=N[C@@]2(c3ccccc3F)CO[C@@H](CO)C[C@H]2CS1,CHEMBL3691379,8410.0,8410.0
C[C@H]1SC(N)=N[C@@]2(c3cc(Br)ccc3F)COCC[C@@H]12,CHEMBL3691380,27800.0,27800.0
C[C@H]1SC(N)=N[C@@]2(c3cc(-c4cncnc4)ccc3F)COCC[C@@H]12,CHEMBL3691381,3000.0,3000.0
COc1ccc2c(c1)[C@]1(N=C(N)N(C)C1=O)c1cc(-c3cncnc3)ccc1O2,CHEMBL3695727,13.4,13.4
CN1C(=O)[C@]2(N=C1N)c1cc(C3=CCOCC3)ccc1Oc1ccc(-c3cccnc3F)cc12,CHEMBL3695728,0.9,0.9
COc1ccc2c(c1)[C@]1(N=C(N)N(C)C1=O)c1cc(-c3ccc(C)cc3)cc(F)c1O2,CHEMBL3695729,13.6,13.6
CC#Cc1cncc(-c2ccc3c(c2)[C@]2(N=C(N)N(C)C2=O)c2cc(C4=CCOCC4)cc(F)c2O3)c1,CHEMBL3695730,0.9,0.9
CC#Cc1cncc(-c2ccc3c(c2)[C@@]2(N=C(N)N(C)C2=O)c2cc(C4=CCOCC4)cc(F)c2O3)c1,CHEMBL3695731,179.0,179.0
Cc1ccc(-c2cc(F)c3c(c2)[C@]2(N=C(N)N(C)C2=O)c2cc(-c4cccc(Cl)c4)ccc2O3)cc1,CHEMBL3695732,4.1,4.1
CN1C(=O)[C@]2(N=C1N)c1cc(-c3cccc(Cl)c3)ccc1Oc1c(F)cc(C3=CCOCC3)cc12,CHEMBL3695734,0.3,0.3
CN1C(=O)[C@@]2(N=C1N)c1cc(-c3cccc(Cl)c3)ccc1Oc1c(F)cc(C3=CCOCC3)cc12,CHEMBL3695735,24.3,24.3
Cc1ccc(-c2cc(F)c3c(c2)[C@@]2(N=C(N)N(C)C2=O)c2cc(-c4cccc(Cl)c4)ccc2O3)cc1,CHEMBL3695733,2.9,2.9
CN1C(=O)[C@@]2(N=C1N)c1cc(-c3cccnc3F)ccc1Oc1c(F)cc(-c3ccnc(F)c3)cc12,CHEMBL3695736,169.0,169.0
CN1C(=O)[C@]2(N=C1N)c1cc(-c3cccnc3F)ccc1Oc1c(F)cc(-c3ccnc(F)c3)cc12,CHEMBL3695737,0.2,0.2
CN1C(=O)C[C@]2(N=C1N)c1cc(-c3cccnc3F)ccc1Oc1cnc(C3=CCOCC3)cc12,CHEMBL3695738,9.3,9.3
CN1C(=O)C[C@]2(N=C1N)c1cc(-c3cccnc3F)ccc1Oc1cnc(C3=CCCOC3)cc12,CHEMBL3695739,12.1,12.1
CN1C(=O)C[C@@]2(N=C1N)c1cc(-c3cccnc3F)ccc1Oc1cnc(C3=CCOCC3)cc12,CHEMBL3695740,1750.0,1750.0
CN1C(=O)C[C@@]2(N=C1N)c1cc(-c3cccnc3F)ccc1Oc1cnc(C3=CCCOC3)cc12,CHEMBL3695741,2430.0,2430.0
CN1C(=O)C[C@@]2(N=C1N)c1cc(-c3cccnc3F)ccc1Oc1cnc(-c3ccnc(F)c3)cc12,CHEMBL3695742,437.0,437.0
CN1C(=O)C[C@]2(N=C1N)c1cc(-c3cccnc3F)ccc1Oc1cnc(-c3ccnc(F)c3)cc12,CHEMBL3695743,12.2,12.2
CN1C(=O)CC2(N=C1N)c1cc(-c3cccnc3F)ccc1Oc1c2cc(-c2ccnc(F)c2)nc1F,CHEMBL3639946,2.4,2.4
CN1C(=O)CC2(N=C1N)c1cc(-c3cccnc3F)ccc1Oc1c2cc(C2=CCCOC2)nc1F,CHEMBL3695744,1.4,1.4
CN1C(=O)C[C@@]2(N=C1N)c1cc(-c3cccnc3F)ccc1Oc1c2cc(Cl)nc1F,CHEMBL3695745,8210.0,8210.0
CN1C(=O)C[C@]2(N=C1N)c1cc(-c3cccnc3F)ccc1Oc1c2cc(Cl)nc1F,CHEMBL3695746,33.2,33.2
CN1C(=O)C[C@]2(N=C1N)c1cc(-c3cccnc3F)ccc1Oc1c2cc(-c2ccnc(F)c2)nc1F,CHEMBL3695747,1.4,1.4
CN1C(=N)NC2(CC1=O)c1cc(-c3cccnc3F)ccc1Oc1cnc(-c3cccnc3F)cc12,CHEMBL3695748,48.3,48.3
CN1C(=O)C[C@]2(N=C1N)c1cc(-c3cccnc3F)ccc1Oc1c2cc(C2=CCCOC2)nc1F,CHEMBL3695749,2.8,2.8
CN1C(=O)CC2(N=C1N)c1cc(-c3cccnc3F)ccc1Oc1c2cc(-c2cccnc2F)nc1F,CHEMBL3695750,22.8,22.8
CN1C(=O)C[C@]2(N=C1N)c1cc(-c3cccnc3F)ccc1Oc1c2cc(C2=CC(C)(C)OCC2)nc1F,CHEMBL3695751,0.6,0.6
CN1C(=O)C[C@]2(N=C1N)c1cc(-c3cccnc3F)ccc1Oc1c2cc(C2=CCOC(C)(C)C2)nc1F,CHEMBL3695752,0.7,0.7
CN1C(=O)C[C@]2(N=C1N)c1cc(-c3cccnc3F)ccc1Oc1c2cc(C2CCOC(C)(C)C2)nc1F,CHEMBL3695753,2.0,2.0
COc1ccc2c(c1)C1(N=C(N)N(C)C1=O)c1cc(NC(=O)c3ccc(Cl)cn3)ccc1O2,CHEMBL3695754,6.7,6.7
Cn1ccc([C@H]2C[C@H]3CSC(N)=N[C@@]3(c3ccc(F)cc3F)CO2)n1,CHEMBL3654216,183.0,183.0
Cn1cccc1[C@H]1C[C@H]2CSC(N)=N[C@@]2(c2ccc(F)cc2F)CO1,CHEMBL3654217,7780.0,7780.0
Cc1cnc([C@H]2C[C@H]3[C@@H](C)SC(N)=N[C@@]3(c3ccc(F)cc3F)CO2)o1,CHEMBL3654218,473.0,473.0
C[C@H]1SC(N)=N[C@@]2(c3ccc(F)cc3F)CO[C@@H](c3ncco3)C[C@@H]12,CHEMBL3654219,198.0,198.0
CC1N=CC([C@H]2CC3CSC(N)=N[C@@]3(c3ccc(F)cc3F)CO2)=N1,CHEMBL3654220,55.0,55.0
Cc1csc([C@H]2CC3CSC(N)=N[C@@]3(c3ccc(F)cc3F)CO2)n1,CHEMBL3654221,260.0,260.0
Cc1nccc([C@H]2CC3CSC(N)=N[C@@]3(c3ccc(F)cc3F)CO2)n1,CHEMBL3654222,583.0,583.0
Cc1nc([C@H]2CC3CSC(N)=N[C@@]3(c3ccc(F)cc3F)CO2)co1,CHEMBL3654223,316.0,316.0
Cc1ccnc([C@H]2CC3CSC(N)=N[C@@]3(c3ccc(F)cc3F)CO2)n1,CHEMBL3654224,1470.0,1470.0
Cc1noc([C@H]2CC3CSC(N)=N[C@@]3(c3ccc(F)cc3F)CO2)n1,CHEMBL3654226,439.0,439.0
NC1=N[C@@]2(c3ccc(F)cc3F)CO[C@@H](c3nnco3)CC2CS1,CHEMBL3654225,2210.0,2210.0
Cc1nc([C@H]2CC3CSC(N)=N[C@@]3(c3ccc(F)cc3F)CO2)oc1C,CHEMBL3654227,112.0,112.0
Cc1cc([C@H]2CC3CSC(N)=N[C@@]3(c3ccc(F)cc3F)CO2)on1,CHEMBL3261057,59.0,59.0
Cc1nnc([C@H]2CC3CSC(N)=N[C@@]3(c3ccc(F)cc3F)CO2)o1,CHEMBL3654215,301.0,301.0
NC1=N[C@@]2(c3ccc(F)cc3F)CO[C@@H](c3ccncn3)C[C@H]2CS1,CHEMBL3654228,390.0,390.0
NC1=N[C@@]2(c3ccc(F)cc3F)CO[C@@H](c3ccn(C4CC4)n3)C[C@H]2CS1,CHEMBL3654229,444.0,444.0
NC1=N[C@@]2(c3ccc(F)cc3F)CO[C@@H](c3nc(C(F)(F)F)co3)C[C@H]2CS1,CHEMBL3654230,467.0,467.0
NC1=N[C@@]2(c3ccc(F)cc3F)CO[C@@H](c3ncccn3)C[C@H]2CS1,CHEMBL3654231,983.0,983.0
NC1=N[C@@]2(c3ccc(F)cc3F)CO[C@@H](c3ncc(F)cn3)C[C@H]2CS1,CHEMBL3654232,161.0,161.0
Cc1cnc([C@H]2C[C@H]3CSC(N)=N[C@@]3(c3ccc(F)cc3F)CO2)nc1,CHEMBL3654233,688.0,688.0
Cc1cc(/C=C/C(=O)CC(=O)/C=C/c2ccc(O)cc2)ccc1O,CHEMBL3672398,720.0,720.0
O=C(/C=C/c1ccc(O)cc1)CC(=O)/C=C/c1ccc(O)c(Cl)c1,CHEMBL3672399,730.0,730.0
COc1ccc(/C=C/C(=O)CC(=O)/C=C/c2ccc(O)cc2)c(OC)c1,CHEMBL3672400,970.0,970.0
COc1cc(/C=C/C(=O)CC(=O)/C=C/c2ccc(O)cc2OC)ccc1O,CHEMBL3672401,1200.0,1200.0
COc1ccc(/C=C/C(=O)CC(=O)/C=C/c2ccc(O)cc2OC)cc1O,CHEMBL3672402,2100.0,2100.0
O=C(/C=C/c1ccc(O)cc1)CC(=O)/C=C/c1cc(O)ccc1O,CHEMBL3672403,2200.0,2200.0
COc1ccc(/C=C/C(=O)CC(=O)/C=C/c2cc(O)ccc2O)cc1O,CHEMBL3672404,1400.0,1400.0
COc1cc(/C=C/C(=O)CC(=O)/C=C/c2ccc(O)c(OC)c2)cc(OC)c1,CHEMBL3672405,3400.0,3400.0
O=C(/C=C/c1ccc(O)cc1)CC(=O)/C=C/c1c[nH]c2ccccc12,CHEMBL3672406,1700.0,1700.0
COc1ccc2ccccc2c1/C=C/C(=O)CC(=O)/C=C/c1ccc(O)cc1,CHEMBL3672407,1600.0,1600.0
COc1cc(/C=C/C(=O)CC(=O)/C=C/c2ccc(OC)c3ccccc23)ccc1O,CHEMBL3672408,1200.0,1200.0
O=C(/C=C/c1ccc(O)cc1)CC(=O)/C=C/c1ccc(O)cc1Cl,CHEMBL3672409,1000.0,1000.0
COc1cc(/C=C/C(=O)CC(=O)/C=C/c2ccc(O)cc2Cl)ccc1O,CHEMBL3672410,810.0,810.0
COc1ccc(/C=C/C(=O)CC(=O)/C=C/c2ccc(O)cc2Cl)cc1O,CHEMBL3672411,1500.0,1500.0
O=C(/C=C/c1ccc(O)cc1)CC(=O)/C=C/c1cc(O)ccc1[N+](=O)[O-],CHEMBL3672412,910.0,910.0
COc1cc(/C=C/C(=O)CC(=O)/C=C/c2cc(O)ccc2[N+](=O)[O-])ccc1O,CHEMBL3672413,790.0,790.0
COc1ccc(/C=C/C(=O)CC(=O)/C=C/c2cc(O)ccc2[N+](=O)[O-])cc1O,CHEMBL3672414,630.0,630.0
COc1cc(/C=C/C(=O)CC(=O)/C=C/c2ccc(O)cc2)ccc1F,CHEMBL3672415,1600.0,1600.0
COc1cc(/C=C/C(=O)CC(=O)/C=C/c2ccc(F)c(OC)c2)ccc1O,CHEMBL3672416,2200.0,2200.0
COc1cc(/C=C/C(=O)CC(=O)/C=C/c2c[nH]c3ccccc23)ccc1O,CHEMBL3672417,1300.0,1300.0
COc1cc(/C=C/C(=O)CC(=O)/C=C/c2cccc3ccccc23)ccc1O,CHEMBL3672418,2000.0,2000.0
COc1cc(N(C)C)ccc1/C=C/C(=O)CC(=O)/C=C/c1ccc(O)cc1,CHEMBL3672419,1100.0,1100.0
COc1ccc(/C=C/C(=O)CC(=O)/C=C/c2ccc(N(C)C)c3ccccc23)cc1O,CHEMBL3672420,1800.0,1800.0
COc1ccc(/C=C/C(=O)CC(=O)/C=C/c2cccc(O)c2OC)cc1O,CHEMBL1405147,2900.0,2900.0
COc1cc(/C=C/C(=O)CC(=O)/C=C/c2ccc3[nH]ccc3c2)ccc1O,CHEMBL3672421,1900.0,1900.0
O=C(/C=C/c1ccc(O)cc1)CC(=O)/C=C/c1ccc2cc[nH]c2c1,CHEMBL3672422,800.0,800.0
COc1cc(/C=C/C(=O)CC(=O)/C=C/c2ccc(N(C)C)cc2[N+](=O)[O-])ccc1O,CHEMBL3672423,1500.0,1500.0
COc1ccc(/C=C/C(=O)CC(=O)/C=C/c2ccc3[nH]ccc3c2)cc1O,CHEMBL3672424,2300.0,2300.0
CN(C)c1ccc(/C=C/C(=O)CC(=O)/C=C/c2ccc(O)cc2)c([N+](=O)[O-])c1,CHEMBL3672425,1200.0,1200.0
CN(C)c1ccc(/C=C/C(=O)CC(=O)/C=C/c2ccc(O)cc2)c(Cl)c1,CHEMBL3672426,1200.0,1200.0
COc1cc(/C=C/C(=O)CC(=O)/C=C/c2ccc(N(C)C)cc2Cl)ccc1O,CHEMBL3672427,2000.0,2000.0
COc1ccc(/C=C/C(=O)CC(=O)/C=C/c2ccc(N(C)C)cc2[N+](=O)[O-])cc1O,CHEMBL3672428,1200.0,1200.0
COc1ccc(/C=C/C(=O)CC(=O)/C=C/c2ccc(N(C)C)cc2Cl)cc1O,CHEMBL3672429,1800.0,1800.0
COc1cc(/C=C/C(=O)CC(=O)/C=C/c2ccc(O)cc2)cc(OC)c1OC,CHEMBL3672430,4000.0,4000.0
COc1ccc(/C=C/C(=O)CC(=O)/C=C/c2cc(OC)c(OC)c(OC)c2)cc1O,CHEMBL3672431,3000.0,3000.0
COc1ccc(/C=C/C(=O)CC(=O)/C=C/c2cccc(Oc3ccccc3)c2)cc1O,CHEMBL3672432,2600.0,2600.0
COCOc1c(O)cccc1/C=C/C(=O)CC(=O)/C=C/c1ccc(O)cc1,CHEMBL3672433,2400.0,2400.0
COc1cccc(/C=C/C(=O)CC(=O)/C=C/c2ccc(O)cc2)c1O,CHEMBL3672434,750.0,750.0
COc1ccc(O)c(/C=C/C(=O)CC(=O)/C=C/c2ccc(O)cc2)c1,CHEMBL3672435,960.0,960.0
COc1ccc(/C=C/C(=O)CC(=O)/C=C/c2ccc(O)c(OC)c2)c(O)c1,CHEMBL3672436,1200.0,1200.0
COCOc1cccc(O)c1/C=C/C(=O)CC(=O)/C=C/c1ccc(O)c(OC)c1,CHEMBL3672437,980.0,980.0
CCN(CC)c1ccc(/C=C/C(=O)CC(=O)/C=C/c2ccc(O)cc2)c(OCOC)c1,CHEMBL3672438,2000.0,2000.0
COc1cc(/C=C/C(=O)CC(=O)/C=C/c2c(O)cccc2OC)ccc1O,CHEMBL3672439,1400.0,1400.0
COc1ccc(/C=C/C(=O)CC(=O)/C=C/c2c(O)cccc2OC)cc1O,CHEMBL3672440,1400.0,1400.0
O=C(/C=C/c1ccc(O)cc1)CC(=O)/C=C/c1cc(Cl)cc(Cl)c1O,CHEMBL3672441,9900.0,9900.0
COCOc1cccc(O)c1/C=C/C(=O)CC(=O)/C=C/c1ccc(OC)c(O)c1,CHEMBL3672442,1200.0,1200.0
O=C(/C=C/c1ccc(O)cc1)CC(=O)/C=C/c1cccc2cccnc12,CHEMBL3672443,2000.0,2000.0
O=C(/C=C/c1ccc(O)cc1)CC(=O)/C=C/c1cn(Cc2ccccc2)c2ccccc12,CHEMBL3672444,2300.0,2300.0
COc1cc(O)cc(/C=C/C(=O)CC(=O)/C=C/c2cc(O)cc(OC)c2)c1,CHEMBL3672445,480.0,480.0
O=C(/C=C/c1ccc(O)cc1Cl)CC(=O)/C=C/c1ccc(O)cc1Cl,CHEMBL3672446,720.0,720.0
COc1ccc(O)cc1/C=C/C(=O)CC(=O)/C=C/c1cc(O)ccc1OC,CHEMBL3672447,1600.0,1600.0
O=C(/C=C/c1cc(O)ccc1[N+](=O)[O-])CC(=O)/C=C/c1cc(O)ccc1[N+](=O)[O-],CHEMBL3672448,790.0,790.0
O=C(/C=C/c1cccc2cc[nH]c12)CC(=O)/C=C/c1cccc2cc[nH]c12,CHEMBL3672449,940.0,940.0
O=C(/C=C/c1ccc(O)cc1)CC(=O)/C=C/c1ccc2ccn(Cc3ccccc3)c2c1,CHEMBL3677208,920.0,920.0
CS(=O)(=O)n1ccc2ccc(/C=C/C(=O)CC(=O)/C=C/c3ccc(O)cc3)cc21,CHEMBL3677209,3300.0,3300.0
CC(C)(C)[Si](C)(C)OCc1ccccc1/C=C/C(=O)CC(=O)/C=C/c1ccc(O)cc1,CHEMBL3677210,1200.0,1200.0
CCN(CC)c1ccc(/C=C/C(=O)CC(=O)/C=C/c2ccc(O)cc2)c(OCc2ccccc2)c1,CHEMBL3677211,3400.0,3400.0
N[C@@H](Cc1ccccc1)C(=O)Nc1ccc(/C=C/C(=O)CC(=O)/C=C/c2ccc(O)cc2)cc1,CHEMBL3677212,2100.0,2100.0
N[C@H](Cc1ccccc1)C(=O)Nc1ccc(/C=C/C(=O)CC(=O)/C=C/c2ccc(O)cc2)cc1,CHEMBL3677213,2200.0,2200.0
CCN(CC)c1ccc(/C=C/C(=O)CC(=O)/C=C/c2ccc(O)cc2)c(OCC=C(C)C)c1,CHEMBL3677214,1000.0,1000.0
CCN(CC)c1ccc(/C=C/C(=O)CC(=O)/C=C/c2ccc(O)cc2)c(OC(C)C)c1,CHEMBL3677215,1100.0,1100.0
COCOc1ccc(OC)cc1/C=C/C(=O)CC(=O)/C=C/c1cc(OC)ccc1O,CHEMBL3677216,2200.0,2200.0
O=C(/C=C/c1ccc(O)cc1)CC(=O)/C=C/c1c[nH]c2cccc([N+](=O)[O-])c12,CHEMBL3677217,830.0,830.0
COc1ccc(/C=C/C(=O)CC(=O)/C=C/c2c[nH]c3cccc([N+](=O)[O-])c23)cc1O,CHEMBL3677218,1400.0,1400.0
O=C(/C=C/c1ccc(O)cc1)CC(=O)/C=C/c1cccc(Br)c1,CHEMBL3677219,3100.0,3100.0
O=C(/C=C/c1ccc(O)cc1)CC(=O)/C=C/c1cc(Cl)ccc1[N+](=O)[O-],CHEMBL3677220,1500.0,1500.0
O=C(/C=C/c1ccc(O)cc1)CC(=O)/C=C/c1ccccc1C(F)(F)F,CHEMBL3677221,850.0,850.0
O=C(/C=C/c1ccc(O)cc1)CC(=O)/C=C/c1cc(F)cc(F)c1,CHEMBL3677222,2300.0,2300.0
O=C(/C=C/c1ccc(O)cc1)CC(=O)/C=C/c1ccccc1-c1ccccc1,CHEMBL3677223,880.0,880.0
O=C(/C=C/c1ccc(O)cc1)CC(=O)/C=C/c1cc(C(F)(F)F)ccc1F,CHEMBL3677224,510.0,510.0
CCCN(CCC)C(=O)c1cccc(/C=C/C(=O)CC(=O)/C=C/c2ccc(O)cc2)c1,CHEMBL3677225,3300.0,3300.0
O=C(/C=C/c1ccc(O)cc1)CC(=O)/C=C/c1cc(OCc2ccccc2)ccc1[N+](=O)[O-],CHEMBL3677226,740.0,740.0
O=C(/C=C/c1ccc(O)cc1)CC(=O)/C=C/c1ccccc1[N+](=O)[O-],CHEMBL3677227,1900.0,1900.0
COC(=O)c1ccccc1/C=C/C(=O)CC(=O)/C=C/c1ccc(O)cc1,CHEMBL3677228,1200.0,1200.0
COc1ccc([N+](=O)[O-])c(/C=C/C(=O)CC(=O)/C=C/c2ccc(O)cc2)c1,CHEMBL3677229,3400.0,3400.0
CSc1ccccc1/C=C/C(=O)CC(=O)/C=C/c1ccc(O)cc1,CHEMBL3677230,950.0,950.0
C=CC(=O)CC(=O)CC(c1ccc(O)cc1)c1ccc2cc[nH]c2c1,CHEMBL3639760,2400.0,2400.0
O=C(/C=C/c1ccc2ccn(Cc3ccccc3)c2c1)CC(=O)CCc1ccc(O)cc1,CHEMBL3677231,610.0,610.0
O=C(/C=C/c1ccc(O)cc1Cl)CC(=O)CCc1ccc(O)cc1,CHEMBL3677232,1100.0,1100.0
CN(C)c1ccc(/C=C/C(=O)CC(=O)CCc2ccc(O)cc2)c([N+](=O)[O-])c1,CHEMBL3677233,2100.0,2100.0
CN(C)c1ccc(/C=C/C(=O)CC(=O)CCc2ccc(O)cc2)c(Cl)c1,CHEMBL3677234,2400.0,2400.0
O=C(/C=C/c1ccc(O)cc1)CC(=O)/C=C/c1cc(O)ccc1-c1ccccc1,CHEMBL3677235,1000.0,1000.0
O=C(/C=C/c1ccc(O)cc1)CC(=O)/C=C/c1cc(OCc2ccccc2)ccc1-c1ccccc1,CHEMBL3677236,480.0,480.0
O=C(/C=C/c1ccc(O)cc1)CC(=O)/C=C/c1ccccc1-c1cccc2ccccc12,CHEMBL3677237,490.0,490.0
O=C(/C=C/c1ccc(O)cc1)CC(=O)/C=C/c1ccccc1-c1ccc2ccccc2c1,CHEMBL3677238,2700.0,2700.0
O=C(/C=C/c1cc(O)ccc1[N+](=O)[O-])CC(=O)CCc1ccc(O)cc1,CHEMBL3677239,600.0,600.0
O=C(/C=C/c1ccc(O)cc1)CC(=O)/C=C/c1cc(OCc2ccccc2)ccc1Br,CHEMBL3677240,370.0,370.0
O=C(/C=C/c1ccc(O)cc1)CC(=O)/C=C/c1cc(O)ccc1Br,CHEMBL3677241,330.0,330.0
COc1cc(/C=C/C(=O)CC(=O)/C=C/c2ccc(O)cc2)c(Br)cc1O,CHEMBL3677242,1400.0,1400.0
O=C(/C=C/c1ccc(O)cc1)CC(=O)/C=C/c1cc(O)c(Br)cc1Br,CHEMBL3677243,870.0,870.0
COc1cc(F)c2c(c1)C1(N=C(N)n3ccnc31)c1cc(-c3cccnc3F)ccc1O2,CHEMBL3677269,9.0,9.0
NC1=N[C@]2(c3cc(-c4cccnc4F)ccc3Oc3c(F)cc(-c4ccnc(F)c4)cc32)c2nccn21,CHEMBL3677270,10.0,10.0
NC1=N[C@@]2(c3cc(-c4cccnc4F)ccc3Oc3c(F)cc(-c4ccnc(F)c4)cc32)c2nccn21,CHEMBL3677271,0.3,0.3
NC1=N[C@@]2(c3cc(-c4cccnc4F)ccc3Oc3c(F)cc(C4=CCCOC4)cc32)c2nccn21,CHEMBL3677272,23.0,23.0
NC1=N[C@]2(c3cc(-c4cccnc4F)ccc3Oc3c(F)cc(C4=CCCOC4)cc32)c2nccn21,CHEMBL3677273,0.4,0.4
Cc1ccc(-c2cc(F)c3c(c2)[C@]2(N=C(N)n4ccnc42)c2cc(-c4cccnc4F)ccc2O3)cc1,CHEMBL3677274,114.0,114.0
Cc1ccc(-c2cc(F)c3c(c2)[C@@]2(N=C(N)n4ccnc42)c2cc(-c4cccnc4F)ccc2O3)cc1,CHEMBL3677275,0.4,0.4
NC1=N[C@@]2(c3cc(-c4cccnc4F)ccc3Oc3c(F)cc(N4CCOCC4)cc32)c2nccn21,CHEMBL3677276,0.7,0.7
NC1=N[C@]2(c3cc(-c4cccnc4F)ccc3Oc3c(F)cc(N4CCOCC4)cc32)c2nccn21,CHEMBL3677277,189.0,189.0
NC1=N[C@@]2(c3cc(-c4cccnc4F)ccc3Oc3c(F)cc([N+]4=CCOCC4)cc32)c2nccn21,CHEMBL4109073,0.6,0.6
NC1=N[C@]2(c3cc(-c4cccnc4F)ccc3Oc3c(F)cc([N+]4=CCC(F)(F)CC4)cc32)c2nccn21,CHEMBL4109723,0.7,0.7
COc1cc(F)c2c(c1)[C@@]1(N=C(N)N3CCCN=C31)c1cc(-c3cccnc3F)ccc1O2,CHEMBL3677279,22.0,22.0
NC1=NC2(CO1)c1cc(Br)ccc1OCC21CCCO1,CHEMBL3703205,73300.0,73300.0
NC1=NC2(CO1)c1cc(Br)ccc1OCC21COC1,CHEMBL3703206,59600.0,59600.0
NC1=NC2(CO1)c1cc(Br)ccc1OC1(CCC1)C21COC1,CHEMBL3703207,33800.0,33800.0
COCc1cnn(-c2ccc3c(c2)C2(COC(N)=N2)C2(COC2)C2(CCC2)O3)c1,CHEMBL3703208,12600.0,12600.0
NC1=NC2(CO1)c1cc(-c3cncnc3)ccc1OC1(CCC1)C21COC1,CHEMBL3703209,1560.0,1560.0
CC1(C)Oc2ccc(Br)cc2C2(COC(N)=N2)C12COC2,CHEMBL3703210,11700.0,11700.0
C[C@@H]1Oc2ccc(Br)cc2[C@]2(COC(=N)N2)C12COC2,CHEMBL3927416,39000.0,39000.0
C[C@@H]1Oc2ccc(Br)cc2[C@@]2(COC(N)=N2)C12COC2,CHEMBL3703212,39700.0,39700.0
CCC1Oc2ccc(Br)cc2C2(COC(N)=N2)C12COC2,CHEMBL3703214,17300.0,17300.0
NC1=NC2(CO1)c1cc(Br)ccc1OCC21CCC1,CHEMBL3703213,61300.0,61300.0
NC1=NC2(CO1)c1cc(Br)ccc1OC1(CCCC1)C21COC1,CHEMBL3703215,7210.0,7210.0
CCCC1Oc2ccc(Br)cc2C2(C=C(N)OC2)C12COC2,CHEMBL3703216,15600.0,15600.0
NC1=NC2(CO1)c1cc(Br)ccc1OC(C1CC1)C21COC1,CHEMBL3703217,38700.0,38700.0
CC(C)CC1Oc2ccc(Br)cc2C2(COC(N)=N2)C12COC2,CHEMBL3703218,11100.0,11100.0
NC1=NC2(CO1)c1cc(Br)ccc1OC(CCC(F)(F)F)C21COC1,CHEMBL3703219,19000.0,19000.0
NC1=NC2(CO1)c1cc(Br)ccc1OC(Cc1ccccc1)C21COC1,CHEMBL3703220,1720.0,1720.0
NC1=NC2(CO1)c1cc(Br)ccc1OC(CC1CC1)C21COC1,CHEMBL3703221,9540.0,9540.0
NC1=NC2(CO1)c1cc(Br)ccc1OCC21CC1,CHEMBL3703222,30200.0,30200.0
NC1=NC2(CO1)c1cc(Br)c(F)cc1OCC21CC1,CHEMBL3703223,41300.0,41300.0
COCC#Cc1cncc(-c2ccc3c(c2)C2(COC(N)=N2)C2(COC2)CO3)c1,CHEMBL3703224,2310.0,2310.0
C#Cc1cncc(-c2ccc3c(c2)C2(COC(N)=N2)C2(COC2)CO3)c1,CHEMBL3703228,519.0,519.0
NC1=NC2(CO1)c1cc(C3=CCOCC3)ccc1OCC21COC1,CHEMBL3703229,37900.0,37900.0
NC1=NC2(CO1)c1cc(Nc3ccccn3)ccc1OCC21COC1,CHEMBL3703230,36900.0,36900.0
COc1cccnc1Nc1ccc2c(c1)C1(COC(N)=N1)C1(COC1)CO2,CHEMBL3703231,3750.0,3750.0
CC1(C)Oc2ccc(NC(=O)c3ccc(Cl)cn3)cc2C2(COC(N)=N2)C12COC2,CHEMBL3703232,82.2,82.2
CC1(C)Oc2ccc(NC(=O)c3ccc(F)cn3)cc2C2(COC(N)=N2)C12COC2,CHEMBL3703233,154.0,154.0
NC1=NC2(CO1)c1cc(NC(=O)c3ncc(Cl)cc3F)ccc1OCC21CC1,CHEMBL3703234,276.0,276.0
CC1(C)Oc2ccc(NC(=O)c3ncc(Cl)cc3F)cc2C2(COC(N)=N2)C12COC2,CHEMBL3703235,97.5,97.5
NC1=NC2(CO1)c1cc(NC(=O)c3ccc(F)cn3)ccc1OCC21CC1,CHEMBL3703236,1060.0,1060.0
NC1=NC2(CO1)c1cc(NC(=O)c3ccc(Cl)cn3)ccc1OCC21CC1,CHEMBL3703237,418.0,418.0
COc1ccc(F)c(-c2ccc3c(c2)C2(COC(N)=N2)C2(COC2)CO3)c1,CHEMBL3703238,1520.0,1520.0
NC1=NC2(CO1)c1cc(-c3cc(Cl)cnc3F)ccc1OCC21COC1,CHEMBL3703239,1240.0,1240.0
COCCCc1ccc2c(c1)C1(COC(N)=N1)C1(COC1)CO2,CHEMBL3703240,26000.0,26000.0
NC1=NC2(CO1)c1cc(-c3cncnc3)ccc1OCC21COC1,CHEMBL3703241,2900.0,2900.0
Cc1cccc(CCc2ccc3c(c2)C2(COC(N)=N2)C2(COC2)CO3)c1,CHEMBL3703243,17300.0,17300.0
NC1=NC2(c3cc(Br)ccc3OCC23CC3)c2cccc(F)c21,CHEMBL3703244,46900.0,46900.0
NC1=NC2(CS1)c1cc(Br)ccc1OCC21COC1,CHEMBL3703245,24800.0,24800.0
CC1(C)Oc2ccc(Br)cc2C2(CSC(N)=N2)C12COC2,CHEMBL3703246,16100.0,16100.0
NC1=NC2(CO1)c1cc(Nc3ncccc3Cl)ccc1OCC21COC1,CHEMBL3703247,1960.0,1960.0
NC1=NC2(CO1)c1cc(Nc3ncccc3Cl)ccc1OC1(CCC1)C21COC1,CHEMBL3703248,602.0,602.0
COc1cccnc1Nc1ccc2c(c1)C1(COC(N)=N1)C1(COC1)C1(CCC1)O2,CHEMBL3703249,1040.0,1040.0
CC(C)Cc1ccc2c(c1)C1(COC(N)=N1)C1(COC1)C1(CCC1)O2,CHEMBL3703250,8940.0,8940.0
CCC(CC)Cc1ccc2c(c1)C1(COC(N)=N1)C1(COC1)C1(CCC1)O2,CHEMBL3703251,2330.0,2330.0
NC1=NC2(CO1)c1cc(-c3cncc(C#CC4CC4)c3)ccc1OC1(CCC1)C21COC1,CHEMBL3703252,1130.0,1130.0
CC1(C)Oc2ccc(-c3cncnc3)cc2C2(COC(N)=N2)C12COC2,CHEMBL3703253,48600.0,48600.0
CC#Cc1cncc(-c2ccc3c(c2)C2(COC(N)=N2)C2(CC2)CO3)c1,CHEMBL3703254,161.0,161.0
CC#Cc1cncc(-c2ccc3c(c2)C2(COC(N)=N2)C2(COC2)CO3)c1,CHEMBL3703255,157.0,157.0
CC1(C)Oc2ccc(-c3cncnc3)cc2C2(CSC(N)=N2)C12COC2,CHEMBL3703256,406.0,406.0
NC1=NC2(CO1)c1cc(-c3cncc(C4CC4)c3)ccc1OCC21CC1,CHEMBL3703258,3690.0,3690.0
NC1=NC2(CO1)c1cc(-c3cncc(OCC(F)(F)F)c3)ccc1OCC21CC1,CHEMBL3703259,1480.0,1480.0
NC1=NC2(CO1)c1cc(-c3cncc(OCC(F)F)c3)ccc1OCC21CC1,CHEMBL3703260,1110.0,1110.0
NC1=NC2(CO1)c1cc(-c3cncc(OC(F)F)c3)ccc1OCC21CC1,CHEMBL3703261,1480.0,1480.0
CCc1cncc(-c2ccc3c(c2)C2(COC(N)=N2)C2(CC2)CO3)c1,CHEMBL3703264,7900.0,7900.0
NC1=NC2(CO1)c1cc(-c3cncc(OCC(F)(F)C(F)F)c3)ccc1OCC21CC1,CHEMBL3703265,6120.0,6120.0
CC#Cc1cncc(-c2ccc3c(c2)C2(CSC(N)=N2)C2(COC2)CO3)c1,CHEMBL3703268,345.0,345.0
NC1=NC2(CO1)c1cc(-c3cncc(F)c3)ccc1OC1(CCC1)C21COC1,CHEMBL3703269,1750.0,1750.0
NC1=NC2(CO1)c1cc(-c3cccnc3F)ccc1OC1(CCC1)C21COC1,CHEMBL3703270,1080.0,1080.0
COc1cncc(-c2ccc3c(c2)C2(COC(N)=N2)C2(COC2)C2(CCC2)O3)c1,CHEMBL3703271,817.0,817.0
NC1=NC2(CO1)c1cc(-c3cc(Cl)cnc3F)ccc1OC1(CCC1)C21COC1,CHEMBL3703272,827.0,827.0
Cc1ncccc1-c1ccc2c(c1)C1(COC(N)=N1)C1(COC1)C1(CCC1)O2,CHEMBL3703273,35400.0,35400.0
Cc1cncc(-c2ccc3c(c2)C2(COC(N)=N2)C2(COC2)C2(CCC2)O3)c1,CHEMBL3703274,3670.0,3670.0
Cc1cnnc(-c2ccc3c(c2)C2(COC(N)=N2)C2(COC2)C2(CCC2)O3)c1,CHEMBL3703275,13400.0,13400.0
C[C@@H]1Oc2ccc(-c3cccnc3F)cc2[C@]2(COC(=N)N2)C12COC2,CHEMBL3954909,1430.0,1430.0
C[C@@H]1Oc2ccc(-c3cncnc3)cc2[C@]2(COC(=N)N2)C12COC2,CHEMBL3953424,2050.0,2050.0
C[C@@H]1Oc2ccc(-c3cccnc3F)cc2[C@@]2(COC(N)=N2)C12COC2,CHEMBL3703278,1690.0,1690.0
C[C@@H]1Oc2ccc(-c3cncnc3)cc2[C@@]2(COC(N)=N2)C12COC2,CHEMBL3703279,1910.0,1910.0
COc1cncc(-c2ccc3c(c2)[C@]2(COC(=N)N2)C2(COC2)[C@H](C)O3)c1,CHEMBL3951464,1890.0,1890.0
CC1(C)Oc2ccc(-c3cccnc3F)cc2C2(COC(N)=N2)C12COC2,CHEMBL3703281,348.0,348.0
COc1cncc(-c2ccc3c(c2)C2(COC(N)=N2)C2(COC2)C(C)(C)O3)c1,CHEMBL3703282,285.0,285.0
CCC1Oc2ccc(-c3cncnc3)cc2C2(COC(N)=N2)C12COC2,CHEMBL3703283,735.0,735.0
NC1=NC2(CO1)c1cc(-c3cncnc3)ccc1OC1(CCCC1)C21COC1,CHEMBL3703284,319.0,319.0
CC#Cc1cncc(-c2ccc3c(c2)C2(COC(N)=N2)C2(COC2)C(CC)O3)c1,CHEMBL3703285,143.0,143.0
NC1=NC2(CO1)c1cc(-c3cncnc3)ccc1OC(C1CC1)C21COC1,CHEMBL3703286,2510.0,2510.0
CC(C)CC1Oc2ccc(-c3cncnc3)cc2C2(COC(N)=N2)C12COC2,CHEMBL3703287,901.0,901.0
CCCC1Oc2ccc(-c3cncnc3)cc2C2(COC(N)=N2)C12COC2,CHEMBL3703288,656.0,656.0
CC#Cc1cncc(-c2ccc3c(c2)C2(COC(N)=N2)C2(COC2)C(CCC)O3)c1,CHEMBL3703289,124.0,124.0
NC1=NC2(CO1)c1cc(-c3cncnc3)ccc1OC(CCC(F)(F)F)C21CCC1,CHEMBL3703290,740.0,740.0
CC#Cc1cncc(-c2ccc3c(c2)C2(COC(N)=N2)C2(COC2)C(CCC(F)(F)F)O3)c1,CHEMBL3703291,126.0,126.0
NC1=NC2(CO1)c1cc(-c3cncnc3)ccc1OCC21CCCO1,CHEMBL3703292,20200.0,20200.0
NC1=NC2(CO1)c1cc(-c3cncc(C(F)(F)F)c3)ccc1OC1(CCC1)C21COC1,CHEMBL3703293,2970.0,2970.0
NC1=NC2(CO1)c1cc(-c3cncnc3)ccc1OCC21CC1,CHEMBL3703294,2620.0,2620.0
NC1=NC2(CO1)c1cc(-c3cncnc3)ccc1OCC21CCC1,CHEMBL3703295,7650.0,7650.0
NC1=NC2(CO1)c1cc(-c3cncnc3)c(F)cc1OCC21CC1,CHEMBL3703296,1610.0,1610.0
NC1=NC2(CO1)c1cc(-c3cccnc3F)ccc1OCC21CC1,CHEMBL3703297,2190.0,2190.0
COc1cncc(-c2ccc3c(c2)C2(COC(N)=N2)C2(CC2)CO3)c1,CHEMBL3703299,2940.0,2940.0
CCOc1cncc(-c2ccc3c(c2)C2(COC(N)=N2)C2(CC2)CO3)c1,CHEMBL3703300,1830.0,1830.0
NC1=NC2(CO1)c1cc(-c3cncc(Cl)c3)ccc1OCC21CC1,CHEMBL3703301,1060.0,1060.0
CC#Cc1cncc(-c2ccc3c(c2)C2(COC(N)=N2)C2(COC2)C2(CCC2)O3)c1,CHEMBL3703302,152.0,152.0
CC#Cc1cncc(-c2ccc3c(c2)C2(COC(N)=N2)C2(COC2)C(C)(C)O3)c1,CHEMBL3703303,137.0,137.0
CC#Cc1cncc(-c2cc3c(cc2F)OCC2(CC2)C32COC(N)=N2)c1,CHEMBL3703304,400.0,400.0
CC#Cc1cncc(-c2ccc3c(c2)C2(COC(N)=N2)C2(CCC2)CO3)c1,CHEMBL3703305,1110.0,1110.0
NC1=NC2(COC1)c1cc(Br)ccc1OCC21COC1,CHEMBL3703306,68300.0,68300.0
N#Cc1ncccc1-c1ccc2c(c1)C1(COC(N)=N1)C1(COC1)C1(CCC1)O2,CHEMBL3703307,3310.0,3310.0
Cc1cnc(F)c(-c2ccc3c(c2)C2(COC(N)=N2)C2(COC2)C2(CCC2)O3)c1,CHEMBL3703308,1270.0,1270.0
Cc1ncncc1-c1ccc2c(c1)C1(COC(N)=N1)C1(COC1)C1(CCC1)O2,CHEMBL3703309,4400.0,4400.0
NC1=NC2(CO1)c1cc(-c3cncc(C(F)F)c3)ccc1OC1(CCC1)C21COC1,CHEMBL3703310,1810.0,1810.0
NC1=NC2(CO1)c1cc(-c3ccc(F)nc3)ccc1OC1(CCC1)C21COC1,CHEMBL3703311,3560.0,3560.0
N#Cc1cncc(-c2ccc3c(c2)C2(COC(N)=N2)C2(COC2)C2(CCC2)O3)c1,CHEMBL3703312,1890.0,1890.0
NC1=NC2(CO1)c1cc(-c3ccc(F)nc3F)ccc1OC1(CCC1)C21COC1,CHEMBL3703313,3370.0,3370.0
COc1cc(-c2ccc3c(c2)C2(COC(N)=N2)C2(COC2)C2(CCC2)O3)c(F)cn1,CHEMBL3703314,2740.0,2740.0
NC1=NC2(CO1)c1cc(-c3ccccc3)ccc1OC1(CCC1)C21COC1,CHEMBL3703315,3390.0,3390.0
NC1=NC2(CO1)c1cc(-c3ccccc3F)ccc1OC1(CCC1)C21COC1,CHEMBL3650756,3590.0,3590.0
NC1=NC2(CO1)c1cc(-c3cccc(F)c3)ccc1OC1(CCC1)C21COC1,CHEMBL3650757,2310.0,2310.0
COc1cccc(-c2ccc3c(c2)C2(COC(N)=N2)C2(COC2)C2(CCC2)O3)c1,CHEMBL3650758,696.0,696.0
Cc1cccc(-c2ccc3c(c2)C2(COC(N)=N2)C2(COC2)C2(CCC2)O3)c1,CHEMBL3650759,2270.0,2270.0
N#Cc1cccc(-c2ccc3c(c2)C2(COC(N)=N2)C2(COC2)C2(CCC2)O3)c1,CHEMBL3650760,1680.0,1680.0
CCOc1cc(-c2ccc3c(c2)C2(COC(N)=N2)C2(COC2)C2(CCC2)O3)cc(C(F)(F)F)c1,CHEMBL3650761,2210.0,2210.0
NC1=NC2(CO1)c1cc(-c3cc(F)ccc3F)ccc1OC1(CCC1)C21COC1,CHEMBL3650762,1870.0,1870.0
CCOc1cccc(-c2ccc3c(c2)C2(COC(N)=N2)C2(COC2)C2(CCC2)O3)c1,CHEMBL3650763,2020.0,2020.0
N#C/C=C/c1cccc(-c2ccc3c(c2)C2(COC(N)=N2)C2(COC2)C2(CCC2)O3)c1,CHEMBL3650764,2450.0,2450.0
CCOc1cc(F)cc(-c2ccc3c(c2)C2(COC(N)=N2)C2(COC2)C2(CCC2)O3)c1,CHEMBL3650765,1670.0,1670.0
N#Cc1cc(-c2ccc3c(c2)C2(COC(N)=N2)C2(COC2)C2(CCC2)O3)ccc1F,CHEMBL3650766,3630.0,3630.0
NC1=NC2(CO1)c1cc(C3=CCCCC3)ccc1OC1(CCC1)C21COC1,CHEMBL3650767,3270.0,3270.0
COc1ccc(F)c(-c2ccc3c(c2)C2(COC(N)=N2)C2(COC2)C2(CCC2)O3)c1,CHEMBL3650768,635.0,635.0
COc1cccc(-c2ccc3c(c2)C2(COC(N)=N2)C2(COC2)C2(CCC2)O3)c1F,CHEMBL3650769,773.0,773.0
NC1=NC2(CO1)c1cc(-c3cccc(F)c3F)ccc1OC1(CCC1)C21COC1,CHEMBL3650770,1670.0,1670.0
CC1(C)Oc2ccc(-c3cccc(Cl)c3)cc2C2(COC(N)=N2)C12COC2,CHEMBL3650771,252.0,252.0
CC1(C)Oc2ccc(-c3cccc(C4CC4)c3)cc2C2(COC(N)=N2)C12COC2,CHEMBL3650772,389.0,389.0
CC1(C)Oc2ccc(-c3cccc(C(F)(F)F)c3)cc2C2(COC(N)=N2)C12COC2,CHEMBL3650773,903.0,903.0
COc1cccc(-c2ccc3c(c2)C2(COC(N)=N2)C2(COC2)C(C)(C)O3)c1,CHEMBL3650774,401.0,401.0
CC1(C)Oc2ccc(-c3cccc(OCC(F)(F)F)c3)cc2C2(COC(N)=N2)C12COC2,CHEMBL3650775,1260.0,1260.0
CCOc1cccc(-c2ccc3c(c2)C2(COC(N)=N2)C2(COC2)C(C)(C)O3)c1,CHEMBL3650776,879.0,879.0
CCSc1cccc(-c2ccc3c(c2)C2(COC(N)=N2)C2(COC2)C(C)(C)O3)c1,CHEMBL3650777,933.0,933.0
CC1(C)Oc2ccc(-c3cc(F)cc(Cl)c3)cc2C2(COC(N)=N2)C12COC2,CHEMBL3650778,226.0,226.0
CC1(C)Oc2ccc(-c3cc(F)cc(F)c3)cc2C2(COC(N)=N2)C12COC2,CHEMBL3650779,621.0,621.0
Cc1cc(F)cc(-c2ccc3c(c2)C2(COC(N)=N2)C2(COC2)C(C)(C)O3)c1,CHEMBL3650780,614.0,614.0
Cc1cnc(Cl)c(-c2ccc3c(c2)C2(COC(N)=N2)C2(COC2)C(C)(C)O3)c1,CHEMBL3650783,1360.0,1360.0
CC1(C)Oc2ccc(-c3cc(Cl)cnc3Cl)cc2C2(COC(N)=N2)C12COC2,CHEMBL3650784,688.0,688.0
CC1(C)Oc2ccc(-c3cc(F)cnc3Cl)cc2C2(COC(N)=N2)C12COC2,CHEMBL3650785,1130.0,1130.0
CC1(C)Oc2ccc(-c3cccnc3Cl)cc2C2(COC(N)=N2)C12COC2,CHEMBL3650788,2610.0,2610.0
Cc1cc(-c2ccc3c(c2)C2(COC(N)=N2)C2(COC2)C(C)(C)O3)cnc1F,CHEMBL3650789,2800.0,2800.0
CC1(C)Oc2ccc(-c3cc(F)ncc3Cl)cc2C2(COC(N)=N2)C12COC2,CHEMBL3650790,930.0,930.0
CC1(C)Oc2ccc(-c3ccnc(Cl)c3Cl)cc2C2(COC(N)=N2)C12COC2,CHEMBL3650791,2120.0,2120.0
CC1(C)Oc2ccc(-c3cncc(C#N)c3)cc2C2(COC(N)=N2)C12COC2,CHEMBL3650792,981.0,981.0
COc1cc(-c2ccc3c(c2)C2(COC(N)=N2)C2(COC2)C(C)(C)O3)c(F)cn1,CHEMBL3650793,1410.0,1410.0
COc1cc(-c2ccc3c(c2)C2(COC(N)=N2)C2(COC2)C(C)(C)O3)c(Cl)cn1,CHEMBL3650794,1040.0,1040.0
CC1(C)Oc2ccc(C3=CCCCCC3)cc2C2(COC(N)=N2)C12COC2,CHEMBL3650797,760.0,760.0
CC1CC=C(c2ccc3c(c2)C2(COC(N)=N2)C2(COC2)C(C)(C)O3)CC1,CHEMBL3639496,3630.0,3630.0
CCC/C=C/c1ccc2c(c1)C1(COC(N)=N1)C1(COC1)C(C)(C)O2,CHEMBL3650798,869.0,869.0
CC1(C)Oc2ccc(-c3cc(O)cc(F)c3)cc2C2(COC(N)=N2)C12COC2,CHEMBL3650800,1410.0,1410.0
CC1(C)Oc2ccc(-c3cc(C#N)ccc3F)cc2C2(COC(N)=N2)C12COC2,CHEMBL3650801,1000.0,1000.0
CNC(=O)c1cc(F)cc(-c2ccc3c(c2)C2(COC(N)=N2)C2(COC2)C(C)(C)O3)c1,CHEMBL3650802,2240.0,2240.0
CCC1CC=C(c2ccc3c(c2)C2(COC(N)=N2)C2(COC2)C(C)(C)O3)CC1,CHEMBL3650803,2240.0,2240.0
CC1(C)Oc2ccc(-c3cncc(Cl)c3)cc2C2(COC(N)=N2)C12COC2,CHEMBL3650804,401.0,401.0
CC1(C)Oc2ccc(-c3ccc4[nH]ccc4c3)cc2C2(COC(N)=N2)C12COC2,CHEMBL3650805,3350.0,3350.0
CC1(C)Oc2ccc(-c3cccc4cc[nH]c34)cc2C2(COC(N)=N2)C12COC2,CHEMBL3650806,3230.0,3230.0
CC1(C)Oc2ccc(-c3ccc4nonc4c3)cc2C2(COC(N)=N2)C12COC2,CHEMBL3650809,1150.0,1150.0
CC1(C)Oc2ccc(-c3cccc4cccnc34)cc2C2(COC(N)=N2)C12COC2,CHEMBL3650810,3240.0,3240.0
CC1(C)Oc2ccc(-c3cccc4cnccc34)cc2C2(COC(N)=N2)C12COC2,CHEMBL3650811,2030.0,2030.0
COC/C=C/c1ccc2c(c1)C1(COC(N)=N1)C1(COC1)C(C)(C)O2,CHEMBL3650812,2590.0,2590.0
CC1(C)Oc2ccc(-c3cccc(OC(F)(F)F)c3)cc2C2(COC(N)=N2)C12COC2,CHEMBL3650814,1080.0,1080.0
CC1(C)Oc2ccc(-c3ccccc3OC(F)(F)F)cc2C2(COC(N)=N2)C12COC2,CHEMBL3650815,2820.0,2820.0
CC1(C)Oc2ccc(-c3c(F)ccc(F)c3F)cc2C2(COC(N)=N2)C12COC2,CHEMBL3650816,2050.0,2050.0
CC1(C)Oc2ccc(-c3ccc(OC(F)F)cc3)cc2C2(COC(N)=N2)C12COC2,CHEMBL3650818,3160.0,3160.0
NC1=NC2(CO1)c1cc(Br)ccc1OCC21CC(F)(F)C1,CHEMBL3650819,50600.0,50600.0
NC1=NC2(CO1)c1cc(NC(=O)c3ncc(Br)cn3)ccc1OCC21CC1,CHEMBL3650820,661.0,661.0
CC1(C)Oc2ccc(NC(=O)c3ncc(Br)cn3)cc2C2(COC(N)=N2)C12COC2,CHEMBL3650821,125.0,125.0
Cc1cc(C#N)cnc1C(=O)Nc1ccc2c(c1)C1(COC(N)=N1)C1(CC1)CO2,CHEMBL3650822,248.0,248.0
N#Cc1cnc(C(=O)Nc2ccc3c(c2)C2(COC(N)=N2)C2(CC2)CO3)c(Cl)c1,CHEMBL3650823,318.0,318.0
COc1cnc(C(=O)Nc2ccc3c(c2)C2(COC(N)=N2)C2(CC2)CO3)cn1,CHEMBL3650824,1040.0,1040.0
Cc1cc(Cl)cnc1C(=O)Nc1ccc2c(c1)C1(COC(N)=N1)C1(CC1)CO2,CHEMBL3650825,349.0,349.0
Cc1cc(Cl)cnc1C(=O)Nc1ccc2c(c1)C1(COC(N)=N1)C1(COC1)C(C)(C)O2,CHEMBL3650826,109.0,109.0
N#Cc1ccc(C(=O)Nc2ccc3c(c2)C2(COC(N)=N2)C2(CC2)CO3)nc1,CHEMBL3650827,380.0,380.0
CC1(C)Oc2ccc(NC(=O)c3ccc(C#N)cn3)cc2C2(COC(N)=N2)C12COC2,CHEMBL3650828,118.0,118.0
NC1=NC2(c3cc(-c4cncnc4)ccc3OCC23CC3)C(F)(F)CS1,CHEMBL3650829,14900.0,14900.0
NC1=NC2(c3cc(-c4cncnc4)ccc3OCC23CC3)c2cccc(F)c21,CHEMBL3650830,736.0,736.0
NC1=NC2(CO1)c1cc(-c3cncnc3)ccc1OC(Cc1ccccc1)C21COC1,CHEMBL3650831,128.0,128.0
CC#Cc1cncc(-c2ccc3c(c2)C2(COC(N)=N2)C2(COC2)C(Cc2ccccc2)O3)c1,CHEMBL3650832,113.0,113.0
NC1=NC2(CO1)c1cc(-c3cncnc3)ccc1OC(CC1CC1)C21COC1,CHEMBL3650833,388.0,388.0
CC#Cc1cncc(-c2ccc3c(c2)C2(COC(N)=N2)C2(COC2)C(CC2CC2)O3)c1,CHEMBL3650834,126.0,126.0
NC1=NC2(c3cc(-c4cncnc4)ccc3OCC23CC3)C(F)(F)CO1,CHEMBL3650835,4910.0,4910.0
NC1=NC2(CO1)c1cc(-c3cncnc3)ccc1OCC21CC(F)(F)C1,CHEMBL3650836,7760.0,7760.0
NC1=NC2(CO1)c1cc(-c3cccnc3)ccc1OC1(CCC1)C21COC1,CHEMBL3650837,2000.0,2000.0
NC1=NC2(CO1)c1cc(-c3cccnc3C(F)(F)F)ccc1OC1(CCC1)C21COC1,CHEMBL3650840,17600.0,17600.0
NC1=NC2(COC1)c1cc(Br)ccc1OCC21CC1,CHEMBL3650842,40300.0,40300.0
NC1=NC2(COC1)c1cc(-c3cncnc3)ccc1OCC21CC1,CHEMBL3650843,1210.0,1210.0
NC1=NC2(c3cc(Br)ccc3OCC23CC3)C(F)(F)CO1,CHEMBL3650844,55800.0,55800.0
CC1(C)Oc2ccc(NC(=O)c3ccc(Cl)cn3)cc2[C@@]2(COC(N)=N2)C12COC2,CHEMBL3650845,44.7,44.7
CC1(C)Oc2ccc(NC(=O)c3ccc(Br)cn3)cc2[C@@]2(COC(N)=N2)C12COC2,CHEMBL3650846,44.4,44.4
COc1cnc(C(=O)Nc2ccc3c(c2)[C@@]2(COC(N)=N2)C2(COC2)C(C)(C)O3)cn1,CHEMBL3650847,76.5,76.5
CC1(C)Oc2ccc(NC(=O)c3ccc(Cl)cn3)cc2[C@@]2(COC(N)=N2)C12CC2,CHEMBL3650848,81.8,81.8
CC1(C)Oc2ccc(NC(=O)c3ccc(F)cn3)cc2[C@@]2(COC(N)=N2)C12CC2,CHEMBL3650849,138.0,138.0
COc1cnc(C(=O)Nc2ccc3c(c2)[C@@]2(COC(N)=N2)C2(CC2)C(C)(C)O3)cn1,CHEMBL3650850,99.1,99.1
CC1(C)Oc2ccc(NC(=O)c3cnc(C(F)F)cn3)cc2[C@@]2(COC(N)=N2)C12CC2,CHEMBL3650851,91.4,91.4
COc1cnc(C(=O)Nc2ccc3c(c2)C2(COC(N)=N2)C2(COC2)C(C)(C)O3)cn1,CHEMBL3650852,107.0,107.0
CC#Cc1cc(-c2ccc3c(c2)C2(COC(N)=N2)C2(COC2)CO3)ccn1,CHEMBL3703225,2710.0,2710.0
CC#Cc1cc(-c2ccc3c(c2)C2(COC(N)=N2)C2(COC2)CO3)ncn1,CHEMBL3703226,1350.0,1350.0
CC#Cc1cncc(-c2ccc3c(c2)C2(COC(N)=N2)C2(COC2)CO3)n1,CHEMBL3703227,2600.0,2600.0
Cc1cc(-c2ccc3c(c2)C2(COC(N)=N2)C2(COC2)CO3)ccn1,CHEMBL3703242,55400.0,55400.0
NC1=NC2(CO1)c1cc(-c3cnc4[nH]cc(Cl)c4c3)ccc1OCC21CC1,CHEMBL3703263,1330.0,1330.0
COc1ccnc(-c2ccc3c(c2)C2(COC(N)=N2)C2(COC2)C(C)(C)O3)c1,CHEMBL3703266,388.0,388.0
Cc1cn2ccc(-c3ccc4c(c3)C3(COC(N)=N3)C3(COC3)C3(CCC3)O4)cc2n1,CHEMBL3703267,135000.0,135000.0
Cc1cn2cc(-c3ccc4c(c3)C3(COC(N)=N3)C3(COC3)C3(CCC3)O4)ccc2n1,CHEMBL3640021,96500.0,96500.0
NC1=NC2(CO1)c1cc(-c3cc(Cl)cnc3F)ccc1OCC21CC1,CHEMBL3703298,1130.0,1130.0
CC1(C)Oc2ccc(-c3cc(F)ccn3)cc2C2(COC(N)=N2)C12COC2,CHEMBL3650781,1593.0,1593.0
CC1(C)Oc2ccc(-c3cncc(Cl)n3)cc2C2(COC(N)=N2)C12COC2,CHEMBL3650782,759.0,759.0
CC1(C)Oc2ccc(-c3cc(Cl)cnc3F)cc2C2(COC(N)=N2)C12COC2,CHEMBL3650786,313.0,313.0
COc1ncc(Cl)cc1-c1ccc2c(c1)C1(COC(N)=N1)C1(COC1)C(C)(C)O2,CHEMBL3650787,786.0,786.0
CC1(C)Oc2ccc(-c3ccnc(Cl)c3)cc2C2(COC(N)=N2)C12COC2,CHEMBL3650795,1064.0,1064.0
COc1cc(-c2ccc3c(c2)C2(COC(N)=N2)C2(COC2)C(C)(C)O3)ccn1,CHEMBL3650796,2314.0,2314.0
CC1(C)Oc2ccc(-c3cnc4[nH]ccc4c3)cc2C2(COC(N)=N2)C12COC2,CHEMBL3650799,760.0,760.0
CC1(C)Oc2ccc(-c3cccc4[nH]ncc34)cc2C2(COC(N)=N2)C12COC2,CHEMBL3650807,994.0,994.0
CC1(C)Oc2ccc(-c3ccc4[nH]ncc4c3)cc2C2(COC(N)=N2)C12COC2,CHEMBL3650808,2120.0,2120.0
CC1(C)Oc2ccc(-c3ccc4c(c3)OCO4)cc2C2(COC(N)=N2)C12COC2,CHEMBL3650813,1450.0,1450.0
CC1(C)Oc2ccc(-c3cccc4[nH]ccc34)cc2C2(COC(N)=N2)C12COC2,CHEMBL3650817,2420.0,2420.0
NC1=NC2(CO1)c1cc(-c3cncc4ccccc34)ccc1OC1(CCC1)C21COC1,CHEMBL3650838,4950.0,4950.0
NC1=NC2(CO1)c1cc(-c3cnc4ccccc4c3)ccc1OC1(CCC1)C21COC1,CHEMBL3650839,19400.0,19400.0
Cn1cc2cc(-c3ccc4c(c3)C3(COC(N)=N3)C3(CC3)CO4)ccc2n1,CHEMBL3650841,39600.0,39600.0
NC1=N[C@@]2(c3cccc(NC(=O)c4ccc(F)cn4)c3)CN(c3ncc(F)cn3)C[C@H]2CS1,CHEMBL3667408,0.61,0.61
NC1=N[C@@]2(c3cccc(NC(=O)c4cnc(CO)cn4)c3)CN(c3ncc(F)cn3)C[C@H]2CS1,CHEMBL3667409,0.482,0.482
NC1=N[C@@]2(c3cc(NC(=O)c4ccc(F)cn4)ccc3F)CN(c3ncc(F)cn3)C[C@H]2CS1,CHEMBL3667410,0.554,0.554
NC1=N[C@@]2(c3cc(NC(=O)c4cnc(CO)cn4)ccc3F)CN(c3ncc(F)cn3)C[C@H]2CS1,CHEMBL3667411,0.569,0.569
[C-]#[N+]c1ccc(C(=O)Nc2cccc([C@]34CN(c5ncc(F)cn5)C[C@H]3CSC(N)=N4)c2)nc1,CHEMBL3667412,0.45,0.45
NC1=N[C@@]2(c3cccc(NC(=O)c4ncc(F)cc4F)c3)CN(c3ncc(F)cn3)C[C@H]2CS1,CHEMBL3667413,0.739,0.739
[C-]#[N+]c1ccc(C(=O)Nc2ccc(F)c([C@]34CN(c5ncc(F)cn5)C[C@H]3CSC(N)=N4)c2)nc1,CHEMBL3667414,0.358,0.358
NC1=N[C@@]2(c3cc(NC(=O)c4ncc(F)cc4F)ccc3F)CN(c3ncc(F)cn3)C[C@H]2CS1,CHEMBL3667415,0.73,0.73
[C-]#[N+]c1ccc2c(c1)[C@]1(N=C(N)N(Cc3ncccn3)C1=O)[C@]1(CC[C@H](OC)[C@H](CC)C1)C2,CHEMBL4109501,11.0,11.0
CC[C@@H]1C[C@]2(CC[C@H]1OC)Cc1ccc(C#N)cc1[C@]21N=C(N)N(CC2CCOCC2)C1=O,CHEMBL4107226,8.0,8.0
CC[C@@H]1C[C@]2(CC[C@H]1OC)Cc1ccc(C#N)cc1[C@]21N=C(N)N(CC(C)(C)F)C1=O,CHEMBL4113169,10.0,10.0
CC[C@@H]1C[C@]2(CC[C@H]1OC)Cc1ccc(C#N)cc1[C@]21N=C(N)N(CC2(F)CCOCC2)C1=O,CHEMBL4113644,5.0,5.0
CC[C@H]1C[C@@]2(CC[C@@H]1OC)Cc1ccc(C#N)cc1[C@]21N=C(N)N(C[C@H]2CCCO2)C1=O,CHEMBL3964240,8.0,8.0
CO[C@H]1CC[C@@]2(Cc3ccc(C#N)cc3[C@]23N=C(N)N(Cc2ncccn2)C3=O)C[C@@H]1C,CHEMBL3916731,11.0,11.0
COCCN1C(=O)[C@]2(N=C1N)c1cc(C#N)ccc1C[C@@]21CC[C@H](OC)[C@@H](C)C1,CHEMBL3658356,2.0,2.0
CO[C@H]1CC[C@@]2(Cc3ccc(C#N)cc3[C@]23N=C(N)N(CC2(C)COC2)C3=O)C[C@@H]1C,CHEMBL3929173,5.0,5.0
CO[C@H]1CC[C@@]2(Cc3ccc(C#N)cc3[C@]23N=C(N)N(Cc2ccncn2)C3=O)C[C@@H]1C,CHEMBL3892262,9.0,9.0
CO[C@H]1[C@H](C)C[C@@]2(Cc3ccc(C#N)cc3[C@]23N=C(N)N(Cc2ncc(F)cn2)C3=O)C[C@@H]1C,CHEMBL4109974,9.0,9.0
CO[C@H]1[C@H](C)C[C@@]2(Cc3ccc(C#N)cc3[C@]23N=C(N)N(CC2(C)COC2)C3=O)C[C@@H]1C,CHEMBL4109666,4.0,4.0
CO[C@H]1[C@H](C)C[C@@]2(Cc3ccc(C#N)cc3[C@]23N=C(N)N(C2COC2)C3=O)C[C@@H]1C,CHEMBL4112862,3.0,3.0
CO[C@H]1[C@H](C)C[C@@]2(Cc3ccc(C#N)cc3[C@]23N=C(N)N(CC2COC2)C3=O)C[C@@H]1C,CHEMBL4108797,9.0,9.0
CO[C@H]1[C@H](C)C[C@@]2(Cc3ccc(C#N)cc3[C@]23N=C(N)N(C[C@H]2CCCO2)C3=O)C[C@@H]1C,CHEMBL4108996,5.0,5.0
CO[C@H]1[C@H](C)C[C@@]2(Cc3ccc(C#N)cc3[C@]23N=C(N)N(C[C@@H]2CCCO2)C3=O)C[C@@H]1C,CHEMBL3896933,11.0,11.0
CO[C@H]1[C@H](C)C[C@@]2(Cc3ccc(C#N)cc3[C@]23N=C(N)N(CC2CCOCC2)C3=O)C[C@@H]1C,CHEMBL4111976,11.0,11.0
CO[C@H]1[C@H](C)C[C@@]2(Cc3ccc(C#N)cc3[C@]23N=C(N)N(CC(C)(C)F)C3=O)C[C@@H]1C,CHEMBL4110164,14.0,14.0
CO[C@H]1[C@H](C)C[C@@]2(Cc3ccc(C#N)cc3[C@]23N=C(N)N(C[C@@H]2CCO2)C3=O)C[C@@H]1C,CHEMBL3967706,9.0,9.0
CO[C@H]1[C@H](C)C[C@@]2(Cc3ccc(C#N)cc3[C@]23N=C(N)N(CCC2COC2)C3=O)C[C@@H]1C,CHEMBL4106537,6.0,6.0
CO[C@H]1[C@H](C)C[C@@]2(Cc3ccc(C#N)cc3[C@]23N=C(N)N(C[C@@H]2COCCO2)C3=O)C[C@@H]1C,CHEMBL4108178,5.0,5.0
CO[C@H]1[C@H](C)C[C@@]2(Cc3ccc(C#N)cc3[C@]23N=C(N)N(C[C@H]2COCCO2)C3=O)C[C@@H]1C,CHEMBL3980437,8.0,8.0
CO[C@H]1[C@H](C)C[C@@]2(Cc3ccc(C#N)cc3[C@]23N=C(N)N(CC2(F)CCOCC2)C3=O)C[C@@H]1C,CHEMBL4109090,12.0,12.0
CO[C@H]1[C@H](C)C[C@@]2(Cc3ccc(C#N)cc3[C@]23N=C(N)N(Cc2ccncn2)C3=O)C[C@@H]1C,CHEMBL4111446,5.0,5.0
CC[C@@H]1C[C@@]2(Cc3ccc(C#N)cc3[C@]23N=C(N)N(CC(C)(C)F)C3=O)C[C@H](C)[C@H]1OC,CHEMBL3957841,9.0,9.0
CO[C@H]1CC[C@@]2(Cc3ccc(C#N)cc3[C@]23N=C(N)N(CC2COCCO2)C3=O)C[C@@H]1C,CHEMBL3921692,6.0,6.0
C=C1C[C@@](C)(c2cc(NC(=O)c3ccc(C#N)cn3)ccc2F)N=C(N)O1,CHEMBL3658608,47.3,47.3
C=C1C[C@@](C)(c2cc(NC(=O)c3ccc(Cl)cn3)ccc2F)N=C(N)O1,CHEMBL3658609,27.0,27.0
CC1=C[C@@](C)(c2cc(NC(=O)c3ccc(C#N)cn3)ccc2F)N=C(N)O1,CHEMBL3658616,97.0,97.0
C=C1C[C@@](C)(c2cc(NC(=O)c3cnc(OC)cn3)ccc2F)N=C(N)O1,CHEMBL3658610,30000.0,30000.0
C=C1C[C@@](C)(c2cc(NC(=O)c3ncc(Cl)cc3Cl)ccc2F)N=C(N)O1,CHEMBL3658611,30000.0,30000.0
C=C1C[C@@](C)(c2cc(NC(=O)c3ncc(F)cc3F)ccc2F)N=C(N)O1,CHEMBL3658612,30000.0,30000.0
C[C@@]1(c2cc(NC(=O)c3ccc(C#N)cn3)ccc2Cl)CCOC(N)=N1,CHEMBL3658613,30000.0,30000.0
COc1cnc(C(=O)Nc2ccc(F)c([C@]3(C)CCOC(N)=N3)c2)cn1,CHEMBL3658614,30000.0,30000.0
C[C@@]1(c2cc(NC(=O)c3ncc(F)cc3F)ccc2F)CCOC(N)=N1,CHEMBL3658615,30000.0,30000.0
CC#Cc1cncc(-c2csc([C@]3(C)CCOC(N)=N3)c2)c1,CHEMBL3658617,30000.0,30000.0
CC1=C[C@@](C)(c2cc(NC(=O)c3ncc(F)cc3F)ccc2F)N=C(N)O1,CHEMBL3658618,30000.0,30000.0
CC1=C[C@@](C)(c2cc(NC(=O)c3ccc(Cl)cn3)ccc2F)N=C(N)O1,CHEMBL3639574,30000.0,30000.0
CC1=C[C@@](C)(c2cc(NC(=O)c3ccc(C(F)(F)F)cn3)ccc2F)N=C(N)O1,CHEMBL3658619,30000.0,30000.0
COc1cnc(C(=O)Nc2ccc(F)c([C@]3(C)C=C(C)OC(N)=N3)c2)cn1,CHEMBL3658620,30000.0,30000.0
CC1=C[C@@](C)(c2cc(NC(=O)c3ncc(C#N)cc3F)ccc2F)N=C(N)O1,CHEMBL3658621,30000.0,30000.0
CC1=N[C@@]2(N=C1N)c1cc(OCC(C)C)ccc1C[C@]21CC[C@@H](O)CC1,CHEMBL3672685,13.0,13.0
CO[C@H]1CC[C@]2(CC1)Cc1ccc(OCC(C)(F)F)cc1C21N=C(C)C(N)=N1,CHEMBL3913265,5000.0,5000.0
CC1=NC2(N=C1N)c1cc(Br)ccc1C[C@]21CC[C@@H](O)CC1,CHEMBL3672687,6.7,6.7
CC1=N[C@@]2(N=C1N)c1cc(Br)ccc1C[C@]21CC[C@@H](O)CC1,CHEMBL3672688,270.0,270.0
CO[C@H]1CC[C@]2(CC1)Cc1ccc(C#CC3CCC3)cc1[C@@]21N=C(C)C(N)=N1,CHEMBL3891777,4.2,4.2
CO[C@H]1CC[C@]2(CC1)Cc1ccc(C#CC3CCC3)cc1[C@]21N=C(C)C(N)=N1,CHEMBL4112651,2.7,2.7
CO[C@H]1CC[C@]2(CC1)Cc1ccc(C#CC(C)C)cc1[C@@]21N=C(C)C(N)=N1,CHEMBL3893021,4.7,4.7
CO[C@H]1CC[C@]2(CC1)Cc1ccc(C#CC(C)C)cc1[C@]21N=C(C)C(N)=N1,CHEMBL4110988,1.1,1.1
CO[C@H]1CC[C@]2(CC1)Cc1ccc(OCCC(F)(F)F)cc1[C@@]21N=C(C)C(N)=N1,CHEMBL3898248,4.7,4.7
CO[C@H]1CC[C@]2(CC1)Cc1ccc(OCCC(F)(F)F)cc1[C@]21N=C(C)C(N)=N1,CHEMBL4108386,1600.0,1600.0
CC1=N[C@]2(N=C1N)c1cc(OCCCF)ccc1C[C@]21CC[C@@H](OC(F)F)CC1,CHEMBL3672695,3.0,3.0
CC1=N[C@@]2(N=C1N)c1cc(OCCCF)ccc1C[C@]21CC[C@@H](OC(F)F)CC1,CHEMBL3672696,2900.0,2900.0
CO[C@H]1CC[C@]2(CC1)Cc1ccc(OCC(C)F)cc1C21N=C(C)C(N)=N1,CHEMBL3899321,6.7,6.7
CC1=N[C@]2(N=C1N)c1cc(-c3cc(Cl)cc(C#N)c3)ccc1C[C@]21CC[C@@H](O)CC1,CHEMBL3672698,3.2,3.2
CC1=N[C@@]2(N=C1N)c1cc(-c3cc(Cl)cc(C#N)c3)ccc1C[C@]21CC[C@@H](O)CC1,CHEMBL3672699,780.0,780.0
CC1=NC2(N=C1N)c1cc(Br)ccc1C[C@]21CC[C@@H](OC(C)C)CC1,CHEMBL3959439,3700.0,3700.0
CC1=NC2(N=C1N)c1cc(OCCCF)ccc1C[C@]21CC[C@@H](OC(C)C)CC1,CHEMBL3984088,250.0,250.0
CC[C@@H](C)Oc1ccc2c(c1)C1(N=C(C)C(N)=N1)[C@]1(CC[C@H](OC)CC1)C2,CHEMBL3672702,89.0,89.0
CO[C@H]1CC[C@]2(CC1)Cc1ccc(O)cc1[C@@]21N=C(C)C(N)=N1,CHEMBL3891320,1300.0,1300.0
CC#Cc1cncc(-c2ccc3c(c2)[C@]2(N=C(C)C(N)=N2)[C@]2(CC[C@H](O)CC2)C3)c1,CHEMBL3672704,6530.0,6530.0
CO[C@H]1CC[C@]2(CC1)Cc1cc(C)c(Br)cc1C21N=C(C)C(N)=N1,CHEMBL3928706,1659.0,1659.0
CC#Cc1cncc(-c2cc3c(cc2C)C[C@]2(CC[C@@H](OC)CC2)C32N=C(C)C(N)=N2)c1,CHEMBL3913223,15.0,15.0
[C-]#[N+]c1cc(Cl)cc(-c2cc3c(cc2C)C[C@]2(CC[C@@H](OC)CC2)C32N=C(C)C(N)=N2)c1,CHEMBL3937729,24.0,24.0
COC1CCC2(CC1)Cc1cc(F)c(Br)cc1C21N=C(C)C(N)=N1,CHEMBL3672708,516.0,516.0
CO[C@H]1CC[C@]2(CC1)Cc1cc(F)c(-c3cc(Cl)cc(C#N)c3)cc1C21N=C(C)C(N)=N1,CHEMBL3947671,23.0,23.0
CO[C@H]1CC[C@]2(CC1)Cc1cc(F)c(-c3cc(Cl)cc(C#N)c3)cc1[C@@]21N=C(C)C(N)=N1,CHEMBL3902640,2.4,2.4
CO[C@H]1CC[C@]2(CC1)Cc1cc(F)c(-c3cc(Cl)cc(C#N)c3)cc1[C@]21N=C(C)C(N)=N1,CHEMBL4113193,4300.0,4300.0
CO[C@H]1CC[C@]2(CC1)Cc1cc(F)c(-c3cncc(Cl)c3)cc1C21N=C(C)C(N)=N1,CHEMBL3969309,36.0,36.0
CO[C@H]1CC[C@]2(CC1)Cc1cc(F)c(-c3cc(F)cc(C#N)c3)cc1C21N=C(C)C(N)=N1,CHEMBL3943188,23.0,23.0
CO[C@H]1CC[C@]2(CC1)Cc1cc(F)c(-c3cc(F)cc(C#N)c3)cc1[C@@]21N=C(C)C(N)=N1,CHEMBL3916194,13.0,13.0
CO[C@H]1CC[C@]2(CC1)Cc1cc(F)c(-c3cc(F)cc(C#N)c3)cc1[C@]21N=C(C)C(N)=N1,CHEMBL4111344,5000.0,5000.0
CO[C@H]1CC[C@]2(CC1)Cc1cc(F)c(OCCCF)cc1C21N=C(C)C(N)=N1,CHEMBL3925196,39.0,39.0
CC1=NC2(N=C1N)c1cc(Br)ccc1CCC21CC1,CHEMBL3672717,4870.0,4870.0
CC1=NC2(N=C1N)c1cc(-c3cc(F)cc(C#N)c3)ccc1CCC21CC1,CHEMBL3672718,79.0,79.0
CC1=NC2(N=C1N)c1cc(-c3cc(F)cc(F)c3)ccc1CCC21CC1,CHEMBL3672719,130.0,130.0
CC1=NC2(N=C1N)c1cc(-c3cncc(Cl)c3)ccc1CCC21CC1,CHEMBL3672720,30.0,30.0
CO[C@H]1CC[C@@]2(CCc3ccc(Br)cc3C23N=C(C)C(N)=N3)CC1,CHEMBL3672721,411.0,411.0
CO[C@H]1CC[C@]2(CCc3ccc(Br)cc3C23N=C(C)C(N)=N3)CC1,CHEMBL3672722,8920.0,8920.0
COc1cc(C#N)cc(-c2ccc3c(c2)C2(N=C(C)C(N)=N2)[C@]2(CC3)CC[C@@H](OC)CC2)c1,CHEMBL3672723,5.0,5.0
COc1cc(C#N)cc(-c2ccc3c(c2)C2(N=C(C)C(N)=N2)[C@]2(CC3)CC[C@H](OC)CC2)c1,CHEMBL3672724,587.0,587.0
CO[C@H]1CC[C@@]2(CCc3ccc(-c4cncc(Cl)c4)cc3C23N=C(C)C(N)=N3)CC1,CHEMBL3672725,14.0,14.0
CO[C@H]1CC[C@]2(CCc3ccc(-c4cncc(Cl)c4)cc3C23N=C(C)C(N)=N3)CC1,CHEMBL3672726,333.0,333.0
CC#Cc1cncc(-c2ccc3c(c2)C2(N=C(C)C(N)=N2)[C@]2(CC3)CC[C@H](OC)CC2)c1,CHEMBL3672727,212.0,212.0
CC#Cc1cncc(-c2ccc3c(c2)C2(N=C(C)C(N)=N2)[C@]2(CC3)CC[C@@H](OC)CC2)c1,CHEMBL3672728,19.0,19.0
CC1=NC2(N=C1N)c1cc(-c3cc(Cl)cc(C#N)c3)ccc1CCC21CC1,CHEMBL3672729,15.0,15.0
COC1CCC2(CCc3ccc(-c4cc(Cl)cc(C#N)c4)cc3C23N=C(C)C(N)=N3)CC1,CHEMBL3672730,5.7,5.7
CO[C@H]1CC[C@@]2(CCc3ccc(-c4cc(Cl)cc(C#N)c4)cc3C23N=C(C)C(N)=N3)CC1,CHEMBL3672731,392.0,392.0
CO[C@H]1CC[C@]2(CCc3ccc(-c4cc(Cl)cc(C#N)c4)cc3C23N=C(C)C(N)=N3)CC1,CHEMBL3672732,3.6,3.6
CO[C@H]1CC[C@@]2(CCc3ccc(-c4cc(Cl)cc(C#N)c4)cc3[C@@]23N=C(C)C(N)=N3)CC1,CHEMBL3672733,5000.0,5000.0
CO[C@H]1CC[C@]2(CC1)Cc1ccc(OCC3(C)CC3)cc1C21N=C(C)C(N)=N1,CHEMBL3915935,18.0,18.0
CO[C@H]1CC[C@]2(CC1)Cc1ccc(OCC3CC(F)(F)C3)cc1C21N=C(C)C(N)=N1,CHEMBL3891403,50.0,50.0
CO[C@H]1CC[C@]2(CC1)Cc1ccc(OCC3CC3)cc1C21N=C(C)C(N)=N1,CHEMBL3923244,7.4,7.4
CO[C@H]1CC[C@]2(CC1)Cc1ccc(OCC3CC3)cc1[C@@]21N=C(C)C(N)=N1,CHEMBL3937398,3.7,3.7
CO[C@H]1CC[C@]2(CC1)Cc1ccc(OCC3CC3)cc1[C@]21N=C(C)C(N)=N1,CHEMBL4112540,5000.0,5000.0
CO[C@H]1CC[C@]2(CC1)Cc1ccc(OCC3CC3(F)F)cc1C21N=C(C)C(N)=N1,CHEMBL3905816,13.0,13.0
CO[C@H]1CC[C@]2(CC1)Cc1ccc(OCC3CCC3)cc1[C@@]21N=C(C)C(N)=N1,CHEMBL3927449,4.5,4.5
CO[C@H]1CC[C@]2(CC1)Cc1ccc(OCC3CCC3)cc1[C@]21N=C(C)C(N)=N1,CHEMBL4111911,4900.0,4900.0
CO[C@H]1CC[C@]2(CC1)Cc1ccc(OCCC3CC3)cc1C21N=C(C)C(N)=N1,CHEMBL3939963,3.7,3.7
C[C@@H]1C[C@@]2(Cc3ccc(C#N)cc3[C@]23N=C(N)N(CCC(F)(F)F)C3=O)C[C@H](C)[C@H]1O,CHEMBL4112416,14.6,14.6
C[C@@H]1C[C@@]2(Cc3ccc(C#N)cc3[C@]23N=C(N)N(CC(C)(C)F)C3=O)C[C@H](C)[C@H]1O,CHEMBL4108077,10.3,10.3
C[C@@H]1C[C@@]2(Cc3ccc(C#N)cc3[C@]23N=C(N)N(CC(C)(C)Cl)C3=O)C[C@H](C)[C@H]1O,CHEMBL4108836,3.0,3.0
C[C@@H]1C[C@@]2(Cc3ccc(C#N)cc3[C@]23N=C(N)N(CC2(F)CCOCC2)C3=O)C[C@H](C)[C@H]1O,CHEMBL4113868,2.7,2.7
C[C@@H]1C[C@@]2(Cc3ccc(-c4cncnc4)cc3[C@]23N=C(N)N(CC(C)(C)F)C3=O)C[C@H](C)[C@H]1O,CHEMBL4112809,2.6,2.6
C[C@@H]1C[C@@]2(Cc3ccc(NC(=O)C(C)(C)F)cc3[C@]23N=C(N)N(CC(C)(C)F)C3=O)C[C@H](C)[C@H]1O,CHEMBL4114265,6.3,6.3
CC[C@@H]1C[C@@]2(Cc3ccc(C#N)cc3[C@]23N=C(N)N(CC(C)(C)F)C3=O)C[C@H](C)[C@H]1O,CHEMBL3893067,3.4,3.4
CC[C@@H]1C[C@@]2(Cc3ccc(C#N)cc3[C@]23N=C(N)N(CC2COCCO2)C3=O)C[C@H](C)[C@H]1O,CHEMBL3929995,1.9,1.9
CC[C@@H]1C[C@]2(CC[C@H]1O)Cc1ccc(C#N)cc1[C@]21N=C(N)N(CC(C)(C)F)C1=O,CHEMBL4109880,10.7,10.7
C[C@@H]1C[C@@]2(Cc3ccc(C#N)cc3[C@]23N=C(N)N(CC2CC2)C3=O)C[C@H](C)[C@H]1O,CHEMBL4107914,10.6,10.6
C[C@@H]1CC2(Cc3ccc(Cl)cc3[C@]23N=C(N)N(Cc2ncccn2)C3=O)C[C@H](C)[C@H]1O,CHEMBL4109077,14.6,14.6
C[C@H]1C[C@@]2(CC[C@@H]1O)Cc1ccc(-c3cccnc3)cc1[C@]21N=C(N)N(Cc2ncccn2)C1=O,CHEMBL3921904,6.8,6.8
C[C@H]1C[C@@]2(CC[C@@H]1O)Cc1ccc(C#N)cc1[C@]21N=C(N)N(CC2CC(F)(F)C2)C1=O,CHEMBL3953596,8.7,8.7
C[C@@H]1C[C@@]2(Cc3ccc(C#N)cc3[C@]23N=C(N)N(CC2CC(F)(F)C2)C3=O)C[C@H](C)[C@H]1O,CHEMBL4110323,4.5,4.5
C[C@@H]1C[C@@]2(Cc3ccc(C#N)cc3[C@]23N=C(N)N(CCc2ccncc2)C3=O)C[C@H](C)[C@H]1O,CHEMBL4111013,9.7,9.7
Cc1cc(CN2C(=O)[C@]3(N=C2N)c2cc(C#N)ccc2C[C@@]32C[C@@H](C)[C@H](O)[C@@H](C)C2)ccn1,CHEMBL4111730,9.4,9.4
NC1=N[C@@]2(c3cc(NC(=O)c4ccc(F)cn4)ccc3F)COC[C@@]2(F)CS1,CHEMBL3672941,15.6,15.6
COc1cnc(C(=O)Nc2ccc(F)c([C@]34COC[C@@]3(F)CSC(N)=N4)c2)cn1,CHEMBL3672942,13.2,13.2
[C-]#[N+]c1ccc(C(=O)Nc2ccc(F)c([C@]34COC[C@@]3(F)CSC(N)=N4)c2)nc1,CHEMBL3672943,6.66,6.66
[C-]#[N+]c1ccc(C(=O)Nc2ccc(F)c([C@]34COC[C@@]3(F)COC(N)=N4)c2)nc1,CHEMBL3672944,45.0,45.0
NC1=N[C@@]2(c3cc(NC(=O)c4cnc(OCC5(F)CC5)cn4)ccc3F)COC[C@@]2(F)CO1,CHEMBL3672945,25.7,25.7
COc1cc(F)c(C23CO[C@@H](COCc4ccccc4)C[C@H]2CSC(N)=N3)cc1C#N,CHEMBL3673187,1220.0,1220.0
N#Cc1cc(C23CO[C@@H](COCc4ccccc4)C[C@H]2CSC(N)=N3)c(F)cc1F,CHEMBL3673188,445.0,445.0
N#Cc1cc(C23CO[C@@H](CO)C[C@H]2CSC(N)=N3)c(F)cc1F,CHEMBL3673189,5550.0,5550.0
N#Cc1cc(C23CO[C@@H](CF)C[C@H]2CSC(N)=N3)c(F)cc1F,CHEMBL3673190,854.0,854.0
COC[C@H]1C[C@H]2CSC(N)=NC2(c2cc(C#N)c(F)cc2F)CO1,CHEMBL3673191,320.0,320.0
C[C@H]1C[C@H]2CSC(N)=NC2(c2cc(C#N)ccc2Cl)CO1,CHEMBL3673192,2330.0,2330.0
C[C@H]1C[C@H]2CSC(N)=NC2(c2cccc(C#N)c2)CO1,CHEMBL3673193,1780.0,1780.0
NC1=N[C@@]2(c3cc(CNCC(F)(F)F)c(F)cc3F)CO[C@@H](CF)C[C@H]2CS1,CHEMBL3673194,76.0,76.0
C[C@H]1C[C@H]2CSC(N)=N[C@@]2(c2cc(CNCC(F)(F)F)c(F)cc2F)CO1,CHEMBL3673195,76.0,76.0
Cc1cc([C@H]2C[C@H]3CSC(N)=NC3(c3cc(C#N)ccc3F)CO2)on1,CHEMBL3673196,64.0,64.0
Cc1coc([C@H]2C[C@H]3CSC(N)=NC3(c3cc(C#N)ccc3F)CO2)n1,CHEMBL3673197,107.0,107.0
Cn1cc([C@H]2C[C@H]3CSC(N)=NC3(c3cc(C#N)ccc3F)CO2)cn1,CHEMBL3673198,60.0,60.0
N#Cc1ccc(F)c(C23CO[C@@H](C4CC4)C[C@H]2CSC(N)=N3)c1,CHEMBL3673199,342.0,342.0
C[C@H]1C[C@H]2CSC(N)=NC2(c2cc(C#N)ccc2F)CO1,CHEMBL3673200,967.0,967.0
NC1=N[C@@]2(c3cc(CNCC(F)(F)F)ccc3F)CO[C@@H](CF)C[C@H]2CS1,CHEMBL3673201,376.0,376.0
Cn1cc([C@H]2C[C@H]3CSC(N)=N[C@@]3(c3cc(CNCC(F)(F)F)ccc3F)CO2)cn1,CHEMBL3673202,19.0,19.0
Cc1cc([C@H]2C[C@H]3[C@@H](C)SC(N)=NC3(c3cc(C#N)ccc3F)CO2)on1,CHEMBL3673203,82.0,82.0
COC[C@@H](C)NCc1ccc(F)c([C@]23CO[C@@H](c4cnn(C)c4)C[C@H]2CSC(N)=N3)c1,CHEMBL3673204,36.0,36.0
C[C@H]1C[C@H]2[C@@H](CF)SC(N)=N[C@@]2(c2cc(CNCC(F)(F)F)ccc2F)CO1,CHEMBL3673205,150.0,150.0
C[C@H]1C[C@H]2[C@@H](CF)SC(N)=N[C@@]2(c2cc(CNCC(F)(F)F)c(F)cc2F)CO1,CHEMBL3673206,68.0,68.0
COC1CCC2(CC1)Cc1ccc(-c3cc(F)cc(Cl)c3)cc1C21N=C(N)N2CCON=C21,CHEMBL3673207,1.1,1.1
COC1CCC2(CC1)Cc1ccc(-c3cccc(OC(F)(F)F)c3)cc1C21N=C(N)N2CCON=C21,CHEMBL3673208,2.19,2.19
COC1CCC2(CC1)Cc1ccc(-c3cc(F)cc(Cl)c3)cc1C21N=C(N)N2CCCN=C21,CHEMBL3673209,9.5,9.5
COC1CCC2(CC1)Cc1ccc(C#CC3CC3)cc1C21N=C(N)N2CCCN=C21,CHEMBL3673210,29.0,29.0
COC1CCC2(CC1)Cc1ccc(-c3cccnc3)cc1C21N=C(N)N2CCCN=C21,CHEMBL3673211,14.0,14.0
COC1CCC2(CC1)Cc1ccc(-c3cc(F)cc(Cl)c3)cc1C21N=C(N)N2CC(F)(F)CN=C21,CHEMBL3673212,5.0,5.0
COC1CCC2(CC1)Cc1ccc(-c3cc(F)cc(Cl)c3)cc1C21N=C(N)N2CC(C)(C)CN=C21,CHEMBL3673213,2816.0,2816.0
CCC1CN=C2N(C1)C(N)=NC21c2cc(-c3cc(F)cc(Cl)c3)ccc2CC12CCC(OC)CC2,CHEMBL3673214,7.5,7.5
COC1CCC2(CC1)Cc1ccc(C#CC3CC3)cc1C21N=C(N)N2CC(F)(F)CN=C21,CHEMBL3673215,16.3,16.3
COC1CCC2(CC1)Cc1ccc(C#CC3CC3)cc1C21N=C(N)N2CC3(CC3)CN=C21,CHEMBL3673216,733.0,733.0
COC1CCC2(CC1)Cc1ccc(Br)cc1C21N=C(N)N2CC3(CC3)CN=C21,CHEMBL3673217,242.0,242.0
COc1ccc2c(c1)C1(N=C(N)N3C(C(F)(F)F)CCCC31)C1(CCC(OC)CC1)C2,CHEMBL3673218,50000.0,50000.0
COC1CCC2(CC1)Cc1ccc(Br)cc1C21N=C(N)c2ccccc21,CHEMBL3673219,55.0,55.0
COC1CCC2(CC1)Cc1ccc(C#CC3CC3)cc1C21N=C(N)c2ccccc21,CHEMBL3673220,14.5,14.5
COC1CCC2(CC1)Cc1ccc(-c3cccc(C#N)c3)cc1C21N=C(N)c2ccccc21,CHEMBL3673221,6.0,6.0
COC1CCC2(CC1)Cc1ccc(-c3cncc(C(F)(F)F)c3)cc1C21N=C(N)c2ccccc21,CHEMBL3673222,47.0,47.0
COC1CCC2(CC1)Cc1ccc(C#CC3CC3)cc1C21N=C(N)c2ccc(C#N)cc21,CHEMBL3673223,3.6,3.6
CO[C@H]1CC[C@]2(CC1)Cc1ccc(C#CC3CC3)cc1C21N=C(N)c2ccc(C#N)cc21,CHEMBL3911056,4.6,4.6
CO[C@H]1CC[C@]2(CC1)Cc1ccc(C#CC3CC3)cc1[C@]21N=C(N)c2ccc(C#N)cc21,CHEMBL4110087,5.9,5.9
COC1CCC2(CC1)Cc1ccc(-c3cc(F)cc(Cl)c3)cc1C21N=C(N)c2ccc(C#N)cc21,CHEMBL3673225,20.0,20.0
COC1CCC2(CC1)Oc1ccc(C#CC3CC3)cc1C21N=C(N)c2ccccc21,CHEMBL3673226,74.0,74.0
COC1CCC2(CC1)Oc1ccc(Cl)cc1C21N=C(N)c2ccccc21,CHEMBL3673227,413.0,413.0
COC1CCC2(CC1)Oc1ccc(Cl)cc1C21N=C(N)c2ccc(C#N)cc21,CHEMBL3673228,83.0,83.0
COc1ccc2c(c1)C1(N=C2N)c2cc(Br)ccc2CC12CCC(OC)CC2,CHEMBL3673229,1428.0,1428.0
COc1ccc2c(c1)C1(N=C2N)c2cc(C#CC3CC3)ccc2CC12CCC(OC)CC2,CHEMBL3673230,35.0,35.0
COC1CCC2(CC1)Cc1ccc(Br)cc1C21N=C(N)c2ccc(C(F)(F)F)cc21,CHEMBL3673231,65.0,65.0
COC1CCC2(CC1)Cc1ccc(C#CC3CC3)cc1C21N=C(N)c2ccc(C(F)(F)F)cc21,CHEMBL3673232,6.5,6.5
COC1CCC2(CC1)Cc1ccc(OCC3CC3)cc1C21N=C(N)c2ccccc21,CHEMBL3673233,13.0,13.0
COC1CCC2(CC1)Cc1ccc(C#CC3CC3)cc1C21N=C(N)c2c(F)cccc21,CHEMBL3673234,5.0,5.0
COC1CCC2(CC1)Cc1ccc(CCC3CC3)cc1C21N=C(N)c2c(F)cccc21,CHEMBL3673235,13.0,13.0
COC1CCC2(CC1)Cc1ccc(Br)cc1C21N=C(N)c2cc(C#N)ccc21,CHEMBL3673236,24.8,24.8
COC1CCC2(CC1)Cc1ccc(C#CC3CC3)cc1C21N=C(N)c2cc(C#N)ccc21,CHEMBL3673237,4.09,4.09
CCOc1cnc(C(=O)Nc2ccc(F)c([C@@]3(C)N=C(N)OCC3(F)F)n2)c(N)n1,CHEMBL4111029,1900.0,1900.0
C=C1C[C@@](C)(c2cc(NC(=O)c3ccc(C#N)cn3)ccc2F)N=C(N)S1,CHEMBL3961031,1000.0,1000.0
C#CCOc1cnc(C(=O)Nc2cccc(C3(C(F)(F)F)CCSC(N)=N3)c2)cn1,CHEMBL3913362,1000.0,1000.0
C=C1C[C@@](C)(c2cncc(NC(=O)c3ccc(C#N)cn3)c2)N=C(N)S1,CHEMBL3940114,1000.0,1000.0
C=C1C[C@@](C)(c2cc(NC(=O)c3ccc(C#N)cn3)cnc2C)N=C(N)S1,CHEMBL3924587,1000.0,1000.0
C/C(CN(C)C)=C1\C[C@@](C)(c2cc(NC(=O)c3ccc(C#N)cn3)ccc2F)N=C(N)S1,CHEMBL3948890,1000.0,1000.0
C/C(CN1CCCC1)=C1\C[C@@](C)(c2cc(NC(=O)c3ccc(C#N)cn3)ccc2F)N=C(N)S1,CHEMBL3897618,1000.0,1000.0
C/C(CN1CCC(F)(F)C1)=C1\C[C@@](C)(c2cc(NC(=O)c3ccc(C#N)cn3)ccc2F)N=C(N)S1,CHEMBL3925706,1000.0,1000.0
C/C(CN1CCOCC1)=C1\C[C@@](C)(c2cc(NC(=O)c3ccc(C#N)cn3)ccc2F)N=C(N)S1,CHEMBL3903105,1000.0,1000.0
C=C1C[C@@](C)(c2cc(NC(=O)c3ccc(C#N)cn3)cnc2Cl)N=C(N)S1,CHEMBL3983670,1000.0,1000.0
C/C(=C1\C[C@@](C)(c2cc(NC(=O)c3ccc(C#N)cn3)ccc2F)N=C(N)S1)C(F)F,CHEMBL3985821,1000.0,1000.0
C/C(CO)=C1\C[C@@](C)(c2cc(NC(=O)c3ccc(C#N)cn3)ccc2F)N=C(N)S1,CHEMBL3961308,1000.0,1000.0
C[C@@]1(c2cc(NC(=O)c3ncc(C#N)cc3F)ccc2F)C=CSC(N)=N1,CHEMBL3917824,1000.0,1000.0
C[C@@]1(c2cc(NC(=O)c3ncc(Cl)cn3)ccc2F)C=CSC(N)=N1,CHEMBL3977985,1000.0,1000.0
C[C@@]1(c2cc(NC(=O)c3ncc(C#N)cn3)ccc2F)C=CSC(N)=N1,CHEMBL3899971,1000.0,1000.0
C[C@@]1(c2cc(NC(=O)c3ncc(F)cc3F)ccc2F)C=CSC(N)=N1,CHEMBL3971989,1000.0,1000.0
Cc1ncn(-c2cnc(C(=O)Nc3ccc(F)c([C@]4(C)C=CSC(N)=N4)c3)cn2)n1,CHEMBL3931014,1000.0,1000.0
NC1=NC(c2ccc(OC(F)(F)F)cc2)(c2cccc(NC(=O)c3ncc(Cl)cc3Cl)c2)CS1,CHEMBL3908167,1000.0,1000.0
CC(C)(O)/C=C1/C[C@@](C)(c2cc(NC(=O)c3ccc(C#N)cn3)ccc2F)N=C(N)S1,CHEMBL3911592,1000.0,1000.0
C[C@@]1(c2cc(NC(=O)c3ccc(C#N)cn3)ccc2F)C/C(=C/CO)SC(N)=N1,CHEMBL3986758,1000.0,1000.0
C=C1C[C@@](C)(c2cc(NC(=O)c3ncc(Cl)cc3Cl)ccc2F)N=C(N)S1,CHEMBL3917025,1000.0,1000.0
NC1=NC(c2cccc(NC(=O)c3ncc(Cl)cc3Cl)c2)(C(F)(F)F)CCS1,CHEMBL3985304,1000.0,1000.0
COc1cnc(C(=O)Nc2ccc(F)c([C@]3(C)C=CSC(N)=N3)c2)c(N)n1,CHEMBL3979981,1000.0,1000.0
C[C@@]1(c2cc(NC(=O)c3cnc(-c4ccc[nH]4)cn3)ccc2F)C=CSC(N)=N1,CHEMBL3904244,1000.0,1000.0
COCCOc1cnc(C(=O)Nc2ccc(F)c([C@]3(C)C=CSC(N)=N3)c2)cn1,CHEMBL3898089,1000.0,1000.0
C[C@@]1(c2cc(NC(=O)c3ccc(OCCF)cn3)ccc2F)C=CSC(N)=N1,CHEMBL3925311,1000.0,1000.0
C[C@@]1(c2cc(NC(=O)c3cnc(OCCF)cn3)ccc2F)C=CSC(N)=N1,CHEMBL3924127,1000.0,1000.0
C#Cc1ccc(C(=O)Nc2cccc([C@]3(C)C=CSC(N)=N3)c2)nc1,CHEMBL3950982,1000.0,1000.0
C#CCOc1cnc(C(=O)Nc2cccc([C@]3(C)C=CSC(N)=N3)c2)cn1,CHEMBL3915119,1000.0,1000.0
COc1cnc(C(=O)Nc2cccc([C@]3(C)C=CSC(N)=N3)c2)cn1,CHEMBL3939670,1000.0,1000.0
CC1=C[C@@](C)(c2cc(NC(=O)c3ccc(C#N)cn3)ccc2F)N=C(N)S1,CHEMBL3902683,1000.0,1000.0
CC1=C[C@@](C)(c2cc(NC(=O)c3cnc(C#N)cn3)ccc2F)N=C(N)S1,CHEMBL3969031,1000.0,1000.0
COc1cnc(C(=O)Nc2ccc(F)c([C@]3(C)C=C(C)SC(N)=N3)c2)cn1,CHEMBL3893717,1000.0,1000.0
Cc1cnc(C(=O)Nc2ccc(F)c([C@]3(C)C=C(c4ccccc4)SC(N)=N3)c2)cn1,CHEMBL3925245,1000.0,1000.0
COc1cnc(C(=O)Nc2ccc(F)c([C@]3(C)C=C(c4ccccc4)SC(N)=N3)c2)cn1,CHEMBL3986007,1000.0,1000.0
C[C@@]1(c2cc(NC(=O)c3ccc(C#N)cn3)ccc2F)C=CSC(N)=N1,CHEMBL3916243,1000.0,1000.0
Cc1nc(C(=O)Nc2ccc(F)c([C@]3(C)C=CSC(N)=N3)c2)co1,CHEMBL3950176,1000.0,1000.0
C#CCOc1cnc(C(=O)Nc2ccc(F)c([C@]3(C)C=CSC(N)=N3)c2)cn1,CHEMBL3890748,1000.0,1000.0
COc1cnc(C(=O)Nc2ccc(F)c([C@]3(C)C=CSC(N)=N3)c2)cn1,CHEMBL3891839,1000.0,1000.0
Cc1cnc(C(=O)Nc2ccc(F)c([C@]3(C)C=CSC(N)=N3)c2)cn1,CHEMBL3960848,1000.0,1000.0
COc1ccc(C2(c3cccc(NC(=O)c4cnc(O)cn4)c3)CSC(N)=N2)cc1,CHEMBL3910493,1000.0,1000.0
COc1ccc(C2(c3cccc(NC(=O)c4ncc(Cl)cc4Cl)c3)CSC(N)=N2)cc1,CHEMBL3911577,1000.0,1000.0
COCCOc1cnc(C(=O)Nc2cccc(C3(C4CCCCC4)CSC(N)=N3)c2)cn1,CHEMBL3894365,1000.0,1000.0
COc1cnc(C(=O)Nc2ccc(F)c([C@]3(C)N=C(N)O[C@@H]4C[C@@H]43)c2)cn1,CHEMBL3693256,604.5,604.5
COc1cnc(C(=O)Nc2ccc(F)c([C@@]3(C)N=C(N)O[C@H]4C[C@H]43)c2)cn1,CHEMBL3693257,252.6,252.6
COc1cc(Cl)cnc1C(=O)Nc1ccc(F)c([C@@]2(C(F)F)N=C(N)O[C@@H]3C[C@@H]32)c1,CHEMBL3683789,117.5,117.5
Cc1cc(OCC#CC(C)(C)O)cnc1C(=O)Nc1ccc(F)c(C2(C)N=C(N)O[C@H]3C[C@H]32)c1,CHEMBL3683790,206.5,206.5
Cc1cc(NC(=O)c2ccc(Cl)cn2)cc([C@@]2(C(F)F)N=C(N)O[C@@H]3C[C@@H]32)c1F,CHEMBL3683791,43.2,43.2
NC1=N[C@@](CF)(c2cc(NC(=O)c3ccc(Cl)cn3)cc(F)c2F)[C@@H]2C[C@@H]2O1,CHEMBL3683792,306.0,306.0
C#CCOc1cnc(C(=O)Nc2cc(F)c(F)c([C@@]3(CF)N=C(N)O[C@@H]4C[C@@H]43)c2)cn1,CHEMBL3683793,5.4,5.4
C#CCOc1cnc(C(=O)Nc2cc(F)c(F)c([C@]3(CF)N=C(N)O[C@H]4C[C@H]43)c2)cn1,CHEMBL3683794,6215.0,6215.0
CC#CCOc1cnc(C(=O)Nc2cc(F)c(F)c([C@@]3(CF)N=C(N)O[C@@H]4C[C@@H]43)c2)cn1,CHEMBL3683795,1.6,1.6
CC#CCOc1cnc(C(=O)Nc2cc(F)c(F)c([C@]3(CF)N=C(N)O[C@H]4C[C@H]43)c2)cn1,CHEMBL3683796,295.5,295.5
N#Cc1ccc(C(=O)Nc2cc(F)c(F)c([C@@]3(CF)N=C(N)O[C@@H]4C[C@@H]43)c2)nc1,CHEMBL3683797,69.8,69.8
N#Cc1ccc(C(=O)Nc2cc(F)c(F)c([C@]3(CF)N=C(N)O[C@H]4C[C@H]43)c2)nc1,CHEMBL3683798,16500.0,16500.0
NC1=N[C@](CF)(c2cc(NC(=O)c3ccc(Br)cn3)cc(F)c2F)[C@H]2C[C@H]2O1,CHEMBL3683799,46.9,46.9
NC1=N[C@@](CF)(c2cc(NC(=O)c3ccc(Br)cn3)cc(F)c2F)[C@@H]2C[C@@H]2O1,CHEMBL3683800,6495.0,6495.0
COc1ccc(C(=O)Nc2cc(F)c(F)c([C@@]3(CF)N=C(N)O[C@@H]4C[C@@H]43)c2)nc1,CHEMBL3683801,134.5,134.5
COCc1cc(Cl)cnc1C(=O)Nc1ccc(F)c([C@@]2(C(F)F)N=C(N)O[C@@H]3C[C@@H]32)c1,CHEMBL3683802,27.7,27.7
Cc1cc(Cl)cnc1C(=O)Nc1ccc(F)c([C@@]2(C(F)F)N=C(N)O[C@@H]3C[C@@H]32)c1,CHEMBL3683803,22.5,22.5
Cc1cc(C#N)cnc1C(=O)Nc1ccc(F)c([C@@]2(C(F)F)N=C(N)O[C@@H]3C[C@@H]32)c1,CHEMBL3683804,14.2,14.2
COc1cc(C#N)cnc1C(=O)Nc1ccc(F)c([C@@]2(C(F)F)N=C(N)O[C@@H]3C[C@@H]32)c1,CHEMBL3683805,55.5,55.5
NC1=N[C@](CF)(c2cc(NC(=O)c3nn(C(F)F)cc3Cl)cc(F)c2F)[C@H]2C[C@H]2O1,CHEMBL3683806,18.0,18.0
NC1=N[C@@](CF)(c2cc(NC(=O)c3nn(C(F)F)cc3Cl)cc(F)c2F)[C@@H]2C[C@@H]2O1,CHEMBL3683807,21150.0,21150.0
NC1=N[C@](CF)(c2cc(NC(=O)c3ccc(Cl)cn3)cc(F)c2F)[C@H]2C[C@H]2O1,CHEMBL3683808,43.9,43.9
Cc1cc(C#N)cnc1C(=O)Nc1cc(F)c(F)c([C@@]2(CF)N=C(N)O[C@@H]3C[C@@H]32)c1,CHEMBL3683809,30.8,30.8
Cc1cc(C#N)cnc1C(=O)Nc1cc(F)c(F)c([C@]2(CF)N=C(N)O[C@H]3C[C@H]32)c1,CHEMBL3683810,26621.0,26621.0
Cc1cc(C(F)(F)F)cnc1C(=O)Nc1cc(F)c(F)c([C@@]2(CF)N=C(N)O[C@@H]3C[C@@H]32)c1,CHEMBL3683811,62.7,62.7
Cc1cc(C(F)(F)F)cnc1C(=O)Nc1cc(F)c(F)c([C@]2(CF)N=C(N)O[C@H]3C[C@H]32)c1,CHEMBL3683812,40000.0,40000.0
Cc1nc(Cl)cnc1C(=O)Nc1ccc(F)c([C@]2(C(F)F)N=C(N)O[C@H]3C[C@H]32)c1,CHEMBL3683813,61.6,61.6
Cc1ncc(Cl)nc1C(=O)Nc1ccc(F)c([C@]2(C(F)F)N=C(N)O[C@H]3C[C@H]32)c1,CHEMBL3683814,2510.0,2510.0
NC1=N[C@](c2cc(NC(=O)c3ccc(Cl)cn3)ccc2F)(C(F)F)[C@@H]2C[C@@H]2O1,CHEMBL3683815,36.2,36.2
CC#CCOc1cnc(C(=O)Nc2ccc(F)c([C@@]3(C)N=C(N)O[C@@H]4C[C@@H]43)c2)c(C)c1,CHEMBL3683816,12.9,12.9
CC#CCOc1cnc(C(=O)Nc2ccc(F)c([C@]3(C)N=C(N)O[C@H]4C[C@H]43)c2)c(C)c1,CHEMBL3683817,2250.0,2250.0
COc1cnc(C(=O)Nc2ccc(F)c([C@]3(C(F)F)N=C(N)O[C@H]4C[C@H]43)c2)c(C)n1,CHEMBL3683818,158.0,158.0
N#Cc1ccc(C(=O)Nc2ccc(F)c([C@]3(C(F)F)N=C(N)O[C@H]4C[C@H]43)c2)nc1,CHEMBL3683819,34.5,34.5
Cc1c(C(=O)Nc2ccc(F)c([C@]3(C(F)F)N=C(N)O[C@H]4C[C@H]43)c2)nc2ccc(Cl)cn12,CHEMBL3683820,166.8,166.8
N#Cc1cnc(C(=O)Nc2ccc(F)c([C@]3(C(F)F)N=C(N)O[C@H]4C[C@H]43)c2)c(Cl)c1,CHEMBL3683821,26.6,26.6
COc1cnc(C(=O)Nc2ccc(F)c([C@@]3(C(F)F)N=C(N)O[C@@H]4C[C@@H]43)c2)c(C)n1,CHEMBL3683822,63.7,63.7
N#Cc1cnc(C(=O)Nc2ccc(F)c([C@@]3(C(F)F)N=C(N)O[C@@H]4C[C@@H]43)c2)c(Cl)c1,CHEMBL3683823,15.3,15.3
C[C@]1(c2cc(NC(=O)c3ccc(Cl)cn3)ccc2F)N=C(N)O[C@@H]2C[C@@H]21,CHEMBL3683824,65.0,65.0
Cc1c(C(=O)Nc2ccc(F)c([C@@]3(C(F)F)N=C(N)O[C@@H]4C[C@@H]43)c2)nc2ccc(Cl)cn12,CHEMBL3683825,126.0,126.0
COc1cnc(C(=O)Nc2ccc(F)c([C@@]3(C(F)F)N=C(N)O[C@@H]4C[C@@H]43)c2)c(Cl)c1,CHEMBL3683826,56.8,56.8
NC1=N[C@@](c2cc(NC(=O)c3ncc(Cl)cc3Cl)ccc2F)(C(F)F)[C@H]2C[C@H]2O1,CHEMBL3683827,27.6,27.6
COc1cnc(C(=O)Nc2ccc(F)c([C@@]3(C(F)F)N=C(N)O[C@@H]4C[C@@H]43)c2)cn1,CHEMBL3683828,76.3,76.3
NC1=N[C@](c2cc(NC(=O)c3ccc(Cl)cn3)cnc2F)(C(F)F)[C@@H]2C[C@@H]2O1,CHEMBL3683829,114.5,114.5
NC1=N[C@@](c2cc(NC(=O)c3ccc(Br)cn3)ccc2F)(C(F)F)[C@H]2C[C@H]2O1,CHEMBL3683830,24.7,24.7
N#Cc1ccc(C(=O)Nc2cnc(F)c([C@]3(C(F)F)N=C(N)O[C@H]4C[C@H]43)c2)nc1,CHEMBL3683831,165.0,165.0
NC1=N[C@@](c2cc(NC(=O)c3ccc(Cl)cn3)ccc2F)(C(F)F)[C@H]2C[C@H]2O1,CHEMBL3683832,26.6,26.6
N#Cc1ccc(C(=O)Nc2ccc(F)c([C@@]3(C(F)F)N=C(N)O[C@@H]4C[C@@H]43)c2)nc1,CHEMBL3683833,26.8,26.8
COc1ccc(C(=O)Nc2ccc(F)c([C@]3(CF)N=C(N)O[C@H]4C[C@H]43)c2F)nc1,CHEMBL3683834,40000.0,40000.0
COc1ccc(C(=O)Nc2ccc(F)c([C@@]3(CF)N=C(N)O[C@@H]4C[C@@H]43)c2F)nc1,CHEMBL3683835,3038.9,3038.9
COC[C@]1(c2cc(NC(=O)c3cnc(OC)cn3)ccc2F)N=C(N)O[C@@H]2C[C@@H]21,CHEMBL3683836,7950.0,7950.0
COC[C@@]1(c2cc(NC(=O)c3cnc(OC)cn3)ccc2F)N=C(N)O[C@H]2C[C@H]21,CHEMBL3683837,40000.0,40000.0
COC[C@]1(c2cc(NC(=O)c3ccc(Cl)cn3)ccc2F)N=C(N)O[C@@H]2C[C@@H]21,CHEMBL3683838,2740.0,2740.0
COC[C@@]1(c2cc(NC(=O)c3ccc(Cl)cn3)ccc2F)N=C(N)O[C@H]2C[C@H]21,CHEMBL3683839,40000.0,40000.0
COc1cnc(C(=O)Nc2ccc(F)c([C@@]3(C(F)F)N=C(N)O[C@@H]4C[C@@H]43)c2)c(OC)n1,CHEMBL3683840,494.5,494.5
COc1cnc(C(=O)Nc2cc(Cl)c(F)c([C@@]3(CF)N=C(N)O[C@@H]4C[C@@H]43)c2)cn1,CHEMBL3683841,34.0,34.0
COc1cc(C#N)cnc1C(=O)Nc1cc(Cl)c(F)c([C@@]2(CF)N=C(N)O[C@@H]3C[C@@H]32)c1,CHEMBL3683842,75.9,75.9
Cc1cc(OC(F)F)cnc1C(=O)Nc1cc(Cl)c(F)c([C@@]2(CF)N=C(N)O[C@@H]3C[C@@H]32)c1,CHEMBL3683843,32.3,32.3
N#Cc1ccc(C(=O)Nc2cc(Cl)c(F)c([C@@]3(CF)N=C(N)O[C@@H]4C[C@@H]43)c2)nc1,CHEMBL3683844,29.4,29.4
COc1cnc(C(=O)Nc2cc(Cl)c(F)c([C@@]3(CF)N=C(N)O[C@@H]4C[C@@H]43)c2)c(C)n1,CHEMBL3683845,73.1,73.1
NC1=N[C@](CF)(c2cc(NC(=O)c3cnc(OCC(F)(F)F)cn3)cc(Cl)c2F)[C@H]2C[C@H]2O1,CHEMBL3683846,13.6,13.6
Cc1cc(C#N)cnc1C(=O)Nc1cc(Cl)c(F)c([C@@]2(CF)N=C(N)O[C@@H]3C[C@@H]32)c1,CHEMBL3683847,50.6,50.6
NC1=N[C@](c2cc(NC(=O)c3ccc(Cl)cn3)ccc2Cl)(C(F)F)[C@@H]2C[C@@H]2O1,CHEMBL3683848,17050.0,17050.0
N#Cc1ccc(C(=O)Nc2ccc(Cl)c([C@@]3(C(F)F)N=C(N)O[C@@H]4C[C@@H]43)c2)nc1,CHEMBL3683849,19.1,19.1
N#Cc1ccc(C(=O)Nc2ccc(Cl)c([C@]3(C(F)F)N=C(N)O[C@H]4C[C@H]43)c2)nc1,CHEMBL3683850,31911.0,31911.0
C#CCOc1cnc(C(=O)Nc2ccc(F)c([C@@]3(C(F)F)N=C(N)O[C@@H]4C[C@@H]43)c2)cn1,CHEMBL3683851,3.5,3.5
CC#CCOc1cnc(C(=O)Nc2ccc(F)c([C@@]3(C(F)F)N=C(N)O[C@@H]4C[C@@H]43)c2)cn1,CHEMBL3683852,1.0,1.0
NC1=N[C@@](c2cc(NC(=O)c3ccc(Cl)cn3)ccc2Cl)(C(F)F)[C@H]2C[C@H]2O1,CHEMBL3683853,37.1,37.1
COc1ccc(C(=O)Nc2ccc(Cl)c([C@@]3(C(F)F)N=C(N)O[C@@H]4C[C@@H]43)c2)nc1,CHEMBL3683854,61.1,61.1
COc1cnc(C(=O)Nc2ccc(Cl)c([C@@]3(C(F)F)N=C(N)O[C@@H]4C[C@@H]43)c2)c(C)c1,CHEMBL3683855,97.1,97.1
NC1=N[C@@](c2cc(NC(=O)c3cnc(OCc4cocn4)cn3)ccc2Cl)(C(F)F)[C@H]2C[C@H]2O1,CHEMBL3683856,35.6,35.6
COc1cnc(C(=O)Nc2ccc(F)c([C@@]3(C(F)F)N=C(N)O[C@@H]4C[C@@H]43)c2)nc1,CHEMBL3683857,121.5,121.5
COc1cnc(C(=O)Nc2ccc(Cl)c([C@@]3(C(F)F)N=C(N)O[C@@H]4C[C@@H]43)c2)nc1,CHEMBL3683858,87.3,87.3
NC1=N[C@@](CF)(c2nc(NC(=O)c3ccc(Cl)cn3)ccc2F)[C@@H]2C[C@@H]2O1,CHEMBL3683859,39340.0,39340.0
NC1=N[C@](CF)(c2nc(NC(=O)c3ccc(Cl)cn3)ccc2F)[C@H]2C[C@H]2O1,CHEMBL3683860,252.0,252.0
NC1=N[C@@](c2cc(NC(=O)c3ccc(Cl)cn3)cc(F)c2F)(C(F)F)[C@H]2C[C@H]2O1,CHEMBL3683861,19.6,19.6
NC1=N[C@](c2cc(NC(=O)c3ccc(Cl)cn3)cc(F)c2F)(C(F)F)[C@@H]2C[C@@H]2O1,CHEMBL3683862,10365.0,10365.0
N#Cc1ccc(C(=O)Nc2cc(F)c(F)c([C@]3(C(F)F)N=C(N)O[C@H]4C[C@H]43)c2)nc1,CHEMBL3683863,12050.0,12050.0
NC1=N[C@](c2cc(NC(=O)c3nn(C(F)F)cc3Cl)cc(F)c2F)(C(F)F)[C@@H]2C[C@@H]2O1,CHEMBL3639827,26194.0,26194.0
C#CCOc1cnc(C(=O)Nc2cc(F)c(F)c([C@@]3(C(F)F)N=C(N)O[C@@H]4C[C@@H]43)c2)cn1,CHEMBL3683864,6505.0,6505.0
COc1cnc(C(=O)Nc2cc(F)c(F)c([C@@]3(C(F)F)N=C(N)O[C@@H]4C[C@@H]43)c2)cn1,CHEMBL3683865,40000.0,40000.0
N#Cc1ccc(C(=O)Nc2cc(F)c(F)c([C@@]3(C(F)F)N=C(N)O[C@@H]4C[C@@H]43)c2)nc1,CHEMBL3683866,27.5,27.5
NC1=N[C@@](c2cc(NC(=O)c3nn(C(F)F)cc3Cl)cc(F)c2F)(C(F)F)[C@H]2C[C@H]2O1,CHEMBL3683867,9.8,9.8
NC1=N[C@@](c2cc(NC(=O)c3ccc(Br)cn3)cc(F)c2F)(C(F)F)[C@H]2C[C@H]2O1,CHEMBL3683868,18.5,18.5
NC1=N[C@](CF)(c2cc(NC(=O)c3ccc(Cl)cn3)ccc2F)[C@H]2C[C@H]2O1,CHEMBL3683869,21.1,21.1
NC1=N[C@@](CF)(c2cc(NC(=O)c3ccc(Cl)cn3)ccc2F)[C@@H]2C[C@@H]2O1,CHEMBL3683870,1560.0,1560.0
NC1=N[C@@](c2cc(NC(=O)c3ncc(Cl)cn3)ccc2F)(C(F)F)[C@H]2C[C@H]2O1,CHEMBL3683871,55.9,55.9
Cc1nc(OCC(F)(F)F)cnc1C(=O)Nc1ccc(F)c([C@@]2(C(F)F)N=C(N)O[C@@H]3C[C@@H]32)c1,CHEMBL3683872,50.0,50.0
COc1ccc(C(=O)Nc2cc(F)c(F)c([C@@]3(C(F)F)N=C(N)O[C@@H]4C[C@@H]43)c2)nc1,CHEMBL3683873,83.3,83.3
Cc1cc(C(F)F)cnc1C(=O)Nc1ccc(Cl)c([C@@]2(CF)N=C(N)O[C@@H]3C[C@@H]32)c1,CHEMBL3683874,99.0,99.0
Cc1cc(NC(=O)c2ccc(Cl)cn2)cc([C@]2(C(F)F)N=C(N)O[C@H]3C[C@H]32)c1F,CHEMBL3683875,3530.0,3530.0
Cc1cc(C(F)(F)F)cnc1C(=O)Nc1ccc(Cl)c([C@@]2(CF)N=C(N)O[C@@H]3C[C@@H]32)c1,CHEMBL3683876,80.6,80.6
Cc1cc(OC(F)F)cnc1C(=O)Nc1ccc(Cl)c([C@@]2(CF)N=C(N)O[C@@H]3C[C@@H]32)c1,CHEMBL3683877,83.5,83.5
N#Cc1cnc(C(=O)Nc2ccc(Cl)c([C@@]3(CF)N=C(N)O[C@@H]4C[C@@H]43)c2)c(Cl)c1,CHEMBL3683878,39.5,39.5
COCc1cc(Cl)cnc1C(=O)Nc1ccc(Cl)c([C@@]2(CF)N=C(N)O[C@@H]3C[C@@H]32)c1,CHEMBL3683879,50.8,50.8
NC1=N[C@@](c2cc(NC(=O)c3ncc(Cl)cc3F)ccc2F)(C(F)F)[C@H]2C[C@H]2O1,CHEMBL3683880,38.9,38.9
COc1ccc(C(=O)Nc2ccc(F)c([C@@]3(C(F)F)N=C(N)O[C@@H]4C[C@@H]43)c2)nc1,CHEMBL3683881,84.5,84.5
COc1cnc(C(=O)Nc2ccc(F)c([C@@]3(C(F)F)N=C(N)O[C@@H]4C[C@@H]43)c2)c(C)c1,CHEMBL3683882,185.0,185.0
Cc1cc(C#N)cnc1C(=O)Nc1cc(C)c(F)c([C@@]2(C(F)F)N=C(N)O[C@@H]3C[C@@H]32)c1,CHEMBL3683883,21.4,21.4
Cc1cc(NC(=O)c2ncc(C#N)cc2Cl)cc([C@@]2(C(F)F)N=C(N)O[C@@H]3C[C@@H]32)c1F,CHEMBL3683884,23.0,23.0
COc1cc(Cl)cnc1C(=O)Nc1cc(C)c(F)c([C@@]2(C(F)F)N=C(N)O[C@@H]3C[C@@H]32)c1,CHEMBL3683885,130.5,130.5
Cc1cc(NC(=O)c2ncc(Cl)cc2Cl)cc([C@@]2(C(F)F)N=C(N)O[C@@H]3C[C@@H]32)c1F,CHEMBL3683886,25.6,25.6
N#Cc1ccc(C(=O)Nc2cc(F)c(Cl)c([C@]3(CF)N=C(N)O[C@H]4C[C@H]43)c2)nc1,CHEMBL3683887,119.5,119.5
Cc1cc(C#N)cnc1C(=O)Nc1cc(F)c(Cl)c([C@]2(CF)N=C(N)O[C@H]3C[C@H]32)c1,CHEMBL3683888,44.8,44.8
Cc1cc(C#N)cnc1C(=O)Nc1cc(F)c(Cl)c([C@@]2(CF)N=C(N)O[C@@H]3C[C@@H]32)c1,CHEMBL3683889,36.2,36.2
C#CCOc1ccc(C(=O)Nc2cc(F)c(Cl)c([C@]3(CF)N=C(N)O[C@H]4C[C@H]43)c2)nc1,CHEMBL3683890,6.0,6.0
CSc1c(F)cc(NC(=O)c2ccc(Cl)cn2)cc1[C@@]1(CF)N=C(N)O[C@@H]2C[C@@H]21,CHEMBL3683891,40000.0,40000.0
COc1cnc(C(=O)Nc2cc(F)c(F)c([C@@]3(CF)N=C(N)O[C@@H]4C[C@@H]43)c2)cn1,CHEMBL3683892,125.0,125.0
COc1cnc(C(=O)Nc2cc(F)c(F)c([C@]3(CF)N=C(N)O[C@H]4C[C@H]43)c2)cn1,CHEMBL3683893,40000.0,40000.0
COc1c(F)cc(NC(=O)c2ccc(Cl)cn2)cc1[C@@]1(CF)N=C(N)O[C@@H]2C[C@@H]21,CHEMBL3683894,153.0,153.0
COc1c(F)cc(NC(=O)c2ccc(Cl)cn2)cc1[C@]1(CF)N=C(N)O[C@H]2C[C@H]21,CHEMBL3683895,40000.0,40000.0
CC(C)Oc1cnc(C(=O)Nc2ccc(F)c([C@@]3(C(F)F)N=C(N)O[C@@H]4C[C@@H]43)c2)cn1,CHEMBL3683896,731.5,731.5
C#C[C@@H](C)Oc1cnc(C(=O)Nc2ccc(F)c([C@@]3(C(F)F)N=C(N)O[C@@H]4C[C@@H]43)c2)cn1,CHEMBL3683897,195.0,195.0
NC1=N[C@@](c2cc(NC(=O)c3csc(C(F)F)n3)ccc2F)(C(F)F)[C@H]2C[C@H]2O1,CHEMBL3683898,194.5,194.5
NC1=N[C@@](c2cc(NC(=O)c3coc(C(F)F)n3)ccc2F)(C(F)F)[C@H]2C[C@H]2O1,CHEMBL3683899,32.2,32.2
NC1=N[C@@](c2cc(NC(=O)c3coc(C#CC4CC4)n3)ccc2F)(C(F)F)[C@H]2C[C@H]2O1,CHEMBL3683900,24805.0,24805.0
COc1cnc(C(=O)Nc2cc(F)c(Cl)c([C@]3(CF)N=C(N)O[C@H]4C[C@H]43)c2)cn1,CHEMBL3683901,127.5,127.5
Cc1cc(OC(F)F)cnc1C(=O)Nc1cc(F)c(Cl)c([C@]2(CF)N=C(N)O[C@H]3C[C@H]32)c1,CHEMBL3683902,143.0,143.0
Cn1nc(C(F)F)cc1C(=O)Nc1ccc(F)c([C@@]2(C(F)F)N=C(N)O[C@@H]3C[C@@H]32)c1,CHEMBL3683903,240.0,240.0
COc1cnc(C(=O)Nc2cc(F)c(Cl)c([C@@]3(CF)N=C(N)O[C@@H]4C[C@@H]43)c2)cn1,CHEMBL3683904,55.0,55.0
Cc1cc(OC(F)F)cnc1C(=O)Nc1cc(F)c(Cl)c([C@@]2(CF)N=C(N)O[C@@H]3C[C@@H]32)c1,CHEMBL3683905,40.3,40.3
Cc1nc(OCC(F)(F)F)cnc1C(=O)Nc1cc(F)c(Cl)c([C@]2(CF)N=C(N)O[C@H]3C[C@H]32)c1,CHEMBL3683906,225.5,225.5
CC(C)n1cc(Cl)c(C(=O)Nc2ccc(F)c([C@@]3(C(F)F)N=C(N)O[C@@H]4C[C@@H]43)c2)n1,CHEMBL3683907,40000.0,40000.0
C#C[C@H](C)Oc1cnc(C(=O)Nc2ccc(F)c([C@@]3(C(F)F)N=C(N)O[C@@H]4C[C@@H]43)c2)cn1,CHEMBL3683908,8.5,8.5
NC1=N[C@@](c2cc(NC(=O)c3nn(C(F)F)cc3Cl)ccc2F)(C(F)F)[C@H]2C[C@H]2O1,CHEMBL3683909,13.7,13.7
NC1=N[C@](CF)(c2cc(NC(=O)c3nn(C(F)F)cc3Cl)ccc2F)[C@H]2C[C@H]2O1,CHEMBL3683910,23.2,23.2
NC1=N[C@@](c2cc(NC(=O)c3cnc(OCc4nccs4)cn3)ccc2F)(C(F)F)[C@H]2C[C@H]2O1,CHEMBL3683911,19.2,19.2
Cc1nc(C(=O)Nc2ccc(F)c([C@@]3(C(F)F)N=C(N)O[C@@H]4C[C@@H]43)c2)co1,CHEMBL3683912,61.3,61.3
NC1=N[C@@](c2cc(NC(=O)c3cnc(OCc4ncco4)cn3)ccc2F)(C(F)F)[C@H]2C[C@H]2O1,CHEMBL3683913,12.4,12.4
NC1=N[C@@](c2cc(NC(=O)c3coc(CF)n3)ccc2F)(C(F)F)[C@H]2C[C@H]2O1,CHEMBL3683914,11.6,11.6
NC1=N[C@@](c2cc(NC(=O)c3cnc(OCc4cscn4)cn3)ccc2F)(C(F)F)[C@H]2C[C@H]2O1,CHEMBL3683915,36.6,36.6
NC1=N[C@@](c2cc(NC(=O)c3cnc(OCc4cncs4)cn3)ccc2F)(C(F)F)[C@H]2C[C@H]2O1,CHEMBL3683916,86.7,86.7
NC1=N[C@@](c2cc(NC(=O)c3cnc(OCc4cnco4)cn3)ccc2F)(C(F)F)[C@H]2C[C@H]2O1,CHEMBL3683917,81.1,81.1
NC1=N[C@@](c2cc(NC(=O)c3ccc(OCc4nccs4)cn3)ccc2F)(C(F)F)[C@H]2C[C@H]2O1,CHEMBL3683918,82.4,82.4
NC1=N[C@@](c2cc(NC(=O)c3ccc(OCc4ncco4)cn3)ccc2F)(C(F)F)[C@H]2C[C@H]2O1,CHEMBL3683919,36.6,36.6
NC1=N[C@@](c2cc(NC(=O)c3cnc(OCc4cocn4)cn3)ccc2F)(C(F)F)[C@H]2C[C@H]2O1,CHEMBL3683920,23.3,23.3
C[C@H](F)c1nc(C(=O)Nc2ccc(F)c([C@@]3(C(F)F)N=C(N)O[C@@H]4C[C@@H]43)c2)co1,CHEMBL3683921,2880.0,2880.0
Cc1csc(C(=O)Nc2ccc(F)c([C@@]3(C(F)F)N=C(N)O[C@@H]4C[C@@H]43)c2)c1,CHEMBL3683922,190.5,190.5
NC1=N[C@@](c2cc(NC(=O)c3cc(Cl)cs3)ccc2F)(C(F)F)[C@H]2C[C@H]2O1,CHEMBL3688609,185.0,185.0
N#Cc1csc(C(=O)Nc2ccc(F)c([C@@]3(C(F)F)N=C(N)O[C@@H]4C[C@@H]43)c2)c1,CHEMBL3688610,1075.0,1075.0
NC1=N[C@@](c2cc(NC(=O)c3ccc(Cl)s3)ccc2F)(C(F)F)[C@H]2C[C@H]2O1,CHEMBL3688611,870.5,870.5
NC1=N[C@@](c2cc(NC(=O)c3ccc(OCF)cn3)ccc2F)(C(F)F)[C@H]2C[C@H]2O1,CHEMBL3688612,91.8,91.8
NC1=N[C@@](c2cc(NC(=O)c3csc(Cl)c3)ccc2F)(C(F)F)[C@H]2C[C@H]2O1,CHEMBL3688613,1400.0,1400.0
CS(=O)(=O)c1ccc(C(=O)Nc2ccc(F)c([C@@]3(C(F)F)N=C(N)O[C@@H]4C[C@@H]43)c2)nc1,CHEMBL3688614,13100.0,13100.0
NC1=N[C@](CF)(c2cc(NC(=O)c3ccc(OCF)cn3)ccc2Cl)[C@H]2C[C@H]2O1,CHEMBL3688615,99.8,99.8
Cc1cc(OCC#N)cnc1C(=O)Nc1ccc(F)c([C@@]2(C(F)F)N=C(N)O[C@@H]3C[C@@H]32)c1,CHEMBL3639874,357.5,357.5
Cc1cnc(C(=O)Nc2ccc(F)c([C@@]3(C(F)F)N=C(N)O[C@@H]4C[C@@H]43)c2)c(C)c1,CHEMBL3688616,106.6,106.6
Cc1cc(C(F)F)cnc1C(=O)Nc1ccc(F)c([C@@]2(C(F)F)N=C(N)O[C@@H]3C[C@@H]32)c1,CHEMBL3688617,61.0,61.0
COc1ccc(C(=O)Nc2ccc(F)c([C@@]3(C(F)F)N=C(N)O[C@@H]4C[C@@H]43)c2)nn1,CHEMBL3688618,3440.0,3440.0
Cc1cc(C(F)(F)F)cnc1C(=O)Nc1ccc(F)c([C@@]2(C(F)F)N=C(N)O[C@@H]3C[C@@H]32)c1,CHEMBL3688619,40.0,40.0
Cc1cc(OCC(F)(F)F)cnc1C(=O)Nc1ccc(F)c([C@@]2(C(F)F)N=C(N)O[C@@H]3C[C@@H]32)c1,CHEMBL3688620,119.5,119.5
Cc1ccc(C(=O)Nc2ccc(F)c([C@@]3(C(F)F)N=C(N)O[C@@H]4C[C@@H]43)c2)nc1,CHEMBL3688621,151.0,151.0
CC(F)(F)Oc1ccc(C(=O)Nc2ccc(F)c([C@@]3(C(F)F)N=C(N)O[C@@H]4C[C@@H]43)c2)nc1,CHEMBL3688622,414.5,414.5
N#Cc1ccc(C(=O)Nc2ccc(F)c([C@@]3(CF)N=C(N)O[C@@H]4C[C@@H]43)c2)nc1,CHEMBL3688623,25.6,25.6
NC1=N[C@](CF)(c2cc(NC(=O)c3ncc(Cl)cc3Cl)ccc2F)[C@H]2C[C@H]2O1,CHEMBL3688624,44.9,44.9
COc1cnc(C(=O)Nc2ccc(F)c([C@@]3(CF)N=C(N)O[C@@H]4C[C@@H]43)c2)cn1,CHEMBL3688625,142.5,142.5
COc1ccc(C(=O)Nc2ccc(F)c([C@@]3(CF)N=C(N)O[C@@H]4C[C@@H]43)c2)nc1,CHEMBL3688626,124.1,124.1
Cc1cc(C#N)cnc1C(=O)Nc1ccc(F)c([C@@]2(CF)N=C(N)O[C@@H]3C[C@@H]32)c1,CHEMBL3688627,32.4,32.4
C#CCOc1cnc(C(=O)Nc2ccc(F)c([C@@]3(CF)N=C(N)O[C@@H]4C[C@@H]43)c2)cn1,CHEMBL3688628,6.6,6.6
Cc1cc(Cl)cnc1C(=O)Nc1ccc(F)c([C@@]2(CF)N=C(N)O[C@@H]3C[C@@H]32)c1,CHEMBL3688629,33.8,33.8
CC#CCOc1cnc(C(=O)Nc2ccc(F)c([C@@]3(CF)N=C(N)O[C@@H]4C[C@@H]43)c2)cn1,CHEMBL3688630,2.2,2.2
Cc1c(C(=O)Nc2ccc(F)c([C@@]3(CF)N=C(N)O[C@@H]4C[C@@H]43)c2)nc2ccc(Cl)cn12,CHEMBL3688631,189.0,189.0
Cc1cc(C(F)F)cnc1C(=O)Nc1ccc(F)c([C@@]2(CF)N=C(N)O[C@@H]3C[C@@H]32)c1,CHEMBL3688632,63.8,63.8
NC1=N[C@](CF)(c2cc(NC(=O)c3cc4ccccc4cn3)ccc2F)[C@H]2C[C@H]2O1,CHEMBL3688633,499.5,499.5
CC#CCOc1ccc(C(=O)Nc2ccc(F)c([C@@]3(CF)N=C(N)O[C@@H]4C[C@@H]43)c2)nc1,CHEMBL3688634,8.9,8.9
N#Cc1ccc(C(=O)Nc2cnc(F)c([C@@]3(CF)N=C(N)O[C@@H]4C[C@@H]43)c2)nc1,CHEMBL3688635,145.5,145.5
C#CCOc1ccc(C(=O)Nc2ccc(F)c([C@@]3(CF)N=C(N)O[C@@H]4C[C@@H]43)c2)nc1,CHEMBL3688636,27.4,27.4
C#CCOc1cnc(C(=O)Nc2cnc(F)c([C@@]3(CF)N=C(N)O[C@@H]4C[C@@H]43)c2)cn1,CHEMBL3688637,9.4,9.4
NC1=N[C@](CF)(c2cc(NC(=O)c3nn(C(F)F)cc3Cl)cnc2F)[C@H]2C[C@H]2O1,CHEMBL3688638,57.8,57.8
NC1=N[C@](c2cccc(NC(=O)c3ccc(Cl)cn3)c2)(C(F)(F)F)[C@@H]2C[C@@H]2O1,CHEMBL3688639,150.0,150.0
Cc1cc(OC(F)F)cnc1C(=O)Nc1ccc(Cl)c(C2(C(F)F)N=C(N)O[C@@H]3C[C@@H]32)c1,CHEMBL3688640,90.8,90.8
CC#CCOc1cnc(C(=O)Nc2ccc(Cl)c([C@]3(C(F)F)N=C(N)O[C@H]4C[C@H]43)c2)cn1,CHEMBL3688641,3.9,3.9
NC1=N[C@@](c2cc(NC(=O)c3ncc(Cl)cc3Cl)ccc2Cl)(C(F)F)[C@H]2C[C@H]2O1,CHEMBL3688642,12.6,12.6
Cc1cc(OC(F)F)cnc1C(=O)Nc1ccc(Cl)c([C@@]2(C(F)F)N=C(N)O[C@@H]3C[C@@H]32)c1,CHEMBL3688643,46.9,46.9
Cc1cc(OC(F)F)cnc1C(=O)Nc1ccc(Cl)c([C@]2(C(F)F)N=C(N)O[C@H]3C[C@H]32)c1,CHEMBL3688644,2415.0,2415.0
NC1=N[C@@](c2cc(NC(=O)c3ccc(Br)cn3)ccc2Cl)(C(F)F)[C@H]2C[C@H]2O1,CHEMBL3688645,9.3,9.3
CC#CCOc1cnc(C(=O)Nc2ccc(Cl)c([C@@]3(C(F)F)N=C(N)O[C@@H]4C[C@@H]43)c2)cn1,CHEMBL3688646,1.7,1.7
Cc1cc(C(F)(F)F)cnc1C(=O)Nc1ccc(Cl)c([C@@]2(C(F)F)N=C(N)O[C@@H]3C[C@@H]32)c1,CHEMBL3688647,15.1,15.1
NC1=N[C@](c2cc(NC(=O)c3ccc(Cl)cn3)ccc2F)(C(F)(F)F)[C@@H]2C[C@@H]2O1,CHEMBL3688648,861.0,861.0
C#CCOc1cnc(C(=O)Nc2ccc(Cl)c([C@]3(C(F)F)N=C(N)O[C@H]4C[C@H]43)c2)cn1,CHEMBL3688649,6.3,6.3
NC1=N[C@](c2cc(NC(=O)c3nn(C(F)F)cc3Cl)ccc2Cl)(C(F)F)[C@@H]2C[C@@H]2O1,CHEMBL3688650,18.8,18.8
C#CCOc1cnc(C(=O)Nc2ccc(Cl)c([C@@]3(C(F)F)N=C(N)O[C@@H]4C[C@@H]43)c2)cn1,CHEMBL3688651,2.7,2.7
Cc1cc(C#N)cnc1C(=O)Nc1ccc(Cl)c([C@@]2(C(F)F)N=C(N)O[C@@H]3C[C@@H]32)c1,CHEMBL3688652,18.4,18.4
NC1=N[C@@](c2cc(NC(=O)c3nn(C(F)F)cc3Cl)ccc2Cl)(C(F)F)[C@H]2C[C@H]2O1,CHEMBL3688653,10.5,10.5
COc1cnc(C(=O)Nc2ccc(Cl)c([C@@]3(C(F)F)N=C(N)O[C@@H]4C[C@@H]43)c2)cn1,CHEMBL3688654,89.5,89.5
N#Cc1cnc(C(=O)Nc2ccc(F)c([C@]3(CF)N=C(N)O[C@H]4C[C@H]43)c2)c(Cl)c1,CHEMBL3688655,46.9,46.9
N#Cc1cnc(C(=O)Nc2ccc(F)c([C@@]3(CF)N=C(N)O[C@@H]4C[C@@H]43)c2)c(Cl)c1,CHEMBL3688656,41.9,41.9
COc1cnc(C(=O)Nc2ccc(F)c([C@@]3(CF)N=C(N)O[C@@H]4C[C@@H]43)c2)c(Cl)c1,CHEMBL3688657,34.1,34.1
NC1=N[C@@](CF)(c2cc(NC(=O)c3ccc(Cl)cn3)cnc2F)[C@@H]2C[C@@H]2O1,CHEMBL3688658,11950.0,11950.0
NC1=N[C@](CF)(c2cc(NC(=O)c3ccc(Cl)cn3)cnc2F)[C@H]2C[C@H]2O1,CHEMBL3688659,165.0,165.0
C#CCOc1ccc(C(=O)Nc2ccc(F)c([C@@]3(C(F)F)N=C(N)O[C@@H]4C[C@@H]43)c2)nc1,CHEMBL3688660,16.4,16.4
CC#CCOc1ccc(C(=O)Nc2ccc(F)c([C@@]3(C(F)F)N=C(N)O[C@@H]4C[C@@H]43)c2)nc1,CHEMBL3688661,5.7,5.7
Cc1cc(C(F)F)cnc1C(=O)Nc1cnc(F)c([C@@]2(CF)N=C(N)O[C@@H]3C[C@@H]32)c1,CHEMBL3688662,283.0,283.0
NC1=N[C@](CF)(c2cc(NC(=O)c3ccc(Br)cn3)cnc2F)[C@H]2C[C@H]2O1,CHEMBL3688663,125.5,125.5
NC1=N[C@@](c2cc(NC(=O)c3ccc(OCC(F)(F)F)cn3)ccc2F)(C(F)F)[C@H]2C[C@H]2O1,CHEMBL3688664,104.0,104.0
Cc1cc(OC(F)F)cnc1C(=O)Nc1ccc(F)c([C@@]2(C(F)F)N=C(N)O[C@@H]3C[C@@H]32)c1,CHEMBL3688665,37.7,37.7
NC1=N[C@@](c2cc(NC(=O)c3cnc(OC(F)F)cn3)ccc2F)(C(F)F)[C@H]2C[C@H]2O1,CHEMBL3688666,21.4,21.4
NC1=N[C@@](c2cc(NC(=O)C3CCCCC3)ccc2F)(C(F)F)[C@H]2C[C@H]2O1,CHEMBL3688667,40000.0,40000.0
COCC(=O)Nc1ccc(F)c([C@@]2(C(F)F)N=C(N)O[C@@H]3C[C@@H]32)c1,CHEMBL3688668,821.0,821.0
NC1=N[C@@](c2cc(NC(=O)CC3CCCCC3)ccc2F)(C(F)F)[C@H]2C[C@H]2O1,CHEMBL3688669,40000.0,40000.0
NC1=N[C@@](c2cc(NC(=O)C3CCOCC3)ccc2F)(C(F)F)[C@H]2C[C@H]2O1,CHEMBL3688670,40000.0,40000.0
NC1=N[C@@](c2cc(NC(=O)C3=CCCCC3)ccc2F)(C(F)F)[C@H]2C[C@H]2O1,CHEMBL3688671,24421.0,24421.0
NC1=N[C@@](c2cc(NC(=O)[C@H]3CCCO3)ccc2F)(C(F)F)[C@H]2C[C@H]2O1,CHEMBL3688672,5370.0,5370.0
NC1=N[C@@](c2cc(NC(=O)C3(c4ccc(Cl)cc4)CC3)ccc2F)(C(F)F)[C@H]2C[C@H]2O1,CHEMBL3688673,40000.0,40000.0
NC1=N[C@@](c2cc(NC(=O)C3(c4ccc(Cl)cc4)CCC3)ccc2F)(C(F)F)[C@H]2C[C@H]2O1,CHEMBL3688674,40000.0,40000.0
COCCC(=O)Nc1ccc(F)c([C@@]2(C(F)F)N=C(N)O[C@@H]3C[C@@H]32)c1,CHEMBL3688675,25543.0,25543.0
Cn1cc(C(=O)Nc2ccc(F)c([C@@]3(C(F)F)N=C(N)O[C@@H]4C[C@@H]43)c2)ccc1=O,CHEMBL3688676,40486.0,40486.0
Cn1ccc(C(=O)Nc2ccc(F)c([C@@]3(C(F)F)N=C(N)O[C@@H]4C[C@@H]43)c2)cc1=O,CHEMBL3688677,40000.0,40000.0
NC1=N[C@@](c2cc(NC(=O)c3ccc(OCC#CC4CC4)cn3)ccc2F)(C(F)F)[C@H]2C[C@H]2O1,CHEMBL3688678,21.8,21.8
NC1=N[C@@](c2cc(NC(=O)CC(F)(F)F)ccc2F)(C(F)F)[C@H]2C[C@H]2O1,CHEMBL3688679,4700.0,4700.0
C[C@H](C(=O)Nc1ccc(F)c([C@@]2(C(F)F)N=C(N)O[C@@H]3C[C@@H]32)c1)c1ccc(Cl)cc1,CHEMBL3688680,40000.0,40000.0
NC1=N[C@@](c2cc(NC(=O)[C@@H]3CCOC3)ccc2F)(C(F)F)[C@H]2C[C@H]2O1,CHEMBL3688681,34304.0,34304.0
CC(C)(C)OCC(=O)Nc1ccc(F)c([C@@]2(C(F)F)N=C(N)O[C@@H]3C[C@@H]32)c1,CHEMBL3688682,40000.0,40000.0
COCCOCC(=O)Nc1ccc(F)c([C@@]2(C(F)F)N=C(N)O[C@@H]3C[C@@H]32)c1,CHEMBL3688683,40000.0,40000.0
NC1=N[C@@](c2cc(NC(=O)COc3ccccc3)ccc2F)(C(F)F)[C@H]2C[C@H]2O1,CHEMBL3688684,6660.0,6660.0
CO[C@H](C)C(=O)Nc1ccc(F)c([C@@]2(C(F)F)N=C(N)O[C@@H]3C[C@@H]32)c1,CHEMBL3688685,1840.0,1840.0
NC1=N[C@@](c2cc(NC(=O)C3CC(=O)C3)ccc2F)(C(F)F)[C@H]2C[C@H]2O1,CHEMBL3688686,20054.0,20054.0
C[C@H](C#N)Oc1ccc(C(=O)Nc2ccc(F)c([C@@]3(C(F)F)N=C(N)O[C@@H]4C[C@@H]43)c2)nc1,CHEMBL3688687,659.5,659.5
NC1=N[C@@](c2cc(NC(=O)C3CC3)ccc2F)(C(F)F)[C@H]2C[C@H]2O1,CHEMBL3688688,5170.0,5170.0
NC1=N[C@@](c2cc(NC(=O)c3cnc(Cl)cn3)ccc2F)(C(F)F)[C@H]2C[C@H]2O1,CHEMBL3688689,37.0,37.0
NC1=N[C@@](c2cc(NC(=O)C#Cc3ccccc3)ccc2F)(C(F)F)[C@H]2C[C@H]2O1,CHEMBL3688690,245.5,245.5
NC1=N[C@@](c2cccc(NC(=O)c3ccc(Cl)cn3)c2)(C(F)F)[C@H]2C[C@H]2O1,CHEMBL3688691,525.0,525.0
NC1=N[C@](c2cccc(NC(=O)c3ccc(Cl)cn3)c2)(C(F)F)[C@@H]2C[C@@H]2O1,CHEMBL3688692,35904.0,35904.0
Cc1cnc(C(=O)Nc2ccc(F)c([C@@]3(C(F)F)N=C(N)O[C@@H]4C[C@@H]43)c2)cn1,CHEMBL3688693,817.0,817.0
NC1=N[C@@](c2cc(NC(=O)c3ncc(Br)cn3)ccc2F)(C(F)F)[C@H]2C[C@H]2O1,CHEMBL3688694,41.5,41.5
Cc1ccc(NC(=O)c2ccc(C#N)cn2)cc1[C@@]1(C(F)F)N=C(N)O[C@@H]2C[C@@H]21,CHEMBL3688695,93.6,93.6
NC1=N[C@](CF)(c2cc(NC(=O)c3ccc(Cl)cn3)ccc2Cl)[C@H]2C[C@H]2O1,CHEMBL3688696,66.9,66.9
NC1=N[C@@](CF)(c2cc(NC(=O)c3ccc(Cl)cn3)ccc2Cl)[C@@H]2C[C@@H]2O1,CHEMBL3688697,24087.0,24087.0
COc1cnc(C(=O)Nc2ccc(Cl)c([C@@]3(CF)N=C(N)O[C@@H]4C[C@@H]43)c2)cn1,CHEMBL3688698,142.5,142.5
COc1cnc(C(=O)Nc2ccc(Cl)c([C@]3(CF)N=C(N)O[C@H]4C[C@H]43)c2)cn1,CHEMBL3688699,36330.0,36330.0
NC1=N[C@](CF)(c2cc(NC(=O)c3ccc(Br)cn3)ccc2Cl)[C@H]2C[C@H]2O1,CHEMBL3688700,32.2,32.2
NC1=N[C@@](CF)(c2cc(NC(=O)c3ccc(Br)cn3)ccc2Cl)[C@@H]2C[C@@H]2O1,CHEMBL3688701,3605.0,3605.0
N#Cc1ccc(C(=O)Nc2ccc(Cl)c([C@@]3(CF)N=C(N)O[C@@H]4C[C@@H]43)c2)nc1,CHEMBL3688702,56.8,56.8
N#Cc1ccc(C(=O)Nc2ccc(Cl)c([C@]3(CF)N=C(N)O[C@H]4C[C@H]43)c2)nc1,CHEMBL3688703,9510.0,9510.0
C#CCOc1cnc(C(=O)Nc2ccc(Cl)c([C@@]3(CF)N=C(N)O[C@@H]4C[C@@H]43)c2)cn1,CHEMBL3688704,5.6,5.6
C#CCOc1cnc(C(=O)Nc2ccc(Cl)c([C@]3(CF)N=C(N)O[C@H]4C[C@H]43)c2)cn1,CHEMBL3688705,4780.0,4780.0
NC1=N[C@](CF)(c2cc(NC(=O)c3ncc(Cl)cc3Cl)ccc2Cl)[C@H]2C[C@H]2O1,CHEMBL3688706,44.1,44.1
COc1ccc(C(=O)Nc2ccc(Cl)c([C@@]3(CF)N=C(N)O[C@@H]4C[C@@H]43)c2)nc1,CHEMBL3688707,195.5,195.5
Cc1cc(C#N)cnc1C(=O)Nc1ccc(Cl)c([C@@]2(CF)N=C(N)O[C@@H]3C[C@@H]32)c1,CHEMBL3688708,31.0,31.0
COc1cnc(C(=O)Nc2ccc(Cl)c([C@@]3(CF)N=C(N)O[C@@H]4C[C@@H]43)c2)c(Cl)c1,CHEMBL3688709,122.5,122.5
CC#CCOc1cnc(C(=O)Nc2ccc(Cl)c([C@@]3(CF)N=C(N)O[C@@H]4C[C@@H]43)c2)cn1,CHEMBL3688710,2.2,2.2
NC1=N[C@@](c2cc(NC(=O)c3cccc(Cl)n3)ccc2F)(C(F)F)[C@H]2C[C@H]2O1,CHEMBL3688711,1570.0,1570.0
NC1=N[C@@](c2cc(NC(=O)c3cc(Cl)ccn3)ccc2F)(C(F)F)[C@H]2C[C@H]2O1,CHEMBL3688712,1930.0,1930.0
CC(C)c1cccnc1C(=O)Nc1ccc(F)c([C@@]2(C(F)F)N=C(N)O[C@@H]3C[C@@H]32)c1,CHEMBL3688713,3345.0,3345.0
CC(C)c1cc(Cl)cnc1C(=O)Nc1ccc(F)c([C@@]2(C(F)F)N=C(N)O[C@@H]3C[C@@H]32)c1,CHEMBL3688714,305.0,305.0
NC1=N[C@@](c2cc(NC(=O)c3ncc(Br)cc3C(F)F)ccc2F)(C(F)F)[C@H]2C[C@H]2O1,CHEMBL3639875,14.1,14.1
NC1=N[C@@](c2cc(NC(=O)c3ccc(-c4ccccc4)cn3)ccc2F)(C(F)F)[C@H]2C[C@H]2O1,CHEMBL3688715,1145.0,1145.0
NC1=N[C@@](c2cc(NC(=O)c3ccccn3)ccc2F)(C(F)F)[C@H]2C[C@H]2O1,CHEMBL3688716,300.5,300.5
Cc1cccnc1C(=O)Nc1ccc(F)c([C@@]2(C(F)F)N=C(N)O[C@@H]3C[C@@H]32)c1,CHEMBL3688717,271.0,271.0
COc1cnc(C(=O)Nc2ccc(C)c([C@@]3(C(F)F)N=C(N)O[C@@H]4C[C@@H]43)c2)cn1,CHEMBL3688718,313.5,313.5
Cc1ccc(NC(=O)c2ccc(Cl)cn2)cc1[C@@]1(C(F)F)N=C(N)O[C@@H]2C[C@@H]21,CHEMBL3688719,90.3,90.3
NC1=N[C@](c2cc(NC(=O)c3ccc(Br)cn3)ccc2F)(C(F)F)[C@@H]2C[C@@H]2O1,CHEMBL3688720,4185.0,4185.0
COc1cc(Cl)cnc1C(=O)Nc1ccc(Cl)c([C@@]2(CF)N=C(N)O[C@@H]3C[C@@H]32)c1,CHEMBL3688721,183.5,183.5
Cc1cc(NC(=O)c2ncc(C#N)cn2)cc([C@@]2(C(F)F)N=C(N)O[C@@H]3C[C@@H]32)c1F,CHEMBL3688722,99.0,99.0
COc1cnc(C(=O)Nc2cc(C)c(F)c([C@@]3(C(F)F)N=C(N)O[C@@H]4C[C@@H]43)c2)cn1,CHEMBL3688723,30.5,30.5
COc1cnc(C(=O)Nc2cc(C)c(F)c([C@@]3(C(F)F)N=C(N)O[C@@H]4C[C@@H]43)c2)c(C)n1,CHEMBL3688724,141.5,141.5
COc1cnc(C(=O)Nc2ccc(Cl)c([C@@]3(CF)N=C(N)O[C@@H]4C[C@@H]43)c2)c(C)n1,CHEMBL3688725,352.5,352.5
Cc1cc(NC(=O)c2ncc(Cl)cc2F)cc([C@@]2(C(F)F)N=C(N)O[C@@H]3C[C@@H]32)c1F,CHEMBL3688726,31.5,31.5
Cc1cc(Cl)cnc1C(=O)Nc1cc(C)c(F)c([C@@]2(C(F)F)N=C(N)O[C@@H]3C[C@@H]32)c1,CHEMBL3688727,30.0,30.0
COc1ccc(C(=O)Nc2cc(C)c(F)c([C@@]3(C(F)F)N=C(N)O[C@@H]4C[C@@H]43)c2)nc1,CHEMBL3688728,52.2,52.2
COc1cnc(C(=O)Nc2cc(C)c(F)c([C@@]3(C(F)F)N=C(N)O[C@@H]4C[C@@H]43)c2)c(C)c1,CHEMBL3688729,117.5,117.5
COc1cnc(C(=O)Nc2ccc(F)c([C@@]3(C(F)F)N=C(N)O[C@@H]4C[C@@H]43)c2)c(F)c1,CHEMBL3688730,41.9,41.9
COc1cc(F)cnc1C(=O)Nc1ccc(F)c([C@@]2(C(F)F)N=C(N)O[C@@H]3C[C@@H]32)c1,CHEMBL3688731,413.0,413.0
NC1=N[C@@](c2cc(NC(=O)c3ncc(Cl)cc3CF)ccc2F)(C(F)F)[C@H]2C[C@H]2O1,CHEMBL3688732,17.7,17.7
Cc1cc(C#N)cnc1C(=O)Nc1cc(F)c(C)c([C@@]2(C(F)F)N=C(N)O[C@@H]3C[C@@H]32)c1,CHEMBL3688733,74.3,74.3
Cc1cc(C#N)cnc1C(=O)Nc1cc(F)c(C)c([C@]2(C(F)F)N=C(N)O[C@H]3C[C@H]32)c1,CHEMBL3688734,46.6,46.6
NC1=N[C@@](c2cc(NC(=O)c3ccc(OC(F)F)cn3)ccc2F)(C(F)F)[C@H]2C[C@H]2O1,CHEMBL3688735,37.7,37.7
C#Cc1ccc(C(=O)Nc2ccc(F)c([C@@]3(C(F)F)N=C(N)O[C@@H]4C[C@@H]43)c2)nc1,CHEMBL3688736,24.8,24.8
CC#Cc1ccc(C(=O)Nc2ccc(F)c([C@@]3(C(F)F)N=C(N)O[C@@H]4C[C@@H]43)c2)nc1,CHEMBL3688737,46.7,46.7
Cc1nc(OCC(F)(F)F)cnc1C(=O)Nc1cc(F)c(Cl)c([C@@]2(CF)N=C(N)O[C@@H]3C[C@@H]32)c1,CHEMBL3688738,93.6,93.6
C#CCOc1cnc(C(=O)Nc2cc(F)c(Cl)c([C@@]3(CF)N=C(N)O[C@@H]4C[C@@H]43)c2)cn1,CHEMBL3688739,2.8,2.8
C#CCOc1cnc(C(=O)Nc2cc(F)c(Cl)c([C@]3(CF)N=C(N)O[C@H]4C[C@H]43)c2)cn1,CHEMBL3688740,4070.0,4070.0
COc1cnc(C(=O)Nc2ccc(F)c([C@]3(C)N=C(N)O[C@H]4C[C@H]43)c2)cn1,CHEMBL3688746,10750.0,10750.0
COc1cnc(C(=O)Nc2ccc(F)c([C@@]3(C)N=C(N)O[C@@H]4C[C@@H]43)c2)cn1,CHEMBL3693258,56.5,56.5
NC1=N[C@@](c2nc(NC(=O)c3ccc(Cl)cn3)ccc2F)(C(F)F)[C@H]2C[C@H]2O1,CHEMBL3688747,339.0,339.0
COc1cnc(C(=O)Nc2ccc(F)c([C@@]3(C)N=C(N)O[C@@H]4C[C@@H]43)n2)cn1,CHEMBL3688748,1990.0,1990.0
COc1cnc(C(=O)Nc2ccc(F)c([C@]3(C)N=C(N)O[C@H]4C[C@H]43)n2)cn1,CHEMBL3688749,40000.0,40000.0
C[C@]1(c2nc(NC(=O)c3ccc(C#N)cn3)ccc2F)N=C(N)O[C@@H]2C[C@@H]21,CHEMBL3688750,149.5,149.5
C[C@@]1(c2nc(NC(=O)c3ccc(C#N)cn3)ccc2F)N=C(N)O[C@H]2C[C@H]21,CHEMBL3688751,40000.0,40000.0
C[C@]1(c2nc(NC(=O)c3ccc(Cl)cn3)ccc2F)N=C(N)O[C@@H]2C[C@@H]21,CHEMBL3688752,242.5,242.5
C[C@@]1(c2nc(NC(=O)c3ccc(Cl)cn3)ccc2F)N=C(N)O[C@H]2C[C@H]21,CHEMBL3688753,2135.0,2135.0
C[C@]1(c2nc(NC(=O)c3ncc(Cl)cc3Cl)ccc2F)N=C(N)O[C@@H]2C[C@@H]21,CHEMBL3688754,103.4,103.4
C[C@@]1(c2nc(NC(=O)c3ncc(Cl)cc3Cl)ccc2F)N=C(N)O[C@H]2C[C@H]21,CHEMBL3688755,40000.0,40000.0
[C-]#[N+]c1ccc(C(=O)Nc2ccc(F)c([C@@]3(C(F)F)N=C(N)O[C@@H]4C[C@@H]43)n2)nc1,CHEMBL3688756,100.5,100.5
C[C@@]1(c2cc(NC(=O)c3ccc(Cl)cn3)cnc2F)N=C(N)O[C@H]2C[C@H]21,CHEMBL3688758,129.7,129.7
C[C@]1(c2cc(NC(=O)c3ccc(Cl)cn3)cnc2F)N=C(N)O[C@@H]2C[C@@H]21,CHEMBL3688759,94.4,94.4
COc1cnc(C(=O)Nc2cnc(F)c([C@]3(C)N=C(N)O[C@H]4C[C@H]43)c2)cn1,CHEMBL3688760,435.5,435.5
COc1cnc2c(Nc3ccc(F)c([C@@]4(C)N=C(N)O[C@H]5C[C@H]54)c3)nccc2c1,CHEMBL3688761,3345.0,3345.0
COc1cnc2c(Nc3ccc(F)c([C@]4(C)N=C(N)O[C@@H]5C[C@@H]54)c3)nccc2c1,CHEMBL3688762,40000.0,40000.0
COc1cnc2c(Nc3ccc(F)c([C@]4(C)N=C(N)O[C@H]5C[C@H]54)c3)nccc2c1,CHEMBL3688763,8110.0,8110.0
COc1cnc2c(Nc3ccc(F)c([C@@]4(C)N=C(N)O[C@@H]5C[C@@H]54)c3)nccc2c1,CHEMBL3688764,506.5,506.5
NC1=C[C@@](CF)(c2cc(Nc3nccc4cc(Cl)cnc34)cc(F)c2F)[C@@H]2C[C@@H]2O1,CHEMBL3688765,3410.0,3410.0
NC1=N[C@](CF)(c2cc(Nc3nccc4cc(Cl)cnc34)cc(F)c2F)[C@H]2C[C@H]2O1,CHEMBL3688766,59.8,59.8
N#Cc1cnc2c(Nc3ccc(F)c([C@@]4(CF)N=C(N)O[C@@H]5C[C@@H]54)c3)ncc(F)c2c1,CHEMBL3688767,94.9,94.9
COc1cnc2c(Nc3ccc(F)c([C@@]4(CF)N=C(N)O[C@@H]5C[C@@H]54)c3)ncc(F)c2c1,CHEMBL3688768,430000.0,430000.0
NC1=N[C@](CF)(c2cc(Nc3nccc4cc(Cl)cnc34)ccc2F)[C@H]2C[C@H]2O1,CHEMBL3688769,71.3,71.3
N#Cc1cnc2c(Nc3ccc(F)c([C@@]4(CF)N=C(N)O[C@@H]5C[C@@H]54)c3)nccc2c1,CHEMBL3688770,53.9,53.9
NC1=N[C@](CF)(c2cc(Nc3ncnc4cc(Cl)cnc34)ccc2F)[C@H]2C[C@H]2O1,CHEMBL3688771,132.5,132.5
COc1cnc2c(Nc3ccc(F)c([C@@]4(C(F)F)N=C(N)O[C@@H]5C[C@@H]54)c3)nccc2c1,CHEMBL3688772,456.0,456.0
N#Cc1cnc2c(Nc3ccc(Cl)c([C@]4(C(F)F)N=C(N)O[C@H]5C[C@H]54)c3)ncc(F)c2c1,CHEMBL3688773,82.9,82.9
N#Cc1cnc2c(Nc3ccc(Cl)c([C@@]4(C(F)F)N=C(N)O[C@@H]5C[C@@H]54)c3)ncc(F)c2c1,CHEMBL3688774,31.9,31.9
N#Cc1cnc2c(Nc3ccc(F)c([C@@]4(C(F)F)N=C(N)O[C@@H]5C[C@@H]54)c3)ncc(F)c2c1,CHEMBL3688775,39.1,39.1
NC1=N[C@@](c2cc(Nc3ncnc4cc(Cl)cnc34)ccc2F)(C(F)F)[C@H]2C[C@H]2O1,CHEMBL3688776,63.9,63.9
COc1cnc2c(Nc3ccc(F)c([C@]4(CF)N=C(N)O[C@H]5C[C@H]54)c3F)nccc2n1,CHEMBL3688777,12650.0,12650.0
COc1cnc2c(Nc3ccc(F)c([C@@]4(CF)N=C(N)O[C@@H]5C[C@@H]54)c3F)nccc2n1,CHEMBL3688778,40000.0,40000.0
COc1cnc2c(Nc3cc(Cl)c(F)c([C@@]4(CF)N=C(N)O[C@@H]5C[C@@H]54)c3)nccc2n1,CHEMBL3688779,65.9,65.9
CC(C)Oc1cnc2c(Nc3cc(Cl)c(F)c([C@@]4(CF)N=C(N)O[C@@H]5C[C@@H]54)c3)nccc2n1,CHEMBL3688780,375.0,375.0
Cn1cc2ccnc(Nc3ccc(F)c([C@@]4(C(F)F)N=C(N)O[C@@H]5C[C@@H]54)c3)c2n1,CHEMBL3688781,2090.0,2090.0
NC1=N[C@](CF)(c2cc(Nc3nccc4cc(Cl)cnc34)ccc2Cl)[C@H]2C[C@H]2O1,CHEMBL3688782,29.1,29.1
COc1cnc2c(Nc3ccc(Cl)c([C@@]4(CF)N=C(N)O[C@@H]5C[C@@H]54)c3)nccc2n1,CHEMBL3688783,1260.0,1260.0
NC1=N[C@@](c2cc(Nc3ncc(F)c4cc(Cl)cnc34)ccc2F)(C(F)F)[C@H]2C[C@H]2O1,CHEMBL3688784,27.8,27.8
NC1=N[C@@](c2cc(Nc3nccc4cc(Cl)cnc34)ccc2F)(C(F)F)[C@H]2C[C@H]2O1,CHEMBL3688785,33.5,33.5
N#Cc1cnc2c(Nc3ccc(Cl)c([C@@]4(CF)N=C(N)O[C@@H]5C[C@@H]54)c3)ncc(F)c2c1,CHEMBL3688786,68.2,68.2
COc1cnc2c(Nc3ccc(F)c([C@@]4(C(F)F)N=C(N)O[C@@H]5C[C@@H]54)c3)ncnc2c1,CHEMBL3688787,224.0,224.0
NC1=N[C@@](c2cc(Nc3nccc4nc(C(F)(F)F)cnc34)ccc2F)(C(F)F)[C@H]2C[C@H]2O1,CHEMBL3688788,204.5,204.5
N#Cc1cnc2c(Nc3cc(F)c(F)c([C@]4(C(F)F)N=C(N)O[C@H]5C[C@H]54)c3)ncc(F)c2c1,CHEMBL3688793,13700.0,13700.0
N#Cc1cnc2c(Nc3cc(F)c(F)c([C@@]4(C(F)F)N=C(N)O[C@@H]5C[C@@H]54)c3)ncc(F)c2c1,CHEMBL3688794,51.5,51.5
NC1=N[C@@](c2cc(NCC3CCC3)ccc2F)(C(F)F)[C@H]2C[C@H]2O1,CHEMBL3688795,2740.0,2740.0
NC1=N[C@@](c2cc(NCC#Cc3ccccc3)ccc2F)(C(F)F)[C@H]2C[C@H]2O1,CHEMBL3688796,6635.0,6635.0
NC1=N[C@@](c2cc(NCC3(c4ccc(Cl)cc4)CC3)ccc2F)(C(F)F)[C@H]2C[C@H]2O1,CHEMBL3688797,13650.0,13650.0
NC1=N[C@@](c2cc(NC[C@@H]3C[C@H]3c3ccccc3)ccc2F)(C(F)F)[C@H]2C[C@H]2O1,CHEMBL3688798,11160.0,11160.0
NC1=N[C@@](c2cc(NC[C@H]3C[C@H]3c3ccccc3)ccc2F)(C(F)F)[C@H]2C[C@H]2O1,CHEMBL3688799,9415.0,9415.0
NC1=N[C@](CF)(c2cc(NCc3nn(C(F)F)cc3Cl)ccc2F)[C@H]2C[C@H]2O1,CHEMBL3688800,159.0,159.0
NC1=N[C@@](c2cc(NCc3nn(C(F)F)cc3Cl)ccc2F)(C(F)F)[C@H]2C[C@H]2O1,CHEMBL3688801,95.4,95.4
C=C1CC(CNc2ccc(F)c([C@@]3(C(F)F)N=C(N)O[C@@H]4C[C@@H]43)c2)C1,CHEMBL3688802,5995.0,5995.0
NC1=N[C@@](c2cc(NCC3(C(F)(F)F)CC3)ccc2F)(C(F)F)[C@H]2C[C@H]2O1,CHEMBL3688803,2100.0,2100.0
NC1=N[C@@](c2cc(NCc3ccc(Cl)cn3)ccc2F)(C(F)F)[C@H]2C[C@H]2O1,CHEMBL3688804,2845.0,2845.0
C[C@@H](Nc1ccc(F)c([C@@]2(C(F)F)N=C(N)O[C@@H]3C[C@@H]32)c1)c1ccc(Cl)cn1,CHEMBL3688805,13850.0,13850.0
NC1=N[C@@](c2cc(NCC3CC3)ccc2F)(C(F)F)[C@H]2C[C@H]2O1,CHEMBL3688806,1410.0,1410.0
NC1=N[C@@](c2cc(N[C@H]3CCc4cc(Br)cnc43)ccc2F)(C(F)F)[C@H]2C[C@H]2O1,CHEMBL3688807,143.0,143.0
NC1=N[C@@](c2cc(N[C@H]3CCCc4cc(Br)cnc43)ccc2F)(C(F)F)[C@H]2C[C@H]2O1,CHEMBL3688808,3070.0,3070.0
N#Cc1cnc2c(c1)OCC[C@@H]2Nc1ccc(F)c([C@@]2(C(F)F)N=C(N)O[C@@H]3C[C@@H]32)c1,CHEMBL3688809,968.0,968.0
NC1=N[C@@](c2cc(N[C@@H]3CCc4cc(Br)ccc43)ccc2F)(C(F)F)[C@H]2C[C@H]2O1,CHEMBL3688810,315.0,315.0
NC1=N[C@@](c2cc(Nc3coc4cc(Cl)ccc34)ccc2F)(C(F)F)[C@H]2C[C@H]2O1,CHEMBL3688811,253.0,253.0
COCc1cc(C#N)cnc1C(=O)Nc1ccc(Cl)c([C@@]2(CF)N=C(N)O[C@@H]3C[C@@H]32)c1,CHEMBL3688812,25.1,25.1
N#Cc1cnc(C(=O)Nc2ccc(Cl)c([C@@]3(CF)N=C(N)O[C@@H]4C[C@@H]43)c2)c(CO)c1,CHEMBL3688813,39.1,39.1
N#Cc1cnc(C(=O)Nc2ccc(F)c([C@@]3(C(F)F)N=C(N)O[C@@H]4C[C@@H]43)c2)c(F)c1,CHEMBL3639876,35.2,35.2
CN(C)c1cc(C#N)cnc1C(=O)Nc1ccc(F)c([C@@]2(C(F)F)N=C(N)O[C@@H]3C[C@@H]32)c1,CHEMBL3688814,91.5,91.5
Cc1cc(NC(=O)c2ccc(C#N)cn2)cc([C@@]2(C(F)F)N=C(N)O[C@@H]3C[C@@H]32)c1F,CHEMBL3688815,25.0,25.0
COCc1cc(C#N)cnc1C(=O)Nc1ccc(F)c([C@@]2(C(F)F)N=C(N)O[C@@H]3C[C@@H]32)c1,CHEMBL3688816,11.6,11.6
N#Cc1cnc2c(Nc3ccc(F)c([C@@]4(CF)N=C(N)O[C@@H]5C[C@@H]54)c3)ncnc2c1,CHEMBL3688817,197.5,197.5
CC(C)c1cc(C#N)cnc1C(=O)Nc1ccc(F)c([C@@]2(C(F)F)N=C(N)O[C@@H]3C[C@@H]32)c1,CHEMBL3688818,134.0,134.0
N#Cc1cnc(C(=O)Nc2ccc(F)c([C@@]3(C(F)F)N=C(N)O[C@@H]4C[C@@H]43)c2)c(C(F)F)c1,CHEMBL3688819,14.4,14.4
N#Cc1cnc(C(=O)Nc2ccc(F)c([C@@]3(C(F)F)N=C(N)O[C@@H]4C[C@@H]43)c2)c(CO)c1,CHEMBL3688820,17.0,17.0
COc1cc(C#N)cnc1C(=O)Nc1ccc(Cl)c([C@@]2(CF)N=C(N)O[C@@H]3C[C@@H]32)c1,CHEMBL3688821,81.0,81.0
Cc1cc(NC(=O)c2ncc(C#N)cc2F)cc([C@@]2(C(F)F)N=C(N)O[C@@H]3C[C@@H]32)c1F,CHEMBL3688822,33.5,33.5
COc1cc(C#N)cnc1C(=O)Nc1cc(C)c(F)c([C@@]2(C(F)F)N=C(N)O[C@@H]3C[C@@H]32)c1,CHEMBL3688823,70.6,70.6
[C-]#[N+]c1cnc2c(c1)CC[C@H]2Nc1ccc(F)c([C@@]2(C(F)F)N=C(N)O[C@@H]3C[C@@H]32)c1,CHEMBL3688825,108.1,108.1
N#Cc1cnc2c(c1)CC[C@@H]2Nc1ccc(F)c([C@@]2(C(F)F)N=C(N)O[C@@H]3C[C@@H]32)c1,CHEMBL3688826,976.0,976.0
N#Cc1cnc2c(c1)CCC[C@H]2Nc1ccc(F)c([C@@]2(C(F)F)N=C(N)O[C@@H]3C[C@@H]32)c1,CHEMBL3688827,2855.0,2855.0
N#Cc1cnc2c(c1)CC[C@H]2Nc1ccc(F)c([C@@]2(C(F)F)N=C(N)O[C@@H]3C[C@@H]32)c1,CHEMBL3688828,291.0,291.0
NC1=N[C@@](c2cc(NC(=O)c3ccc(C#CC4CC4)cn3)ccc2F)(C(F)F)[C@H]2C[C@H]2O1,CHEMBL3693222,23.7,23.7
NC1=N[C@@](c2cc(Nc3nccc4cc(C#CC5CC5)cnc34)ccc2F)(C(F)F)[C@H]2C[C@H]2O1,CHEMBL3693223,75.9,75.9
NC1=N[C@@](c2cc(NC(=O)c3cnc(C#CC4CC4)cn3)ccc2F)(C(F)F)[C@H]2C[C@H]2O1,CHEMBL3693224,29.6,29.6
NC1=N[C@@](c2cc(Nc3ncc(F)c4cc(C#CC5CC5)cnc34)ccc2F)(C(F)F)[C@H]2C[C@H]2O1,CHEMBL3693225,46.3,46.3
CC1(C#Cc2ccc(C(=O)Nc3ccc(F)c([C@@]4(C(F)F)N=C(N)O[C@@H]5C[C@@H]54)c3)nc2)COC1,CHEMBL3693226,327.0,327.0
NC1=N[C@@](c2cc(NC(=O)c3cnc(OCC#CC4CC4)cn3)ccc2F)(C(F)F)[C@H]2C[C@H]2O1,CHEMBL3693227,7.6,7.6
NC1=N[C@@](c2cc(NC(=O)c3cnc(OCC4CCOCC4)cn3)ccc2F)(C(F)F)[C@H]2C[C@H]2O1,CHEMBL3693228,128.5,128.5
NC1=N[C@@](c2cc(NC(=O)c3cnc(OCC4CCOC4)cn3)ccc2F)(C(F)F)[C@H]2C[C@H]2O1,CHEMBL3693229,145.0,145.0
C=CCOc1cnc(C(=O)Nc2ccc(F)c([C@@]3(C(F)F)N=C(N)O[C@@H]4C[C@@H]43)c2)cn1,CHEMBL3693230,48.0,48.0
NC1=N[C@@](c2cc(NC(=O)c3cnc(OCC4CC4)cn3)ccc2F)(C(F)F)[C@H]2C[C@H]2O1,CHEMBL3693231,43.0,43.0
NC1=N[C@@](c2cc(NC(=O)c3cnc(OCC4CCCCC4)cn3)ccc2F)(C(F)F)[C@H]2C[C@H]2O1,CHEMBL3693232,12.1,12.1
CCOc1cnc(C(=O)Nc2ccc(F)c([C@@]3(C(F)F)N=C(N)O[C@@H]4C[C@@H]43)c2)cn1,CHEMBL3693233,115.4,115.4
NC1=N[C@@](c2cc(NC(=O)c3cnc(OCC4CCCC4)cn3)ccc2F)(C(F)F)[C@H]2C[C@H]2O1,CHEMBL3693234,26.1,26.1
NC1=N[C@@](c2cc(NC(=O)c3ncc(Cl)cc3CO)ccc2F)(C(F)F)[C@H]2C[C@H]2O1,CHEMBL3693235,33.2,33.2
NC1=N[C@](CF)(c2cc(NC(=O)c3ncc(Cl)cc3CO)ccc2Cl)[C@H]2C[C@H]2O1,CHEMBL3693236,51.5,51.5
NC1=N[C@@](c2cc(NS(=O)(=O)c3ccc(Cl)cn3)ccc2F)(C(F)F)[C@H]2C[C@H]2O1,CHEMBL3693237,14150.0,14150.0
NC1=N[C@@](c2cc(N[C@H](c3ccc(Cl)cn3)C(F)(F)F)ccc2F)(C(F)F)[C@H]2C[C@H]2O1,CHEMBL3693238,5245.0,5245.0
NC1=NC(CF)(c2cccc(NC(=O)c3ccc(Cl)cn3)c2)C2CC2O1,CHEMBL3693239,396.5,396.5
CS(=O)(=O)c1c(F)cc(NC(=O)c2ccc(Cl)cn2)cc1[C@@]1(CF)N=C(N)O[C@@H]2C[C@@H]21,CHEMBL3693240,1035.0,1035.0
NC1=N[C@](c2cc(-c3nc4ccc(Cl)cc4o3)ccc2F)(C(F)F)[C@@H]2C[C@@H]2O1,CHEMBL3693241,613.3,613.3
NC1=N[C@@](c2cc(-c3nc4ccc(Cl)cc4o3)ccc2F)(C(F)F)[C@H]2C[C@H]2O1,CHEMBL3693242,1236.5,1236.5
COC[C@H](C)NC(=O)c1ccc(F)c([C@]2(C(F)F)N=C(N)O[C@H]3C[C@H]32)c1,CHEMBL3693243,40000.0,40000.0
COC[C@H](C)NC(=O)c1ccc(F)c([C@@]2(C(F)F)N=C(N)O[C@@H]3C[C@@H]32)c1,CHEMBL3693244,40000.0,40000.0
CC#Cc1cncc(-c2ccc(F)c([C@@]3(C(F)F)N=C(N)O[C@@H]4C[C@@H]43)c2)c1,CHEMBL3693245,1047.5,1047.5
CC#Cc1cncc(-c2ccc(F)c([C@]3(C(F)F)N=C(N)O[C@H]4C[C@H]43)c2)c1,CHEMBL3693246,40000.0,40000.0
CC#Cc1cncc(-c2cc(C3(CF)N=C(N)OC4CC43)c(F)cc2CO)c1,CHEMBL3693247,33135.0,33135.0
N=C1NC(CF)(c2cc(-c3cncc(F)c3)c(CO)cc2F)C2CC2O1,CHEMBL3693248,23099.0,23099.0
CC#Cc1cnn(-c2ccc(F)c([C@@]3(C(F)F)N=C(N)O[C@@H]4C[C@@H]43)c2)c1,CHEMBL3693249,1210.0,1210.0
NC1=N[C@@](c2cc(-n3cc(C#CC4CC4)cn3)ccc2F)(C(F)F)[C@H]2C[C@H]2O1,CHEMBL3693250,8625.0,8625.0
COC(=O)c1ccc(C(=O)Nc2cc(F)c(F)c([C@]3(C(F)F)N=C(N)O[C@H]4C[C@H]43)c2)cc1,CHEMBL3693251,36000.0,36000.0
NC1=N[C@@](c2cc(N3Cc4cc(Cl)cnc4C3=O)ccc2F)(C(F)F)[C@H]2C[C@H]2O1,CHEMBL3693252,2185.0,2185.0
COc1cnc(C(=O)Nc2cccc([C@@]3(C(F)F)N=C(N)O[C@@H]4C[C@@H]43)c2)cn1,CHEMBL3693253,500.0,500.0
CNc1cnc(C(=O)Nc2ccc(F)c([C@@]3(C(F)F)N=C(N)O[C@@H]4C[C@@H]43)c2)nc1,CHEMBL3693254,473.0,473.0
NC1=N[C@@](c2cc(-c3nnc(-c4ccc(F)cc4)[nH]3)ccc2F)(C(F)F)[C@H]2C[C@H]2O1,CHEMBL3693259,40000.0,40000.0
NC1=N[C@](CF)(c2cc(NC(=O)c3ncc(Cl)cc3CF)ccc2Cl)[C@H]2C[C@H]2O1,CHEMBL3688741,25.2,25.2
NC1=N[C@](CF)(c2cc(NC(=O)c3ncc(Cl)cc3F)ccc2Cl)[C@H]2C[C@H]2O1,CHEMBL3688742,54.4,54.4
Cc1cc(Cl)cnc1C(=O)Nc1ccc(Cl)c([C@@]2(CF)N=C(N)O[C@@H]3C[C@@H]32)c1,CHEMBL3688743,37.3,37.3
Cc1cc(NC(=O)c2ccc(Cl)cc2CF)cc([C@@]2(C(F)F)N=C(N)O[C@@H]3C[C@@H]32)c1F,CHEMBL3688744,10.5,10.5
NC1=N[C@](CF)(c2cc(NC(=O)c3ccc(F)cn3)ccc2Cl)[C@H]2C[C@H]2O1,CHEMBL3688745,290.5,290.5
N#Cc1cnc2c(Nc3ccc(F)c([C@@]4(C(F)F)N=C(N)O[C@@H]5C[C@@H]54)c3)nccc2c1,CHEMBL3688789,55.85,55.85
COc1cnc2c(Nc3ccc(F)c([C@@]4(C(F)F)N=C(N)O[C@@H]5C[C@@H]54)c3)nccc2n1,CHEMBL3688790,139.0,139.0
COc1cnc2c(Nc3ccc(F)c([C@@]4(C(F)F)N=C(N)O[C@@H]5C[C@@H]54)c3)ncc(F)c2c1,CHEMBL3688791,117.35,117.35
NC1=N[C@@](c2cc(Nc3ncnc4cc(C(F)(F)F)cnc34)ccc2F)(C(F)F)[C@H]2C[C@H]2O1,CHEMBL3688792,124.5,124.5
N#Cc1cnc(C(=O)Nc2ccc(Cl)c([C@@]3(CF)N=C(N)O[C@@H]4C[C@@H]43)c2)c(F)c1,CHEMBL3688824,50.25,50.25
NC1=N[C@@](c2cc(NC(=O)c3c(F)cc(F)cc3F)ccc2F)(C(F)F)[C@H]2C[C@H]2O1,CHEMBL3693255,5385.0,5385.0
Cc1cc(C#N)cnc1C(=O)Nc1ccc(F)c([C@@]2(C)N=C(N)OCC2(F)F)n1,CHEMBL4114267,12.0,12.0
COCC[C@@]1(c2nc(NC(=O)c3ncc(C#N)cc3C)ccc2F)N=C(N)OCC1(F)F,CHEMBL3902027,10000.0,10000.0
COCC[C@]1(c2nc(NC(=O)c3ncc(C(F)(F)F)cc3Cl)ccc2F)N=C(N)OCC1(F)F,CHEMBL4108431,650.0,650.0
C[C@]1(c2nc(NC(=O)c3ncc(C(F)(F)F)nc3N)ccc2F)N=C(N)OCC1(F)F,CHEMBL4110279,160.0,160.0
C[C@]1(c2nc(NC(=O)c3ncc(OCC(F)(F)F)nc3N)ccc2F)N=C(N)OCC1(F)F,CHEMBL4108635,590.0,590.0
C[C@]1(c2nc(NC(=O)c3ncc(OCCCF)nc3N)ccc2F)N=C(N)OCC1(F)F,CHEMBL4114995,1200.0,1200.0
COc1cnc(C(=O)Nc2ccc(F)c([C@@]3(C)N=C(N)OCC3(F)F)n2)c(C)c1,CHEMBL4111654,270.0,270.0
C[C@]1(c2nc(NC(=O)c3ncc(OCF)nc3N)ccc2F)N=C(N)OCC1(F)F,CHEMBL4110172,110.0,110.0
COCCOc1cnc(C(=O)Nc2ccc(F)c([C@@]3(C)N=C(N)OCC3(F)F)n2)c(N)n1,CHEMBL4115271,120.0,120.0
C[C@]1(c2nc(NC(=O)c3ncc(C#CCO)cc3N)ccc2F)N=C(N)OCC1(F)F,CHEMBL4107314,240.0,240.0
C[C@]1(c2nc(NC(=O)c3ncc(F)cc3N)ccc2F)N=C(N)OCC1(F)F,CHEMBL4109969,330.0,330.0
C[C@]1(c2nc(NC(=O)c3ncc(Cl)cc3N)ccc2F)N=C(N)OCC1(F)F,CHEMBL4115329,60.0,60.0
C[C@]1(c2nc(NC(=O)c3ncccc3Cl)ccc2F)N=C(N)OCC1(F)F,CHEMBL4106556,360.0,360.0
COCC#Cc1cnc(C(=O)Nc2ccc(F)c([C@@]3(C)N=C(N)OCC3(F)F)n2)c(Cl)c1,CHEMBL4107875,83.0,83.0
C[C@]1(c2nc(NC(=O)c3ncc(C(F)F)nc3N)ccc2F)N=C(N)OCC1(F)F,CHEMBL4112705,190.0,190.0
C[C@]1(c2nc(NC(=O)c3ncc(OCCCl)nc3N)ccc2F)N=C(N)OCC1(F)F,CHEMBL4114553,8700.0,8700.0
C[C@]1(c2nc(NC(=O)c3ncc(OCC(F)F)cc3Cl)ccc2F)N=C(N)OCC1(F)F,CHEMBL4115141,240.0,240.0
C[C@]1(c2nc(NC(=O)c3ncc(OCCF)nc3N)ccc2F)N=C(N)OCC1(F)F,CHEMBL4108335,570.0,570.0
C[C@]1(c2nc(NC(=O)c3ncc(OCF)cc3Cl)ccc2F)N=C(N)OCC1(F)F,CHEMBL4111699,110.0,110.0
CCOc1cnc(C(=O)Nc2ccc(F)c([C@@]3(C)N=C(N)OCC3(F)F)n2)c(Cl)c1,CHEMBL4109860,290.0,290.0
COCCc1cnc(C(=O)Nc2ccc(F)c([C@@]3(C)N=C(N)OCC3(F)F)n2)c(N)n1,CHEMBL4110497,150.0,150.0
C[C@]1(c2nc(NC(=O)c3nccnc3N)ccc2F)N=C(N)OCC1(F)F,CHEMBL4110655,540.0,540.0
C[C@]1(c2nc(NC(=O)c3ncc(C#CCO)cc3Cl)ccc2F)N=C(N)OCC1(F)F,CHEMBL4113786,60.0,60.0
C[C@]1(c2nc(NC(=O)c3ncc(C(F)F)cc3N)ccc2F)N=C(N)OCC1(F)F,CHEMBL4112589,140.0,140.0
CC(F)(F)c1nc(N)c(C(=O)Nc2ccc(F)c([C@@]3(C)N=C(N)OCC3(F)F)n2)nc1Cl,CHEMBL4108644,10000.0,10000.0
CC(F)(F)c1cnc(C(=O)Nc2ccc(F)c([C@@]3(C)N=C(N)OCC3(F)F)n2)c(N)n1,CHEMBL4111103,64.0,64.0
COC1CCC2(CC1)Cc1ccc(C#CC3CC3)cc1C21C=C(N)N(C)O1,CHEMBL3949520,4.5,4.5
COC1CCC2(CC1)Cc1ccc(-c3cccc(C#N)c3)cc1C21C=C(N)N(C)C1=O,CHEMBL3978600,4.0,4.0
COC1CCC2(CC1)Cc1ccc(-c3cccc(OC(F)(F)F)c3)cc1C21C=C(N)N(C)C1=O,CHEMBL3974349,7.8,7.8
COC1CCC2(CC1)Cc1ccc(-c3cc(F)cc(Cl)c3)cc1C21C=C(N)N(C)C1=O,CHEMBL3980807,11.1,11.1
COc1cc(Cl)cc(-c2ccc3c(c2)C2(C=C(N)N(C)C2=O)C2(CCC(OC)CC2)C3)c1,CHEMBL3955354,11.5,11.5
CN1OC2(C=C1N)c1cc(-c3cccc(C#N)c3)ccc1CC21CCc2ccccc2C1,CHEMBL3956487,194.7,194.7
CN1OC2(C=C1N)c1cc(-c3cccc(C#N)c3)ccc1CC21CCCc2ccccc2C1,CHEMBL3918596,292.9,292.9
CCOC1(F)CCC2(CC1)Cc1ccc(-c3cccc(C#N)c3)cc1C21N=C(N)N(C)O1,CHEMBL3894111,41.7,41.7
Cc1cccc2c1CCC1(CCc3ccc(-c4cccc(C#N)c4)cc3C13N=C(N)N(C)O3)C2,CHEMBL3902664,617.9,617.9
CN1OC2(N=C1N)c1cc(-c3cccc(C#N)c3)ccc1CC21Cc2cccc3cccc(c23)C1,CHEMBL3934108,3262.1,3262.1
CN1OC2(C=C1N)c1cc(-c3cccc(C#N)c3)ccc1CCC21CCc2ccccc2CC1,CHEMBL3897179,5053.9,5053.9
[C-]#[N+]c1cccc(-c2ccc3c(c2)C2(N=C(N)N(C)O2)C2(CCCCC2)C3)c1,CHEMBL3974239,222.2,222.2
COC1CCC2(CC1)Cc1ccc(Br)cc1C21N=C(N)N(C)O1,CHEMBL3899749,136.8,136.8
[C-]#[N+]c1cccc(-c2ccc3c(c2)C2(N=C(N)N(C)O2)C2(CCC(O)CC2)C3)c1,CHEMBL3898249,28.3,28.3
[C-]#[N+]c1cccc(-c2ccc3c(c2)C2(N=C(N)N(C)O2)C2(CCC(NCC(F)(F)F)CC2)C3)c1,CHEMBL3918966,3881.1,3881.1
CN1OC2(N=C1N)c1cc(C#CC3CC3)ccc1CC21CCC(OC(F)F)CC1,CHEMBL3962707,2.4,2.4
[C-]#[N+]c1cccc(-c2ccc3c(c2)C2(N=C(N)N(C)O2)C2(CCC(OC(F)F)CC2)C3)c1,CHEMBL3913489,4.7,4.7
COC1CCC2(CC1)Cc1ccc(OCC(F)(F)F)cc1C21N=C(N)N(C(C)C)O1,CHEMBL3975328,56.7,56.7
CN1OC2(N=C1N)c1cc(-c3cc(F)cc(Cl)c3)ccc1OC21CCc2ccccc2CC1,CHEMBL3904483,14.7,14.7
Cc1ccc2c(c1)C1(N=C(N)N(C)O1)C1(CCc3ccccc3CC1)C2,CHEMBL3935629,255.1,255.1
CN1OC2(N=C1N)c1cc(C#CC3CC3)ccc1CC21CCc2ccccc2CC1,CHEMBL3928355,8.4,8.4
CN1OC2(N=C1N)c1cc(-c3cccnc3)ccc1CC21CCc2ccccc2CC1,CHEMBL3900416,5.3,5.3
COC1CCC2(CC1)Cc1ccc(-c3cccnn3)cc1C21N=C(N)N(C)O1,CHEMBL3909292,228.1,228.1
COC1CCC2(CC1)Cc1ccc(-c3ccnnc3)cc1C21N=C(N)N(C)O1,CHEMBL3982658,156.3,156.3
COC1CCC2(CC1)Cc1ccc(-c3cnccn3)cc1C21N=C(N)N(C)O1,CHEMBL3913966,23.6,23.6
COC1CCC2(CC1)Cc1ccc(OCC3CC3)cc1C21N=C(N)N(C)O1,CHEMBL3983783,14.6,14.6
COc1cncc(-c2ccc3c(c2)C2(N=C(N)N(C)O2)C2(CCC(OC)CC2)C3)n1,CHEMBL3922947,195.7,195.7
COC1CCC2(CC1)Cc1ccc(C#Cc3ccccc3)cc1C21N=C(N)N(C)O1,CHEMBL3891377,80.4,80.4
COC1CCC2(CC1)Cc1ccc(C#CC(C)(C)C)cc1C21N=C(N)N(C)O1,CHEMBL3936117,24.6,24.6
COC1CCC2(CC1)Cc1ccc(C#CC3CCCC3)cc1C21N=C(N)N(C)O1,CHEMBL3908165,9.7,9.7
COC1CCC2(CC1)Cc1ccc(C#CC(F)(F)F)cc1C21N=C(N)N(C)O1,CHEMBL3928953,3.7,3.7
COC1CCC2(CC1)Cc1ccc(-c3cncs3)cc1C21N=C(N)N(C)O1,CHEMBL3906436,76.7,76.7
COC1CCC2(CC1)Cc1ccc(CCC3CC3)cc1C21N=C(N)N(C)O1,CHEMBL3937984,17.4,17.4
COC1CCC2(CC1)Cc1ccc(OCC(F)(F)F)cc1C21CN(C)C(N)=N1,CHEMBL3915398,9.0,9.0
CN1OC2(N=C1N)c1cc(-c3ccc(Br)cc3)ccc1CC21CCC(Cc2ccccc2)CC1,CHEMBL3982128,2312.0,2312.0
[C-]#[N+]c1cccc(-c2ccc3c(c2)C2(N=C(N)N(C)O2)C2(CCC(Cc4ccccc4)CC2)C3)c1,CHEMBL3943370,3505.0,3505.0
CN1OC2(N=C1N)c1cc(-c3cccnn3)ccc1CC21CCc2ccccc2CC1,CHEMBL3927880,56.2,56.2
CN1OC2(N=C1N)c1cc(-c3ccnnc3)ccc1CC21CCc2ccccc2CC1,CHEMBL3952092,42.5,42.5
COC1CCC2(CC1)Oc1ccc(CCC3CC3)cc1C21N=C(N)N(C)C1=O,CHEMBL3921241,21.5,21.5
COC1CCC2(CC1)Oc1ccc(Br)cc1C21N=C(N)N(C)C1=O,CHEMBL3927975,263.5,263.5
COC1CCC2(CC1)Oc1ccc(-c3ccccc3)cc1C21N=C(N)N(C)C1=O,CHEMBL3958997,31.6,31.6
COC1CCC2(CC1)Oc1ccc(-c3cccc(C#N)c3)cc1C21N=C(N)N(C)C1=O,CHEMBL3899302,14.9,14.9
COC1CCC2(CC1)Oc1ccccc1C21N=C(N)N(C)C1=O,CHEMBL3973828,1198.0,1198.0
COc1cccc(-c2ccc3c(c2)C2(N=C(N)N(C)C2=O)C2(CCC(OC)CC2)O3)c1,CHEMBL3966722,28.2,28.2
COC1CCC2(CC1)Oc1ccc(-c3cccnc3)cc1C21N=C(N)N(C)C1=O,CHEMBL3936981,69.1,69.1
COC1CCC2(CC1)Oc1ccc(OCC3CC3)cc1C21N=C(N)N(C)C1=O,CHEMBL3959419,24.9,24.9
COC1CCC2(CC1)Oc1ccc(OCC(F)(F)F)cc1C21N=C(N)N(C)C1=O,CHEMBL3955331,38.5,38.5
CCN1C(=O)C2(N=C1N)c1cc(Br)ccc1CC21CCC(OC)CC1,CHEMBL3951272,14.4,14.4
CCN1C(=O)C2(N=C1N)c1cc(-c3cccc(C#N)c3)ccc1CC21CCC(OC)CC1,CHEMBL3984225,7.3,7.3
CCN1C(=O)C2(N=C1N)c1cc(-c3cccc(Cl)c3)ccc1CC21CCC(OC)CC1,CHEMBL3914405,8.1,8.1
CCN1C(=O)C2(N=C1N)c1cc(OCC3CC3)ccc1CC21CCC(OC)CC1,CHEMBL3941478,7.8,7.8
CCN1C(=O)C2(N=C1N)c1cc(C#CC3CC3)ccc1CC21CCC(OC)CC1,CHEMBL3974373,15.6,15.6
COC1CCC2(CC1)Cc1ccc(-c3cccnc3)cc1C21N=C(N)N(Cc2ccccc2)C1=O,CHEMBL3944485,13.6,13.6
COC1CCC2(CC1)Cc1ccc(-c3cncc(F)c3)cc1C21N=C(N)N(Cc2ccccc2)C1=O,CHEMBL3916549,4.5,4.5
COC1CCC2(CC1)Cc1ccc(-c3cncs3)cc1C21N=C(N)N(Cc2ccccc2)C1=O,CHEMBL3953190,12.9,12.9
COC1CCC2(CC1)Cc1ccc(C#CC3CC3)cc1C21N=C(N)N(Cc2ccccc2)C1=O,CHEMBL3922032,2.0,2.0
COC1CCC2(CC1)Cc1ccc(C#CC3CC3)cc1[C@@]21N=C(N)N(Cc2ccccc2)C1=O,CHEMBL3918570,705.8,705.8
COC1CCC2(CC1)Cc1ccc(C#CC3CC3)cc1[C@]21N=C(N)N(Cc2ccccc2)C1=O,CHEMBL4106900,18.9,18.9
COC1CCC2(CC1)Cc1ccc(C#Cc3ccccc3)cc1C21N=C(N)N(C)C1=O,CHEMBL3930955,16.2,16.2
COC1CCC2(CC1)Cc1ccc(C#CC(C)(C)C)cc1C21N=C(N)N(C)C1=O,CHEMBL3898481,7.9,7.9
COC1CCC2(CC1)Cc1ccc(C#CC3CCCC3)cc1C21N=C(N)N(C)C1=O,CHEMBL3921357,2.2,2.2
COC1CCC2(CC1)Cc1ccc(CCC3CC3)cc1C21N=C(N)N(C)C1=O,CHEMBL3973057,5.4,5.4
CN1C(=O)C2(N=C1N)c1cc(C#CC3CC3)ccc1CC21CCC(O)CC1,CHEMBL3921080,4.8,4.8
COC1CCC2(CC1)Cc1ccc(Br)cc1C21N=C(N)N(C(C)C)C1=O,CHEMBL3945730,104.2,104.2
COC1CCC2(CC1)Cc1ccc(-c3cccc(Cl)c3)cc1C21N=C(N)N(C(C)C)C1=O,CHEMBL3894131,36.6,36.6
COC1CCC2(CC1)Cc1ccc(-c3cccc(C#N)c3)cc1C21N=C(N)N(C(C)C)C1=O,CHEMBL3956333,30.1,30.1
COC1CCC2(CC1)Cc1ccc(-c3cncc(C(F)(F)F)c3)cc1C21N=C(N)N(C(C)C)C1=O,CHEMBL3912104,12.2,12.2
COC1CCC2(CC1)Cc1ccc(-c3cncc(C#N)c3)cc1C21N=C(N)N(C(C)C)C1=O,CHEMBL3943546,12.2,12.2
COC1CCC2(CC1)Cc1ccccc1C21N=C(N)N(C(C)C)C1=O,CHEMBL3906599,342.7,342.7
COC1CCC2(CC1)Cc1ccc(C#N)cc1C21N=C(N)N(C(C)C)C1=O,CHEMBL3934567,49.3,49.3
COC1CCC2(CC1)Cc1ccc(-c3cccc(S(C)(=O)=O)c3)cc1C21N=C(N)N(C(C)C)C1=O,CHEMBL3925677,83.9,83.9
COC1CCC2(CC1)Cc1ccc(-c3cncc(C(F)(F)F)c3)cc1[C@]21N=C(N)N(C(C)C)C1=O,CHEMBL4113458,4.8,4.8
COC1CCC2(CC1)Cc1ccc(-c3cncc(C(F)(F)F)c3)cc1[C@@]21N=C(N)N(C(C)C)C1=O,CHEMBL3949855,631.3,631.3
COC1CCC2(CC1)Cc1ccc(-c3cncc(Cl)c3)cc1C21N=C(N)N(C(C)C)C1=O,CHEMBL3911980,8.9,8.9
COC1CCC2(CC1)Cc1ccc(-c3cncc(F)c3)cc1C21N=C(N)N(C(C)C)C1=O,CHEMBL3976065,8.9,8.9
CC#Cc1cncc(-c2ccc3c(c2)C2(N=C(N)N(C(C)C)C2=O)C2(CCC(OC)CC2)C3)c1,CHEMBL3903080,11.5,11.5
CCCc1cncc(-c2ccc3c(c2)C2(N=C(N)N(C(C)C)C2=O)C2(CCC(OC)CC2)C3)c1,CHEMBL3910995,42.5,42.5
COC1CCC2(CC1)Cc1ccc(-c3cc(Br)cs3)cc1C21N=C(N)N(C(C)C)C1=O,CHEMBL3901886,29.3,29.3
CC#Cc1csc(-c2ccc3c(c2)C2(N=C(N)N(C(C)C)C2=O)C2(CCC(OC)CC2)C3)c1,CHEMBL3925451,20.3,20.3
COC1CCC2(CC1)Cc1ccc(-c3nc(Br)cs3)cc1C21N=C(N)N(C(C)C)C1=O,CHEMBL3960538,89.7,89.7
CC#Cc1csc(-c2ccc3c(c2)C2(N=C(N)N(C(C)C)C2=O)C2(CCC(OC)CC2)C3)n1,CHEMBL3945502,55.8,55.8
CC#Cc1cncc(-c2ccc3c(c2)C2(N=C(N)N(C)C2=O)C2(CCC(OC)CC2)C3)c1,CHEMBL3971649,7.3,7.3
COC1CCC2(CC1)Cc1ccc(OCC3CC3)cc1C21N=C(N)N(C(C)C)C1=O,CHEMBL3890516,16.7,16.7
COC1CCC2(CC1)Cc1ccc(OCC3CC3)cc1[C@]21N=C(N)N(C(C)C)C1=O,CHEMBL4106679,23.5,23.5
COC1CCC2(CC1)Cc1ccc(OCC3CC3)cc1[C@@]21N=C(N)N(C(C)C)C1=O,CHEMBL3918558,850.9,850.9
COC1CCC2(CC1)Cc1ccc(-c3cccc(Cl)c3)cc1C21N=C(N)N(C)C1=O,CHEMBL3965117,1.5,1.5
COC1CCC2(CC1)Cc1ccc(-c3ccc(F)c(Cl)c3)cc1C21N=C(N)N(C)C1=O,CHEMBL3968202,0.6,0.6
COC1CCC2(CC1)Cc1ccc(-c3ccc(F)c(C#N)c3)cc1C21N=C(N)N(C)C1=O,CHEMBL3897052,2.6,2.6
[C-]#[N+]c1cc(C#N)cc(-c2ccc3c(c2)C2(N=C(N)N(C)C2=O)C2(CCC(OC)CC2)C3)c1,CHEMBL3933430,1.1,1.1
COC1CCC2(CC1)Cc1ccc(-c3cc(F)cc(C(F)(F)F)c3)cc1C21N=C(N)N(C)C1=O,CHEMBL3905425,198.3,198.3
COC1CCC2(CC1)Cc1ccc(-c3cc(Cl)cc(Cl)c3)cc1C21N=C(N)N(C)C1=O,CHEMBL3902558,57.1,57.1
COC1CCC2(CC1)Cc1ccc(-c3cc(F)cc(F)c3)cc1C21N=C(N)N(C)C1=O,CHEMBL3910991,1.0,1.0
COC1CCC2(CC1)Cc1ccc(-c3cccnc3)cc1C21N=C(N)N(C)C1=O,CHEMBL3977126,3.3,3.3
COC1CCC2(CC1)Cc1ccc(-c3cncc(C(F)(F)F)c3)cc1C21N=C(N)N(C)C1=O,CHEMBL3947870,2.8,2.8
COC1CCC2(CC1)Cc1ccc(-c3cncc(Cl)c3)cc1C21N=C(N)N(C)C1=O,CHEMBL3975565,2.6,2.6
COC1CCC2(CC1)Cc1ccc(-c3cncc(F)c3)cc1C21N=C(N)N(C)C1=O,CHEMBL3938174,1.9,1.9
COC1CCC2(CC1)Cc1ccc(-c3cccnc3F)cc1C21N=C(N)N(C)C1=O,CHEMBL3968709,2.9,2.9
COc1cc(-c2ccc3c(c2)C2(N=C(N)N(C)C2=O)C2(CCC(OC)CC2)C3)ccn1,CHEMBL3977859,10.5,10.5
COC1CCC2(CC1)Cc1ccc(C3CC3)cc1C21N=C(N)N(C)C1=O,CHEMBL3893517,101.7,101.7
COC1CCC2(CC1)Cc1ccc(-c3cc(F)cc(C#N)c3)cc1C21N=C(N)N(C)C1=O,CHEMBL3972883,0.96,0.96
COC1CCC2(CC1)Cc1ccc(-c3cc(Cl)cc(C#N)c3)cc1C21N=C(N)N(C)C1=O,CHEMBL3901821,0.8,0.8
COC1CCC2(CC1)Cc1ccc(C#Cc3ccsc3)cc1C21N=C(N)N(C)C1=O,CHEMBL3928831,17.4,17.4
COC1CCC2(CC1)Cc1ccc(C#CC3(O)CCCC3)cc1C21N=C(N)N(C)C1=O,CHEMBL3926119,49.7,49.7
COC1CCC2(CC1)Cc1ccc(-c3cncs3)cc1C21N=C(N)N(C)C1=O,CHEMBL3916393,11.5,11.5
COC1CCC2(CC1)Cc1ccc(-c3cnccn3)cc1C21N=C(N)N(C)C1=O,CHEMBL3944327,29.6,29.6
C#Cc1ccc2c(c1)C1(N=C(N)N(C)C1=O)C1(CCC(OC)CC1)C2,CHEMBL3956746,9.9,9.9
C=Cc1ccc2c(c1)C1(N=C(N)N(C)C1=O)C1(CCC(OC)CC1)C2,CHEMBL3940969,110.7,110.7
COC1CCC2(CC1)Cc1ccc(C3=CCN(C)C(=O)C3)cc1C21N=C(N)N(C)C1=O,CHEMBL3933493,269.2,269.2
COC1CCC2(CC1)Cc1ccc(-c3ccn(C4CC4)c(=O)c3)cc1C21N=C(N)N(C)C1=O,CHEMBL3973871,187.8,187.8
COC1CCC2(CC1)Cc1ccc(-c3cnn(C)c(=O)c3)cc1C21N=C(N)N(C)C1=O,CHEMBL3969124,32.3,32.3
COC1CCC2(CC1)Cc1ccc(F)cc1C21N=C(N)N(C)C1=O,CHEMBL3894277,79.8,79.8
COC(=O)c1ccc2c(c1)C1(N=C(N)N(C)C1=O)C1(CCC(OC)CC1)C2,CHEMBL3909862,30.3,30.3
COC1CCC2(CC1)Cc1ccc(C#CC(F)(F)F)cc1C21N=C(N)N(C)C1=O,CHEMBL3980027,4.9,4.9
COC1CCC2(CC1)Cc1ccc(-c3cccc(S(C)(=O)=O)c3)cc1C21N=C(N)N(C)C1=O,CHEMBL3929329,40.8,40.8
COC1CCC2(CC1)Cc1ccc(-c3cnc(C)s3)cc1C21N=C(N)N(C)C1=O,CHEMBL3907602,9.5,9.5
COC1CCC2(CC1)Cc1ccc(-c3cnc(C4CC4)s3)cc1C21N=C(N)N(C)C1=O,CHEMBL3971949,39.9,39.9
COC1CCC2(CC1)Cc1ccc(C(=O)N3CCCC3)cc1C21N=C(N)N(C)C1=O,CHEMBL3966668,813.7,813.7
COC1CCC2(CC1)Cc1ccc(C(=O)N(C)C)cc1C21N=C(N)N(C)C1=O,CHEMBL3980965,647.5,647.5
COC1CCC2(CC1)Cc1ccc(Cl)cc1C21N=C(N)N(C)C1=O,CHEMBL3933228,28.5,28.5
COC1CCC2(CC1)Cc1ccc(Br)cc1C21N=C(N)N(C)C1=O,CHEMBL3960694,30.9,30.9
COC1CCC2(CC1)Cc1ccc(C#N)cc1[C@]21N=C(N)N(C)C1=O,CHEMBL4114398,24.0,24.0
COC1CCC2(CC1)Cc1ccc(C#N)cc1[C@@]21N=C(N)N(C)C1=O,CHEMBL3938713,1814.0,1814.0
CO[C@H]1CC[C@]2(CC1)Cc1ccc(Br)cc1C21N=C(N)N(C)C1=O,CHEMBL3971821,32.3,32.3
COC1CCC2(CC1)Cc1ccccc1C21N=C(N)N(C)C1=O,CHEMBL3976796,161.0,161.0
COCC#Cc1ccc2c(c1)C1(N=C(N)N(C)C1=O)C1(CCC(OC)CC1)C2,CHEMBL3959669,11.2,11.2
COCCCc1ccc2c(c1)C1(N=C(N)N(C)C1=O)C1(CCC(OC)CC1)C2,CHEMBL3974233,23.2,23.2
COC1CCC2(CC1)Cc1ccc(C#CCC(C)C)cc1C21N=C(N)N(C)C1=O,CHEMBL3925553,4.0,4.0
COC1CCC2(CC1)Cc1ccc(CCCC(C)C)cc1C21N=C(N)N(C)C1=O,CHEMBL3953186,16.0,16.0
COC1CCC2(CC1)Cc1ccc(C#CCC(C)C)cc1[C@]21N=C(N)N(C)C1=O,CHEMBL4113779,5.1,5.1
COC1CCC2(CC1)Cc1ccc(C#CCC(C)C)cc1[C@@]21N=C(N)N(C)C1=O,CHEMBL3911938,137.9,137.9
COC1CCC2(CC1)Cc1ccc(C#CC3CC3)cc1C21N=C(N)N(C2CC2)C1=O,CHEMBL3983157,20.0,20.0
COC1CCC2(CC1)Cc1ccc(Br)cc1C21N=C(N)N(C2CC2)C1=O,CHEMBL3954507,350.6,350.6
[C-]#[N+]c1cccc(-c2ccc3c(c2)C2(N=C(N)N(C4CC4)C2=O)C2(CCC(OC)CC2)C3)c1,CHEMBL3965611,12.0,12.0
COC1CCC2(CC1)Cc1ccc(-c3cncc(C(F)(F)F)c3)cc1C21N=C(N)N(C2CC2)C1=O,CHEMBL3939252,72.4,72.4
COC1CCC2(CC1)Cc1ccc(C#CC3CC3)cc1C21N=C(N)N(C2CCC2)C1=O,CHEMBL3970029,37.8,37.8
COC1CCC2(CC1)Cc1ccc(C(F)(F)F)cc1C21N=C(N)N(C)C1=O,CHEMBL3978356,321.3,321.3
COC1CCC2(CC1)Cc1ccc(OC(F)(F)F)cc1C21N=C(N)N(C)C1=O,CHEMBL3893074,161.3,161.3
COC1CCC2(CC1)Cc1ccc(N3CCCC3)cc1C21N=C(N)N(C)C1=O,CHEMBL3962090,144.7,144.7
COc1ccc2c(c1)C1(N=C(N)N(C)C1=O)C1(CCC(OC)CC1)C2,CHEMBL3907588,144.8,144.8
COC1CCC2(CC1)Cc1ccc(OCCN(C)C)cc1C21N=C(N)N(C)C1=O,CHEMBL3950945,368.5,368.5
COC1CCC2(CC1)Cc1ccc(OCC3CCCC3)cc1C21N=C(N)N(C)C1=O,CHEMBL3914214,8.9,8.9
COCCOc1ccc2c(c1)C1(N=C(N)N(C)C1=O)C1(CCC(OC)CC1)C2,CHEMBL3945667,10.6,10.6
COc1cccc(Oc2ccc3c(c2)C2(N=C(N)N(C)C2=O)C2(CCC(OC)CC2)C3)c1,CHEMBL3908822,42.8,42.8
COC1CCC2(CC1)Cc1ccc(OC3CC3)cc1C21N=C(N)N(C)C1=O,CHEMBL3936780,29.3,29.3
COC1CCC2(CC1)Cc1ccc(OCCC3CC3)cc1C21N=C(N)N(C)C1=O,CHEMBL3943420,10.0,10.0
COC1CCC2(CC1)Cc1ccc(OC(F)(F)C(F)F)cc1C21N=C(N)N(C)C1=O,CHEMBL3952868,9.6,9.6
COC1CCC2(CC1)Cc1ccc(OC(F)(F)C(F)F)cc1[C@@]21N=C(N)N(C)C1=O,CHEMBL3920879,495.6,495.6
COC1CCC2(CC1)Cc1ccc(OC(F)(F)C(F)F)cc1[C@]21N=C(N)N(C)C1=O,CHEMBL4107172,6.5,6.5
COC1CCC2(CC1)Cc1ccc(OCC3CC3)cc1C21N=C(N)N(C)C1=O,CHEMBL3967730,3.5,3.5
COC1CCC2(CC1)Cc1ccc(OCC3CC3)cc1[C@]21N=C(N)N(C)C1=O,CHEMBL4112850,2.1,2.1
COC1CCC2(CC1)Cc1ccc(OCC3CC3)cc1[C@@]21N=C(N)N(C)C1=O,CHEMBL3912399,423.4,423.4
COC1CCC2(CC1)Cc1ccc(OC(F)F)cc1C21N=C(N)N(C)C1=O,CHEMBL3981217,55.4,55.4
COC1CCC2(CC1)Cc1ccc(Oc3ccccc3)cc1C21N=C(N)N(C)C1=O,CHEMBL3899247,48.0,48.0
CO[C@H]1CC[C@]2(CC1)Cc1c(F)cccc1C21N=C(N)N(C)C1=O,CHEMBL3914462,493.0,493.0
CO[C@H]1CC[C@]2(CC1)Cc1c(F)ccc(Br)c1C21N=C(N)N(C)C1=O,CHEMBL3890022,2010.0,2010.0
[C-]#[N+]c1cccc(-c2ccc(F)c3c2C2(N=C(N)N(C)C2=O)[C@]2(CC[C@H](OC)CC2)C3)c1,CHEMBL3964951,13500.0,13500.0
COC1CCC2(CC1)Cc1cc(F)ccc1C21N=C(N)N(C)C1=O,CHEMBL3933588,825.3,825.3
COC1CCC2(CC1)Cc1cc(F)c(-c3cccc(C#N)c3)cc1C21N=C(N)N(C)C1=O,CHEMBL3903793,20.4,20.4
COC1CCC2(CC1)Cc1cc(F)c(C#CC3CC3)cc1C21N=C(N)N(C)C1=O,CHEMBL3981106,618.0,618.0
COC1CCC2(CC1)Cc1ccc(CCC(F)(F)F)cc1C21N=C(N)N(C)C1=O,CHEMBL3944387,11.6,11.6
CN1C(=O)C2(N=C1N)c1cc(C#N)ccc1CC21CCC(O)CC1,CHEMBL3948874,7.4,7.4
CN1C(=O)C2(N=C1N)c1cc(C#CC3CC3)ccc1CC21CCC(OC(=O)[C@@H](N)Cc2ccc(O)cc2)CC1,CHEMBL3970489,639.8,639.8
C=C(c1ccc2c(c1)C1(N=C(N)N(C)C1=O)C1(CCC(OC)CC1)C2)C(F)(F)F,CHEMBL3917401,1071.0,1071.0
COC1CCC2(CC1)Cc1ccc(C(O)(O)C(F)(F)F)cc1C21N=C(N)N(C)C1=O,CHEMBL3894862,2543.0,2543.0
COC1CCC2(CC1)Cc1ccc(C(O)C(F)(F)F)cc1C21N=C(N)N(C)C1=O,CHEMBL3926386,2226.0,2226.0
COC1CCC2(CC1)Cc1ccc(C(C)C(F)(F)F)cc1C21N=C(N)N(C)C1=O,CHEMBL3969425,716.1,716.1
COC1CCC2(CC1)Cc1ccc(C#CC3CC3)cc1C21N=C(N)NC1=O,CHEMBL3942260,29.2,29.2
CN1C(=O)C2(N=C1N)c1cc(Br)ccc1CC21CCC(Cc2ccccc2)CC1,CHEMBL3963104,634.1,634.1
CN1C(=O)C2(N=C1N)c1cc(Br)ccc1CC21CCC(N(C)C)CC1,CHEMBL3926530,1000.0,1000.0
CN1C(=O)C2(N=C1N)c1cc(-c3cccc(C#N)c3)ccc1C[C@]21CC[C@@H](N(C)C)CC1,CHEMBL3957536,13500.0,13500.0
COC(=O)c1cccc(CN2C(=O)C3(N=C2N)c2cc(Br)ccc2CC32CCC(OC)CC2)c1,CHEMBL3935455,10.4,10.4
CN1C(=O)C2(NC1=S)c1cc(Br)ccc1C[C@]21CC[C@@H](OC(F)F)CC1,CHEMBL3962901,182.5,182.5
CN1C(=O)C2(N=C1N)c1cc(Br)ccc1C[C@]21CC[C@@H](O)CC1,CHEMBL3947797,26.1,26.1
CN1C(=O)C2(N=C1N)c1cc(C#CC3CC3)ccc1CC21CCC(OC(F)F)CC1,CHEMBL3973849,8.4,8.4
CN1C(=O)C2(N=C1N)c1cc(Cl)ccc1CC21CCC(OC(F)F)CC1,CHEMBL3963268,20.0,20.0
CN1C(=O)C2(N=C1N)c1cc(C3CC3)ccc1C[C@]21CC[C@@H](OC(F)F)CC1,CHEMBL3965121,176.6,176.6
CN1C(=O)C2(N=C1N)c1cc(CCC3CC3)ccc1C[C@]21CC[C@@H](OC(F)F)CC1,CHEMBL3977470,13.5,13.5
CC(C)N1C(=O)C2(N=C1N)c1cc(Br)ccc1C[C@]21CC[C@@H](OC(F)F)CC1,CHEMBL3900970,150.8,150.8
CC(C)N1C(=O)C2(N=C1N)c1cc(Br)ccc1C[C@]21CC[C@@H](O)CC1,CHEMBL3949357,1580.0,1580.0
CC(C)N1C(=O)C2(N=C1N)c1cc(-c3cccc(C#N)c3)ccc1C[C@]21CC[C@@H](OC(F)F)CC1,CHEMBL3891756,265.3,265.3
CC(C)N1C(=O)C2(N=C1N)c1cc(-c3cncc(C(F)(F)F)c3)ccc1C[C@]21CC[C@@H](OC(F)F)CC1,CHEMBL3921657,35.3,35.3
CC(C)N1C(=O)C2(N=C1N)c1cc(-c3cncc(C(F)(F)F)c3)ccc1C[C@]21CC[C@@H](OC(N)F)CC1,CHEMBL3897128,18.2,18.2
CC(C)N1C(=O)C2(N=C1N)c1cc(C#CC3CC3)ccc1C[C@]21CC[C@@H](OC(F)F)CC1,CHEMBL3931617,44.9,44.9
CC(C)N1C(=O)C2(N=C1N)c1ccccc1CC21CCC(OC(F)F)CC1,CHEMBL3920999,473.3,473.3
CC(C)N1C(=O)C2(N=C1N)c1cc(-c3cncc(F)c3)ccc1CC21CCC(OC(F)F)CC1,CHEMBL3965440,14.8,14.8
CC(C)N1C(=O)C2(N=C1N)c1cc(-c3cccnc3F)ccc1CC21CCC(OC(F)F)CC1,CHEMBL3940181,36.1,36.1
CC(C)N1C(=O)C2(N=C1N)c1cc(OCC3CC3)ccc1CC21CCC(OC(F)F)CC1,CHEMBL3903153,15.7,15.7
[C-]#[N+]c1cccc(-c2ccc3c(c2)C2(N=C(N)N(C)C2=O)C2(CCC(F)(F)CC2)C3)c1,CHEMBL3983723,125.7,125.7
CN1C(=O)C2(N=C1N)c1cc(Br)ccc1CC21CCC(F)(F)CC1,CHEMBL3897669,1357.0,1357.0
CN1C(=O)C2(N=C1N)c1cc(C#CC3CC3)ccc1CC21CCC(F)(F)CC1,CHEMBL3925759,91.1,91.1
COC1CCC2(CC1)C(C)(C)c1ccc(Br)cc1C21N=C(N)N(C)C1=O,CHEMBL3956398,22780.0,22780.0
[C-]#[N+]c1cccc(-c2ccc3c(c2)C2(N=C(N)N(C)C2=O)C2(CCC(OC)CC2)C3(C)C)c1,CHEMBL3963820,3156.5,3156.5
COC1CCC2(CC1)Cc1ccc(C#CC3CC3)cc1C21N=C(N)N(Cc2nccs2)C1=O,CHEMBL3932723,17.4,17.4
COC1CCC2(CC1)Cc1ccc(C#CC3CC3)cc1C21NC(N)N(Cc2ncco2)C1=O,CHEMBL3940036,14.8,14.8
COCC(C)N1C(=O)C2(NC1N)c1cc(Br)ccc1CC21CCC(OC)CC1,CHEMBL3918630,138.6,138.6
COCC(C)N1C(=O)C2(N=C1N)c1cc(C#N)ccc1CC21CCC(OC)CC1,CHEMBL3974127,333.2,333.2
COCC(C)N1C(=O)C2(N=C1N)c1cc(C#CC3CC3)ccc1CC21CCC(OC)CC1,CHEMBL3931806,18.1,18.1
COC1CCC2(CC1)Cc1ccc(C#CC3CC3)cc1C21NC(N)N(CCC(N)=O)C1=O,CHEMBL3903804,4.7,4.7
COC1CCC2(CC1)Cc1ccc(C#CC3CC3)cc1C21NC(N)N(Cc2nnc(C)o2)C1=O,CHEMBL3956596,4.3,4.3
COC1CCC2(CC1)Cc1ccc(C#CC3CC3)cc1C21N=C(N)N(Cc2cncnc2)C1=O,CHEMBL3985282,15.2,15.2
COC1CCC2(CC1)Cc1ccc(C#CC3CC3)cc1C21NC(N)N(CCF)C1=O,CHEMBL3980499,5.3,5.3
COC1CCC2(CC1)Cc1ccc(C#CC3CC3)cc1C21NC(N)N(CCN(C)S(C)(=O)=O)C1=O,CHEMBL3931613,9.3,9.3
COCCN1C(=O)C2(N=C1N)c1cc(C#CC3CC3)ccc1CC21CCC(OC)CC1,CHEMBL3942229,9.2,9.2
COCCN1C(=O)C2(N=C1N)c1cc(C#N)ccc1CC21CCC(OC)CC1,CHEMBL3915086,48.9,48.9
COCCN1C(=O)C2(N=C1N)c1cc(-c3cccc(C#N)c3)ccc1CC21CCC(OC)CC1,CHEMBL3976150,7.4,7.4
COC1CCC2(CC1)Cc1ccc(CCC3CC3)cc1C21NC(N)N(Cc2cccc(NS(C)(=O)=O)c2)C1=O,CHEMBL3980268,35.2,35.2
COC1CCC2(CC1)Cc1ccc(CCC3CC3)cc1C21NC(N)N(CCN(C)C)C1=O,CHEMBL3915130,12.3,12.3
COC1CCC2(CC1)Cc1ccc(CCC3CC3)cc1C21NC(N)N(Cc2ncco2)C1=O,CHEMBL3893167,11.2,11.2
[C-]#[N+]c1ccccc1CN1C(=O)C2(NC1N)c1cc(CCC3CC3)ccc1CC21CCC(OC)CC1,CHEMBL3903027,17.3,17.3
COC1CCC2(CC1)Cc1ccc(C#CC3CC3)cc1C21NC(N)N(CCC(=O)O)C1=O,CHEMBL3950163,15.6,15.6
COC1CCC2(CC1)Cc1ccc(C#CC3CC3)cc1C21N=C(N)N(Cc2nncn2C)C1=O,CHEMBL3911294,17.0,17.0
COC1CCC2(CC1)Cc1ccc(C#CC3CC3)cc1C21N=C(N)N(CC2CCO2)C1=O,CHEMBL3963016,7.3,7.3
COC1CCC2(CC1)Cc1ccc(-c3cncc(F)c3)cc1C21N=C(N)N(CC2CCO2)C1=O,CHEMBL3929245,13.7,13.7
CCC(C)N1C(=O)C2(N=C1N)c1cc(C#CC3CC3)ccc1CC21CCC(OC)CC1,CHEMBL3942750,22.2,22.2
CCCN1C(=O)C2(N=C1N)c1cc(C#CC3CC3)ccc1CC21CCC(OC)CC1,CHEMBL3958023,5.2,5.2
CCCCN1C(=O)C2(N=C1N)c1cc(C#CC3CC3)ccc1CC21CCC(OC)CC1,CHEMBL3910855,7.1,7.1
COC1CCC2(CC1)Cc1ccc(C#CC3CC3)cc1C21N=C(N)N(Cc2cccc(-c3nccs3)c2)C1=O,CHEMBL3977850,10.3,10.3
COC1CCC2(CC1)Cc1ccc(C#CC3CC3)cc1C21N=C(N)N(CCN(C)C)C1=O,CHEMBL3919180,14.0,14.0
COC1CCC2(CC1)Cc1ccc(C#CC3CC3)cc1C21N=C(N)N(CCC(F)(F)F)C1=O,CHEMBL3927824,16.1,16.1
COC1CCC2(CC1)Cc1ccc(C#CC3CC3)cc1C21N=C(N)N(Cc2cnc3ccccc3n2)C1=O,CHEMBL3924244,5.4,5.4
COC1CCC2(CC1)Cc1ccc(C#CC3CC3)cc1C21N=C(N)N(C[C@H](OC)c2ccccc2)C1=O,CHEMBL3890713,12.0,12.0
COCCCN1C(=O)C2(N=C1N)c1cc(CCC3CC3)ccc1CC21CCC(OC)CC1,CHEMBL3968144,7.4,7.4
COC1CCC2(CC1)Cc1ccc(C#CC3CC3)cc1C21N=C(N)N(CC2CCN(C)C2)C1=O,CHEMBL3935652,24.0,24.0
COC1CCC2(CC1)Cc1ccc(Br)cc1C21N=C(N)N(CC2CCCO2)C1=O,CHEMBL3905251,30.9,30.9
COC1CCC2(CC1)Cc1ccc(C#N)cc1C21N=C(N)N(CC2CCCO2)C1=O,CHEMBL3926999,34.9,34.9
COC1CCC2(CC1)Cc1ccc(C#CC3CC3)cc1C21N=C(N)N(CC2CCCO2)C1=O,CHEMBL3933265,11.6,11.6
COC1CCC2(CC1)Cc1ccc(C#CC3CC3)cc1[C@]21N=C(N)N(C[C@@H]2CCCO2)C1=O,CHEMBL3968186,1.7,1.7
COC1CCC2(CC1)Cc1ccc(C#CC3CC3)cc1[C@]21N=C(N)N(C[C@H]2CCCO2)C1=O,CHEMBL4115606,2.2,2.2
COC1CCC2(CC1)Cc1ccc(C#CC3CC3)cc1[C@@]21N=C(N)N(C[C@@H]2CCCO2)C1=O,CHEMBL3896833,206.9,206.9
COC1CCC2(CC1)Cc1ccc(C#CC3CC3)cc1[C@@]21N=C(N)N(C[C@H]2CCCO2)C1=O,CHEMBL4110833,262.2,262.2
COC1CCC2(CC1)Cc1ccc(-c3cncc(F)c3)cc1C21N=C(N)N(CC(F)(F)F)C1=O,CHEMBL3936760,19.5,19.5
[C-]#[N+]c1cncc(-c2ccc3c(c2)C2(N=C(N)N(CC(F)(F)F)C2=O)C2(CCC(OC)CC2)C3)c1,CHEMBL3930721,22.5,22.5
COC1CCC2(CC1)Cc1ccc(C#N)cc1C21N=C(N)N(CC(N)(F)F)C1=O,CHEMBL3974319,316.1,316.1
COC1CCC2(CC1)Cc1ccc(OCC3CC3)cc1C21N=C(N)N(CC(N)(F)F)C1=O,CHEMBL3984957,13.5,13.5
COC1CCC2(CC1)Cc1ccc(C#CC3CC3)cc1C21N=C(N)N([C@H](C)c2ccccc2)C1=O,CHEMBL4109927,37.5,37.5
COC1CCC2(CC1)Cc1ccc(CCC3CC3)cc1C21N=C(NCCCN(C)C)N(CCCN(C)C)C1=O,CHEMBL3900213,21970.0,21970.0
COC1CCC2(CC1)Cc1ccc(CCC3CC3)cc1C21N=C(N)N(CC(F)(F)F)C1=O,CHEMBL3947627,61.5,61.5
COC1CCC2(CC1)Cc1ccc(CCC3CC3)cc1C21N=C(N)N(Cc2ncc[nH]2)C1=O,CHEMBL3948290,16.0,16.0
COC1CCC2(CC1)Cc1ccc(CCC3CC3)cc1C21N=C(N)N(CC2CCC2)C1=O,CHEMBL3980763,20.4,20.4
COC1CCC2(CC1)Cc1ccc(CCC3CC3)cc1C21N=C(N)N(CC2CCCO2)C1=O,CHEMBL3895666,12.6,12.6
CCC(CC)CN1C(=O)C2(N=C1N)c1cc(CCC3CC3)ccc1CC21CCC(OC)CC1,CHEMBL3925459,16.3,16.3
COCC(C)N1C(=O)[C@]2(N=C1N)c1cc(CCC3CC3)ccc1CC21CCC(OC)CC1,CHEMBL4113818,481.5,481.5
COCC(C)N1C(=O)[C@@]2(N=C1N)c1cc(CCC3CC3)ccc1CC21CCC(OC)CC1,CHEMBL3936827,39.8,39.8
COC1CCC2(CC1)Cc1ccc(CCC3CC3)cc1C21N=C(N)N(Cc2ccc(S(C)(=O)=O)cc2)C1=O,CHEMBL3937946,22.9,22.9
COC1CCC2(CC1)Cc1ccc(CCC3CC3)cc1C21N=C(N)N(Cc2cccc(F)c2)C1=O,CHEMBL3973939,15.8,15.8
COC1CCC2(CC1)Cc1ccc(CCC3CC3)cc1C21N=C(N)N(Cc2ccccc2F)C1=O,CHEMBL3944495,47.7,47.7
COC1CCC2(CC1)Cc1ccc(CCC3CC3)cc1C21N=C(N)N(Cc2cccc(C#N)c2)C1=O,CHEMBL3907689,62.3,62.3
COc1cccc(CN2C(=O)C3(N=C2N)c2cc(CCC4CC4)ccc2CC32CCC(OC)CC2)c1,CHEMBL3935649,192.0,192.0
COC1CCC2(CC1)Cc1ccc(CCC3CC3)cc1C21N=C(N)N(Cc2ccc(F)cn2)C1=O,CHEMBL3933950,12.5,12.5
COC1CCC2(CC1)Cc1ccc(CCC3CC3)cc1C21N=C(N)N(Cc2ccc(F)cc2)C1=O,CHEMBL3944604,14.1,14.1
COC1CCC2(CC1)Cc1ccc(CCC3CC3)cc1[C@]21N=C(N)N([C@@H](C)c2ccccc2)C1=O,CHEMBL3922159,97.8,97.8
COC1CCC2(CC1)Cc1ccc(CCC3CC3)cc1[C@@]21N=C(N)N([C@@H](C)c2ccccc2)C1=O,CHEMBL3906909,185.5,185.5
COC1CCC2(CC1)Cc1ccc(CCC3CC3)cc1C21NC(N)N([C@H](C)c2ccccc2)C1=O,CHEMBL4107985,81.1,81.1
COC1CCC2(CC1)Cc1ccc(CCC3CC3)cc1C21N=C(N)N(CCc2ccccc2)C1=O,CHEMBL3934573,17.3,17.3
COC1CCC2(CC1)Cc1ccc(CCC3CC3)cc1C21N=C(N)N(Cc2ccccc2Cl)C1=O,CHEMBL3958576,24.1,24.1
COC1CCC2(CC1)Cc1ccc(CCC3CC3)cc1C21N=C(N)N(Cc2ccc(C(F)(F)F)cn2)C1=O,CHEMBL3943551,24.3,24.3
COC1CCC2(CC1)Cc1ccc(CCC3CC3)cc1C21N=C(N)N(Cc2ccccn2)C1=O,CHEMBL3944116,15.8,15.8
COC1CCC2(CC1)Cc1ccc(CCC3CC3)cc1C21N=C(N)N(Cc2cccc(N(C)C)c2)C1=O,CHEMBL3919711,24.8,24.8
COCCN1C(=O)C2(N=C1N)c1cc(CCC3CC3)ccc1CC21CCC(OC)CC1,CHEMBL3984177,13.2,13.2
COC1CCC2(CC1)Cc1ccc(CCC3CC3)cc1C21N=C(N)N(CC2CCOC2)C1=O,CHEMBL3898181,3.5,3.5
COC1CCC2(CC1)Cc1ccc(CCC3CC3)cc1C21N=C(N)N(CCC(F)(F)F)C1=O,CHEMBL3935889,24.3,24.3
COC1CCC2(CC1)Cc1ccc(CCC3CC3)cc1C21N=C(N)N(CC2CCN(C(C)=O)CC2)C1=O,CHEMBL3923089,9.7,9.7
COC1CCC2(CC1)Cc1ccc(CCC3CC3)cc1C21N=C(N)N(CC2CCN(S(C)(=O)=O)CC2)C1=O,CHEMBL3933874,13.5,13.5
COC1CCC2(CC1)Cc1ccc(CCC3CC3)cc1C21N=C(N)N(CC(F)F)C1=O,CHEMBL3920773,28.9,28.9
COC1CCC2(CC1)Cc1ccc(CCC3CC3)cc1C21N=C(N)N(Cc2cscn2)C1=O,CHEMBL3909268,8.8,8.8
COC1CCC2(CC1)Cc1ccc(CCC3CC3)cc1C21N=C(N)N(CC2CCOCC2)C1=O,CHEMBL3910670,11.3,11.3
COC1CCC2(CC1)Cc1ccc(CCC3CC3)cc1C21N=C(N)N(CC2CCO2)C1=O,CHEMBL3983940,16.5,16.5
COC1CCC2(CC1)Cc1ccc(CCC3CC3)cc1C21N=C(N)N(CCc2nccs2)C1=O,CHEMBL3921844,19.6,19.6
COC1CCC2(CC1)Cc1ccc(CCC3CC3)cc1[C@]21N=C(N)N(C[C@H]2CCO2)C1=O,CHEMBL4107161,886.8,886.8
COC1CCC2(CC1)Cc1ccc(CCC3CC3)cc1[C@]21N=C(N)N(CC2CCO2)C1=O,CHEMBL4108208,415.5,415.5
CCC(C)N1C(=O)C2(N=C1N)c1cc(OCC3CC3)ccc1CC21CCC(OC)CC1,CHEMBL3899206,29.2,29.2
CCCN1C(=O)C2(N=C1N)c1cc(OCC3CC3)ccc1CC21CCC(OC)CC1,CHEMBL3936196,6.2,6.2
COC1CCC2(CC1)Cc1ccc(CCC3CC3)cc1C21N=C(N)N(Cc2ccc3nccnc3c2)C1=O,CHEMBL3908263,18.1,18.1
CCCCN1C(=O)C2(N=C1N)c1cc(OCC3CC3)ccc1CC21CCC(OC)CC1,CHEMBL3945122,7.0,7.0
COC1CCC2(CC1)Cc1ccc(CCC3CC3)cc1C21N=C(N)N(Cc2c[nH]cn2)C1=O,CHEMBL3920748,7.8,7.8
COC1CCC2(CC1)Cc1ccc(CCC3CC3)cc1C21N=C(N)N(Cc2ccc(C#N)cc2)C1=O,CHEMBL3966350,15.5,15.5
CO[C@H]1CC[C@]2(CC1)Cc1ccc(Br)cc1C21NC(=O)N(Cc2ccccc2)C1=O,CHEMBL3929655,17.2,17.2
CO[C@H]1CC[C@]2(CC1)Cc1ccc(C#N)cc1C21N=C(N)N(Cc2ccccc2)C1=O,CHEMBL3913101,26.1,26.1
CO[C@H]1CC[C@]2(CC1)Cc1ccc(C(=O)O)cc1C21N=C(N)N(Cc2ccccc2)C1=O,CHEMBL3925076,566.5,566.5
CO[C@H]1CC[C@]2(CC1)Cc1ccc(Br)cc1C21NC(=O)N(C(C)c2cccnn2)C1=O,CHEMBL3910708,353.0,353.0
CO[C@H]1CC[C@]2(CC1)Cc1ccc(C#CC3CC3)cc1C21N=C(N)N(C(C)c2cccnn2)C1=O,CHEMBL3972752,17.0,17.0
CN1C(=O)C2(N=C1N)c1cc(-c3cccnc3)ccc1CC21CCc2ccccc2CC1,CHEMBL3985866,1.4,1.4
CN1C(=O)C2(N=C1N)c1cc(-c3cccnc3F)ccc1CC21CCc2ccccc2CC1,CHEMBL3916104,6.7,6.7
CN1C(=O)[C@@]2(N=C1N)c1cc(-c3cccnc3F)ccc1CC21CCc2ccccc2CC1,CHEMBL3892288,213.0,213.0
CN1C(=O)[C@]2(N=C1N)c1cc(-c3cccnc3F)ccc1CC21CCc2ccccc2CC1,CHEMBL4107165,3.4,3.4
CN1C(=O)C2(N=C1N)c1cc(Cl)ccc1CC21CCc2ccccc2CC1,CHEMBL3914985,33.8,33.8
CN1C(=O)C2(N=C1N)c1ccccc1CC21CCc2ccccc2CC1,CHEMBL3912922,74.6,74.6
CN1C(=O)C2(N=C1N)c1cc(C#N)ccc1CC21CCc2ccccc2CC1,CHEMBL3905149,43.0,43.0
CN1C(=O)C2(N=C1N)c1cc(CCC3CC3)ccc1CC21CCc2ccccc2CC1,CHEMBL3943052,25.6,25.6
CN1C(=O)C2(N=C1N)c1cc(C#CC3CC3)ccc1CC21CCc2ccccc2CC1,CHEMBL3967330,72.5,72.5
COc1ccc2c(c1)C1(NC(N)N(C)C1=O)C1(CCc3ccccc3CC1)C2,CHEMBL3895166,46.8,46.8
COCCOc1ccc2c(c1)C1(N=C(N)N(C)C1=O)C1(CCc3ccccc3CC1)C2,CHEMBL3980777,11.4,11.4
COCCOc1ccc2c(c1)[C@@]1(N=C(N)N(C)C1=O)C1(CCc3ccccc3CC1)C2,CHEMBL3896653,6.3,6.3
COCCOc1ccc2c(c1)[C@]1(N=C(N)N(C)C1=O)C1(CCc3ccccc3CC1)C2,CHEMBL4111184,2134.5,2134.5
CN1C(=O)[C@]2(N=C1N)c1cc(OCC3CC3)ccc1CC21CCc2ccccc2CC1,CHEMBL4113098,9.7,9.7
CC(C)N1C(=O)C2(NC1N)c1ccccc1CC21CCc2ccccc2CC1,CHEMBL3938722,566.0,566.0
CC#Cc1ccc2c(c1)C1(NC(N)N(C(C)C)C1=O)C1(CCc3ccccc3CC1)C2,CHEMBL3903963,91.4,91.4
CC(C)N1C(=O)C2(NC1N)c1cc(OCC3CC3)ccc1CC21CCc2ccccc2CC1,CHEMBL3907226,79.3,79.3
CCOc1ccc2c(c1)C1(NC(N)N(C(C)C)C1=O)C1(CCc3ccccc3CC1)C2,CHEMBL3922042,48.3,48.3
COCCN1C(=O)C2(N=C1N)c1cc(-c3cccnc3F)ccc1CC21CCc2ccccc2CC1,CHEMBL3939930,6.3,6.3
COCCN1C(=O)C2(N=C1N)c1cc(-c3cncc(F)c3)ccc1CC21CCc2ccccc2CC1,CHEMBL3969469,8.1,8.1
COCCN1C(=O)NC2(C1=O)c1cc(C#N)ccc1CC21CCc2ccccc2CC1,CHEMBL3952078,16.1,16.1
CN1C(=O)C2(N=C1N)c1cc(-c3cccnc3)ccc1OC21CCc2ccccc2CC1,CHEMBL3925501,8.7,8.7
CN1C(=O)C2(N=C1N)c1cc(-c3cccc(C#N)c3)ccc1OC21CCc2ccccc2CC1,CHEMBL3953152,134.9,134.9
CN1C(=O)C2(N=C1N)c1cc(-c3ccccc3)ccc1OC21CCc2ccccc2CC1,CHEMBL3930915,23.1,23.1
CC#Cc1ccc2c(c1)C1(N=C(N)N(C)C1=O)C1(CCc3ccccc3CC1)O2,CHEMBL3961892,14.8,14.8
CN1C(=O)C2(N=C1N)c1cc(CCC3CC3)ccc1OC21CCc2ccccc2CC1,CHEMBL3906323,6.8,6.8
CN1C(=O)C2(N=C1N)c1ccccc1OC21CCc2ccccc2CC1,CHEMBL3934305,186.2,186.2
CN1C(=O)C2(N=C1N)c1cc(Br)ccc1OC21CCc2ccccc2CC1,CHEMBL3947036,53.6,53.6
CN1C(=O)C2(NC1N)c1cc(OCC3CC3)ccc1OC21CCc2ccccc2CC1,CHEMBL3955763,4.1,4.1
CN1C(=O)C2(NC1N)c1cc(OCC(F)(F)F)ccc1OC21CCc2ccccc2CC1,CHEMBL3931664,7.0,7.0
CC(C)N1C(=O)C2(N=C1N)c1cc(Br)ccc1OC21CCc2ccccc2CC1,CHEMBL3904617,182.4,182.4
CC#Cc1ccc2c(c1)C1(N=C(N)N(C(C)C)C1=O)C1(CCc3ccccc3CC1)O2,CHEMBL3949804,293.2,293.2
COC1CCC2(CC1)Cc1ccc(Br)cc1C21NC(N)N(C(C)(C)C)C1=O,CHEMBL3980312,1673.5,1673.5
COC1CCC2(CC1)Cc1ccc(Br)cc1C21NC(N)N(C2COC2)C1=O,CHEMBL3952447,55.8,55.8
COC1CCC2(CC1)Cc1ccc(Br)cc1C21NC(=S)N(C2CCOCC2)C1=O,CHEMBL3922254,80.5,80.5
COC1CCC2(CC1)Cc1ccc(Br)cc1C21NC(=S)N(N(C)C)C1=O,CHEMBL3940250,575.2,575.2
COC1CCC2(CC1)Cc1ccc(Br)cc1C21NC(=S)N(C2CCN(C)CC2)C1=O,CHEMBL3897461,532.7,532.7
COC1CCC2(CC1)Cc1ccc(Br)cc1C21CON(C)C(N)=N1,CHEMBL3937749,2336.0,2336.0
COC1CCC2(CC1)Cc1ccc(Br)cc1C21CCSC(N)=N1,CHEMBL3971782,2357.0,2357.0
COC1CCC2(CC1)Cc1ccc(C#CC3CC3)cc1C21CCSC(N)=N1,CHEMBL3966505,79.1,79.1
COC1CCC2(CC1)Oc1ccc(Br)cc1C21CCSC(N)=N1,CHEMBL3895197,30000.0,30000.0
[C-]#[N+]c1cccc(-c2ccc3c(c2)C2(CCSC(N)=N2)C2(CCC(OC)CC2)O3)c1,CHEMBL3955360,730.2,730.2
NC1=NC2(CCS1)c1cc(Br)ccc1CC21CCc2ccccc2CC1,CHEMBL3927467,19460.0,19460.0
[C-]#[N+]c1cccc(-c2ccc3c(c2)C2(CCSC(N)=N2)C2(CCc4ccccc4CC2)C3)c1,CHEMBL3980812,1166.5,1166.5
NC1=NC2(CS1)c1cc(Br)ccc1CC21CCC(O)CC1,CHEMBL3918779,6230.5,6230.5
COC1CCC2(CC1)Cc1ccc(Br)cc1C21CSC(N)=N1,CHEMBL3981150,1446.0,1446.0
COC1CCC2(CC1)Cc1ccc(-c3cc(F)cc(Cl)c3)cc1C21CN(CC(F)(F)F)C(N)=N1,CHEMBL3902253,339.7,339.7
COC1CCC2(CC1)Cc1ccc(Br)cc1C21CN(CC(F)(F)F)C(N)=N1,CHEMBL3973282,4327.0,4327.0
CC(=O)N1CCC2(CC1)Oc1ccc(Br)cc1C21N=C(N)N(C)C1=O,CHEMBL3941103,13500.0,13500.0
CC(=O)N1CCC2(CC1)Oc1ccc(-c3cccc(C#N)c3)cc1C21N=C(N)N(C)C1=O,CHEMBL3962306,1949.0,1949.0
Cc1noc2c1CC1(CC2)Cc2ccc(Br)cc2C12N=C(N)N(C)O2,CHEMBL3985554,206.8,206.8
Cc1noc2c1CC1(CC2)Cc2ccc(-c3cccc(C#N)c3)cc2C12N=C(N)N(C)O2,CHEMBL3956888,8.4,8.4
Cc1noc2c1CC1(CC2)Cc2ccc(-c3cccnc3)cc2C12N=C(N)N(C)O2,CHEMBL3919005,58.6,58.6
Cc1noc2c1CC1(CC2)Cc2ccc(-c3cncc(Cl)c3)cc2C12N=C(N)N(C)O2,CHEMBL3894514,7.0,7.0
Cc1onc2c1CC1(CC2)Cc2ccc(Br)cc2C12N=C(N)N(C)O2,CHEMBL3947739,6.2,6.2
CN1OC2(N=C1N)c1cc(C3CC3)ccc1CC21CCc2ccccc2CC1,CHEMBL3977008,128.3,128.3
CN1OC2(N=C1N)c1cc(-c3cccc(C#N)c3)ccc1CC21Cc2cnncc2C1,CHEMBL3953078,2456.1,2456.1
CN1OC2(N=C1N)c1cc(-c3cccc(C#N)c3)ccc1CC21CCc2cnncc2CC1,CHEMBL3977679,877.2,877.2
CN(C)C(=O)C1=CCC2(CC1)Cc1ccc(-c3cccc(C#N)c3)cc1C21N=C(N)N(C)O1,CHEMBL3985071,3702.8,3702.8
CN1OC2(N=C1N)c1cc(-c3cccc(C#N)c3)ccc1CC21CCS(=O)(=O)CC1,CHEMBL3961810,693.3,693.3
CN1OC2(N=C1N)c1cc(Br)ccc1C[C@@]21C[C@@H]1c1ccccc1,CHEMBL4108517,9805.4,9805.4
Cc1onc2c1CC1(CC2)Cc2ccc(Br)cc2C12N=C(N)N(C)C2=O,CHEMBL3972700,16.7,16.7
Cc1onc2c1CC1(CC2)Cc2ccc(-c3cccc(C#N)c3)cc2C12N=C(N)N(C)C2=O,CHEMBL3896483,1.4,1.4
Cc1onc2c1CC1(CC2)Cc2ccc(-c3cc(F)cc(Cl)c3)cc2C12N=C(N)N(C)C2=O,CHEMBL3983916,1.1,1.1
Cc1onc2c1CC1(CC2)Cc2ccc(-c3cccnc3)cc2C12N=C(N)N(C)C2=O,CHEMBL3947174,7.9,7.9
Cc1onc2c1CC1(CC2)Cc2ccc(-c3cncc(Cl)c3)cc2C12N=C(N)N(C)C2=O,CHEMBL3955907,13.2,13.2
Cc1onc2c1CC1(CC2)Cc2ccc(C#CC3CC3)cc2C12N=C(N)N(C)C2=O,CHEMBL3924839,2.8,2.8
Cc1onc2c1CC1(CC2)Cc2ccc(C#CC3CC3)cc2C12N=C(N)N(C)O2,CHEMBL3961222,16.7,16.7
Cc1nn(C)c2c1CC1(CC2)Cc2ccc(Br)cc2C12N=C(N)N(C)O2,CHEMBL4113698,1519.7,1519.7
Cc1nn(C)c2c1CC1(CC2)Cc2ccc(-c3cc(F)cc(Cl)c3)cc2C12N=C(N)N(C)O2,CHEMBL4109522,67.0,67.0
CN1C(=O)C2(N=C1N)c1cc(-c3cccc(C#N)c3)ccc1CC21Cc2cnncc2C1,CHEMBL3939631,869.5,869.5
CN1C(=O)C2(CC3(CC=CC3)c3ccc(Br)cc32)N=C1S,CHEMBL3911653,13500.0,13500.0
COC1CCC2(CC1)Cc1ccc(C#CC3CC3)cc1C21N=C(NC(C)=O)N(C)C1=O,CHEMBL3896388,26.6,26.6
COC1CCC2(CC1)Cc1ccc(O)cc1C21N=C(N)N(C)O1,CHEMBL3922583,5158.0,5158.0
COC1CCC2(CC1)Cc1ccc(C3=CC(O)CC3)cc1C21N=C(N)N(C)C1=O,CHEMBL3946731,33.1,33.1
COC1CCC2(CC1)Cc1ccc(C#CC3CC3)cc1[C@@]21N=C(N)N(C)C1=O,CHEMBL3896307,693.5,693.5
COC1CCC2(CC1)Cc1ccc(C#CC3CC3)cc1[C@]21N=C(N)N(C)C1=O,CHEMBL4110500,2.2,2.2
COC1CCC2(CC1)Cc1ccc(-c3cc(Cl)cc(Cl)c3)cc1[C@@]21N=C(N)N(C)C1=O,CHEMBL3946818,604.1,604.1
COC1CCC2(CC1)Cc1ccc(-c3cc(Cl)cc(Cl)c3)cc1[C@]21N=C(N)N(C)C1=O,CHEMBL4110527,4.2,4.2
COCCOc1ccc2c(c1)[C@@]1(N=C(N)N(C)C1=O)C1(CCC(OC)CC1)C2,CHEMBL3941263,960.5,960.5
COCCOc1ccc2c(c1)[C@]1(N=C(N)N(C)C1=O)C1(CCC(OC)CC1)C2,CHEMBL4114390,7.2,7.2
COC1CCC2(CC1)Cc1ccc(OCC3CC3(F)F)cc1C21N=C(N)N(C(C)C)C1=O,CHEMBL3922515,21.2,21.2
CO[C@H]1CC[C@]2(CC1)Cc1ccc(CCC(C)C)cc1C21N=C(N)N(C)O1,CHEMBL3920806,15.8,15.8
COc1ccc(COc2ccc3c(c2)C2(N=C(N)N(C)O2)[C@]2(CC[C@H](OC)CC2)C3)cc1,CHEMBL3896298,807.0,807.0
CO[C@H]1CC[C@]2(CC1)Cc1ccc(OC(C)C)cc1C21N=C(N)N(C)O1,CHEMBL3933242,170.6,170.6
COC1CCC2(CC1)Cc1ccc(OCc3ccccc3)cc1C21N=C(N)N(C)O1,CHEMBL3905234,890.0,890.0
COC1CCC2(CC1)Cc1ccc(OC3CCCC3)cc1C21NC(N)N(C)C1=O,CHEMBL3939118,691.0,691.0
CN1C(=O)[C@@]2(N=C1N)c1cc(C#CC3CC3)ccc1C[C@]21CC[C@@H](OC(F)F)CC1,CHEMBL3904430,294.0,294.0
CN1C(=O)[C@]2(N=C1N)c1cc(C#CC3CC3)ccc1C[C@]21CC[C@@H](OC(F)F)CC1,CHEMBL4113931,2.4,2.4
COC1CCC2(CC1)Cc1ccc(OCC3CC3)cc1C21NC(N)N(CCF)C1=O,CHEMBL3941308,6.8,6.8
COC1CCC2(CC1)Cc1ccc(OCC3CC3)cc1C21NC(N)N(CC(F)F)C1=O,CHEMBL3975061,9.0,9.0
CCCc1ccc2c(c1)C1(NC(=O)N(CCF)C1=O)C1(CCC(OC)CC1)C2,CHEMBL3924326,16.0,16.0
COC1CCC2(CC1)Cc1ccc(OCC3CC3)cc1C21NC(=S)N(CCC(F)(F)F)C1=O,CHEMBL3955352,10.0,10.0
CCCSc1ccc2c(c1)C1(N=C(N)N(CCOC)C1=O)C1(CCC(OC)CC1)C2,CHEMBL3952033,8.9,8.9
COC1CCC2(CC1)Cc1ccc(Sc3ccccc3)cc1C21NC(N)N(C)C1=O,CHEMBL3915818,40.0,40.0
COCCN1C(=O)C2(C=C1N)c1cc(C3CC3)ccc1C[C@]21CC[C@@H](OC)CC1,CHEMBL3983050,172.0,172.0
CCCNc1ccc2c(c1)C1(N=C(N)N(C)C1=O)C1(CCC(OC)CC1)C2,CHEMBL3918820,4.0,4.0
CO[C@H]1CC[C@]2(CC1)Cc1ccc(-c3cnc(C)nc3)cc1C21N=C(N)N(C(C)C)C1=O,CHEMBL3905707,23.0,23.0
COCCOc1ccc2c(c1)C1(N=C(N)N(CC(F)(F)F)C1=O)[C@]1(CC[C@H](OC)CC1)C2,CHEMBL3930246,77.0,77.0
COC1CCC2(CC1)Cc1ccc(NC(=O)c3ccccn3)cc1C21N=C(N)N(C)C1=O,CHEMBL3946645,12.0,12.0
COC1CCC2(CC1)Cc1ccc(N3CCC(F)(F)C3)cc1C21NC(N)N(C)C1=O,CHEMBL3979923,30.0,30.0
CN1C(=O)C2(N=C1N)c1cc(-c3cccc(C#N)c3)ccc1C[C@]21CC[C@@H](OC(F)F)CC1,CHEMBL3906842,176.6,176.6
CN1C(=O)C2(N=C1N)c1cc(OCC(F)(F)F)ccc1C[C@]21CC[C@@H](OC(F)F)CC1,CHEMBL3946221,8.0,8.0
CO[C@H]1CC[C@]2(CC1)Cc1ccc(OCC3CC3)cc1[C@]21N=C(N)N(CC(F)(F)F)C1=O,CHEMBL4115521,7.0,7.0
CO[C@H]1CC[C@]2(CC1)Cc1ccc(OCC3CC3)cc1[C@@]21N=C(N)N(CC(F)(F)F)C1=O,CHEMBL3904142,3106.0,3106.0
CCOCc1ccc2c(c1)C1(N=C(SCC)N(C)C1=O)C1(CCC(OC)CC1)C2,CHEMBL3913436,13.2,13.2
COC1CCC2(CC1)Cc1ccc(OCC(C)C)cc1C21N=C(N)N(CCF)C1=O,CHEMBL3904189,7.0,7.0
COCCN1C(=O)[C@]2(N=C1N)c1cc(C#CC3CC3)ccc1C[C@]21CC[C@@H](OC)CC1,CHEMBL4115567,6.0,6.0
COCCN1C(=O)[C@@]2(N=C1N)c1cc(C#CC3CC3)ccc1C[C@]21CC[C@@H](OC)CC1,CHEMBL3936918,181.0,181.0
NC1=N[C@@]2(c3ccc(F)cc3F)CO[C@@H](c3ccc(F)cc3)C[C@H]2CS1,CHEMBL3957104,14.0,14.0
NC1=N[C@@]2(c3ccc(F)cc3F)CO[C@@H](c3cccc(F)c3)C[C@H]2CS1,CHEMBL3933081,22.0,22.0
NC1=N[C@@]2(c3ccc(F)cc3F)CO[C@@H](c3ccccc3F)C[C@H]2CS1,CHEMBL3948426,86.0,86.0
NC1=N[C@@]2(c3ccc(F)cc3F)CO[C@@H](c3ccc(F)cc3F)C[C@H]2CS1,CHEMBL3920625,39.0,39.0
NC1=N[C@@]2(c3ccc(F)cc3F)CO[C@@H](c3ccc(F)c(F)c3)C[C@H]2CS1,CHEMBL3943095,10.0,10.0
Cc1ccc([C@H]2C[C@H]3CSC(N)=N[C@@]3(c3ccc(F)cc3F)CO2)cc1,CHEMBL3911696,24.0,24.0
Cc1ccccc1[C@H]1C[C@H]2CSC(N)=N[C@@]2(c2ccc(F)cc2F)CO1,CHEMBL3945526,970.0,970.0
Cc1cc([C@H]2C[C@H]3CSC(N)=N[C@@]3(c3ccc(F)cc3F)CO2)ccc1F,CHEMBL3906147,6.0,6.0
Cc1ccc([C@H]2C[C@H]3CSC(N)=N[C@@]3(c3ccc(F)cc3F)CO2)cc1F,CHEMBL3967066,13.0,13.0
Cc1cc(F)cc([C@H]2C[C@H]3CSC(N)=N[C@@]3(c3ccc(F)cc3F)CO2)c1,CHEMBL3940888,16.0,16.0
Cc1ccc(F)c([C@H]2C[C@H]3CSC(N)=N[C@@]3(c3ccc(F)cc3F)CO2)c1,CHEMBL3969586,21.0,21.0
NC1=N[C@@]2(c3ccc(F)cc3F)CO[C@@H](c3ccc(Cl)cc3)C[C@H]2CS1,CHEMBL3898392,15.0,15.0
NC1=N[C@@]2(c3ccc(F)cc3F)CO[C@@H](c3ccccc3C(F)(F)F)C[C@H]2CS1,CHEMBL3974767,97.0,97.0
NC1=N[C@@]2(c3ccc(F)cc3F)CO[C@@H](c3ccccc3OC(F)(F)F)C[C@H]2CS1,CHEMBL3907417,21.0,21.0
COc1ccc([C@H]2C[C@H]3CSC(N)=N[C@@]3(c3ccc(F)cc3F)CO2)cc1,CHEMBL3982754,29.0,29.0
COc1ccccc1[C@H]1C[C@H]2CSC(N)=N[C@@]2(c2ccc(F)cc2F)CO1,CHEMBL3912883,2212.0,2212.0
COc1cc([C@H]2C[C@H]3CSC(N)=N[C@@]3(c3ccc(F)cc3F)CO2)ccc1F,CHEMBL3897325,214.0,214.0
COc1ccc([C@H]2C[C@H]3CSC(N)=N[C@@]3(c3ccc(F)cc3F)CO2)cc1F,CHEMBL3972178,44.0,44.0
COc1ccc([C@H]2C[C@H]3CSC(N)=N[C@@]3(c3ccc(F)cc3F)CO2)c(F)c1,CHEMBL3906294,83.0,83.0
COc1cc(F)cc([C@H]2C[C@H]3CSC(N)=N[C@@]3(c3ccc(F)cc3F)CO2)c1,CHEMBL3962877,335.0,335.0
COc1ccc(F)c([C@H]2C[C@H]3CSC(N)=N[C@@]3(c3ccc(F)cc3F)CO2)c1,CHEMBL3950004,397.0,397.0
CCOc1ccc([C@H]2C[C@H]3CSC(N)=N[C@@]3(c3ccc(F)cc3F)CO2)cc1,CHEMBL3922261,11.0,11.0
COCc1ccc([C@H]2C[C@H]3CSC(N)=N[C@@]3(c3ccc(F)cc3F)CO2)cc1,CHEMBL3958680,161.0,161.0
NC1=N[C@@]2(c3ccc(F)cc3F)CO[C@@H](c3ccc4c(c3)CCO4)C[C@H]2CS1,CHEMBL3935755,6.0,6.0
NC1=N[C@@]2(c3ccc(F)cc3F)CO[C@@H](c3ccc4c(c3)OCO4)C[C@H]2CS1,CHEMBL3907801,19.0,19.0
COC(C)c1ccc([C@H]2C[C@H]3CSC(N)=N[C@@]3(c3ccc(F)cc3F)CO2)cc1,CHEMBL3944703,210.0,210.0
N#Cc1cccc([C@H]2C[C@H]3CSC(N)=N[C@@]3(c3ccc(F)cc3F)CO2)c1,CHEMBL3913262,99.0,99.0
N#Cc1ccc([C@H]2C[C@H]3CSC(N)=N[C@@]3(c3ccc(F)cc3F)CO2)cc1,CHEMBL3942431,42.0,42.0
NC1=N[C@@]2(c3ccc(F)cc3F)CO[C@@H](c3ccc(C(F)F)cc3)C[C@H]2CS1,CHEMBL3918147,28.0,28.0
C[C@H]1SC(N)=N[C@@]2(c3ccc(F)cc3F)CO[C@@H](c3ccc(F)cc3)C[C@@H]12,CHEMBL3903067,15.0,15.0
C[C@H]1SC(N)=N[C@@]2(c3ccc(F)cc3F)CO[C@@H](c3ccc(C#N)cc3)C[C@@H]12,CHEMBL3927541,11.0,11.0
C[C@H]1SC(N)=N[C@@]2(c3ccc(F)cc3F)CO[C@@H](c3cccc(C#N)c3)C[C@@H]12,CHEMBL3890548,14.0,14.0
CC1=CC2Cc3nc4cc(Cl)ccc4c(NCCCCCCCCNC(=O)c4cc(O)c5c(c4)C(=O)c4cccc(O)c4C5=O)c3C(C1)C2,CHEMBL3304357,980.0,980.0
CC1=CC2Cc3nc4cc(Cl)ccc4c(NCCCCCCCCCNC(=O)c4cc(O)c5c(c4)C(=O)c4cccc(O)c4C5=O)c3C(C1)C2,CHEMBL3304306,120.0,120.0
CC1=C[C@@H]2Cc3nc4cc(Cl)ccc4c(NCCCCCCCCCNC(=O)c4cc(O)c5c(c4)C(=O)c4cccc(O)c4C5=O)c3[C@H](C1)C2,CHEMBL4113560,80.0,80.0
CC1=C[C@H]2Cc3nc4cc(Cl)ccc4c(NCCCCCCCCCNC(=O)c4cc(O)c5c(c4)C(=O)c4cccc(O)c4C5=O)c3[C@@H](C1)C2,CHEMBL4109726,80.0,80.0
CC1=CC2Cc3nc4cc(Cl)ccc4c(NCCCCCCCCCCNC(=O)c4cc(O)c5c(c4)C(=O)c4cccc(O)c4C5=O)c3C(C1)C2,CHEMBL3303094,1190.0,1190.0
CC1=CC2Cc3nc4cc(Cl)ccc4c(NCCCCCCCCCCCNC(=O)c4cc(O)c5c(c4)C(=O)c4cccc(O)c4C5=O)c3C(C1)C2,CHEMBL3304241,1200.0,1200.0
CC1=CC2Cc3nc4cc(Cl)ccc4c(NCc4ccc(CNC(=O)c5cc(O)c6c(c5)C(=O)c5cccc(O)c5C6=O)cc4)c3C(C1)C2,CHEMBL3304178,2020.0,2020.0
CC1=C[C@H]2Cc3nc4cc(Cl)ccc4c(N)c3[C@@H](C1)C2,CHEMBL4112162,5000.0,5000.0
CC1(c2cccc(NCc3ccc(Cl)cc3)c2)COCC(N)=N1,CHEMBL3897096,450.0,450.0
CCCCNc1ccc(F)c([C@]2(C)COCC(N)=N2)c1,CHEMBL3907163,340.0,340.0
CC(C)CCNc1ccc(F)c([C@]2(C)COCC(N)=N2)c1,CHEMBL3974551,1360.0,1360.0
CC(C)C(C)Nc1ccc(F)c([C@]2(C)COCC(N)=N2)c1,CHEMBL3975645,2190.0,2190.0
C[C@@]1(c2cc(NCC(F)(F)F)ccc2F)COCC(N)=N1,CHEMBL3958106,350.0,350.0
C[C@@]1(c2cc(NCC(F)F)ccc2F)COCC(N)=N1,CHEMBL3972123,410.0,410.0
C[C@@]1(c2cc(NCCC(F)(F)F)ccc2F)COCC(N)=N1,CHEMBL3910150,1090.0,1090.0
CSCCCNc1ccc(F)c([C@]2(C)COCC(N)=N2)c1,CHEMBL3914644,310.0,310.0
C[C@@]1(c2cc(NC3CCC3)ccc2F)COCC(N)=N1,CHEMBL3984469,260.0,260.0
C[C@@]1(c2cc(NC3CCCC3)ccc2F)COCC(N)=N1,CHEMBL3963446,120.0,120.0
C[C@@]1(c2cc(NC3CCOC3)ccc2F)COCC(N)=N1,CHEMBL3962268,320.0,320.0
C[C@@]1(c2cc(N[C@H]3CCC[C@@H]3O)ccc2F)COCC(N)=N1,CHEMBL3976883,1210.0,1210.0
C[C@@]1(c2cc(N[C@H]3CCC[C@H]3O)ccc2F)COCC(N)=N1,CHEMBL3902716,610.0,610.0
C[C@@]1(c2cc(NCC3CC3)ccc2F)COCC(N)=N1,CHEMBL3962730,130.0,130.0
C[C@@]1(c2cc(NC[C@H]3CCCO3)ccc2F)COCC(N)=N1,CHEMBL4111964,1110.0,1110.0
CC(C)C(Nc1ccc(F)c([C@]2(C)COCC(N)=N2)c1)c1ccc(Cl)cn1,CHEMBL3982798,3710.0,3710.0
CC1(c2cccc(Nc3cccc4cc(Cl)cnc34)c2)COCC(N)=N1,CHEMBL3986044,250.0,250.0
C[C@@]1(c2cc(Nc3cccc4cc(Cl)cnc34)ccc2F)COCC(N)=N1,CHEMBL3907448,160.0,160.0
C[C@@]1(c2cc(Nc3cc(Cl)cc4cc(Cl)cnc34)ccc2F)COCC(N)=N1,CHEMBL3969614,660.0,660.0
C[C@@]1(c2cc(Nc3cc(F)cc4cc(Cl)cnc34)ccc2F)COCC(N)=N1,CHEMBL3894969,44.0,44.0
C[C@@]1(c2cc(Nc3cccc4cc(OC(F)F)cnc34)ccc2F)COCC(N)=N1,CHEMBL3919475,270.0,270.0
C[C@@]1(c2cc(Nc3cccc4cc(OCCF)cnc34)ccc2F)COCC(N)=N1,CHEMBL3894989,4770.0,4770.0
C[C@@]1(c2cc(Nc3cc(F)cc4cc(OCC5CC5)cnc34)ccc2F)COCC(N)=N1,CHEMBL3980524,6900.0,6900.0
C[C@@]1(c2cc(Nc3cccc4cc(OCC(F)(F)F)cnc34)ccc2F)COCC(N)=N1,CHEMBL3951616,2360.0,2360.0
C[C@@]1(c2cc(Nc3ccon3)ccc2F)COCC(N)=N1,CHEMBL3975662,580.0,580.0
Cn1nc(Nc2ccc(F)c([C@@]3(C)COCC(N)=N3)c2)c2ccc(Cl)cc21,CHEMBL4111354,1040.0,1040.0
C[C@]1(c2cc(NC3CCc4cc(Cl)ccc43)ccc2F)COCC(N)=N1,CHEMBL4114125,100.0,100.0
CC1(c2cccc(Nc3cc(F)cc4cc(Cl)cnc34)c2)COCC(N)=N1,CHEMBL3904256,250.0,250.0
CC1(c2cccc(NC3CCc4cc(Cl)ccc43)c2)COCC(N)=N1,CHEMBL3930199,180.0,180.0
C[C@@]1(c2cc(NC3CCc4cc(Cl)cnc43)ccc2F)COCC(N)=N1,CHEMBL3957693,320.0,320.0
C[C@@]1(c2cc(Nc3ccccc3OCC(F)F)ccc2F)COCC(N)=N1,CHEMBL3935621,2140.0,2140.0
C[C@@]1(c2cc(Nc3ccccc3OCC(F)(F)F)ccc2F)COCC(N)=N1,CHEMBL3968738,5200.0,5200.0
CC1(c2cccc(Nc3ccccc3OC(F)F)c2)COCC(N)=N1,CHEMBL3900661,890.0,890.0
C[C@@]1(c2cc(NCc3nn(C(F)F)cc3Cl)ccc2F)COCC(N)=N1,CHEMBL3985430,17.0,17.0
C[C@H]1Oc2ccc(Br)cc2[C@@]2(COC(N)=N2)C12COC2,CHEMBL3703211,39000.0,39000.0
CCCC1Oc2ccc(Br)cc2C2(COC(N)=N2)C12COC2,CHEMBL3981855,15600.0,15600.0
C[C@H]1Oc2ccc(-c3cccnc3F)cc2[C@@]2(COC(N)=N2)C12COC2,CHEMBL3703276,1430.0,1430.0
C[C@H]1Oc2ccc(-c3cncnc3)cc2[C@@]2(COC(N)=N2)C12COC2,CHEMBL3703277,2050.0,2050.0
COc1cncc(-c2ccc3c(c2)[C@@]2(COC(N)=N2)C2(COC2)[C@@H](C)O3)c1,CHEMBL3703280,1890.0,1890.0
NC1=NC2(CO1)c1cc(-c3cncnc3)ccc1OC(CCC(F)(F)F)C21COC1,CHEMBL3924870,740.0,740.0
CC1(C)Oc2ccc(NC(=O)c3ccc(Cl)cn3)cc2[C@]2(COC(N)=N2)C12COC2,CHEMBL3650853,30300.0,30300.0
CC#Cc1ccnc(-c2ccc3c(c2)C2(COC(N)=N2)C2(COC2)CO3)c1,CHEMBL3703257,740.0,740.0
NC1=NC2(CO1)c1cc(-c3cnc4[nH]ccc4c3)ccc1OCC21CC1,CHEMBL3703262,350.0,350.0
C[C@H]1SC(N)=N[C@@]2(c3ccc(F)cc3F)CO[C@@H](CF)C[C@@H]12,CHEMBL3947330,805.0,805.0
CCOC[C@H]1C[C@H]2[C@@H](C)SC(N)=N[C@@]2(c2ccc(F)cc2F)CO1,CHEMBL3931973,613.0,613.0
CC(C)OC[C@H]1C[C@H]2[C@@H](C)SC(N)=N[C@@]2(c2ccc(F)cc2F)CO1,CHEMBL3956054,718.0,718.0
C[C@@]1(c2cc(NC(=O)c3ccc(C#N)cn3)ccc2F)CSCC(N)=N1,CHEMBL3982593,0.011,0.011
C[C@@]1(c2cc(NC(=O)c3ccc(C#N)cn3)ccc2F)CS(=O)(=O)CC(N)=N1,CHEMBL3930841,0.0082,0.0082
C[C@@]1(c2cc(NC(=O)c3ccc(Cl)cn3)ccc2F)CS(=O)(=O)CC(N)=N1,CHEMBL3958332,0.0061,0.0061
C[C@@]1(c2cc(NC(=O)c3ccc(OC(F)F)cn3)ccc2F)CS(=O)(=O)CC(N)=N1,CHEMBL3936264,0.0057,0.0057
CC1(C)C(N)=N[C@](C)(c2cc(NC(=O)c3ccc(C#N)cn3)ccc2F)CS1(=O)=O,CHEMBL3969403,0.0002,0.0002
COc1cnc(C(=O)Nc2ccc(F)c([C@]3(C)CS(=O)(=O)C(C)(C)C(N)=N3)c2)cn1,CHEMBL3937515,0.0009,0.0009
CC1(C)C(N)=N[C@](C)(c2cc(NC(=O)c3cnc(C(F)F)cn3)ccc2F)CS1(=O)=O,CHEMBL3955051,0.0018,0.0018
C[C@@]1(c2cc(NC(=O)c3ccc(C#N)cn3)ccc2F)CS(=O)(=O)C2(CCCC2)C(N)=N1,CHEMBL3949213,0.001,0.001
Cc1cc(C(=O)Nc2ccc(F)c([C@]3(C)C=CSC(N)=N3)c2)n(C)c1,CHEMBL3900882,96.0,96.0
CO[C@H]1[C@H](C)CC2(Cc3ccc(Br)cc3[C@@]23N=C(C)C(N)=N3)C[C@@H]1C,CHEMBL3900965,4.0,4.0
[C-]#[N+]c1ccc2c(c1)[C@@]1(N=C(C)C(N)=N1)[C@@]1(C2)C[C@@H](C)[C@H](OC)[C@@H](C)C1,CHEMBL3977074,3.5,3.5
[C-]#[N+]c1ccc2c(c1)[C@@]1(N=C(C)C(N)=N1)[C@@]1(C2)C[C@@H](C)[C@H](O)[C@@H](C)C1,CHEMBL3893673,37.0,37.0
CO[C@H]1CC[C@@]2(Cc3ccc(Br)cc3C23N=C(C)C(N)=N3)C[C@@H]1C,CHEMBL3898116,16.3,16.3
[C-]#[N+]c1ccc2c(c1)[C@@]1(N=C(C)C(N)=N1)[C@]1(CC[C@H](OC)[C@@H](C)C1)C2,CHEMBL3915375,1.5,1.5
CO[C@H]1[C@H](C)C[C@@]2(Cc3ccc(-c4cncc(F)c4)cc3[C@@]23N=C(C)C(N)=N3)C[C@@H]1C,CHEMBL3899867,1.5,1.5
CC#Cc1cncc(-c2ccc3c(c2)[C@@]2(N=C(C)C(N)=N2)[C@@]2(C3)C[C@@H](C)[C@H](OC)[C@@H](C)C2)c1,CHEMBL3927865,8.2,8.2
CC1(c2cccc(Nc3nsc4cc(Br)ccc34)c2)COCC(N)=N1,CHEMBL3945339,1500.0,1500.0
Cn1nc(Nc2cccc(C3(C)COCC(N)=N3)c2)c2ccc(Br)cc21,CHEMBL3984830,5200.0,5200.0
CC1(c2cccc(Nc3noc4ccccc34)c2)COCC(N)=N1,CHEMBL3901712,8900.0,8900.0
CC1(c2cc(NCc3ccco3)ccc2F)COCC(N)=N1,CHEMBL3892530,1900.0,1900.0
NC1=NC(CF)(c2cc(NCc3ccc(Br)cc3Cl)ccc2F)COC1,CHEMBL3929428,3600.0,3600.0
NC1=NC(c2cc(NCc3cc(Br)co3)ccc2F)(C(F)F)COC1,CHEMBL3901477,6200.0,6200.0
NC1=N[C@@](c2cc(Nc3ncnc4cc(Cl)cnc34)ccc2F)(C(F)F)COC1,CHEMBL3890696,36.0,36.0
NC1=N[C@@](c2cc(Nc3nccc4cc(Br)cnc34)ccc2F)(C(F)F)COC1,CHEMBL3913980,21.0,21.0
N#Cc1cnc2c(Nc3ccc(F)c([C@]4(C(F)F)COCC(N)=N4)c3)nccc2c1,CHEMBL3898813,18.0,18.0
COCCOc1cnc2c(Nc3ccc(F)c([C@]4(C(F)F)COCC(N)=N4)c3)nccc2c1,CHEMBL3977872,600.0,600.0
NC1=N[C@@](c2cc(Nc3nccc4cc(OCCCl)cnc34)ccc2F)(C(F)F)COC1,CHEMBL3898032,1900.0,1900.0
Cc1cn2ccnc(Nc3ccc(F)c([C@]4(C(F)F)COCC(N)=N4)c3)c2n1,CHEMBL3914008,350.0,350.0
CC1=N[C@@](c2cc(Nc3nccn4ccnc34)ccc2F)(C(F)F)COC1,CHEMBL3918546,1400.0,1400.0
NC1=N[C@@](c2cc(Nc3nccn4c(Br)cnc34)ccc2F)(C(F)F)COC1,CHEMBL3897241,570.0,570.0
COc1cccnc1Nc1ccc(F)c([C@]2(C(F)F)COCC(N)=N2)c1,CHEMBL3951851,300.0,300.0
NC1=N[C@@](c2cc(Nc3ncccn3)ccc2F)(C(F)F)COC1,CHEMBL3925019,8600.0,8600.0
COc1ccnc(Nc2ccc(F)c([C@]3(C(F)F)COCC(N)=N3)c2)n1,CHEMBL3939686,1800.0,1800.0
COc1nccnc1Nc1ccc(F)c([C@]2(C(F)F)COCC(N)=N2)c1,CHEMBL3970982,2400.0,2400.0
CCOc1cccnc1Nc1ccc(F)c([C@]2(C(F)F)COCC(N)=N2)c1,CHEMBL3890293,1300.0,1300.0
NC1=N[C@@](c2cc(Nc3ncccc3OCC(F)F)ccc2F)(C(F)F)COC1,CHEMBL3918326,1300.0,1300.0
COc1cncnc1Nc1ccc(F)c([C@]2(C(F)F)COCC(N)=N2)c1,CHEMBL3949524,1500.0,1500.0
NC1=N[C@@](c2cc(Nc3ncccc3OC(F)F)ccc2F)(C(F)F)COC1,CHEMBL3948180,970.0,970.0
C[C@@]1(c2cc(Nc3ncnc4cc(Cl)cnc34)ccc2F)CO[C@@](C)(C(F)(F)F)C(N)=N1,CHEMBL3973309,40.0,40.0
C[C@@]1(c2cc(Nc3ncnc4cc(C(F)(F)F)cnc34)ccc2F)CO[C@@](C)(C(F)(F)F)C(N)=N1,CHEMBL3943795,83.0,83.0
COc1cccnc1Nc1ccc(F)c([C@]2(C)CO[C@@](C)(C(F)(F)F)C(N)=N2)c1,CHEMBL3897635,210.0,210.0
COc1cc([N+](=O)[O-])cnc1Nc1ccc(F)c([C@]2(C(F)F)COCC(N)=N2)c1,CHEMBL3972335,2900.0,2900.0
COc1cc(N)cnc1Nc1ccc(F)c([C@]2(C(F)F)COCC(N)=N2)c1,CHEMBL3982801,3000.0,3000.0
C[C@@]1(c2nc(Nc3ncnc4cc(C(F)(F)F)cnc34)ccc2F)CO[C@@](C)(C(F)(F)F)C(N)=N1,CHEMBL3912076,68.0,68.0
COc1ccccc1Nc1ccc(F)c([C@]2(C)CO[C@@](C)(C(F)(F)F)C(N)=N2)n1,CHEMBL3890982,10000.0,10000.0
C[C@@]1(c2nc(Nc3ncccc3C#N)ccc2F)CO[C@@](C)(C(F)(F)F)C(N)=N1,CHEMBL3977060,1500.0,1500.0
COc1cccnc1Nc1ccc(F)c([C@]2(C)CO[C@@](C)(C(F)(F)F)C(N)=N2)n1,CHEMBL3980775,6400.0,6400.0
Cn1nc(Nc2cccc([C@]3(C)COCC(N)=N3)c2)c2ccccc21,CHEMBL3897861,10000.0,10000.0
COc1cnc(C(=O)Nc2ccc(F)c([C@]3(CF)C[C@@H](C(F)(F)F)OC(N)=N3)c2)cn1,CHEMBL3911798,21.0,21.0
COc1cnc(C(=O)Nc2ccc(F)c([C@]3(CF)C[C@H](C(F)(F)F)OC(N)=N3)c2)cn1,CHEMBL4115023,813.0,813.0
NC1=N[C@](CF)(c2cc(NC(=O)c3ccc(Cl)cn3)ccc2F)C[C@@H](C(F)(F)F)O1,CHEMBL3896202,18.0,18.0
NC1=N[C@](CF)(c2cc(Nc3nccc4cc(Cl)cnc34)ccc2F)C[C@@H](C(F)(F)F)O1,CHEMBL3906250,18.0,18.0
COc1cnc2c(Nc3ccc(F)c([C@]4(CF)C[C@@H](C(F)(F)F)OC(N)=N4)c3)nccc2n1,CHEMBL3965056,50.0,50.0
Cc1cc(Cl)cnc1C(=O)Nc1ccc(F)c([C@]2(CF)C[C@@H](C(F)(F)F)OC(N)=N2)c1,CHEMBL3920732,8.0,8.0
Cc1c(C(=O)Nc2ccc(F)c([C@]3(CF)C[C@@H](C(F)(F)F)OC(N)=N3)c2)nc2ccc(Cl)cn12,CHEMBL3925462,36.0,36.0
COc1cnc(C(=O)Nc2ccc(F)c([C@]3(C)C[C@@H](C(F)(F)F)OC(NC(=O)c4ccccc4)=N3)c2)cn1,CHEMBL3957032,30.0,30.0
NC1=N[C@](CF)(c2cc(NC(=O)c3ccc(OCC(F)(F)F)cn3)ccc2F)C[C@@H](C(F)(F)F)O1,CHEMBL3897411,43.0,43.0
Cc1cc(Cl)cnc1C(=O)Nc1cnc(F)c([C@]2(C)C[C@@H](C(F)(F)F)OC(N)=N2)c1,CHEMBL3977981,55.2,55.2
Cc1cc(Cl)cnc1C(=O)Nc1ccc(F)c([C@]2(C)C[C@@H](C(F)(F)F)OC(N)=N2)c1,CHEMBL3976045,16.5,16.5
N#Cc1cnc(C(=O)Nc2ccc(F)c([C@]3(CF)C[C@@H](C(F)(F)F)OC(N)=N3)c2)c(Cl)c1,CHEMBL3954148,28.5,28.5
COc1cnc(C(=O)Nc2ccc(F)c([C@]3(CF)C[C@@H](C(F)(F)F)OC(N)=N3)c2)c(C)n1,CHEMBL3980894,73.6,73.6
COc1cc(Cl)cnc1C(=O)Nc1ccc(F)c([C@]2(CF)C[C@@H](C(F)(F)F)OC(N)=N2)c1,CHEMBL3951561,56.4,56.4
C[C@@]1(c2cc(NC(=O)c3ccc(Cl)cn3)ccc2F)C[C@@H](C(F)(F)F)OC(N)=N1,CHEMBL3929456,52.8,52.8
C[C@@]1(c2cc(NC(=O)c3ccc(C#N)cn3)cnc2F)C[C@@H](C(F)(F)F)OC(N)=N1,CHEMBL3903880,52.3,52.3
[C-]#[N+]c1ccc(C(=O)Nc2ccc(F)c([C@]3(C)C[C@@H](C(F)(F)F)OC(N)=N3)c2)nc1,CHEMBL3938934,13.2,13.2
COc1cnc(C(=O)Nc2ccc(F)c([C@]3(CF)C[C@@H](C(F)(F)F)OC(N)=N3)c2)c(Cl)c1,CHEMBL3986646,23.8,23.8
N#Cc1cnc2c(Nc3ccc(F)c([C@]4(CF)C[C@@H](C(F)(F)F)OC(N)=N4)c3)ncc(F)c2c1,CHEMBL3903960,10.1,10.1
Cc1cc(OCC2CC2)cnc1C(=O)Nc1ccc(F)c([C@]2(CF)C[C@@H](C(F)(F)F)OC(N)=N2)c1,CHEMBL3974975,12.9,12.9
COc1cc(C#N)cnc1C(=O)Nc1ccc(F)c([C@]2(CF)C[C@@H](C(F)(F)F)OC(N)=N2)c1,CHEMBL3977392,41.8,41.8
NC1=N[C@](CF)(c2cc(NC(=O)c3ccc(Br)cn3)ccc2F)C[C@@H](C(F)(F)F)O1,CHEMBL3958580,10.0,10.0
C[C@@]1(c2cc(NC(=O)c3ncc(C#N)cc3Cl)cnc2F)C[C@@H](C(F)(F)F)OC(N)=N1,CHEMBL3958391,60.5,60.5
C[C@@]1(c2cc(Nc3ncc(F)c4cc(C#N)cnc34)cnc2F)C[C@@H](C(F)(F)F)OC(N)=N1,CHEMBL3958521,61.3,61.3
NC1=N[C@](CF)(c2cc(Nc3ncnc4cc(Cl)cnc34)ccc2F)C[C@@H](C(F)(F)F)O1,CHEMBL3975091,27.2,27.2
[C-]#[N+]c1cnc2c(Nc3ccc(F)c([C@]4(CF)C[C@@H](C(F)(F)F)OC(N)=N4)c3)ncnc2c1,CHEMBL3943162,25.6,25.6
COc1ccc(C(=O)Nc2ccc(F)c([C@]3(CF)C[C@@H](C(F)(F)F)OC(N)=N3)c2)nc1,CHEMBL3957970,29.0,29.0
C[C@@]1(c2cc(Nc3nccc4cc(Cl)cnc34)cnc2F)C[C@@H](C(F)(F)F)OC(N)=N1,CHEMBL3953251,32.9,32.9
C[C@@]1(c2cc(Nc3ncnc4cc(Cl)cnc34)cnc2F)C[C@@H](C(F)(F)F)OC(N)=N1,CHEMBL3911117,88.0,88.0
Cc1cc(C#N)cnc1C(=O)Nc1cnc(F)c([C@]2(C)C[C@@H](C(F)(F)F)OC(N)=N2)c1,CHEMBL3921965,34.8,34.8
COc1cnc(C(=O)Nc2cnc(F)c([C@]3(C)C[C@@H](C(F)(F)F)OC(N)=N3)c2)c(Cl)c1,CHEMBL3915277,48.5,48.5
C[C@@]1(c2cc(Nc3nccc4cc(C#N)cnc34)cnc2F)C[C@@H](C(F)(F)F)OC(N)=N1,CHEMBL3892989,95.6,95.6
C[C@@]1(c2cc(Nc3ncnc4cc(C#N)cnc34)cnc2F)C[C@@H](C(F)(F)F)OC(N)=N1,CHEMBL3982006,368.0,368.0
C[C@@]1(c2cc(NC(=O)c3ncc(Cl)cc3Cl)cnc2F)C[C@@H](C(F)(F)F)OC(N)=N1,CHEMBL3949737,75.1,75.1
Cc1cc(Cl)cnc1C(=S)Nc1ccc(F)c([C@]2(CF)C[C@@H](C(F)(F)F)OC(N)=N2)c1,CHEMBL3952727,1760.0,1760.0
Cc1c(C(=O)Nc2ccc(F)c([C@]3(CF)C[C@@H](C(F)(F)F)OC(N)=N3)c2)nc2ccccn12,CHEMBL3964122,1520.0,1520.0
C[C@@]1(c2cc(NC(=O)c3cnc(C(F)F)cn3)cc(F)c2F)C[C@@H](C(F)(F)F)OC(N)=N1,CHEMBL3966313,46.1,46.1
C[C@@]1(c2nc(Nc3ncc(F)c4cc(C#N)cnc34)ccc2F)C[C@@H](C(F)(F)F)OC(N)=N1,CHEMBL3925020,188.0,188.0
C[C@@]1(c2nc(NC(=O)c3ncc(C(F)(F)F)cc3Cl)ccc2F)C[C@@H](C(F)(F)F)OC(N)=N1,CHEMBL3917242,124.0,124.0
C[C@@]1(c2nc(NC(=O)c3ncc(C#N)cc3Cl)ccc2F)C[C@@H](C(F)(F)F)OC(N)=N1,CHEMBL3945149,18.8,18.8
NC1=N[C@](CF)(c2cc(NC(=O)c3ccc(F)cn3)ccc2F)C[C@@H](C(F)(F)F)O1,CHEMBL3923494,72.5,72.5
NC1=N[C@](CF)(c2cc(NC(=O)c3ncc(Cl)cc3Cl)ccc2F)C[C@@H](C(F)(F)F)O1,CHEMBL3981436,23.0,23.0
C[C@@]1(c2nc(NC(=O)c3ccc(Cl)cn3)ccc2F)C[C@@H](C(F)(F)F)OC(N)=N1,CHEMBL3961673,103.0,103.0
Cc1cc(C#N)cnc1C(=O)Nc1ccc(F)c([C@]2(C)C[C@@H](C(F)(F)F)OC(N)=N2)n1,CHEMBL3926112,27.4,27.4
NC1=N[C@](CF)(c2cc(NC(=O)c3ncc(Br)cc3Cl)ccc2F)C[C@@H](C(F)(F)F)O1,CHEMBL3937663,27.8,27.8
NC1=N[C@](CF)(c2nc(NC(=O)c3ccc(Cl)cn3)ccc2F)C[C@@H](C(F)(F)F)O1,CHEMBL3949134,32000.0,32000.0
N#Cc1cncc(-c2ccc(F)c([C@]3(CF)C[C@@H](C(F)(F)F)OC(N)=N3)c2)c1,CHEMBL3934911,3420.0,3420.0
COC(=O)c1ccnc(Oc2ccc(F)c([C@]3(CF)C[C@@H](C(F)(F)F)OC(N)=N3)c2)c1,CHEMBL3912456,4070.0,4070.0
NC1=N[C@](CF)(c2cc(Oc3cnccn3)ccc2F)C[C@@H](C(F)(F)F)O1,CHEMBL3983343,1640.0,1640.0
NC1=N[C@](CF)(c2cc(Oc3cc(Br)ccn3)ccc2F)C[C@@H](C(F)(F)F)O1,CHEMBL3954714,896.0,896.0
NC1=N[C@](CF)(c2cc(Oc3ncccc3F)ccc2F)C[C@@H](C(F)(F)F)O1,CHEMBL3956399,398.0,398.0
NC1=N[C@](CF)(c2cc(Oc3ncc(Cl)cc3F)ccc2F)C[C@@H](C(F)(F)F)O1,CHEMBL3952065,2890.0,2890.0
N#Cc1cccnc1Oc1ccc(F)c([C@]2(CF)C[C@@H](C(F)(F)F)OC(N)=N2)c1,CHEMBL3915849,5870.0,5870.0
NC1=N[C@](CF)(c2cc(Oc3ncccn3)ccc2F)C[C@@H](C(F)(F)F)O1,CHEMBL3985595,9970.0,9970.0
CNC(=O)c1ccnc(Oc2ccc(F)c([C@]3(CF)C[C@@H](C(F)(F)F)OC(N)=N3)c2)c1,CHEMBL3971100,8130.0,8130.0
NC1=N[C@](CF)(c2cc(Oc3nccc(C(F)(F)F)c3F)ccc2F)C[C@@H](C(F)(F)F)O1,CHEMBL3960749,9520.0,9520.0
NC1=N[C@](CF)(c2cc(Oc3ncccc3Cl)ccc2F)C[C@@H](C(F)(F)F)O1,CHEMBL3984503,993.0,993.0
NC1=N[C@](CF)(c2cc(Oc3cccc(C(F)(F)F)n3)ccc2F)C[C@@H](C(F)(F)F)O1,CHEMBL3986014,3410.0,3410.0
NC1=N[C@](CF)(c2cc(Oc3cc(Br)cc(Cl)n3)ccc2F)C[C@@H](C(F)(F)F)O1,CHEMBL3952503,1950.0,1950.0
NC1=N[C@](CF)(c2cc(Oc3cc(C(F)(F)F)ccn3)ccc2F)C[C@@H](C(F)(F)F)O1,CHEMBL3955892,3170.0,3170.0
NC1=N[C@](CF)(c2cc(Oc3cc(-c4ccccc4)ccn3)ccc2F)C[C@@H](C(F)(F)F)O1,CHEMBL3961455,830.0,830.0
NC1=N[C@](CF)(c2cc(N)cnc2F)C[C@@H](C(F)(F)F)O1,CHEMBL3909660,40000.0,40000.0
NC1=N[C@](CF)(c2cc(NC(=O)c3ccc(Cl)cn3)cnc2F)C[C@@H](C(F)(F)F)O1,CHEMBL3915000,96.5,96.5
Cc1cc(C#N)cnc1C(=O)Nc1cnc(F)c([C@]2(CF)C[C@@H](C(F)(F)F)OC(N)=N2)c1,CHEMBL3923890,113.0,113.0
N#Cc1ccc(C(=O)Nc2cnc(F)c([C@]3(CF)C[C@@H](C(F)(F)F)OC(N)=N3)c2)nc1,CHEMBL3927936,171.0,171.0
COc1ccc(C(=O)Nc2cnc(F)c([C@]3(CF)C[C@@H](C(F)(F)F)OC(N)=N3)c2)nc1,CHEMBL3932837,114.0,114.0
NC1=N[C@](CF)(c2cccc(NC(=O)c3ccc(Cl)cn3)c2)C[C@@H](C(F)(F)F)O1,CHEMBL3901695,117.0,117.0
N#Cc1ccc(C(=O)Nc2cccc([C@]3(CF)C[C@@H](C(F)(F)F)OC(N)=N3)c2)nc1,CHEMBL3972761,89.2,89.2
COc1ccc(C(=O)Nc2cccc([C@]3(CF)C[C@@H](C(F)(F)F)OC(N)=N3)c2)nc1,CHEMBL3905535,334.0,334.0
NC1=N[C@](CF)(c2cccc(Nc3nccc4cc(Cl)cnc34)c2)C[C@@H](C(F)(F)F)O1,CHEMBL3909033,67.0,67.0
COc1ncc(NC(=O)c2ccc(Cl)cn2)cc1[C@]1(C)C[C@@H](C(F)(F)F)OC(N)=N1,CHEMBL3900111,249.0,249.0
[C-]#[N+]c1ccc(C(=O)Nc2cc([C@]3(C)C[C@@H](C(F)(F)F)OC(N)=N3)c(=O)n(C)c2)nc1,CHEMBL3898875,239.0,239.0
Cn1cc(NC(=O)c2ccc(Cl)cn2)cc([C@]2(C)C[C@@H](C(F)(F)F)OC(N)=N2)c1=O,CHEMBL3928092,366.0,366.0
[C-]#[N+]c1cnc(C(=O)Nc2cc([C@]3(C)C[C@@H](C(F)(F)F)OC(N)=N3)c(=O)n(C)c2)c(C)c1,CHEMBL3923394,121.0,121.0
COc1cnc2c(Nc3ccc(F)c([C@]4(CF)C[C@@H](C(F)(F)F)OC(N)=N4)c3)nccc2c1,CHEMBL3942282,375.0,375.0
COc1cnc2c(Nc3ccc(F)c([C@]4(CF)C[C@@H](C(F)(F)F)OC(N)=N4)c3)ncnc2c1,CHEMBL3966600,72.2,72.2
Cc1cc(OC(F)F)cnc1C(=O)Nc1ccc(F)c([C@]2(C)C[C@@H](C(F)(F)F)OC(N)=N2)n1,CHEMBL3902829,103.0,103.0
C[C@@]1(c2nc(NC(=O)c3ncc(Br)cc3Cl)ccc2F)C[C@@H](C(F)(F)F)OC(N)=N1,CHEMBL3930808,33.6,33.6
C#CCOc1cnc(C(=O)Nc2ccc(F)c([C@]3(C)C[C@@H](C(F)(F)F)OC(N)=N3)n2)cn1,CHEMBL3908288,25.4,25.4
C#CCOc1ccc(C(=O)Nc2ccc(F)c([C@]3(C)C[C@@H](C(F)(F)F)OC(N)=N3)c2)nc1,CHEMBL3912808,17.6,17.6
NC1=N[C@](CF)(c2cc(-c3nc4ccc(Cl)cc4o3)ccc2F)C[C@@H](C(F)(F)F)O1,CHEMBL3943888,542.0,542.0
CC#Cc1cncc(-c2ccc(F)c([C@]3(CF)C[C@@H](C(F)(F)F)OC(N)=N3)c2)c1,CHEMBL3906965,318.0,318.0
C[Si](C)(C)C#Cc1ccc(-c2ccc(F)c([C@]3(CF)C[C@@H](C(F)(F)F)OC(N)=N3)c2)cn1,CHEMBL3971064,37200.0,37200.0
C#Cc1ccc(-c2ccc(F)c([C@]3(CF)C[C@@H](C(F)(F)F)OC(N)=N3)c2)cn1,CHEMBL3948514,40000.0,40000.0
CC#Cc1ccc(-c2ccc(F)c([C@]3(CF)C[C@@H](C(F)(F)F)OC(N)=N3)c2)cn1,CHEMBL3911790,27400.0,27400.0
NC1=N[C@](CF)(c2cc(-c3ncc4cc(F)ccc4n3)ccc2F)C[C@@H](C(F)(F)F)O1,CHEMBL3952357,40000.0,40000.0
NC1=N[C@](CF)(c2cc(-c3ccc4cc(F)ccc4n3)ccc2F)C[C@@H](C(F)(F)F)O1,CHEMBL3934218,40000.0,40000.0
NC1=N[C@](CF)(c2cc(-c3ccc4ccc(F)cc4n3)ccc2F)C[C@@H](C(F)(F)F)O1,CHEMBL3899615,40000.0,40000.0
C[C@@]1(c2cc(Nc3nc4ccc(Cl)cc4o3)ccc2F)C[C@@H](C(F)(F)F)OC(N)=N1,CHEMBL3944240,40000.0,40000.0
NC1=N[C@](CF)(c2cc(-c3cncc(-c4nnco4)c3)ccc2F)C[C@@H](C(F)(F)F)O1,CHEMBL3924137,8360.0,8360.0
C[C@@]1(c2cc(Nc3nc4cc(Cl)ccc4o3)ccc2F)C[C@@H](C(F)(F)F)OC(N)=N1,CHEMBL3905256,26800.0,26800.0
NC1=N[C@](CF)(c2cc(Nc3ncccc3F)ccc2F)C[C@@H](C(F)(F)F)O1,CHEMBL3985831,574.0,574.0
COc1cccnc1Nc1ccc(F)c([C@]2(CF)C[C@@H](C(F)(F)F)OC(N)=N2)c1,CHEMBL3969182,165.0,165.0
NC1=N[C@](CF)(c2cc(Nc3cc(Cl)ccn3)ccc2F)C[C@@H](C(F)(F)F)O1,CHEMBL3894342,23700.0,23700.0
NC1=N[C@](CF)(c2cc(Nc3ccnc(Br)c3)ccc2F)C[C@@H](C(F)(F)F)O1,CHEMBL3979965,6490.0,6490.0
NC1=N[C@](CF)(c2cc(Nc3cc(-c4ccccc4)ccn3)ccc2F)C[C@@H](C(F)(F)F)O1,CHEMBL3906242,7880.0,7880.0
NC1=N[C@](CF)(c2cc(Oc3cccc(Cl)n3)ccc2F)C[C@@H](C(F)(F)F)O1,CHEMBL3921416,1570.0,1570.0
NC1=N[C@](CF)(c2cc(Oc3ccccn3)ccc2F)C[C@@H](C(F)(F)F)O1,CHEMBL3986682,560.0,560.0
N#Cc1cc(Nc2ccc(F)c([C@]3(CF)C[C@@H](C(F)(F)F)OC(N)=N3)c2)ccn1,CHEMBL3972722,19000.0,19000.0
C[C@@]1(c2nc(NC(=O)c3nn(C(F)F)cc3Cl)ccc2F)C[C@@H](C(F)(F)F)OC(N)=N1,CHEMBL3939817,32.0,32.0
NC1=N[C@](CF)(c2cc(NC(=O)c3ncc(Cl)cc3F)ccc2F)C[C@@H](C(F)(F)F)O1,CHEMBL3891585,51.0,51.0
C#CCOc1cnc(C(=O)Nc2ccc(F)c([C@]3(CF)C[C@@H](C(F)(F)F)OC(N)=N3)c2)cn1,CHEMBL3960610,2.3,2.3
NC1=N[C@](CF)(c2cc(NC(=O)c3nn(C(F)F)cc3Cl)ccc2F)C[C@@H](C(F)(F)F)O1,CHEMBL3900583,20.0,20.0
NC1=N[C@](CF)(c2cc(NC(=O)c3ccc(C#CC4CC4)cn3)ccc2F)C[C@@H](C(F)(F)F)O1,CHEMBL3975793,23.0,23.0
Cc1nc(OCC(F)(F)F)cnc1C(=O)Nc1ccc(F)c([C@]2(CF)C[C@@H](C(F)(F)F)OC(N)=N2)c1,CHEMBL3966080,49.0,49.0
CC#CCOc1cnc(C(=O)Nc2ccc(F)c([C@]3(CF)C[C@@H](C(F)(F)F)OC(N)=N3)c2)cn1,CHEMBL3893892,0.7,0.7
NC1=N[C@](CF)(c2cc(NC(=O)c3ncc(C(F)F)cc3Cl)ccc2F)C[C@@H](C(F)(F)F)O1,CHEMBL3924932,130.0,130.0
NC1=N[C@](CF)(c2cc(NC(=O)c3ccc(C(F)F)cn3)ccc2F)C[C@@H](C(F)(F)F)O1,CHEMBL3964525,72.0,72.0
Cc1cc(OC(F)F)cnc1C(=O)Nc1ccc(F)c([C@]2(CF)C[C@@H](C(F)(F)F)OC(N)=N2)c1,CHEMBL3930384,26.0,26.0
NC1=N[C@](CF)(c2cc(NC(=O)c3ncc(C(F)(F)F)cc3Cl)ccc2F)C[C@@H](C(F)(F)F)O1,CHEMBL3961329,74.0,74.0
NC1=N[C@](CF)(c2cc(Nc3nccc4nc(C(F)(F)F)cnc34)ccc2F)C[C@@H](C(F)(F)F)O1,CHEMBL3951015,118.0,118.0
NC1=N[C@](CF)(c2cc(Nc3ncc(F)c4cc(Cl)cnc34)ccc2F)C[C@@H](C(F)(F)F)O1,CHEMBL3940322,29.0,29.0
NC1=N[C@](CF)(c2cc(Nc3ncc(F)c4cc(C#CC5CC5)cnc34)ccc2F)C[C@@H](C(F)(F)F)O1,CHEMBL3946502,33.0,33.0
NC1=N[C@](CF)(c2cc(Nc3nccc4cc(C#CC5CC5)cnc34)ccc2F)C[C@@H](C(F)(F)F)O1,CHEMBL3970713,98.0,98.0
NC1=N[C@](CF)(c2cc(Nc3nccc4cn(C(F)F)nc34)ccc2F)C[C@@H](C(F)(F)F)O1,CHEMBL3908807,33000.0,33000.0
NC1=N[C@](CF)(c2cc(NC(=O)c3cnc(OCc4ncco4)cn3)ccc2F)C[C@@H](C(F)(F)F)O1,CHEMBL3968912,11.0,11.0
C#CCOc1cnc(C(=O)Nc2cc(F)c(F)c([C@]3(C)C[C@@H](C(F)(F)F)OC(N)=N3)c2)cn1,CHEMBL3964372,40000.0,40000.0
NC1=N[C@](CF)(c2cc(C(=O)NC3CC3)ccc2F)C[C@@H](C(F)(F)F)O1,CHEMBL3962299,11400.0,11400.0
NC1=N[C@](CF)(c2cc(Nc3ncnc4sc(C(F)F)nc34)ccc2F)C[C@@H](C(F)(F)F)O1,CHEMBL3926622,269.0,269.0
COC1CCN(C(=O)Nc2ccc(F)c([C@]3(C)C[C@@H](C(F)(F)F)OC(N)=N3)c2)CC1,CHEMBL3908739,55800.0,55800.0
C#CCOC1CCN(C(=O)Nc2ccc(F)c([C@]3(C)C[C@@H](C(F)(F)F)OC(N)=N3)c2)CC1,CHEMBL3951840,13700.0,13700.0
C[C@@]1(c2cc(NC(=O)N3CCc4ccccc4C3)ccc2F)C[C@@H](C(F)(F)F)OC(N)=N1,CHEMBL3969211,7530.0,7530.0
C[C@@]1(c2cc(NC(=O)N3CCC(C(F)F)CC3)ccc2F)C[C@@H](C(F)(F)F)OC(N)=N1,CHEMBL3897736,2450.0,2450.0
C[C@@]1(c2cc(NC(=O)N3CC=CCC3)ccc2F)C[C@@H](C(F)(F)F)OC(N)=N1,CHEMBL3961630,11500.0,11500.0
C[C@@]1(c2cc(NC(=O)N3CC=C(C#CC4CC4)CC3)ccc2F)C[C@@H](C(F)(F)F)OC(N)=N1,CHEMBL3930667,1680.0,1680.0
COc1cnc(C(=O)Nc2ccc(F)c([C@]3(C)C[C@@H](C(F)(F)F)OC(N)=N3)n2)c(Cl)c1,CHEMBL3934414,254.0,254.0
NC1=NC(c2cc(NC(=O)c3ccc(Cl)cn3)ccc2F)(C(F)F)C[C@@H](C(F)(F)F)O1,CHEMBL3957666,79.0,79.0
NC1=N[C@](CF)(c2nc(NC(=O)c3nn(C(F)F)cc3Cl)ccc2F)C[C@@H](C(F)(F)F)O1,CHEMBL3968711,52.0,52.0
COc1cnc(C(=O)Nc2cnc(F)c([C@]3(C)C[C@@H](C(F)(F)F)OC(N)=N3)c2)cn1,CHEMBL3939821,102.0,102.0
COc1ccc(C(=O)Nc2cnc(F)c([C@]3(C)C[C@@H](C(F)(F)F)OC(N)=N3)c2)nc1,CHEMBL3936327,119.0,119.0
C[C@@]1(c2cc(NC(=O)c3ccc(F)cn3)cnc2F)C[C@@H](C(F)(F)F)OC(N)=N1,CHEMBL3966149,206.0,206.0
C[C@@]1(c2cc(NC(=O)c3ccc(OCC(F)(F)F)cn3)cnc2F)C[C@@H](C(F)(F)F)OC(N)=N1,CHEMBL3927382,79.0,79.0
C#CCOc1ccc(C(=O)Nc2cc(F)c(F)c([C@]3(C)C[C@@H](C(F)(F)F)OC(N)=N3)c2)nc1,CHEMBL3940040,60.0,60.0
CC(C)n1cc(Cl)c(C(=O)Nc2cnc(F)c([C@]3(C)C[C@@H](C(F)(F)F)OC(N)=N3)c2)n1,CHEMBL3898408,38900.0,38900.0
C[C@@]1(c2cc(NC(=O)c3nn(C(F)F)cc3Cl)cnc2F)C[C@@H](C(F)(F)F)OC(N)=N1,CHEMBL3969602,24.0,24.0
[C-]#[N+]c1ccc(C(=O)Nc2cc(F)c(F)c([C@]3(CF)C[C@@H](C(F)(F)F)OC(N)=N3)c2)nc1,CHEMBL3914387,33.0,33.0
NC1=N[C@](CF)(c2cc(NC(=O)c3ccc(Cl)cn3)cc(F)c2F)C[C@@H](C(F)(F)F)O1,CHEMBL3968817,26.0,26.0
COc1cnc(C(=O)Nc2cc(F)c(F)c([C@]3(CF)C[C@@H](C(F)(F)F)OC(N)=N3)c2)cn1,CHEMBL3901216,50.0,50.0
C#CCOc1cnc(C(=O)Nc2cc(F)c(F)c([C@]3(CF)C[C@@H](C(F)(F)F)OC(N)=N3)c2)cn1,CHEMBL3935940,1.4,1.4
CC#CCOc1cnc(C(=O)Nc2cc(F)c(F)c([C@]3(CF)C[C@@H](C(F)(F)F)OC(N)=N3)c2)cn1,CHEMBL3904438,0.87,0.87
COc1ccc(C(=O)Nc2cc(F)c(F)c([C@]3(CF)C[C@@H](C(F)(F)F)OC(N)=N3)c2)nc1,CHEMBL3927002,62.0,62.0
NC1=N[C@](CF)(c2cc(NC(=O)c3ccc(Br)cn3)cc(F)c2F)C[C@@H](C(F)(F)F)O1,CHEMBL3898955,19.0,19.0
C#CCOc1ccc(C(=O)Nc2cc(F)c(F)c([C@]3(CF)C[C@@H](C(F)(F)F)OC(N)=N3)c2)nc1,CHEMBL3953730,13.0,13.0
CC#CCOc1ccc(C(=O)Nc2cc(F)c(F)c([C@]3(CF)C[C@@H](C(F)(F)F)OC(N)=N3)c2)nc1,CHEMBL3941417,3.5,3.5
NC1=N[C@](CF)(c2cc(Nc3nccc4cc(Cl)cnc34)cc(F)c2F)C[C@@H](C(F)(F)F)O1,CHEMBL3913444,23.0,23.0
N#Cc1cnc2c(Nc3cc(F)c(F)c([C@]4(CF)C[C@@H](C(F)(F)F)OC(N)=N4)c3)nccc2c1,CHEMBL3902460,37.0,37.0
NC1=N[C@](CF)(c2cc(NC(=O)c3ccc(C#CC4CC4)cn3)cc(F)c2F)C[C@@H](C(F)(F)F)O1,CHEMBL3979325,21.0,21.0
[C-]#[N+]c1ccc(C(=O)Nc2cc(F)c(F)c([C@]3(C)C[C@@H](C(F)(F)F)OC(N)=N3)c2)nc1,CHEMBL3903133,20.0,20.0
C[C@@]1(c2cc(NC(=O)c3ccc(Cl)cn3)cc(F)c2F)C[C@@H](C(F)(F)F)OC(N)=N1,CHEMBL3931128,24.0,24.0
COc1cnc(C(=O)Nc2cc(F)c(F)c([C@]3(C)C[C@@H](C(F)(F)F)OC(N)=N3)c2)cn1,CHEMBL3915646,78.0,78.0
Cc1cc(C#N)cnc1C(=O)Nc1cc(F)c(F)c([C@]2(C)C[C@@H](C(F)(F)F)OC(N)=N2)c1,CHEMBL3940163,14.0,14.0
C[C@@]1(c2cc(NC(=O)c3ncc(C#N)cc3Cl)cc(F)c2F)C[C@@H](C(F)(F)F)OC(N)=N1,CHEMBL3916872,30.0,30.0
COc1cc(C#N)cnc1C(=O)Nc1cc(F)c(F)c([C@]2(C)C[C@@H](C(F)(F)F)OC(N)=N2)c1,CHEMBL3944783,51.0,51.0
COc1cnc(C(=O)Nc2cc(F)c(F)c([C@]3(C)C[C@@H](C(F)(F)F)OC(N)=N3)c2)c(Cl)c1,CHEMBL3922335,37.0,37.0
Cc1cc(Cl)cnc1C(=O)Nc1cc(F)c(F)c([C@]2(C)C[C@@H](C(F)(F)F)OC(N)=N2)c1,CHEMBL3925742,9.5,9.5
Cc1cc(C(F)F)cnc1C(=O)Nc1cc(F)c(F)c([C@]2(C)C[C@@H](C(F)(F)F)OC(N)=N2)c1,CHEMBL3895405,43.0,43.0
C[C@@]1(c2cc(NC(=O)c3ncc(Cl)cc3Cl)cc(F)c2F)C[C@@H](C(F)(F)F)OC(N)=N1,CHEMBL3923385,19.0,19.0
C[C@@]1(c2cc(Nc3nccc4cc(Cl)cnc34)cc(F)c2F)C[C@@H](C(F)(F)F)OC(N)=N1,CHEMBL3949268,21.0,21.0
C[C@@]1(c2cc(Nc3nccc4cc(C#N)cnc34)cc(F)c2F)C[C@@H](C(F)(F)F)OC(N)=N1,CHEMBL3961045,14.0,14.0
C[C@@]1(c2cc(Nc3ncc(F)c4cc(C#N)cnc34)cc(F)c2F)C[C@@H](C(F)(F)F)OC(N)=N1,CHEMBL3906761,30.0,30.0
COc1cnc2c(Nc3cc(F)c(F)c([C@]4(C)C[C@@H](C(F)(F)F)OC(N)=N4)c3)nccc2n1,CHEMBL3899306,62.0,62.0
COc1cnc2c(Nc3cc(F)c(F)c([C@]4(C)C[C@@H](C(F)(F)F)OC(N)=N4)c3)nccc2c1,CHEMBL3911484,178.0,178.0
COc1cnc(C(=O)Nc2cc(F)c(F)c([C@]3(C)C[C@@H](C(F)(F)F)OC(N)=N3)c2)c(C)n1,CHEMBL3901027,118.0,118.0
Cc1cc(OC(F)F)cnc1C(=O)Nc1cc(F)c(F)c([C@]2(C)C[C@@H](C(F)(F)F)OC(N)=N2)c1,CHEMBL3972152,29.0,29.0
C[C@@]1(c2cc(NC(=O)c3ccc(Br)cn3)cc(F)c2F)C[C@@H](C(F)(F)F)OC(N)=N1,CHEMBL3910073,22.0,22.0
NC1=N[C@](CF)(c2cc(NC(=S)c3ccc(Cl)cn3)ccc2F)C[C@@H](C(F)(F)F)O1,CHEMBL3894515,86.0,86.0
C#CCOc1cnc(C(=O)Nc2cnc(F)c([C@]3(C)C[C@@H](C(F)(F)F)OC(N)=N3)c2)cn1,CHEMBL3935512,4.7,4.7
C#CCOc1cnc(C(=O)Nc2ccc(F)c([C@]3(C)C[C@@H](C(F)(F)F)OC(N)=N3)c2)cn1,CHEMBL3939374,2.3,2.3
N#Cc1ccc(C#Cc2ccc(F)c([C@]3(CF)C[C@@H](C(F)(F)F)OC(N)=N3)c2)nc1,CHEMBL3952931,509.0,509.0
CNC(=O)c1ccc(C#Cc2ccc(F)c([C@]3(CF)C[C@@H](C(F)(F)F)OC(N)=N3)c2)nc1,CHEMBL3925243,26600.0,26600.0
NC1=N[C@](CF)(c2cc(C#Cc3ccc(OC(F)F)cn3)ccc2F)C[C@@H](C(F)(F)F)O1,CHEMBL3940730,2960.0,2960.0
NC1=N[C@](CF)(c2cc(C#Cc3ccc(OC4CCC4)cn3)ccc2F)C[C@@H](C(F)(F)F)O1,CHEMBL3916241,20500.0,20500.0
CNC(=O)c1ccnc(C#Cc2ccc(F)c([C@]3(CF)C[C@@H](C(F)(F)F)OC(N)=N3)c2)c1,CHEMBL3915749,40000.0,40000.0
NC1=N[C@](CF)(c2cc(C#Cc3cccc4[nH]ccc34)ccc2F)C[C@@H](C(F)(F)F)O1,CHEMBL3943708,5620.0,5620.0
NC1=N[C@](CF)(c2cc(C#Cc3ccc4[nH]ccc4c3)ccc2F)C[C@@H](C(F)(F)F)O1,CHEMBL3921212,577.0,577.0
NC1=N[C@](CF)(c2cc(C#Cc3ccc4cc[nH]c4c3)ccc2F)C[C@@H](C(F)(F)F)O1,CHEMBL3952431,2200.0,2200.0
NC1=N[C@](CF)(c2cc(C#Cc3cccc4cc[nH]c34)ccc2F)C[C@@H](C(F)(F)F)O1,CHEMBL3938609,5600.0,5600.0
NC1=N[C@](CF)(c2cc(Oc3cc(-c4ccccc4)cc(Cl)n3)ccc2F)C[C@@H](C(F)(F)F)O1,CHEMBL3965566,40000.0,40000.0
N#Cc1cnc(C(=O)Nc2cc(F)c(F)c([C@]3(CF)C[C@@H](C(F)(F)F)OC(N)=N3)c2)c(F)c1,CHEMBL3914410,38.0,38.0
NC1=N[C@](CF)(c2cc(NC(=O)c3ncc(Cl)cc3F)cc(F)c2F)C[C@@H](C(F)(F)F)O1,CHEMBL3926914,29.0,29.0
Cc1cc(C#N)cnc1C(=O)Nc1cc(F)c(F)c([C@]2(CF)C[C@@H](C(F)(F)F)OC(N)=N2)c1,CHEMBL3964029,16.0,16.0
COc1cccnc1Nc1cc(F)c(F)c([C@]2(C)C[C@@H](C(F)(F)F)OC(N)=N2)c1,CHEMBL3973710,177.0,177.0
Cc1cc(C(F)F)cnc1C(=O)Nc1cc(C)c(F)c([C@]2(CF)C[C@@H](C(F)(F)F)OC(N)=N2)c1,CHEMBL3923927,94.0,94.0
COc1cnc(C(=O)Nc2cc(C)c(F)c([C@]3(CF)C[C@@H](C(F)(F)F)OC(N)=N3)c2)c(C)n1,CHEMBL3966537,81.0,81.0
C#CCOc1cnc(C(=O)Nc2cc(C)c(F)c([C@]3(CF)C[C@@H](C(F)(F)F)OC(N)=N3)c2)cn1,CHEMBL3904149,1.0,1.0
Cc1cc(C#N)cnc1C(=O)Nc1cc(C)c(F)c([C@]2(CF)C[C@@H](C(F)(F)F)OC(N)=N2)c1,CHEMBL3928397,20.0,20.0
Cc1cc(OCC(F)(F)F)cnc1C(=O)Nc1cc(C)c(F)c([C@]2(CF)C[C@@H](C(F)(F)F)OC(N)=N2)c1,CHEMBL3972147,66.0,66.0
Cc1cc(NC(=O)c2ccc(C(F)F)cn2)cc([C@]2(CF)C[C@@H](C(F)(F)F)OC(N)=N2)c1F,CHEMBL3942544,73.0,73.0
COc1cc(Cl)cnc1C(=O)Nc1cc(C)c(F)c([C@]2(CF)C[C@@H](C(F)(F)F)OC(N)=N2)c1,CHEMBL3948355,91.0,91.0
Cc1cc(NC(=O)c2ccc(F)cn2)cc([C@]2(CF)C[C@@H](C(F)(F)F)OC(N)=N2)c1F,CHEMBL3980634,57.0,57.0
COc1ccc(C(=O)Nc2cc(F)c(F)c([C@]3(C)C[C@@H](C(F)(F)F)OC(N)=N3)c2)nc1,CHEMBL3913544,45.0,45.0
Cc1cc(NC(=O)c2ccc(Cl)cn2)cc([C@]2(CF)C[C@@H](C(F)(F)F)OC(N)=N2)c1F,CHEMBL3943009,13.0,13.0
Cc1cc(NC(=O)c2ccc(C#N)cn2)cc([C@]2(CF)C[C@@H](C(F)(F)F)OC(N)=N2)c1F,CHEMBL3972614,57.0,57.0
COc1cnc(C(=O)Nc2cc(C)c(F)c([C@]3(CF)C[C@@H](C(F)(F)F)OC(N)=N3)c2)c(C)c1,CHEMBL3971569,48.0,48.0
COc1cnc(C(=O)Nc2cc(F)c(F)c([C@]3(C)C[C@@H](C(F)(F)F)OC(N)=N3)c2)c(C)c1,CHEMBL3972899,61.0,61.0
COc1cnc(C(=O)Nc2cc(C)c(F)c([C@]3(CF)C[C@@H](C(F)(F)F)OC(N)=N3)c2)cn1,CHEMBL3896886,30.0,30.0
Cc1cc(OC(F)F)cnc1C(=O)Nc1cc(C)c(F)c([C@]2(CF)C[C@@H](C(F)(F)F)OC(N)=N2)c1,CHEMBL3957027,32.0,32.0
COc1ccc(C(=O)Nc2cc(C)c(F)c([C@]3(CF)C[C@@H](C(F)(F)F)OC(N)=N3)c2)nc1,CHEMBL3985686,44.0,44.0
Cc1cc(Nc2ncnc3cc(Cl)cnc23)cc([C@]2(CF)C[C@@H](C(F)(F)F)OC(N)=N2)c1F,CHEMBL3940796,49.0,49.0
C[C@@]1(c2cc(NC(=O)c3ncc(Cl)cc3F)cc(F)c2F)C[C@@H](C(F)(F)F)OC(N)=N1,CHEMBL3985357,39.0,39.0
C[C@@]1(c2cc(NC(=O)c3cnc(OCc4ncco4)cn3)cc(F)c2F)C[C@@H](C(F)(F)F)OC(N)=N1,CHEMBL3955255,6.0,6.0
C[C@@]1(c2cc(NC(=O)c3ccc(C#N)cn3)cc(Cl)c2F)C[C@@H](C(F)(F)F)OC(N)=N1,CHEMBL3965367,23.0,23.0
C[C@@]1(c2cc(NC(=O)c3ncc(C(F)(F)F)cc3Cl)cc(F)c2F)C[C@@H](C(F)(F)F)OC(N)=N1,CHEMBL3929911,75.0,75.0
CC#CCOc1cnc(C(=O)Nc2cc(F)c(F)c([C@]3(C)C[C@@H](C(F)(F)F)OC(N)=N3)c2)c(C)c1,CHEMBL3960890,6.0,6.0
CC#CCOc1ccc(C(=O)Nc2cc(F)c(F)c([C@]3(C)C[C@@H](C(F)(F)F)OC(N)=N3)c2)nc1,CHEMBL3924515,3.0,3.0
Cc1cc(OCC2CC2)cnc1C(=O)Nc1cc(F)c(F)c([C@]2(C)C[C@@H](C(F)(F)F)OC(N)=N2)c1,CHEMBL3915529,97.0,97.0
Cc1cc(OCC(F)(F)F)cnc1C(=O)Nc1cc(F)c(F)c([C@]2(C)C[C@@H](C(F)(F)F)OC(N)=N2)c1,CHEMBL3935479,156.0,156.0
COc1cc(Cl)cnc1C(=O)Nc1cc(F)c(F)c([C@]2(C)C[C@@H](C(F)(F)F)OC(N)=N2)c1,CHEMBL3957556,71.0,71.0
C[C@@]1(c2cc(NC(=O)c3cnc(OCC(F)(F)F)cn3)cc(F)c2F)C[C@@H](C(F)(F)F)OC(N)=N1,CHEMBL3968489,21.0,21.0
C[C@@]1(c2cc(NC(=O)c3nn(C(F)F)cc3Cl)cc(F)c2F)C[C@@H](C(F)(F)F)OC(N)=N1,CHEMBL3930009,11.0,11.0
Cc1nc(OCC(F)(F)F)cnc1C(=O)Nc1cc(F)c(F)c([C@]2(C)C[C@@H](C(F)(F)F)OC(N)=N2)c1,CHEMBL3926156,27.0,27.0
C[C@@]1(c2cc(NC(=O)c3ncc(C(F)F)cc3Cl)cc(F)c2F)C[C@@H](C(F)(F)F)OC(N)=N1,CHEMBL3956483,58.0,58.0
COCc1cc(Cl)cnc1C(=O)Nc1cc(F)c(F)c([C@]2(C)C[C@@H](C(F)(F)F)OC(N)=N2)c1,CHEMBL3973889,16.0,16.0
C[C@@]1(c2cc(NC(=O)c3ccc(C(F)F)cn3)cc(F)c2F)C[C@@H](C(F)(F)F)OC(N)=N1,CHEMBL3944430,40.0,40.0
C[C@@]1(c2cc(NC(=O)c3ccc(Cl)cn3)cc(Cl)c2F)C[C@@H](C(F)(F)F)OC(N)=N1,CHEMBL3945996,11.0,11.0
COc1cnc(C(=O)Nc2cc(Cl)c(F)c([C@]3(C)C[C@@H](C(F)(F)F)OC(N)=N3)c2)cn1,CHEMBL3966981,12.0,12.0
COc1ccc(C(=O)Nc2cc(Cl)c(F)c([C@]3(C)C[C@@H](C(F)(F)F)OC(N)=N3)c2)nc1,CHEMBL3963645,15.0,15.0
Cc1cc(C#N)cnc1C(=O)Nc1cc(Cl)c(F)c([C@]2(C)C[C@@H](C(F)(F)F)OC(N)=N2)c1,CHEMBL3892657,11.0,11.0
C[C@@]1(c2cc(NC(=O)c3cnc(C(F)F)cn3)cc(Cl)c2F)C[C@@H](C(F)(F)F)OC(N)=N1,CHEMBL3905422,62.0,62.0
C#CCOc1cnc(C(=O)Nc2cc(Cl)c(F)c([C@]3(C)C[C@@H](C(F)(F)F)OC(N)=N3)c2)cn1,CHEMBL3979143,2.0,2.0
C[C@@]1(c2cc(NC(=O)c3ccc(Br)cn3)cc(Cl)c2F)C[C@@H](C(F)(F)F)OC(N)=N1,CHEMBL3950109,10.0,10.0
COc1cnc(C(=O)Nc2cc(Cl)c(F)c([C@]3(C)C[C@@H](C(F)(F)F)OC(N)=N3)c2)c(C)n1,CHEMBL3933312,48.0,48.0
C[C@@]1(c2cc(NC(=O)c3cnc(OCC(F)(F)F)cn3)cc(Cl)c2F)C[C@@H](C(F)(F)F)OC(N)=N1,CHEMBL3891152,8.0,8.0
C[C@@]1(c2cc(NC(=O)c3ccc(Cl)cn3)cc(F)c2Cl)C[C@@H](C(F)(F)F)OC(N)=N1,CHEMBL3933535,11.0,11.0
COc1cnc(C(=O)Nc2cc(F)c(Cl)c([C@]3(C)C[C@@H](C(F)(F)F)OC(N)=N3)c2)cn1,CHEMBL3955707,29.0,29.0
C[C@@]1(c2cc(NC(=O)c3ccc(C#N)cn3)cc(F)c2Cl)C[C@@H](C(F)(F)F)OC(N)=N1,CHEMBL3926258,8.0,8.0
COc1cnc(C(=O)Nc2cc(F)c(F)c([C@]3(C)C[C@@H](C(F)(F)F)OC(N)=N3)c2)c(F)c1,CHEMBL3963410,33.0,33.0
C[C@@]1(c2cc(NC(=O)c3ncc(Br)cc3F)cc(F)c2F)C[C@@H](C(F)(F)F)OC(N)=N1,CHEMBL3919193,20.0,20.0
CC(C)(C)OC(=O)N(C(=O)c1ccccc1)C1=N[C@](C)(c2cc(Br)cnc2F)C[C@@H](C(F)(F)F)O1,CHEMBL3923202,15600.0,15600.0
CCCCOC(=O)C[C@](C)(N[S@+]([O-])C(C)(C)C)c1cc(Br)ccc1F,CHEMBL3968046,3260.0,3260.0
CC(C)(C)OC(=O)N(C(=O)c1ccccc1)C1=N[C@](C)(c2nc(Br)ccc2F)C[C@@H](C(F)(F)F)O1,CHEMBL3961919,123.0,123.0
CC1OB(c2ccc(F)c([C@]3(CF)C[C@@H](C(F)(F)F)OC(NC(=O)c4ccccc4)=N3)c2)OC1(C)C,CHEMBL3960028,8.9,8.9
NC1=N[C@](CO)(c2cc(Oc3cc(Br)ccn3)ccc2F)C[C@@H](C(F)(F)F)O1,CHEMBL3908985,19.0,19.0
Cc1cc(C#N)cnc1C(=O)Nc1ccc(F)c([C@]2(CF)C[C@@H](C(F)(F)F)OC(N)=N2)c1,CHEMBL3983828,7460.0,7460.0
CN(C)/N=C(/C[C@](CF)(N[S@+]([O-])C(C)(C)C)c1cccc(F)c1F)C(F)(F)F,CHEMBL4107763,57.0,57.0
CC[Si](CC)(CC)c1cc(Br)nc([C@@](CC(=O)OC(C)(C)C)(N[S@+]([O-])C(C)(C)C)C(F)F)c1F,CHEMBL4114413,38.0,38.0
O=C(NC1=N[C@](c2nc(NC(=O)c3ccc(Cl)cn3)ccc2F)(C(F)F)C[C@@H](C(F)(F)F)O1)c1ccccc1,CHEMBL3937600,2.0,2.0
CC(C)(C)OC(=O)N(C(=O)c1ccccc1)C1=N[C@](CF)(c2cc(Br)cnc2F)C[C@@H](C(F)(F)F)O1,CHEMBL3918452,429.0,429.0
CN(C)/N=C(/C[C@](CF)(N[S@+]([O-])C(C)(C)C)c1cccc(Br)c1)C(F)(F)F,CHEMBL4109797,24.0,24.0
O=C(NC1=N[C@](CF)(c2nc(Br)ccc2F)C[C@@H](C(F)(F)F)O1)c1ccccc1,CHEMBL3942635,29.0,29.0
NC1=NC2(CCO1)c1cc(NC(=O)c3ccc(Cl)cn3)ccc1Oc1ncc(Br)cc12,CHEMBL3978473,13.6,13.6
NC1=NC2(CCO1)c1cc(NC(=O)c3cnc(O)cn3)ccc1Oc1ncc(Br)cc12,CHEMBL3904724,113.0,113.0
COc1cnc(C(=O)Nc2ccc3c(c2)C2(CCOC(N)=N2)c2cc(Br)cnc2O3)cn1,CHEMBL3981834,47.6,47.6
NC1=NC2(CCO1)c1cc(NC(=O)c3ccc(Cl)cn3)ccc1Oc1c2cc(Cl)nc1F,CHEMBL3948764,6.8,6.8
N#Cc1ccc(C(=O)Nc2ccc3c(c2)C2(CCOC(N)=N2)c2cc(Cl)nc(F)c2O3)nc1,CHEMBL3924457,7.0,7.0
COc1cnc(C(=O)Nc2ccc3c(c2)C2(CCOC(N)=N2)c2cc(Cl)nc(F)c2O3)cn1,CHEMBL3897373,26.7,26.7
CC#CCOc1cnc(C(=O)Nc2ccc3c(c2)C2(CCOC(N)=N2)c2cc(Cl)nc(F)c2O3)cn1,CHEMBL3968517,0.4,0.4
NC1=NC2(CCO1)c1cc(NC(=O)c3cnc(Cl)cn3)ccc1Oc1c2cc(Cl)nc1F,CHEMBL3906344,16.1,16.1
COc1cc(F)c2c(c1)C1(CCSC(N)=N1)c1cc(NC(=O)c3ccc(Cl)cn3)ccc1O2,CHEMBL3973815,19.3,19.3
COc1cc(F)c2c(c1)C1(CCSC(N)=N1)c1cc(NC(=O)c3cnc(OC)cn3)ccc1O2,CHEMBL3976955,40.5,40.5
NC1=NC2(CCO1)c1cc(NC(=O)c3ccc(Cl)cn3)ccc1Oc1ncc(C3=CCOCC3)cc12,CHEMBL3947677,2.7,2.7
COc1cc(F)c2c(c1)C1(CCOC(N)=N1)c1cc(NC(=O)c3ccc(Cl)cn3)ccc1O2,CHEMBL3979722,37.4,37.4
NC1=NC2(CCO1)c1cc(NC(=O)c3ccc(Cl)cn3)ccc1Oc1ncccc12,CHEMBL3909521,45.1,45.1
NC1=NC2(CCO1)c1cc(NC(=O)c3ccc(Cl)cc3F)ccc1Oc1ncc(Br)cc12,CHEMBL3962806,120.0,120.0
NC1=NC2(CCO1)c1cc(NC(=O)c3ccc(Cl)cn3)ccc1Oc1c2cc(C2=CCCOC2)nc1F,CHEMBL3890269,2.0,2.0
COc1cnc(C(=O)Nc2ccc3c(c2)C2(CCOC(N)=N2)c2cc(C4=CCCOC4)nc(F)c2O3)cn1,CHEMBL3966377,2.7,2.7
N#Cc1ccc(C(=O)Nc2ccc3c(c2)C2(CCOC(N)=N2)c2cc(C4=CCCOC4)nc(F)c2O3)nc1,CHEMBL3895059,2.0,2.0
COc1nc(C2CC2)cc2c1Oc1ccc(NC(=O)c3ccc(Cl)cn3)cc1C21CCOC(N)=N1,CHEMBL3971627,12.9,12.9
NC1=NC2(CCO1)c1cc(NC(=O)c3ccc(Cl)cn3)ccc1Oc1c2cc(C2CC2)nc1F,CHEMBL3905117,2.4,2.4
COc1cnc(C(=O)Nc2ccc3c(c2)C2(CCOC(N)=N2)c2cc(C4CC4)nc(F)c2O3)cn1,CHEMBL3986979,5.0,5.0
NC1=NC2(CCO1)c1cc(NC(=O)c3ccc(Cl)cn3)ccc1Oc1ncc(C3=CCCOC3)cc12,CHEMBL3917225,5.1,5.1
COc1cnc(C(=O)Nc2ccc3c(c2)C2(CCSC(N)=N2)c2cc(Cl)nc(F)c2O3)cn1,CHEMBL3976114,913.5,913.5
Cc1cccnc1Nc1ccc2c(c1)[C@@]1(CCOC(N)=N1)c1cc(Cl)nc(F)c1O2,CHEMBL3967607,254.0,254.0
CCOc1cccnc1Nc1ccc2c(c1)C1(CCSC(N)=N1)c1cc(OC)cc(F)c1O2,CHEMBL3937998,48.6,48.6
COc1cc(F)c2c(c1)C1(CCOC(N)=N1)c1cc(Nc3ncccc3OCc3ccccc3)ccc1O2,CHEMBL3891797,7290.0,7290.0
CCOc1cccnc1Nc1ccc2c(c1)C1(CCOC(N)=N1)c1cc(OC)cc(F)c1O2,CHEMBL3966650,69.6,69.6
COc1cnc(C(=O)Nc2ccc3c(c2)[C@@]2(CCOC(N)=N2)c2cc(C4=CCCOC4)ncc2O3)cn1,CHEMBL3959153,9.4,9.4
Cc1ccc(C(=O)Nc2ccc3c(c2)[C@@]2(CCOC(N)=N2)c2cc(C4=CCCOC4)ncc2O3)nc1,CHEMBL3893463,3.0,3.0
NC1=N[C@@]2(CCO1)c1cc(NC(=O)c3ccc(Cl)cn3)ccc1Oc1c2cc(C2=CCOCC2)nc1F,CHEMBL3952809,1.4,1.4
N#Cc1ccc(C(=O)Nc2ccc3c(c2)C2(CCOC(N)=N2)c2cc(C4=CCOCC4)nc(F)c2O3)nc1,CHEMBL3980947,0.74,0.74
COc1cnc(C(=O)Nc2ccc3c(c2)C2(CCOC(N)=N2)c2cc(C4=CCOCC4)nc(F)c2O3)cn1,CHEMBL3952111,0.9,0.9
COc1cnc(C(=O)Nc2ccc3c(c2)C2(CCSC(N)=N2)c2cc(C4=CCCOC4)nc(F)c2O3)cn1,CHEMBL3968748,1.8,1.8
COc1cnc(C(=O)Nc2ccc3c(c2)C2(CCSC(N)=N2)c2cc(C4=CCOCC4)nc(F)c2O3)cn1,CHEMBL3917445,1.6,1.6
NC1=NC2(CCS1)c1cc(NC(=O)c3ccc(Cl)cn3)ccc1Oc1c2cc(C2=CCCOC2)nc1F,CHEMBL3914230,0.8,0.8
N#Cc1ccc(C(=O)Nc2ccc3c(c2)C2(CCOC(N)=N2)c2cc(-c4cncc(F)c4)nc(F)c2O3)nc1,CHEMBL3959106,0.6,0.6
COc1cnc(C(=O)Nc2ccc3c(c2)C2(CCOC(N)=N2)c2cc(-c4cncc(F)c4)nc(F)c2O3)cn1,CHEMBL3910114,1.3,1.3
NC1=NC2(CCO1)c1cc(NC(=O)c3cnc(Cl)cn3)ccc1Oc1c2cc(-c2cncc(F)c2)nc1F,CHEMBL3949245,0.6,0.6
NC1=NC2(CCO1)c1cc(NC(=O)c3cnc(F)cn3)ccc1Oc1c2cc(-c2cccnc2)nc1F,CHEMBL3908041,1.1,1.1
COc1cnc(C(=O)Nc2ccc3c(c2)C2(CCOC(N)=N2)c2cc(C4=CCCOC4)ncc2O3)cn1,CHEMBL3981595,9.4,9.4
NC1=NC2(CCO1)c1cc(NC(=O)c3ccc(Cl)cn3)ccc1Oc1cnc(C3=CCCOC3)cc12,CHEMBL3899000,3.0,3.0
NC1=NC2(CCO1)c1cc(NC(=O)c3ccc(Cl)cn3)ccc1Oc1ncc(C3CC3)cc12,CHEMBL3970199,12.7,12.7
COc1cc(F)c2c(c1)C1(CCOC(N)=N1)c1cc(NC(=O)c3ccc(C#N)cn3)ccc1O2,CHEMBL3927120,10.8,10.8
COc1cc(F)c2c(c1)C1(CCOC(N)=N1)c1cc(NC(=O)c3cnc(OC)cn3)ccc1O2,CHEMBL3895635,95.3,95.3
COc1cc(F)c2c(c1)C1(CCOC(N)=N1)c1cc(NC(=O)c3ccc(Cl)cc3F)ccc1O2,CHEMBL3908016,181.5,181.5
COc1ccc(C(=O)Nc2ccc3c(c2)C2(CCOC(N)=N2)c2cc(OC)cc(F)c2O3)c(F)c1,CHEMBL3935967,315.0,315.0
COc1ccc(C(=O)Nc2ccc3c(c2)[C@@]2(CCOC(N)=N2)c2cc(C4=CCOCC4)nc(F)c2O3)nc1,CHEMBL3948443,1.5,1.5
NC1=NC2(CCO1)c1cc(NC(=O)c3ccc(Cl)cn3)ccc1Oc1cnc(Cl)cc12,CHEMBL3974459,38.6,38.6
COc1cnc(C(=O)Nc2ccc3c(c2)C2(CCOC(N)=N2)c2cc(C4CC4)ncc2O3)cn1,CHEMBL3893589,6.8,6.8
NC1=NC2(CCO1)c1cc(NC(=O)c3ccc(Cl)cn3)ccc1Oc1cnc(C3CC3)cc12,CHEMBL3921606,10.7,10.7
CC(C)(C)C#Cc1cc2c(cn1)Oc1ccc(NC(=O)c3ccc(Cl)cn3)cc1C21CCOC(N)=N1,CHEMBL3898979,10.0,10.0
NC1=NC2(CCO1)c1cc(NC(=O)c3ccc(F)cn3)ccc1Oc1c2cc(C2=CCCOC2)nc1F,CHEMBL3930557,9.3,9.3
COc1ccc(C(=O)Nc2ccc3c(c2)C2(CCOC(N)=N2)c2cc(C4=CCCOC4)nc(F)c2O3)nc1,CHEMBL3973477,0.9,0.9
Cc1nc(C(=O)Nc2ccc3c(c2)C2(CCOC(N)=N2)c2cc(C4=CCCOC4)nc(F)c2O3)cs1,CHEMBL3963996,0.9,0.9
COc1cnc(C(=O)Nc2ccc3c(c2)C2(CCOC(N)=N2)c2cc(C#CC(C)(C)C)ncc2O3)cn1,CHEMBL3936498,12.0,12.0
COc1ccc(C(=O)Nc2ccc3c(c2)C2(CCOC(N)=N2)c2cc(-c4cncc(F)c4)nc(F)c2O3)nc1,CHEMBL3908554,1.4,1.4
Cc1nc(C(=O)Nc2ccc3c(c2)C2(CCOC(N)=N2)c2cc(-c4cncc(F)c4)nc(F)c2O3)cs1,CHEMBL3945386,0.6,0.6
NC1=NC2(CCO1)c1cc(NC(=O)c3ccc(F)cn3)ccc1Oc1c2cc(-c2cncc(F)c2)nc1F,CHEMBL3913972,1.6,1.6
NC1=NC2(CCO1)c1cc(NC(=O)c3ccc(Cl)cn3)ccc1Oc1ncc(-c3ccnc(F)c3)cc12,CHEMBL3950676,3.4,3.4
NC1=NC2(CCO1)c1cc(NC(=O)c3ccc(Cl)cn3)ccc1Oc1c2cc(-c2ccnc(F)c2)nc1F,CHEMBL3922952,0.9,0.9
COc1cnc(C(=O)Nc2ccc3c(c2)C2(CCOC(N)=N2)c2cc(-c4ccnc(F)c4)nc(F)c2O3)cn1,CHEMBL3890449,1.8,1.8
COc1cnc(C(=O)Nc2ccc3c(c2)C2(CCOC(N)=N2)c2cc(-c4ccnc(F)c4)ncc2O3)cn1,CHEMBL3962966,2.9,2.9
NC1=NC2(CCO1)c1cc(NC(=O)c3ccc(Cl)cn3)ccc1Oc1cnc(-c3ccnc(F)c3)cc12,CHEMBL3902974,1.6,1.6
COc1cnc(C(=O)Nc2ccc3c(c2)C2(CCOC(N)=N2)c2cc(-c4ccnc(F)c4)cc(F)c2O3)cn1,CHEMBL3973933,6.5,6.5
COc1nc(C2=CCOCC2)cc2c1Oc1ccc(NC(=O)c3ccc(Cl)cn3)cc1C21CCOC(N)=N1,CHEMBL3944050,7.0,7.0
COc1nc(C2=CCOCC2)cc2c1Oc1ccc(NC(=O)c3ccc(F)cn3)cc1C21CCOC(N)=N1,CHEMBL3913825,25.9,25.9
NC1=NC2(CCO1)c1cc(NC(=O)c3ccc(F)cn3)ccc1Oc1c2cc(-c2ccnc(F)c2)nc1F,CHEMBL3975637,1.2,1.2
COc1ccc(C(=O)Nc2ccc3c(c2)C2(CCOC(N)=N2)c2cc(-c4ccnc(F)c4)nc(F)c2O3)nc1,CHEMBL3904830,1.1,1.1
Cc1nc(C(=O)Nc2ccc3c(c2)C2(CCOC(N)=N2)c2cc(-c4ccnc(F)c4)nc(F)c2O3)cs1,CHEMBL3948791,0.8,0.8
N#Cc1ccc(C(=O)Nc2ccc3c(c2)C2(CCOC(N)=N2)c2cc(-c4ccnc(F)c4)nc(F)c2O3)nc1,CHEMBL3955960,0.6,0.6
COc1ccc(C(=O)Nc2ccc3c(c2)C2(CCSC(N)=N2)c2cc(C4=CCOCC4)nc(F)c2O3)nc1,CHEMBL3891240,1.5,1.5
COc1cnc(C(=O)Nc2ccc3c(c2)C2(CCOC(N)=N2)c2cc(C4CCOCC4)cc(F)c2O3)cn1,CHEMBL3919324,32.0,32.0
NC1=NC2(CCO1)c1cc(NC(=O)c3ccc(F)cn3)ccc1Oc1c(F)cc(-c3ccnc(F)c3)cc12,CHEMBL3937992,8.8,8.8
COc1cnc(C(=O)Nc2ccc3c(c2)C2(CCSC(N)=N2)c2cc(C4=CCOCC4)ncc2O3)cn1,CHEMBL3978732,1.7,1.7
COc1cnc(C(=O)Nc2ccc3c(c2)C2(CCSC(N)=N2)c2cc(C4=CCCOC4)ncc2O3)cn1,CHEMBL3984506,3.1,3.1
COc1ccc(C(=O)Nc2ccc3c(c2)C2(CCSC(N)=N2)c2cc(O)cc(F)c2O3)nc1,CHEMBL3959278,29.4,29.4
COc1cnc(C(=O)Nc2ccc3c(c2)C2(CCOC(N)=N2)c2cc(C4=CCCOC4)cc(F)c2O3)cn1,CHEMBL3976447,6.8,6.8
COc1ccc(C(=O)Nc2ccc3c(c2)C2(CCSC(N)=N2)c2cc(N4CCOCC4)cc(F)c2O3)nc1,CHEMBL3947150,7.8,7.8
N#Cc1ccc(C(=O)Nc2ccc3c(c2)C2(CCOC(N)=N2)c2cc(-c4ccnc(F)c4)cc(F)c2O3)nc1,CHEMBL3971440,1.0,1.0
COc1cnc(C(=O)Nc2ccc3c(c2)C2(CCSC(N)=N2)c2cc(O)cc(F)c2O3)cn1,CHEMBL3938375,28.4,28.4
COc1cnc(C(=O)Nc2ccc3c(c2)C2(CCSC(N)=N2)c2cc(N4CCOCC4)cc(F)c2O3)cn1,CHEMBL3960345,15.3,15.3
COc1cnc(C(=O)Nc2ccc3c(c2)C2(CCSC(N)=N2)c2cc(C4=CCOCC4)cc(F)c2O3)cn1,CHEMBL3932872,6.2,6.2
COc1ccc(C(=O)Nc2ccc3c(c2)C2(CCSC(N)=N2)c2cc(C4=CCCOC4)nc(F)c2O3)nc1,CHEMBL3950477,2.5,2.5
COc1cnc(C(=O)Nc2ccc3c(c2)C2(CCSC(N)=N2)c2cc(-c4cncc(F)c4)nc(F)c2O3)cn1,CHEMBL3926305,2.8,2.8
COc1ccc(C(=O)Nc2ccc3c(c2)C2(CCSC(N)=N2)c2cc(-c4cncc(F)c4)nc(F)c2O3)nc1,CHEMBL3965633,1.1,1.1
COc1cnc(C(=O)Nc2ccc3c(c2)C2(CCSC(N)=N2)c2cc(-c4ccnc(F)c4)nc(F)c2O3)cn1,CHEMBL3894188,3.1,3.1
COc1ccc(C(=O)Nc2ccc3c(c2)C2(CCSC(N)=N2)c2cc(-c4ccnc(F)c4)nc(F)c2O3)nc1,CHEMBL3970753,0.4,0.4
NC1=NC2(CCS1)c1cc(NC(=O)c3ccc(F)cn3)ccc1Oc1c2cc(C2=CCOCC2)nc1F,CHEMBL3903132,1.0,1.0
NC1=NC2(CCS1)c1cc(NC(=O)c3ccc(Cl)cn3)ccc1Oc1c2cc(C2=CCOCC2)nc1F,CHEMBL3979006,1.0,1.0
NC1=NC2(CCS1)c1cc(NC(=O)c3ccc(F)cn3)ccc1Oc1c2cc(-c2ccnc(F)c2)nc1F,CHEMBL3908654,1.5,1.5
NC1=NC2(CCS1)c1cc(NC(=O)c3ncc(Cl)cc3F)ccc1Oc1c2cc(C2=CCOCC2)nc1F,CHEMBL3893104,2.6,2.6
Cc1cc(Br)cnc1C(=O)Nc1ccc2c(c1)C1(CCSC(N)=N1)c1cc(C3=CCOCC3)nc(F)c1O2,CHEMBL3917597,1.4,1.4
COc1cnc(C(=O)Nc2ccc3c(c2)C2(CCSC(N)=N2)c2cc(C4=CCOCC4)nc(F)c2O3)c(C)c1,CHEMBL3902076,5.4,5.4
Cc1cc(Cl)cnc1C(=O)Nc1ccc2c(c1)C1(CCSC(N)=N1)c1cc(C3=CCOCC3)nc(F)c1O2,CHEMBL3937966,2.9,2.9
NC1=N[C@@]2(c3cc(NC(=O)c4ccc(OC(F)F)cn4)ccc3F)COCC[C@H]2CS1,CHEMBL3973534,9.0,9.0
C[C@H]1C[C@H]2CSC(N)=NC2(c2nc(NC(=O)c3ccc(OC(F)F)cn3)cs2)CO1,CHEMBL3902541,31.0,31.0
C[C@H]1C[C@H]2CSC(N)=N[C@@]2(c2cc(NC(=O)c3ccc(C#N)cn3)cs2)CO1,CHEMBL3909266,73.0,73.0
C[C@H]1C[C@H]2CSC(N)=NC2(c2nc(NC(=O)c3coc(CF)n3)cs2)CO1,CHEMBL3933666,7.0,7.0
C[C@H]1C[C@H]2CSC(N)=NC2(c2nc(NC(=O)c3ccn(C(F)F)n3)cs2)CO1,CHEMBL3948431,19.0,19.0
C[C@H]1C[C@H]2CSC(N)=NC2(c2nc(NC(=O)c3ccc(C#N)cn3)cs2)CO1,CHEMBL3920632,22.0,22.0
C[C@H]1C[C@H]2CSC(N)=NC2(c2nc(NC(=O)c3nn(C(F)F)cc3Cl)cs2)CO1,CHEMBL3981156,4.0,4.0
NC1=N[C@@]2(c3cc(NC(=O)c4ccc(OC(F)F)cn4)ccc3F)CO[C@@H](C(F)(F)F)C[C@H]2CS1,CHEMBL3904953,6.0,6.0
C[C@H]1C[C@H]2CSC(N)=NC2(c2nc(NC(=O)c3ccc(Cl)cn3)cs2)CO1,CHEMBL3934135,19.0,19.0
C[C@H]1C[C@H]2CSC(N)=NC2(c2nc(NC(=O)c3coc(C(F)F)n3)cs2)CO1,CHEMBL3906153,11.0,11.0
C[C@H]1C[C@H]2CSC(N)=N[C@@]2(c2nc(NC(=O)c3ccc(F)cn3)cs2)CO1,CHEMBL3979124,189.0,189.0
COc1cnc(C(=O)Nc2csc([C@]34CO[C@@H](C)C[C@H]3CSC(N)=N4)n2)cn1,CHEMBL3941301,536.0,536.0
C[C@H]1C[C@H]2CSC(N)=N[C@@]2(c2nc(NC(=O)c3cnc(CF)cn3)cs2)CO1,CHEMBL3966376,315.0,315.0
C[C@H]1C[C@H]2CSC(N)=N[C@@]2(c2nc(NC(=O)c3cnc(OCC(F)F)cn3)cs2)CO1,CHEMBL3940148,280.0,280.0
Cc1cc(F)cnc1C(=O)Nc1csc([C@]23CO[C@@H](C)C[C@H]2CSC(N)=N3)n1,CHEMBL3983988,90.0,90.0
C[C@H]1C[C@H]2CSC(N)=N[C@@]2(c2nc(NC(=O)c3ccc(F)cc3)cs2)CO1,CHEMBL3955347,866.0,866.0
C[C@H]1C[C@H]2CSC(N)=N[C@@]2(c2nc(NC(=O)c3cnc(C(F)F)cn3)cs2)CO1,CHEMBL3986265,145.0,145.0
C[C@H]1C[C@H]2CSC(N)=N[C@@]2(c2nc(NC(=O)c3cnc(C(F)(F)F)cn3)cs2)CO1,CHEMBL3954200,193.0,193.0
C[C@H]1C[C@H]2CSC(N)=N[C@@]2(c2nc(NC(=O)c3ccc(C(F)(F)F)cn3)cs2)CO1,CHEMBL3917530,54.0,54.0
C[C@H]1C[C@H]2CSC(N)=N[C@@]2(c2nc(NC(=O)c3ncc(F)cc3F)cs2)CO1,CHEMBL3890342,153.0,153.0
COc1ccc(C(=O)Nc2csc([C@]34CO[C@@H](C)C[C@H]3CSC(N)=N4)n2)nc1,CHEMBL3922902,259.0,259.0
C[C@H]1C[C@H]2CSC(N)=N[C@@]2(c2nc(NC(=O)c3ccc(OC(F)(F)F)cn3)cs2)CO1,CHEMBL3947194,108.0,108.0
C[C@H]1C[C@H]2CSC(N)=N[C@@]2(c2nc(NC(=O)c3ccc(OC(F)F)cc3)cs2)CO1,CHEMBL3967113,106.0,106.0
CC#CCOc1cnc(C(=O)Nc2csc([C@]34CO[C@@H](C)C[C@H]3CSC(N)=N4)n2)cn1,CHEMBL3895844,13.0,13.0
C[C@H]1C[C@H]2CSC(N)=N[C@@]2(c2nc(NC(=O)c3cc4ccccn4n3)cs2)CO1,CHEMBL3972432,1000.0,1000.0
C[C@H]1C[C@H]2CSC(N)=N[C@@]2(c2nc(NC(=O)c3ccn(C)n3)cs2)CO1,CHEMBL3932919,81.0,81.0
C[C@H]1C[C@H]2CSC(N)=N[C@@]2(c2nc(NC(=O)c3ccc(C(F)F)cn3)cs2)CO1,CHEMBL3943893,74.0,74.0
C[C@H]1C[C@H]2CSC(N)=N[C@@]2(c2nc(NC(=O)c3ccc(OCF)cn3)cs2)CO1,CHEMBL3973408,68.0,68.0
C[C@H]1C[C@H]2CSC(N)=N[C@@]2(c2nc(NC(=O)c3coc(C4CC4)n3)cs2)CO1,CHEMBL3932733,1310.0,1310.0
C[C@H]1C[C@H]2CSC(N)=N[C@@]2(c2nc(NC(=O)c3cnccn3)cs2)CO1,CHEMBL3901213,647.0,647.0
Cc1nn(C)cc1C(=O)Nc1csc([C@]23CO[C@@H](C)C[C@H]2CSC(N)=N3)n1,CHEMBL3929412,1990.0,1990.0
C[C@H]1C[C@H]2CSC(N)=N[C@@]2(c2nc(NC(=O)c3cccnn3)cs2)CO1,CHEMBL3983383,2160.0,2160.0
C[C@H]1C[C@H]2CSC(N)=N[C@@]2(c2nc(NC(=O)c3cc(C4CC4)on3)cs2)CO1,CHEMBL3914734,3820.0,3820.0
C[C@H]1C[C@H]2CSC(N)=N[C@@]2(c2nc(NC(=O)c3cc(C(F)(F)F)on3)cs2)CO1,CHEMBL3984545,1400.0,1400.0
C[C@H]1C[C@H]2CSC(N)=N[C@@]2(c2nc(NC(=O)c3cn(C4CCC4)cn3)cs2)CO1,CHEMBL3923755,34100.0,34100.0
C[C@H]1C[C@H]2CSC(N)=N[C@@]2(c2nc(NC(=O)c3cc(C4CCC4)nn3C)cs2)CO1,CHEMBL3892254,1480.0,1480.0
COCc1cc(C(=O)Nc2csc([C@]34CO[C@@H](C)C[C@H]3CSC(N)=N4)n2)no1,CHEMBL3936965,5860.0,5860.0
C[C@H]1C[C@H]2CSC(N)=N[C@@]2(c2nc(NC(=O)c3ccc(=O)n(C)c3)cs2)CO1,CHEMBL3909030,1410.0,1410.0
C[C@H]1C[C@H]2CSC(N)=N[C@@]2(c2nc(NC(=O)c3ccc(OCC(F)F)cn3)cs2)CO1,CHEMBL3944166,485.0,485.0
Cc1nc(C(=O)Nc2csc([C@]34CO[C@@H](C)C[C@H]3CSC(N)=N4)n2)c(C(F)(F)F)o1,CHEMBL3973335,145.0,145.0
CCc1cc(C(=O)Nc2csc([C@]34CO[C@@H](C)C[C@H]3CSC(N)=N4)n2)n(C)n1,CHEMBL3962473,369.0,369.0
C[C@H]1C[C@H]2CSC(N)=N[C@@]2(c2nc(NC(=O)c3cnn(C)n3)cs2)CO1,CHEMBL3893462,134.0,134.0
Cc1cc(C(=O)Nc2csc([C@]34CO[C@@H](C)C[C@H]3CSC(N)=N4)n2)n(C)n1,CHEMBL3964867,364.0,364.0
CCc1nc(C(=O)Nc2csc([C@]34CO[C@@H](C)C[C@H]3CSC(N)=N4)n2)co1,CHEMBL3985734,341.0,341.0
C[C@H]1C[C@H]2CSC(N)=N[C@@]2(c2nc(NC(=O)c3ncn(C)n3)cs2)CO1,CHEMBL3948402,435.0,435.0
C[C@H]1C[C@H]2CSC(N)=N[C@@]2(c2nc(NC(=O)c3ccc(OC(C)(F)F)cn3)cs2)CO1,CHEMBL3977620,185.0,185.0
C[C@H]1C[C@H]2CSC(N)=N[C@@]2(c2cc(NC(=O)c3ccc(Cl)cn3)ccc2F)CO1,CHEMBL3983509,1.0,1.0
COc1cnc(C(=O)Nc2csc([C@]34CO[C@@H](C)C[C@H]3CSC(N)=N4)n2)c(C)n1,CHEMBL3910292,320.0,320.0
COc1cnc(C(=O)Nc2csc([C@]34CO[C@@H](C)C[C@H]3CSC(N)=N4)n2)c(C)c1,CHEMBL3962126,101.0,101.0
C[C@H]1C[C@H]2CSC(N)=N[C@@]2(c2nc(NC(=O)c3ccc(OC(F)F)nc3)cs2)CO1,CHEMBL3938206,232.0,232.0
Cc1nc(C(=O)Nc2csc([C@]34CO[C@@H](C)C[C@H]3CSC(N)=N4)n2)co1,CHEMBL3910968,103.0,103.0
C[C@H]1C[C@H]2CSC(N)=N[C@@]2(c2nc(NC(=O)c3coc(C(F)(F)F)n3)cs2)CO1,CHEMBL3911716,189.0,189.0
Cc1noc(C(=O)Nc2csc([C@]34CO[C@@H](C)C[C@H]3CSC(N)=N4)n2)n1,CHEMBL3948054,98.0,98.0
Cc1nc(C(=O)Nc2csc([C@]34CO[C@@H](C)C[C@H]3CSC(N)=N4)n2)no1,CHEMBL3916740,91.0,91.0
Cc1nc(C(=O)Nc2csc([C@]34CO[C@@H](C)C[C@H]3CSC(N)=N4)n2)c(C)o1,CHEMBL3963139,65.0,65.0
C[C@H]1C[C@H]2CSC(N)=N[C@@]2(c2nc(NC(=O)c3cnc(OCC4CC4)cn3)cs2)CO1,CHEMBL3922656,161.0,161.0
C[C@H]1C[C@H]2CSC(N)=N[C@@]2(c2nc(NC(=O)c3cnc(OC4CC4)cn3)cs2)CO1,CHEMBL3918155,519.0,519.0
C[C@@H](F)COc1cnc(C(=O)Nc2csc([C@]34CO[C@@H](C)C[C@H]3CSC(N)=N4)n2)cn1,CHEMBL4114074,360.0,360.0
C[C@H](F)COc1cnc(C(=O)Nc2csc([C@]34CO[C@@H](C)C[C@H]3CSC(N)=N4)n2)cn1,CHEMBL3901805,372.0,372.0
C[C@H]1C[C@H]2CSC(N)=N[C@@]2(c2nc(NC(=O)c3cnc(OCC(C)(F)F)cn3)cs2)CO1,CHEMBL3896381,161.0,161.0
Cc1nc(C)c(C(=O)Nc2csc(C34CO[C@@H](C)C[C@H]3CSC(N)=N4)n2)o1,CHEMBL3943102,740.0,740.0
C[C@H]1C[C@H]2CSC(N)=NC2(c2nc(NC(=O)c3cn(C)nc3C(F)(F)F)cs2)CO1,CHEMBL3911702,3840.0,3840.0
CC(C)n1cnc(C(=O)Nc2csc(C34CO[C@@H](C)C[C@H]3CSC(N)=N4)n2)c1,CHEMBL3900666,1830.0,1830.0
CC(C)Cc1cc(C(=O)Nc2csc(C34CO[C@@H](C)C[C@H]3CSC(N)=N4)n2)no1,CHEMBL3928341,9690.0,9690.0
C[C@H]1C[C@H]2CSC(N)=NC2(c2nc(NC(=O)c3cnn(C)c3)cs2)CO1,CHEMBL3960944,3940.0,3940.0
Cc1cc(C(=O)Nc2csc(C34CO[C@@H](C)C[C@H]3CSC(N)=N4)n2)no1,CHEMBL3891939,2620.0,2620.0
CC(C)Cc1cc(C(=O)Nc2csc(C34CO[C@@H](C)C[C@H]3CSC(N)=N4)n2)nn1C,CHEMBL3968526,51000.0,51000.0
C[C@H]1C[C@H]2CSC(N)=NC2(c2nc(NC(=O)c3ccncn3)cs2)CO1,CHEMBL3900921,575.0,575.0
Cc1cc(C(=O)Nc2csc(C34CO[C@@H](C)C[C@H]3CSC(N)=N4)n2)on1,CHEMBL3977035,5040.0,5040.0
Cc1cnc(C(=O)Nc2csc(C34CO[C@@H](C)C[C@H]3CSC(N)=N4)n2)cn1,CHEMBL3893396,2110.0,2110.0
C[C@H]1C[C@H]2CSC(N)=NC2(c2nc(NC(=O)c3cc4n(n3)CCC4)cs2)CO1,CHEMBL3890833,6200.0,6200.0
CC(C)c1cc(C(=O)Nc2csc(C34CO[C@@H](C)C[C@H]3CSC(N)=N4)n2)n(C)n1,CHEMBL3947063,10400.0,10400.0
CCc1cc(C(=O)Nc2csc(C34CO[C@@H](C)C[C@H]3CSC(N)=N4)n2)on1,CHEMBL3911537,9260.0,9260.0
CCn1cc(C(=O)Nc2csc(C34CO[C@@H](C)C[C@H]3CSC(N)=N4)n2)cn1,CHEMBL3889501,7480.0,7480.0
Cc1cc(C(=O)Nc2csc(C34CO[C@@H](C)C[C@H]3CSC(N)=N4)n2)nn1C,CHEMBL3946857,12400.0,12400.0
C[C@H]1C[C@H]2CSC(N)=NC2(c2nc(NC(=O)c3ncnn3C)cs2)CO1,CHEMBL3922557,4560.0,4560.0
C[C@H]1C[C@H]2CSC(N)=NC2(c2nc(NC(=O)c3cn(C)cn3)cs2)CO1,CHEMBL3938050,18200.0,18200.0
C[C@H]1C[C@H]2CSC(N)=NC2(c2nc(NC(=O)c3cn(C)nn3)cs2)CO1,CHEMBL3910123,28100.0,28100.0
C[C@H]1C[C@H]2CSC(N)=NC2(c2nc(NC(=O)c3ccon3)cs2)CO1,CHEMBL3932565,777.0,777.0
C[C@H]1C[C@H]2CSC(N)=NC2(c2nc(NC(=O)C3CC(F)(F)C3)cs2)CO1,CHEMBL3901075,1490.0,1490.0
C[C@H]1C[C@H]2CSC(N)=NC2(c2nc(NC(=O)c3ncccn3)cs2)CO1,CHEMBL3923614,1080.0,1080.0
C[C@H]1C[C@H]2CSC(N)=NC2(c2nc(NC(=O)c3cnn(C4CC4)c3)cs2)CO1,CHEMBL3895618,8070.0,8070.0
C[C@H]1C[C@H]2CSC(N)=NC2(c2nc(NC(=O)c3cc(Cl)n(C)n3)cs2)CO1,CHEMBL3921841,3380.0,3380.0
C[C@H]1C[C@H]2CSC(N)=NC2(c2nc(NC(=O)c3cnc(C4CC4)cn3)cs2)CO1,CHEMBL3932449,1080.0,1080.0
C[C@H]1C[C@H]2CSC(N)=NC2(c2nc(NC(=O)c3cnn(C(F)F)c3)cs2)CO1,CHEMBL3951074,671.0,671.0
C[C@H]1C[C@H]2CSC(N)=NC2(c2nc(NC(=O)c3ccn(C4CC4)n3)cs2)CO1,CHEMBL3913443,1660.0,1660.0
C[C@H]1C[C@H]2CSC(N)=NC2(c2nc(NC(=O)c3ccnn3C3CC3)cs2)CO1,CHEMBL3945804,4240.0,4240.0
CC(C)c1nc(C(=O)Nc2csc(C34CO[C@@H](C)C[C@H]3CSC(N)=N4)n2)co1,CHEMBL3975173,16200.0,16200.0
C[C@H]1C[C@H]2CSC(N)=N[C@@]2(c2nc(NC(=O)c3ccn(CC(F)F)n3)cs2)CO1,CHEMBL3898614,398.0,398.0
COCCn1ccc(C(=O)Nc2csc([C@]34CO[C@@H](C)C[C@H]3CSC(N)=N4)n2)n1,CHEMBL3938762,418.0,418.0
C#CCn1ccc(C(=O)Nc2csc([C@]34CO[C@@H](C)C[C@H]3CSC(N)=N4)n2)n1,CHEMBL3916242,17.0,17.0
COCc1nc(C(=O)Nc2csc([C@]34CO[C@@H](C)C[C@H]3CSC(N)=N4)n2)co1,CHEMBL3944174,175.0,175.0
C[C@H]1C[C@H]2CSC(N)=N[C@@]2(c2nc(NC(=O)c3coc(CC(F)(F)F)n3)cs2)CO1,CHEMBL3928689,215.0,215.0
CC#CCn1ccc(C(=O)Nc2csc([C@]34CO[C@@H](C)C[C@H]3CSC(N)=N4)n2)n1,CHEMBL3952932,82.0,82.0
C[C@H]1C[C@H]2CSC(N)=N[C@@]2(c2nc(NC(=O)C3CCC3)cs2)CO1,CHEMBL3953528,376.0,376.0
CC#CCOc1ccc(C(=O)Nc2csc([C@]34CO[C@@H](C)C[C@H]3CSC(N)=N4)n2)nc1,CHEMBL3922075,18.0,18.0
C[C@H]1C[C@H]2CSC(N)=N[C@@]2(c2nc(NC(=O)c3nc(C(F)F)co3)cs2)CO1,CHEMBL3910370,75.0,75.0
Cc1cn(C(F)F)nc1C(=O)Nc1csc([C@]23CO[C@@H](C)C[C@H]2CSC(N)=N3)n1,CHEMBL3980484,2.0,2.0
C[C@H]1C[C@H]2CSC(N)=N[C@@]2(c2nc(NC(=O)c3ncc(OC(F)F)cn3)cs2)CO1,CHEMBL3919298,177.0,177.0
Cc1nc(OC(F)F)cnc1C(=O)Nc1csc([C@]23CO[C@@H](C)C[C@H]2CSC(N)=N3)n1,CHEMBL3985492,33.0,33.0
C[C@H]1C[C@H]2CSC(N)=N[C@@]2(c2nc(NC(=O)c3ncc(OC(F)F)cc3Cl)cs2)CO1,CHEMBL3924736,25.0,25.0
COCC(F)(F)c1cnc(C(=O)Nc2csc([C@]34CO[C@@H](C)C[C@H]3CSC(N)=N4)n2)cn1,CHEMBL3896695,220.0,220.0
[C-]#[N+]COc1ccc(C(=O)Nc2csc([C@]34CO[C@@H](C)C[C@H]3CSC(N)=N4)n2)nc1,CHEMBL3961254,447.0,447.0
Cc1oc(CF)nc1C(=O)Nc1csc([C@]23CO[C@@H](C)C[C@H]2CSC(N)=N3)n1,CHEMBL3937329,12.0,12.0
COCC(F)(F)c1ccc(C(=O)Nc2csc([C@]34CO[C@@H](C)C[C@H]3CSC(N)=N4)n2)nc1,CHEMBL3975536,282.0,282.0
CCC(F)(F)Oc1ccc(C(=O)Nc2csc([C@]34CO[C@@H](C)C[C@H]3CSC(N)=N4)n2)nc1,CHEMBL3946217,308.0,308.0
C[C@H]1C[C@H]2CSC(N)=N[C@@]2(c2nc(NC(=O)C34CC(C3)C4)cs2)CO1,CHEMBL3919976,85.0,85.0
C[C@H]1C[C@H]2CSC(N)=N[C@@]2(c2nc(NC(=O)C3(C#N)CC3)cs2)CO1,CHEMBL3896382,348.0,348.0
C[C@H]1C[C@H]2CSC(N)=N[C@@]2(c2nc(NC(=O)C3CC3)cs2)CO1,CHEMBL3971961,475.0,475.0
[C-]#[N+]C1(C(=O)Nc2csc([C@]34CO[C@@H](C)C[C@H]3CSC(N)=N4)n2)CCC1,CHEMBL4108012,94.0,94.0
C[C@H]1C[C@H]2CSC(N)=N[C@@]2(c2nc(NC(=O)C3(C)CCC3)cs2)CO1,CHEMBL3927854,461.0,461.0
C[C@H]1C[C@H]2CSC(N)=N[C@@]2(c2nc(NC(=O)c3ccc(OC(F)F)cn3)cs2)CO1,CHEMBL3952064,41.0,41.0
C[C@H]1C[C@H]2CSC(N)=N[C@@]2(c2nc(NC(=O)c3ccc(Cl)cn3)cs2)CO1,CHEMBL3967984,33.0,33.0
Cc1cc(OC(F)F)cnc1C(=O)Nc1csc([C@]23CO[C@@H](C)C[C@H]2CSC(N)=N3)n1,CHEMBL3972449,23.0,23.0
C[C@H]1C[C@H]2CSC(N)=N[C@@]2(c2nc(NC(=O)c3ccc(OC(F)F)cn3)ccc2F)CO1,CHEMBL3942279,43.0,43.0
CC(C)(O)c1nc(N2C[C@H]3CSC(N)=[N+](c4cnccn4)[C@H]3C2)ncc1F,CHEMBL4110028,105.0,105.0
CC(C)(O)c1nc(N2C[C@H]3CSC(N)=N[C@@]3(c3ccc(F)cn3)C2)ncc1F,CHEMBL3965118,73.4,73.4
CC(C)(O)c1nc(N2C[C@H]3CSC(N)=N[C@@]3(c3cccnc3)C2)ncc1F,CHEMBL3905742,93.5,93.5
NC1=NC2(COCC1)c1cc(-c3cccnc3F)ccc1Oc1cnc(-c3ccnc(F)c3)cc12,CHEMBL3951405,1.0,1.0
NC1=N[C@]2(COCC1)c1cc(-c3cccnc3F)ccc1Oc1cnc(-c3ccnc(F)c3)cc12,CHEMBL4112636,139.0,139.0
NC1=N[C@@]2(COCC1)c1cc(Br)ccc1Oc1cnc(Cl)cc12,CHEMBL3958034,3826.0,3826.0
NC1=N[C@]2(COCC1)c1cc(Br)ccc1Oc1cnc(Cl)cc12,CHEMBL4108851,9228.0,9228.0
CC(C)(C)COc1cc(F)c2c(c1)C1(COCCC(N)=N1)c1cc(-c3cccnc3F)ccc1O2,CHEMBL3975488,1.0,1.0
CC(C)(C)COc1cc(F)c2c(c1)[C@@]1(COCCC(N)=N1)c1cc(-c3cccnc3F)ccc1O2,CHEMBL4111536,285.0,285.0
NC1=N[C@@]2(COCC1)c1cc(-c3cccnc3F)ccc1Oc1cnc(-c3ccc(F)c(F)c3)cc12,CHEMBL3900160,2.0,2.0
NC1=N[C@@]2(COCC1)c1cc(-c3cccnc3F)ccc1Oc1cnc(N3CCC(F)(F)C3)cc12,CHEMBL3921286,3.0,3.0
CCC(CN1C(=N)NC(c2ccccc2)(c2ccccc2)C1=O)c1ccccc1,CHEMBL588662,2300.0,2300.0
COc1ccc(C2(c3ccc(OC)cc3)NC(=N)N(C3CCCCC3)C2=O)cc1,CHEMBL3109542,12000.0,12000.0
COc1ccc(C2(c3ccc(OC)cc3)NC(=N)N(C3CCOCC3)C2=O)cc1,CHEMBL3109544,10000.0,10000.0
COc1ccc(C2(c3ccc(OC)cc3)NC(=N)N(C3CCN(C(=O)OC(C)(C)C)CC3)C2=O)cc1,CHEMBL3109548,6010.0,6010.0
COc1ccc(C2(c3ccc(OC)cc3)NC(=N)N(CC3CCOCC3)C2=O)cc1,CHEMBL3109550,2070.0,2070.0
COc1cccc(C2(c3cccc(OC)c3)NC(=N)N(C3CCCCC3)C2=O)c1,CHEMBL3109551,28900.0,28900.0
COc1ccc(C2(c3cccc(-c4cccnc4)c3)NC(=N)N(C3CCCCC3)C2=O)cc1,CHEMBL3109520,7150.0,7150.0
N=C1NC(c2ccccc2)(c2cccc(-c3cccnc3)c2)C(=O)N1C1CCCCC1,CHEMBL3109522,1680.0,1680.0
CN1C(=N)NC(c2ccccc2)(c2cccc(-c3cccnc3)c2)C1=O,CHEMBL2011974,1680.0,1680.0
COc1cccc(-c2cccc(C3(c4ccccc4)NC(=N)N(C)C3=O)c2)c1,CHEMBL2011967,392.0,392.0
COc1cccc(-c2cccc(C3(c4ccccc4)NC(=N)N(C4CCCCC4)C3=O)c2)c1,CHEMBL3917490,9000.0,9000.0
COc1cccc(-c2cccc(C3(c4ccccc4)NC(=N)N(C4CCOCC4)C3=O)c2)c1,CHEMBL3936611,2460.0,2460.0
COc1cccc(-c2cccc(C3(C4CC4)NC(=N)N(C4CCCCC4)C3=O)c2)c1,CHEMBL3922940,7000.0,7000.0
COc1cccc(-c2cccc(C3(C4CC4)NC(=N)N(C4CCOCC4)C3=O)c2)c1,CHEMBL3907442,4000.0,4000.0
N=C1NC(c2ccccc2)(c2ccccc2)C(=O)N1C1CCCCC1,CHEMBL582580,10000.0,10000.0
COc1ccc(C2(c3ccc(OC)cc3)NC(=N)N(C3CC3)C2=O)cc1,CHEMBL3109539,10000.0,10000.0
COc1ccc(C2(c3ccc(OC)cc3)NC(=N)N(CC3CCCCC3)C2=O)cc1,CHEMBL3109549,6010.0,6010.0
COc1ccc(C2(c3ccc(OC)cc3)NC(=N)N(CC34CC5CC(CC(C5)C3)C4)C2=O)cc1,CHEMBL3930179,7850.0,7850.0
COc1ccc(C2(c3ccc(OC)cc3)NC(=N)N(Cc3ncccc3C)C2=O)cc1,CHEMBL3921372,10000.0,10000.0
COc1ccc(C2(c3ccc(OC)cc3)NC(=N)N(Cc3ccccc3C#N)C2=O)cc1,CHEMBL3967875,6700.0,6700.0
COc1ccc(C2(c3ccc(OC)cc3)NC(=N)N(CC3CCN(C)CC3)C2=O)cc1,CHEMBL3931375,10000.0,10000.0
COc1ccc(C2(c3ccc(OC)cc3)NC(=N)N(C3CCN(C(C)=O)CC3)C2=O)cc1,CHEMBL3891237,2600.0,2600.0
COc1ccc(C2(c3ccc(OC)cc3)NC(=N)N(C3CCN(C(=O)c4ccccc4)CC3)C2=O)cc1,CHEMBL3960302,6800.0,6800.0
COc1ccc(C2(c3ccc(OC)cc3)NC(=N)N(CC3CCN(C(=O)OC(C)(C)C)CC3)C2=O)cc1,CHEMBL3906925,2200.0,2200.0
COc1ccc(C2(c3ccc(OC)cc3)NC(=N)N(C3CCN(C(=O)CCN(C)C)CC3)C2=O)cc1,CHEMBL3900259,10000.0,10000.0
COc1ccc(C2(c3cccnc3)NC(=N)N(C3CCOCC3)C2=O)cc1,CHEMBL3908681,10000.0,10000.0
COc1ccc(C2(C3CC3)NC(=N)N(C3CCOCC3)C2=O)cc1,CHEMBL3914078,10000.0,10000.0
COc1ccc(C2(C3CCCCC3)NC(=N)N(C3CCOCC3)C2=O)cc1,CHEMBL3971881,10000.0,10000.0
COc1ccc(C2(c3ccccn3)NC(=N)N(C3CCOCC3)C2=O)cc1,CHEMBL3900717,10000.0,10000.0
COc1ccc(C2(c3cncnc3)NC(=N)N(C3CCOCC3)C2=O)cc1,CHEMBL3905655,10000.0,10000.0
COc1ccc(C2(c3ccncc3)NC(=N)N(C3CCOCC3)C2=O)cc1,CHEMBL3976403,10000.0,10000.0
COc1ccc(C2(C3CCCC3)NC(=N)N(C3CCOCC3)C2=O)cc1,CHEMBL3914640,10000.0,10000.0
COc1ccc(C2(c3cnn(C)c3)NC(=N)N(C3CCOCC3)C2=O)cc1,CHEMBL3890167,10000.0,10000.0
COc1ccc(C2(C3CCCCC3)NC(=N)N(C3CCCCC3)C2=O)cc1,CHEMBL3913482,17300.0,17300.0
N=C1NC(c2cccc(-c3cccnc3)c2)(C2CC2)C(=O)N1C1CCOCC1,CHEMBL3983294,8650.0,8650.0
N#Cc1cncc(-c2cccc(C3(C4CC4)NC(=N)N(C4CCOCC4)C3=O)c2)c1,CHEMBL3960162,2980.0,2980.0
N=C1NC(c2cccc(-c3cncc(Cl)c3)c2)(C2CC2)C(=O)N1C1CCOCC1,CHEMBL3985353,1160.0,1160.0
COc1ccc(C2(C3CC3)NC(=N)N(C3CCOCC3)C2=O)cc1-c1cccc(C#N)c1,CHEMBL3948015,8320.0,8320.0
N=C1NC(c2cccc(-c3cccnc3)c2)(C2CC2)C(=O)N1C1CCCCC1,CHEMBL3977267,16800.0,16800.0
N#Cc1cncc(-c2cccc(C3(C4CC4)NC(=N)N(C4CCCCC4)C3=O)c2)c1,CHEMBL3939240,6640.0,6640.0
N=C1NC(c2cccc(-c3cccnc3)c2)(C2CCCCC2)C(=O)N1C1CCOCC1,CHEMBL3972309,14700.0,14700.0
NC1=N[C@@]2(c3ccc(F)cc3F)CO[C@@H](C3CCCO3)C[C@H]2CS1,CHEMBL3969985,447.0,447.0
NC1=N[C@]2(c3ccc(F)cc3F)CO[C@H](C3CC3)C[C@@H]2CS1,CHEMBL3897712,100000.0,100000.0
C[C@H]1SC(N)=N[C@@]2(c3ccc(F)cc3F)CO[C@@H](C3CC3)C[C@@H]12,CHEMBL3914952,337.0,337.0
NC1=N[C@@]2(c3ccc(F)cc3F)CO[C@@H](C3CCO3)C[C@H]2CS1,CHEMBL3961245,1310.0,1310.0
COC[C@H]1SC(N)=N[C@@]2(c3ccc(F)cc3F)CO[C@@H](C3CC3)C[C@@H]12,CHEMBL3897314,1410.0,1410.0
NC1=N[C@@]2(c3ccc(F)cc3F)CO[C@@H](C3CC3)C[C@H]2[C@@H](CF)S1,CHEMBL3928164,346.0,346.0
NC1=N[C@]2(c3ccc(F)cc3F)CO[C@H](C3CC3)C[C@@H]2[C@H](CF)S1,CHEMBL3898198,100000.0,100000.0
CC1([C@H]2C[C@H]3CSC(N)=N[C@@]3(c3ccc(F)cc3F)CO2)CC1,CHEMBL3926276,484.0,484.0
CC1([C@@H]2C[C@@H]3CSC(N)=N[C@]3(c3ccc(F)cc3F)CO2)CC1,CHEMBL3910805,37000000.0,37000000.0
NC1=N[C@@]2(c3ccc(F)cc3F)CO[C@@H](CC3CC3)C[C@H]2CS1,CHEMBL3935175,235.0,235.0
NC1=N[C@]2(c3ccc(F)cc3F)CO[C@H](CC3CC3)C[C@@H]2CS1,CHEMBL3981823,86000000.0,86000000.0
NC1=N[C@@]2(c3c(F)cc(F)cc3F)CO[C@@H](C3CC3)C[C@H]2CS1,CHEMBL3911876,1052.0,1052.0
NC1=N[C@@]2(c3ccc(F)cc3)CO[C@@H](C3CC3)C[C@H]2CS1,CHEMBL3987022,572.0,572.0
NC1=N[C@@]2(c3cc(F)ccc3F)CO[C@@H](C3CC3)C[C@H]2CS1,CHEMBL3920799,1420.0,1420.0
NC1=N[C@@]2(c3c(F)cccc3F)CO[C@@H](C3CC3)C[C@H]2CS1,CHEMBL3890460,395.0,395.0
NC1=N[C@@]2(c3ccccc3F)CO[C@@H](C3CC3)C[C@H]2CS1,CHEMBL3918509,422.0,422.0
NC1=N[C@@]2(c3ccccc3)CO[C@@H](C3CC3)C[C@H]2CS1,CHEMBL3941299,1280.0,1280.0
Cc1ccc([C@]23CO[C@@H](C4CC4)C[C@H]2CSC(N)=N3)c(F)c1,CHEMBL3902648,715.0,715.0
Cc1ccc([C@]23CO[C@@H](C4CC4)C[C@H]2CSC(N)=N3)cc1F,CHEMBL3939642,897.0,897.0
NC1=N[C@]2(c3ccccc3F)CO[C@H](C3CC3)C[C@@H]2CS1,CHEMBL3908098,25710.0,25710.0
NC1=N[C@]2(c3ccc(F)cc3)CO[C@H](C3CC3)C[C@@H]2CS1,CHEMBL3944997,15630.0,15630.0
CC1(C)CCC([C@H]2C[C@H]3CSC(N)=N[C@@]3(c3ccc(F)cc3F)CO2)O1,CHEMBL3917081,184.0,184.0
C[C@@H]1C[C@H]1[C@H]1C[C@H]2CSC(N)=N[C@@]2(c2ccc(F)cc2F)CO1,CHEMBL3953708,116.0,116.0
NC1=N[C@@]2(c3ccc(F)cc3F)CO[C@@H]([C@@H]3CCCO3)C[C@H]2CS1,CHEMBL3929500,302.0,302.0
COc1cccc2c1OCC[C@]21CNC[C@H]1C(=O)N1CC[C@@H](c2ccccc2)C[C@H]1C1CCCC(F)(F)C1,CHEMBL4112303,2190.0,2190.0
CC(C)[C@@H]1C[C@H](c2ccccc2)CCN1C(=O)[C@@H]1CNC[C@]12CCCc1ccccc12,CHEMBL4112944,22000.0,22000.0
COC(C)(C)C1CCCCN1C(=O)[C@@H]1CNCC12CCCc1ccccc12,CHEMBL3650159,20000.0,20000.0
O=C([C@@H]1CNC[C@]12CCc1ccccc12)N1CC[C@@H](c2ccccc2)C[C@H]1c1ccccc1,CHEMBL4112843,71.0,71.0
Cc1cccc(C2CC(c3ccccc3)CCN2C(=O)[C@@H]2CNC[C@]23CCCc2nc(Cl)ccc23)c1,CHEMBL3907751,450.0,450.0
CCCCCC(=O)Oc1ccc2c(=O)c(C3C(OC(=O)CC)=C(C)NC(C)=C3OC(=O)CC)coc2c1,CHEMBL4066788,6840.0,6.84
O=C1CSC2(CCN(CCCN3c4ccccc4Sc4ccc(Cl)cc43)CC2)N1,CHEMBL1483796,6600.0,6.6
OC1=C2Nc3ccccc3N=C2OC1c1c[nH]c2ccc(COc3ccccc3)cc12,CHEMBL4062641,1800.0,1.8
CC1Cc2ccc(OC(=O)c3ccc(NC(=N)N)cc3)cc2OC1=O,CHEMBL4090604,1500.0,1.5
O=C1NC(=O)C2C=CNC2N1,CHEMBL4096411,30300.0,30.3
CC#Cc1cncc(-c2ccc3c(c2)[C@]2(CO3)N=C(N)C[C@@H]2C(F)(F)F)c1,CHEMBL4078371,114.8,114.8
CC#CCOc1cnc(C(=O)Nc2ccc(F)c([C@]3(C)CC(=O)N(C)C(N)=N3)c2)cn1,CHEMBL4086961,1.05,1.05
CCCN(CCC)C(=O)c1cccc(C(=O)N[C@@H](Cc2ccccc2)[C@H](O)CNC2CC2)c1.Cl,CHEMBL4069747,6300.0,6.3
CC[C@H](C)Nc1cc(C(=O)N[C@@H](Cc2ccccc2)[C@H](O)[C@@H]2CCCN2)cc(S(C)(=O)=O)n1.Cl,CHEMBL4076855,200000.0,200.0
CC[C@H](C)Nc1cc(C(=O)N[C@@H](Cc2ccccc2)[C@H](O)[C@H]2CCCN2)cc(S(C)(=O)=O)n1.Cl,CHEMBL4066837,5.0,0.005
CCCN(CCC)C(=O)c1cccc(C(=O)N[C@@H](Cc2ccccc2)[C@H](O)[C@H]2CCCN2)c1.Cl,CHEMBL4059546,1670.0,1.67
CC(=O)N[C@@H](Cc1cc(F)cc(F)c1)[C@H](O)[C@H]1C[C@@H](OCC2CCCCC2)CN1.Cl,CHEMBL4092459,1400.0,1.4
CC(=O)N[C@@H](Cc1cc(F)cc(F)c1)[C@H](O)[C@H]1CC[C@@H](OCC2CCCCC2)CN1.Cl,CHEMBL4062101,1320.0,1.32
CC(=O)N[C@@H](Cc1cc(F)cc(F)c1)[C@H](O)[C@H]1CO[C@@H](OCC2CCCCC2)CN1.O=C(O)C(F)(F)F,CHEMBL4089395,220.0,0.22
CC(=O)N[C@@H](Cc1cc(F)cc(F)c1)[C@H](O)[C@H]1CO[C@@H](OCC2CCCCC2)[C@H](C)N1.Cl,CHEMBL4081363,99.0,0.099
CC(=O)N[C@@H](Cc1cc(F)cc(F)c1)[C@H](O)[C@H]1CO[C@@H](OCC(C)(C)C)[C@H](C)N1.Cl,CHEMBL4077530,79.0,0.079
COC[C@H]1CCCN1C(=O)c1cc(OC)cc(C(=O)N[C@@H](Cc2cc(F)cc(F)c2)[C@H](O)C2C[C@@H](Oc3ccccc3)CN2)c1,CHEMBL4071843,21.0,21.0
O=C(Nc1ccccc1)c1cccc(-c2cnc(-c3c[nH]c4ccccc34)[nH]2)c1,CHEMBL4062635,110.0,110.0
O=C(Nc1ccc(F)cc1)c1cccc(-c2cnc(-c3c[nH]c4ccccc34)[nH]2)c1,CHEMBL4092083,98.0,98.0
O=C(Nc1ccncc1)c1cccc(-c2cnc(-c3c[nH]c4ccccc34)[nH]2)c1,CHEMBL4071284,660.0,660.0
O=C(Nc1cccnc1)c1cccc(-c2cnc(-c3c[nH]c4ccccc34)[nH]2)c1,CHEMBL4065393,310.0,310.0
O=C(Nc1cccc(-c2cnc(-c3c[nH]c4ccccc34)[nH]2)c1)c1cccnc1,CHEMBL4093064,220.0,220.0
O=C(Nc1cccc(-c2cnc(-c3c[nH]c4cc(F)ccc34)[nH]2)c1)c1cccnc1,CHEMBL4074001,130.0,130.0
Fc1ccc(-c2cnc(-c3cccc(-c4cnc(-c5c[nH]c6cc(F)ccc56)[nH]4)c3)[nH]2)cc1,CHEMBL4100768,75.0,75.0
Fc1ccc(-c2cnc(-c3cccc(-c4cnc(-c5c[nH]c6cc(OC(F)(F)F)ccc56)[nH]4)c3)[nH]2)cc1,CHEMBL4095483,180.0,180.0
Fc1ccc2nc(-c3cccc(-c4cnc(-c5c[nH]c6cc(F)ccc56)[nH]4)c3)[nH]c2c1,CHEMBL4075051,85.0,85.0
Fc1ccc2nc(-c3cccc(-c4cnc(-c5c[nH]c6cc(OC(F)(F)F)ccc56)[nH]4)c3)[nH]c2c1,CHEMBL4078427,120.0,120.0
Cc1ccc(NCc2cc([C@]3(C)CCSC(N)=N3)c(F)cc2F)nc1,CHEMBL4091480,1350.0,1.35
CCNCc1cc([C@]2(C)CCSC(N)=N2)c(F)cc1F,CHEMBL4061944,8.0,0.008
CC(C)NCc1cc([C@]2(C)CCSC(N)=N2)c(F)cc1F,CHEMBL4083698,2.0,0.002
CN(C)Cc1cc([C@]2(C)CCSC(N)=N2)c(F)cc1F,CHEMBL4100140,22.0,0.022
CO[C@@H]1CCN(Cc2cc([C@]3(C)CCSC(N)=N3)c(F)cc2F)C1,CHEMBL4073296,38.0,0.038
COCCNCc1cc([C@]2(C)CCSC(N)=N2)c(F)cc1F,CHEMBL4092406,6.0,0.006
COCCCNCc1cc([C@]2(C)CCSC(N)=N2)c(F)cc1F,CHEMBL4064708,53.0,0.053
COC[C@@H](C)NCc1cc([C@]2(C)CCSC(N)=N2)c(F)cc1F,CHEMBL4084653,4.0,0.004
C[C@@]1(c2cc(CNC34CC(C3)C4)c(F)cc2F)CCSC(N)=N1,CHEMBL4102593,4.0,0.004
CN(Cc1cc([C@]2(C)CCSC(N)=N2)c(F)cc1F)CC(F)(F)F,CHEMBL4104527,1013.0,1.013
C[C@@]1(c2cc(CNCC(F)(F)F)c(F)cc2F)CCSC(N)=N1,CHEMBL4086633,60.0,0.06
C[C@@]1(c2cc(CNCC(F)F)c(F)cc2F)CCSC(N)=N1,CHEMBL4066885,58.0,0.058
CC(C)(NCc1cc([C@]2(C)CCSC(N)=N2)c(F)cc1F)C(F)(F)F,CHEMBL4094377,31.0,0.031
C[C@@H](NCc1cc([C@]2(C)CCSC(N)=N2)c(F)cc1F)C(F)(F)F,CHEMBL4061602,64.0,0.064
C[C@@]1(c2cc(CNCCC(F)(F)F)c(F)cc2F)CCSC(N)=N1,CHEMBL4084170,400.0,0.4
C[C@@]1(c2cc(CNC3CC3)c(F)cc2F)CCSC(N)=N1,CHEMBL4085715,30.0,0.03
C[C@@]1(c2cc(CNCC3CC3)c(F)cc2F)CCSC(N)=N1,CHEMBL4064148,14.0,0.014
C[C@@]1(c2cc(CNC3(C(F)F)CC3)c(F)cc2F)CCSC(N)=N1,CHEMBL4062728,12.0,0.012
C[C@@]1(c2cc(CNC3(C#N)CC3)c(F)cc2F)CCSC(N)=N1,CHEMBL4077211,24.0,0.024
C[C@@]1(c2cc(CNC3(C(F)(F)F)COC3)c(F)cc2F)CCSC(N)=N1,CHEMBL4080380,17.0,0.017
C[C@@]1(c2cc(CNC3(C(F)(F)F)CC3)c(F)cc2F)CCSC(N)=N1,CHEMBL4098403,18.0,0.018
C[C@@H]1C[C@@](C)(c2cc(CNC3(C(F)(F)F)CC3)c(F)cc2F)N=C(N)S1,CHEMBL4088234,0.024,0.024
COC(=O)[C@@H]1O[C@@H]2O[C@H]1C(=S)N(Cc1ccccc1)[C@H]2Cc1ccccc1,CHEMBL4094980,2600.0,2.6
CO[C@H]1CC[C@]2(CC1)Cc1ccc(-c3cc(Cl)cc(C#N)c3)cc1[C@]21COC(N)=N1,CHEMBL4092875,212.0,212.0
CO[C@H]1CC[C@]2(CC1)Cc1ccc(-c3cc(Cl)cc(C#N)c3)cc1[C@@]21COC(N)=N1,CHEMBL4072118,3.4,3.4
[2H]C1([2H])OC(N)=N[C@]12c1cc(-c3cc(Cl)cc(C#N)c3)ccc1C[C@]21CC[C@@H](OC)CC1,CHEMBL4062699,4.8,4.8
COc1cc(C#N)cc(-c2ccc3c(c2)[C@@]2(COC(N)=N2)[C@]2(CC[C@H](OC)CC2)C3)c1,CHEMBL4084381,2.7,2.7
[2H]C1([2H])OC(N)=N[C@]12c1cc(-c3cc(C#N)cc(OC)c3)ccc1C[C@]21CC[C@@H](OC)CC1,CHEMBL4100832,2.9,2.9
[2H]C1([2H])OC(N)=N[C@]12c1cc(-c3cccnc3)ccc1C[C@]21CC[C@@H](OC)CC1,CHEMBL4074071,7.0,7.0
[2H]C1([2H])OC(N)=N[C@]12c1cc(-c3cncc(C)c3)ccc1C[C@]21CC[C@@H](OC)CC1,CHEMBL4093123,5.9,5.9
[2H]C1([2H])OC(N)=N[C@]12c1cc(-c3cncnc3)ccc1C[C@]21CC[C@@H](OC)CC1,CHEMBL4065448,7.0,7.0
[2H]C1([2H])OC(N)=N[C@]12c1cc(-c3cncnc3)ccc1C[C@@]21C[C@@H](C)[C@H](OC)[C@@H](C)C1,CHEMBL4085364,1.5,1.5
[2H]C1([2H])OC(N)=N[C@]12c1cc(-c3cncnc3)ccc1C[C@]21CC[C@@H](OC)[C@H](C)C1,CHEMBL4103296,0.9,0.9
[2H]C1([2H])OC(N)=N[C@]12c1cc(-c3cncnc3)ccc1C[C@]21CC[C@@H](OC)[C@H](CC)C1,CHEMBL4097477,0.91,0.91
[2H]C1([2H])OC(N)=N[C@]12c1cc(-c3cncnc3)ccc1C[C@@]21CC[C@H](OC)[C@@H](C)C1,CHEMBL4070299,1.1,1.1
[2H]C1([2H])OC(N)=N[C@]12c1cc(-c3cncnc3)ccc1C[C@@]21CC[C@H](OC)[C@@H](CC)C1,CHEMBL4067413,2.0,2.0
CC(C)=CCC/C(=C/CC/C(C)=C/CC/C(C)=C/Cc1cc(O)cc(C)c1O)C(=O)O,CHEMBL261063,4400.0,4.4
CC(C)=CCC/C(=C/CC/C(C)=C/CCC1(C)C=Cc2cc(O)cc(C)c2O1)C(=O)O,CHEMBL4085945,7000.0,7.0
CC(C)=CCC/C(=C/CC/C(C)=C/CC/C(C)=C/CC1=CC(=O)C=C(C)C1=O)C(=O)O,CHEMBL4064412,12100.0,12.1
COc1cccc(-c2nc(SC(C(N)=O)c3nc(-c4ccccc4)cs3)[nH]c(=O)c2C#N)c1,CHEMBL4128947,37400.0,37.4
COc1ccccc1-c1nc(SC(C(N)=O)c2nc(-c3ccc([N+](=O)[O-])cc3)cs2)[nH]c(=O)c1C#N,CHEMBL4130015,27600.0,27.6
COc1cccc(-c2nc(SC(C(N)=O)c3nc(-c4ccc([N+](=O)[O-])cc4)cs3)[nH]c(=O)c2C#N)c1,CHEMBL4126751,26100.0,26.1
COc1ccccc1-c1nc(SC(C(N)=O)c2nc(-c3cccc([N+](=O)[O-])c3)cs2)[nH]c(=O)c1C#N,CHEMBL4127986,38600.0,38.6
COc1cccc(-c2nc(SC(C(N)=O)c3nc(-c4cccc([N+](=O)[O-])c4)cs3)[nH]c(=O)c2C#N)c1,CHEMBL4127289,24300.0,24.3
CCOc1cccc(-c2nc(SC(C(N)=O)c3nc(-c4ccc([N+](=O)[O-])cc4)cs3)[nH]c(=O)c2C#N)c1,CHEMBL4128727,15000.0,15.0
COc1cccc(-c2nc(SCC(=O)Nc3nc(-c4cc(Cl)c(N)c(Cl)c4)cs3)[nH]c(=O)c2C#N)c1,CHEMBL4128586,7700.0,7.7
COc1cccc(-c2nc(SC(C(N)=O)c3nc(-c4ccccc4)c[nH]3)[nH]c(=O)c2C#N)c1,CHEMBL4127672,4200.0,4.2
CCOc1cccc(-c2nc(SC(C(N)=O)c3nc(-c4ccccc4)c[nH]3)[nH]c(=O)c2C#N)c1,CHEMBL4127062,4600.0,4.6
COc1cccc(-c2nc(SCC(=O)Nc3nc(-c4cc(Cl)c(N)c(Cl)c4)c[nH]3)[nH]c(=O)c2C#N)c1,CHEMBL4128447,3200.0,3.2
CCOc1cccc(-c2nc(SCC(=O)Nc3nc(-c4cc(Cl)c(N)c(Cl)c4)cs3)[nH]c(=O)c2C#N)c1,CHEMBL4127486,13500.0,13.5
N#Cc1c(-c2cccc(C(F)(F)F)c2)nc(SC(C(N)=O)c2nc(-c3ccccc3)cs2)[nH]c1=O,CHEMBL4128807,19100.0,19.1
N#Cc1c(-c2cccc(C(F)(F)F)c2)nc(SCC(=O)Nc2nc(-c3cc(Cl)c(N)c(Cl)c3)cs2)[nH]c1=O,CHEMBL4127412,13400.0,13.4
N#Cc1c(-c2cccc(OC(F)(F)F)c2)nc(SC(C(N)=O)c2nc(-c3ccccc3)cs2)[nH]c1=O,CHEMBL4127550,29600.0,29.6
COc1cccc(-c2nc(SCC(=O)Nc3nc(-c4cccc(Br)c4)cs3)[nH]c(=O)c2C#N)c1,CHEMBL4126598,17500.0,17.5
COc1cccc(-c2nc(SC(C(N)=O)c3nc(-c4cccc(-c5cccnc5F)c4)cs3)[nH]c(=O)c2C#N)c1,CHEMBL4129873,15000.0,15.0
NC1=N[C@@](c2cccc(NC(=O)c3ccc(Br)cn3)c2)(C(F)F)COC1,CHEMBL4127807,38.0,38.0
NC1=NC(c2c(F)ccc(NC(=O)c3ccc(Br)cn3)c2F)(C(F)F)COC1,CHEMBL4130130,701.0,701.0
Cc1cc(C#N)cnc1C(=O)Nc1cc(F)c(F)c([C@]2(C(F)F)COCC(N)=N2)c1,CHEMBL4128770,20.0,20.0
CC1(C)OC[C@](c2cc(NC(=O)c3ccc(Br)cn3)ccc2F)(C(F)F)N=C1N,CHEMBL4126839,87.0,87.0
Cc1cc(C#N)cnc1C(=O)Nc1ccc(F)c([C@]2(C(F)F)COC3(CC3)C(N)=N2)c1,CHEMBL4128406,25.0,25.0
Cc1cc(C#N)cnc1C(=O)Nc1ccc(F)c([C@]2(C(F)F)COC3(CCOCC3)C(N)=N2)c1,CHEMBL4129775,28.0,28.0
CO[C@@]1(C)OC[C@@](C)(c2cc(NC(=O)c3ncc(C#N)cc3C)ccc2F)N=C1N,CHEMBL4129637,207.0,207.0
CO[C@]1(C)OC[C@@](C)(c2cc(NC(=O)c3ncc(C#N)cc3C)ccc2F)N=C1N,CHEMBL4126351,16.0,16.0
Cc1cc(C#N)cnc1C(=O)Nc1ccc(F)c([C@@]2(C)N=C(N)[C@@H]3CO[C@H]2O3)c1,CHEMBL4126197,53.0,53.0
Cc1cc(C#N)cnc1C(=O)Nc1ccc(F)c([C@]2(C)COC(CF)(CF)C(N)=N2)c1,CHEMBL4127572,24.0,24.0
Cc1cc(C#N)cnc1C(=O)Nc1ccc(F)c([C@]2(CF)COC(CF)(CF)C(N)=N2)c1,CHEMBL4127426,12.0,12.0
Cc1cc(C#N)cnc1C(=O)Nc1ccc(F)c([C@]2(C(F)F)COC(CF)(CF)C(N)=N2)c1,CHEMBL4128824,76.0,76.0
C[C@]1(C(F)(F)F)OC[C@@](C)(c2cccc(NC(=O)c3ccc(Br)cn3)c2)N=C1N,CHEMBL4128145,1077.0,1077.0
COC(=O)c1cc(C)nc2sc3cccc(OC)c3c12,CHEMBL4177357,600.0,0.6
COc1ccc2sc(N)cc2c1,CHEMBL4176954,2140.0,2.14
COC(=O)c1cc(C)c2c(n1)sc1ccc(OC)cc12,CHEMBL4169090,2200.0,2.2
N=c1oc2ccccc2cc1C(=O)Nc1cc(Br)ccc1NCc1cn(CCCN2C(=O)c3ccccc3C2=O)nn1,CHEMBL4167503,2200.0,2.2
N=c1oc2ccccc2cc1C(=O)Nc1cc(Br)ccc1NCc1cn(CCCCN2C(=O)c3ccccc3C2=O)nn1,CHEMBL4160274,6800.0,6.8
N=c1oc2ccccc2cc1C(=O)Nc1cc(Br)ccc1NCc1cn(Cc2ccc(Cl)c(Cl)c2)nn1,CHEMBL4167095,7500.0,7.5
N=c1oc2ccccc2cc1C(=O)Nc1cc(Br)ccc1NCc1cn(Cc2cccc(Cl)c2Cl)nn1,CHEMBL4159178,15600.0,15.6
N=c1oc2ccccc2cc1C(=O)Nc1cc(Br)ccc1NCc1cn(Cc2ccc(Br)cc2)nn1,CHEMBL4173515,6400.0,6.4
C[C@]1(c2cc(NC(=O)c3ccc(C#N)cn3)ccc2F)N=C(N)CO[C@H]1C(F)(F)F,CHEMBL4165225,22.2,22.2
C[C@]1(c2cc(NC(=O)c3ncc(C#N)cc3F)ccc2F)N=C(N)CO[C@@H]1F,CHEMBL4175845,18.4,18.4
C[C@]1(c2cc(NC(=O)c3ncc(C#N)cc3Cl)ccc2F)N=C(N)CO[C@@H]1F,CHEMBL4161795,10.7,10.7
C[C@]1(c2cc(NC(=O)c3ncc(C#N)cc3Cl)ccc2F)N=C(N)CO[C@H]1C(F)(F)F,CHEMBL4169060,28.5,28.5
COc1cnc(C(=O)Nc2ccc(F)c([C@@]3(C)N=C(N)CO[C@H]3C(F)(F)F)c2)cn1,CHEMBL4165629,29.5,29.5
COc1cnc(C(=O)Nc2ccc(F)c([C@@]3(C)N=C(N)COC3=C(F)F)c2)cn1,CHEMBL4170106,151.4,151.4
COc1cnc(C(=O)Nc2ccc(F)c([C@@]3(C)N=C(N)CO[C@H]3C(F)F)c2)cn1,CHEMBL4162197,11.4,11.4
COCCOc1cnc(C(=O)Nc2ccc(F)c([C@@]3(C)N=C(N)CO[C@H]3C(F)(F)F)c2)cn1,CHEMBL4159574,40.7,40.7
C[C@]1(c2cc(NC(=O)c3cnc(OCC(F)(F)F)cn3)ccc2F)N=C(N)CO[C@H]1C(F)(F)F,CHEMBL4167487,24.5,24.5
C[C@]1(c2cc(NC(=O)c3cnc(OC(F)(F)C(F)(F)F)cn3)ccc2F)N=C(N)CO[C@H]1C(F)(F)F,CHEMBL4174699,30.2,30.2
C[C@]1(c2cc(NC(=O)c3cnc(NCC(F)(F)F)cn3)ccc2F)N=C(N)CO[C@H]1C(F)(F)F,CHEMBL4164046,10000.0,10000.0
C[C@]1(c2cc(NC(=O)c3cnc(NC4CC4)cn3)ccc2F)N=C(N)CO[C@H]1C(F)(F)F,CHEMBL4171250,3020.0,3020.0
C[C@]1(c2cc(NC(=O)c3cnc(N4CCC4)cn3)ccc2F)N=C(N)CO[C@H]1C(F)(F)F,CHEMBL4160644,457.0,457.0
C[C@@]1(c2cc(NC(=O)c3cncnc3)ccc2F)COCC(N)=N1,CHEMBL4167898,1862.0,1862.0
C[C@@]1(c2cc(N/C=C/c3ccc(C#N)cn3)ccc2F)COCC(N)=N1,CHEMBL4175758,2344.0,2344.0
C[C@@]1(c2cc(NC(=O)c3ncccc3C#N)ccc2F)COCC(N)=N1,CHEMBL4173236,129.0,129.0
Cc1c(O)cc2oc3c(c(=O)c2c1O)-c1ccc(O)cc1OC3O,CHEMBL222274,5600.0,5.6
Cl.Oc1ccc(/C=N/CCNCCn2cnc3ccccc32)c(O)c1,CHEMBL4166192,15600.0,15.6
Cl.Nc1ncnc2c1ncn2CCNCC/N=C/c1ccc(O)cc1O,CHEMBL4166588,41400.0,41.4
Oc1ccc(/C=N/CCn2ccc3ccccc32)c(O)c1,CHEMBL4174503,4400.0,4.4
Oc1ccc(/C=N/CCn2ccc3cccnc32)c(O)c1,CHEMBL4170012,106700.0,106.7
O=C(NCCNc1ccnc2cc(Cl)ccc12)c1cnccn1,CHEMBL4159379,1700.0,1.7
Oc1ccccc1/C=N/CCNc1ccnc2cc(Cl)ccc12,CHEMBL4168528,160000.0,160.0
COc1ccc(S(=O)(=O)N(CC(O)Cn2c3ccccc3c3ccccc32)C2CCCCC2)cc1,CHEMBL4217236,3200.0,3.2
O=S(=O)(c1ccc(Cl)cc1)N(CC(O)Cn1c2ccccc2c2ccccc21)C1CCCCC1,CHEMBL4212215,6500.0,6.5
Cc1ccc(S(=O)(=O)N(CC(O)Cn2c3ccccc3c3ccccc32)C2CCCCC2)cc1,CHEMBL4208507,3900.0,3.9
O=S(=O)(c1ccccc1)N(CC(O)Cn1c2ccccc2c2ccccc21)C1CCCCC1,CHEMBL4218591,4100.0,4.1
COc1ccc(S(=O)(=O)N(CCc2ccccc2)CC(O)Cn2c3ccccc3c3ccccc32)cc1,CHEMBL4206849,3000.0,3.0
O=S(=O)(c1ccc(Cl)cc1)N(CCc1ccccc1)CC(O)Cn1c2ccccc2c2ccccc21,CHEMBL4206331,3800.0,3.8
Cc1ccc(S(=O)(=O)N(CCc2ccccc2)CC(O)Cn2c3ccccc3c3ccccc32)cc1,CHEMBL4211220,2500.0,2.5
O=S(=O)(c1ccccc1)N(CCc1ccccc1)CC(O)Cn1c2ccccc2c2ccccc21,CHEMBL4204309,2800.0,2.8
COc1ccc(CN(CC(O)Cn2c3ccccc3c3ccccc32)S(=O)(=O)c2ccccc2)cc1,CHEMBL4204985,5700.0,5.7
O=S(=O)(c1ccccc1)N(Cc1ccc(Cl)cc1)CC(O)Cn1c2ccccc2c2ccccc21,CHEMBL4204582,2700.0,2.7
Cc1ccc(CN(CC(O)Cn2c3ccccc3c3ccccc32)S(=O)(=O)c2ccccc2)cc1,CHEMBL4218977,10000.0,10.0
COc1ccc(S(=O)(=O)N(Cc2ccccc2)CC(O)Cn2c3ccccc3c3ccccc32)cc1,CHEMBL4205504,1600.0,1.6
O=S(=O)(c1ccc(Cl)cc1)N(Cc1ccccc1)CC(O)Cn1c2ccccc2c2ccccc21,CHEMBL4211801,1700.0,1.7
Cc1ccc(S(=O)(=O)N(Cc2ccccc2)CC(O)Cn2c3ccccc3c3ccccc32)cc1,CHEMBL4218068,2700.0,2.7
O=S(=O)(c1ccccc1)N(Cc1ccccc1)CC(O)Cn1c2ccccc2c2ccccc21,CHEMBL4208381,1900.0,1.9
O=S(=O)(c1ccccc1)N(CC(O)Cn1c2ccccc2c2ccccc21)c1ccc(F)cc1,CHEMBL4208920,10000.0,10.0
O=[N+]([O-])c1ccc(N(CC(O)Cn2c3ccccc3c3ccccc32)S(=O)(=O)c2ccccc2)cc1,CHEMBL4204042,3800.0,3.8
O=S(=O)(c1ccccc1)N(CC(O)Cn1c2ccccc2c2ccccc21)c1ccc(C(F)(F)F)cc1,CHEMBL4202435,3600.0,3.6
O=S(=O)(c1ccccc1)N(CC(O)Cn1c2ccccc2c2ccccc21)c1ccc(Cl)cc1,CHEMBL4215297,10000.0,10.0
Cc1ccc(N(CC(O)Cn2c3ccccc3c3ccccc32)S(=O)(=O)c2ccccc2)cc1,CHEMBL4204085,7100.0,7.1
COc1ccc(S(=O)(=O)N(CC(O)Cn2c3ccccc3c3ccccc32)c2ccccc2)cc1,CHEMBL4202984,2400.0,2.4
O=S(=O)(c1ccc(Cl)cc1)N(CC(O)Cn1c2ccccc2c2ccccc21)c1ccccc1,CHEMBL4208775,2900.0,2.9
Cc1ccc(S(=O)(=O)N(CC(O)Cn2c3ccccc3c3ccccc32)c2ccccc2)cc1,CHEMBL4207174,2600.0,2.6
O=S(=O)(c1ccccc1)N(CC(O)Cn1c2ccccc2c2ccccc21)c1ccccc1,CHEMBL1492021,3000.0,3.0
CN1C(=N)N[C@](C)(c2cc(NC(=O)c3ccc(Cl)cn3)ccc2F)CS1(=O)=O,CHEMBL3672916,2.2,2.2
NC1=N[C@@]2(c3cc(NC(=O)c4ccc(F)cn4)ccc3F)CCC[C@H]2CS1,CHEMBL4205912,38.4,38.4
COc1cccc(NC(=O)c2cnc([C@]34CO[C@@H](C)C[C@H]3CSC(N)=N4)s2)n1,CHEMBL4212046,0.033,0.033
COc1cccc(NC(=O)c2cnc([C@]34CO[C@@H](C)C[C@H]3CSC(N)=N4)s2)c1,CHEMBL4203860,0.11,0.11
C[C@H]1C[C@H]2CSC(N)=N[C@@]2(c2nc(NC(=O)c3ccn(C(F)F)n3)cs2)CO1,CHEMBL4215837,0.64,0.64
C[C@H]1C[C@H]2CSC(N)=N[C@@]2(c2nc(NC(=O)c3cnc(OC(F)F)cn3)cs2)CO1,CHEMBL4204163,7.2,7.2
C[C@H]1C[C@H]2CSC(N)=N[C@@]2(c2nc(NC(=O)c3ccc(C#N)cn3)cs2)CO1,CHEMBL4211913,3.9,3.9
COc1ccc(C(=O)Nc2csc([C@]34CO[C@@H](C)C[C@H]3CSC(N)=N4)n2)cc1,CHEMBL4217023,0.034,0.034
C[C@H]1C[C@H]2CSC(N)=N[C@@]2(c2nccs2)CO1,CHEMBL4214785,2050.0,2.05
C[C@H]1C[C@H]2CSC(N)=N[C@@]2(c2cccs2)CO1,CHEMBL4204215,110.0,0.11
C[C@H]1C[C@H]2CSC(N)=N[C@@]2(c2ccsc2)CO1,CHEMBL4203347,170.0,0.17
C[C@H]1C[C@H]2CSC(N)=N[C@@]2(c2ncccc2F)CO1,CHEMBL4214603,250.0,0.25
COc1ccccc1[C@]12CO[C@@H](C)C[C@H]1CSC(N)=N2,CHEMBL4209354,850.0,0.85
C[C@H]1C[C@H]2CSC(N)=N[C@@]2(c2ccccc2)CO1,CHEMBL4207711,820.0,0.82
C[C@H]1C[C@H]2CSC(N)=N[C@@]2(c2ccccc2C(F)(F)F)CO1,CHEMBL4209994,2920.0,2.92
CN1C(N)=N[C@](C)(c2cc(NC(=O)c3ccc(F)cn3)ccc2F)CS1(=O)=O,CHEMBL3301601,2.2,2.2
CC#Cc1cncc(-c2ccc3c(c2)[C@@]2(N=C(C)C(N)=N2)[C@]2(CC[C@@H](OC)CC2)C3)c1,CHEMBL4217620,0.6,0.6
Cc1cccc2nc(-c3ccc(OCCCN4C(=O)c5ccccc5C4=O)cc3)c(NC3CCCCC3)n12,CHEMBL4203158,5930.0,5.93
Cc1ccc2nc(-c3ccc(OCCCN4C(=O)c5ccccc5C4=O)cc3)c(NC3CCCCC3)n2c1,CHEMBL4210406,29420.0,29.42
Cc1ccn2c(NC3CCCCC3)c(-c3ccc(OCCCN4C(=O)c5ccccc5C4=O)cc3)nc2c1,CHEMBL4215348,2840.0,2.84
COc1cc(-c2nc3ccc(Cl)cn3c2NC2CCCCC2)ccc1OCCCN1C(=O)c2ccccc2C1=O,CHEMBL4208354,14900.0,14.9
C[C@@]1(c2cc(NC(=O)c3ccc(C#N)cn3)ccc2F)C=COC(N)=N1,CHEMBL4205656,218.0,218.0
CC1=COC(N)=N[C@]1(C)c1cc(NC(=O)c2ccc(C#N)cn2)ccc1F,CHEMBL4205130,408.0,408.0
CC1=C[C@@](CF)(c2cc(NC(=O)c3ccc(C#N)cn3)ccc2F)N=C(N)O1,CHEMBL4208552,103.0,103.0
C[C@@]1(c2cc(NC(=O)c3ccc(C#N)cn3)ccc2F)C=C(CF)OC(N)=N1,CHEMBL4213486,59.0,59.0
N#Cc1ccc(C(=O)Nc2ccc(F)c([C@]3(C4CC4)C=C(CF)OC(N)=N3)c2)nc1,CHEMBL4212939,329.0,329.0
COCC1=C[C@@](C)(c2cc(NC(=O)c3ccc(C#N)cn3)ccc2F)N=C(N)O1,CHEMBL4217881,73.7,73.7
Cc1cc(C#N)cnc1C(=O)Nc1ccc(F)c([C@]2(C)C=C(C(F)F)OC(N)=N2)c1,CHEMBL4216412,63.9,63.9
Cc1cc(C#N)cnc1C(=O)Nc1ccc(F)c([C@]2(C)C=C(CF)OC(N)=N2)c1,CHEMBL4204742,66.6,66.6
C[C@@]1(c2cc(NC(=O)c3ncc(C#N)cc3Cl)ccc2F)C=C(CF)OC(N)=N1,CHEMBL4207962,94.9,94.9
COc1cc(C#N)cnc1C(=O)Nc1ccc(F)c([C@]2(C)C=C(CF)OC(N)=N2)c1,CHEMBL4203079,238.0,238.0
COc1cnc(C(=O)Nc2ccc(F)c([C@]3(C)C=C(CF)OC(N)=N3)c2)cn1,CHEMBL4203599,241.0,241.0
C[C@@]1(c2cc(NC(=O)c3cnc(C(F)F)cn3)ccc2F)C=C(CF)OC(N)=N1,CHEMBL4215276,313.0,313.0
C[C@@]1(c2cc(NC(=O)c3cnc(OCF)cn3)ccc2F)C=C(CF)OC(N)=N1,CHEMBL4216758,139.0,139.0
C[C@@]1(c2cc(NC(=O)c3ncc(OCF)nc3N)ccc2F)C=C(CF)OC(N)=N1,CHEMBL4211790,34.8,34.8
C[C@@]1(c2cc(NC(=O)c3coc(C(F)F)n3)ccc2F)C=C(CF)OC(N)=N1,CHEMBL4212335,94.1,94.1
C[C@@]1(c2cc(NC(=O)c3coc(CF)n3)ccc2F)C=C(CF)OC(N)=N1,CHEMBL4207430,48.4,48.4
C=C1[C@@H]2O[C@@]23[C@]2(C)CCC(=O)C(C)(C)C2=C(O)C(=O)[C@]3(C)[C@H]2C(=O)O[C@](C)(C(=O)OC)C(=O)[C@]12C,CHEMBL4211731,50000.0,50.0
C=C1C[C@H]2[C@]3(C)CCC(=O)C(C)(C)[C@@H]3C(=O)[C@@H](O)[C@]2(C)[C@H]2C(=O)O[C@](C)(C(=O)OC)C(=O)[C@]12C,CHEMBL4211219,3320.0,3.32
C=C1C[C@H]2[C@]3(C)CCC(=O)C(C)(C)[C@@H]3C(=O)[C@@H](O)[C@]2(C)[C@H]2C(=O)O[C@@H](C)C(=O)[C@]12C,CHEMBL4216181,5850.0,5.85
C=C1C[C@H]2[C@]3(C)CCC(=O)C(C)(C)[C@H]3C(=O)[C@@H](O)[C@]2(C)[C@@H]2C(=O)O[C@](C)(C(=O)OC)C(=O)[C@]12C,CHEMBL4215650,50000.0,50.0
C=C1C[C@H]2[C@]3(C)CCC(=O)C(C)(C)[C@H]3C(=O)[C@@H](O)[C@]2(C)[C@H]2C(=O)O[C@](C)(C(=O)OCC)C(=O)[C@]12C,CHEMBL4203972,50000.0,50.0
C=C1C[C@H]2[C@]3(C)CC[C@@H](O)C(C)(C)[C@H]3C(=O)[C@@H](O)[C@]2(C)[C@@H](C(=O)OC)[C@]1(C)C(=O)[C@](C)(O)C(=O)OC,CHEMBL4218151,50000.0,50.0
C=C1C[C@H]2[C@]3(C)CCC(=O)C(C)(C)[C@@H]3C(=O)[C@@H](O)[C@]2(C)[C@@H](C(=O)OC)[C@]1(C)C(=O)[C@](C)(O)C(=O)OC,CHEMBL4206426,31680.0,31.68
C=C1C[C@H]2[C@]3(C)CCC(=O)C(C)(C)[C@H]3C(=O)C[C@]2(C)[C@@H](C(=O)OC)[C@]1(C)C(=O)[C@](C)(O)C(=O)OC,CHEMBL4204943,50000.0,50.0
C=C1C[C@@H]2[C@](C)(C(=O)C(O)=C3C(C)(C)C(=O)CC[C@]32C)[C@@H](C(=O)OC)[C@]1(C)C(=O)[C@](C)(O)C(=O)OC,CHEMBL4216625,50000.0,50.0
C=C1C[C@H]2[C@]3(C)CCC(=O)C(C)(C)[C@H]3C(=O)C[C@]2(C)[C@]2(C(=O)OC)C(=O)[C@H](C)OC(=O)[C@]12C,CHEMBL4209304,50000.0,50.0
C=C1C[C@H]2[C@]3(C)CCC(=O)C(C)(C)[C@H]3C(=O)[C@@H](O)[C@]2(C)[C@H]2C(=O)O[C@](C)(C(=O)OC)C(=O)[C@]12C,CHEMBL4204435,50000.0,50.0
C=C1C[C@@H]2[C@](C)(C(=O)C(O)=C3C(C)(C)C(=O)CC[C@]32C)[C@H]2C(=O)O[C@](C)(C(=O)OC)C(=O)[C@]12C,CHEMBL4213706,50000.0,50.0
C=C1C[C@@]2(O)[C@]3(C)CCC(=O)C(C)(C)C3=C(O)C(=O)[C@]2(C)[C@H]2C(=O)O[C@](C)(C(=O)OC)C(=O)[C@]12C,CHEMBL4208768,50000.0,50.0
C=C1C[C@H]2[C@]3(C)CCC(=O)C(C)(C)[C@H]3C(=O)[C@@H](O)[C@]2(C)[C@H]2C(=O)O[C@@H](C)C(=O)[C@]12C,CHEMBL4218091,50000.0,50.0
C=C1C[C@H]2[C@]3(C)CCC(=O)C(C)(C)[C@H]3C(=O)[C@@H](O)[C@]2(C)[C@@H](C(=O)OC)[C@]1(C)C(=O)[C@](C)(O)C(=O)OC,CHEMBL4213164,50000.0,50.0
C=C1C[C@H]2[C@]3(C)CCC(=O)C(C)(C)[C@H]3CC[C@]2(C)[C@]2(C(=O)OC)C(=O)[C@@](C)(O)C(=O)[C@]12C,CHEMBL4205875,50000.0,50.0
C[C@H]1COC(N)=N[C@]1(C)c1cc(NC(=O)c2ccc(C#N)cn2)ccc1F,CHEMBL4229101,83.6,83.6
C[C@@H]1COC(N)=N[C@]1(C)c1cc(NC(=O)c2ccc(C#N)cn2)ccc1F,CHEMBL4228841,71.5,71.5
C[C@]1(c2cc(NC(=O)c3ccc(C#N)cn3)ccc2F)N=C(N)O[C@@H](CF)[C@@H]1F,CHEMBL4228010,120.0,120.0
C[C@]1(c2cc(NC(=O)c3ccc(C#N)cn3)ccc2F)N=C(N)O[C@H](CF)[C@@H]1F,CHEMBL4226077,11.9,11.9
CO[C@H]1[C@@H](CF)OC(N)=N[C@]1(C)c1cc(NC(=O)c2ccc(C#N)cn2)ccc1F,CHEMBL4225225,27.6,27.6
COC[C@H]1OC(N)=N[C@](C)(c2cc(NC(=O)c3ccc(C#N)cn3)ccc2F)[C@H]1F,CHEMBL4226208,25.8,25.8
C[C@]1(c2cc(NC(=O)c3ncc(C#N)cc3Cl)ccc2F)N=C(N)O[C@H](CF)[C@@H]1F,CHEMBL4227054,12.9,12.9
C[C@]1(c2cc(NC(=O)c3ccc(F)cn3)ccc2F)N=C(N)O[C@H](CF)[C@@H]1F,CHEMBL4226467,25.8,25.8
COc1cnc(C(=O)Nc2ccc(F)c([C@@]3(C)N=C(N)O[C@H](CF)[C@@H]3F)c2)cn1,CHEMBL4227313,17.9,17.9
C[C@]1(c2cc(NC(=O)c3cnc(C(F)F)cn3)ccc2F)N=C(N)O[C@H](CF)[C@@H]1F,CHEMBL4226730,27.4,27.4
C[C@]1(c2cc(NC(=O)c3cnc(OCF)cn3)ccc2F)N=C(N)O[C@H](CF)[C@@H]1F,CHEMBL4227584,11.7,11.7
CC(F)(F)[C@H]1OC(N)=N[C@](C)(c2cc(NC(=O)c3cnc(OCF)cn3)ccc2F)[C@H]1F,CHEMBL4226994,8.74,8.74
C[C@]1(c2cc(NC(=O)c3cnc(OCF)cn3)ccc2F)N=C(N)O[C@H](C2(F)CC2)[C@@H]1F,CHEMBL4227851,20.5,20.5
C[C@H](F)[C@H]1OC(N)=N[C@](C)(c2cc(NC(=O)c3cnc(OCF)cn3)ccc2F)[C@H]1F,CHEMBL4225154,16.0,16.0
C[C@@H](F)[C@H]1OC(N)=N[C@](C)(c2cc(NC(=O)c3cnc(OCF)cn3)ccc2F)[C@H]1F,CHEMBL4226007,11.8,11.8
CCN(CC)CCCC(C)Nc1ccnc2cc(Cl)ccc12,CHEMBL76,7000.0,7.0
CC(C)CN(CCCN1CCN(CCCNc2nc3ccccc3[nH]2)CC1)CC(C)C,CHEMBL419432,1700.0,1.7
Oc1c(CN2CCCC2)cc(Nc2ccnc3cc(Cl)ccc23)cc1CN1CCCC1,CHEMBL167970,5100.0,5.1
c1cc(-c2ccc(NCCCN3CCCCC3)c(OCCN3CCCCC3)c2)ccc1CN1CCCCC1,CHEMBL4282611,2100.0,2.1
CN(C)Cc1ccc(-c2ccc(NCCCN3CCCCC3)c(OCCN3CCCCC3)c2)cc1,CHEMBL4293890,1500.0,1.5
c1cc(CN2CCCCC2)cc(-c2ccc(NCCCN3CCCCC3)c(OCCN3CCCCC3)c2)c1,CHEMBL4285991,4300.0,4.3
c1ccc(-c2ccc(NCCCN3CCCCC3)c(OCCN3CCCCC3)c2)c(CN2CCCCC2)c1,CHEMBL4278741,2600.0,2.6
c1ccc(-c2ccc(NCCCN3CCCCC3)c(OCCN3CCCCC3)c2)c(CN2CCOCC2)c1,CHEMBL4289410,2800.0,2.8
CN1CCN(Cc2ccccc2-c2ccc(NCCCN3CCCCC3)c(OCCN3CCCCC3)c2)CC1,CHEMBL4291976,2600.0,2.6
CN(C)Cc1ccccc1-c1ccc(NCCCN2CCCCC2)c(OCCN2CCCCC2)c1,CHEMBL4284107,2800.0,2.8
CN(C)Cc1ccccc1-c1ccc(NCCCN2CCCCC2)c(OCCC2CCCCC2)c1,CHEMBL4294633,2100.0,2.1
CN(C)Cc1ccccc1-c1ccc(NCCCN2CCCCC2)c(OCCCN2CCCCC2)c1,CHEMBL4284039,2100.0,2.1
CN(C)Cc1ccccc1-c1ccc(NCCN2CCCCC2)c(OCCN2CCCCC2)c1,CHEMBL4291231,1400.0,1.4
CN(C)Cc1ccccc1-c1ccc(NCCN2CCCCC2)c(OCCCN2CCCCC2)c1,CHEMBL4280586,2000.0,2.0
CN(C)Cc1ccccc1-c1ccc(NCCN2CCCCC2)c(OCCCCN2CCCCC2)c1,CHEMBL4282946,1600.0,1.6
CN(C)Cc1ccccc1-c1ccc(NCCCCN2CCCCC2)c(OCCN2CCCCC2)c1,CHEMBL4290806,1700.0,1.7
c1ccc(-c2ccc(NCCCN3CCCCC3)c(OCCN3CCCCC3)c2)cc1,CHEMBL4279482,5200.0,5.2
c1ccc(-c2cccc(OCCN3CCCCC3)c2)cc1,CHEMBL4287392,9100.0,9.1
CN(C)Cc1ccccc1-c1cccc(OCCN2CCCCC2)c1,CHEMBL4281005,1500.0,1.5
CN(C)Cc1ccccc1-c1ccc(NCCCN2CCCCC2)cc1,CHEMBL4288906,3900.0,3.9
CN(C)Cc1ccn(-c2ccc(NCCCN3CCCCC3)c(OCCN3CCCCC3)c2)c1,CHEMBL4279857,5000.0,5.0
NC1=N[C@@]2(CO1)c1cc(-c3cccc(F)n3)ccc1Oc1cnc(-c3ccnc(F)c3)cc12,CHEMBL4285211,0.92,0.00092
NC1=N[C@@]2(CO1)c1cc(-c3cccc(F)n3)ccc1Oc1cnc(Cl)cc12,CHEMBL4277255,72.0,0.072
NC1=N[C@@]2(CO1)c1cc(-c3cncc(F)c3)ccc1Oc1cnc(Cl)cc12,CHEMBL4288556,320.0,0.32
CC#Cc1cncc(-c2ccc3c(c2)[C@@]2(COC(N)=N2)c2cc(Cl)ncc2O3)c1,CHEMBL4280656,13.0,0.013
NC1=N[C@@]2(CO1)c1cc(NC(=O)c3ccc(Cl)cn3)ccc1Oc1cnc(Cl)cc12,CHEMBL4291981,21.0,0.021
CC#Cc1cncc(-c2ccc3c(c2)[C@@]2(COC(N)=N2)c2cc(C4=CCOCC4)ncc2O3)c1,CHEMBL4284110,0.31,0.00031
CC#Cc1cncc(-c2ccc3c(c2)[C@@]2(COC(N)=N2)c2cc(C4=CCCOC4)ncc2O3)c1,CHEMBL4276834,0.46,0.00046
CC#Cc1cncc(-c2ccc3c(c2)[C@@]2(COC(N)=N2)c2cc(-c4ccnc(F)c4)ncc2O3)c1,CHEMBL4287483,0.43,0.00043
NC1=N[C@@]2(CO1)c1cc(-c3cncc(C#CC4CC4)c3)ccc1Oc1cnc(C3=CCOCC3)cc12,CHEMBL4282964,1.8,0.0018
NC1=N[C@@]2(CO1)c1cc(-c3cncc(C#CCO)c3)ccc1Oc1cnc(C3=CCOCC3)cc12,CHEMBL4290822,0.58,0.00058
CC1(C#Cc2cncc(-c3ccc4c(c3)[C@@]3(COC(N)=N3)c3cc(C5=CCOCC5)ncc3O4)c2)COC1,CHEMBL4279496,5.5,0.0055
COc1cc2c(cn1)Oc1ccc(NC(=O)c3ccc(Cl)cn3)cc1[C@@]21COC(N)=N1,CHEMBL4287410,7.5,0.0075
Cc1cc2c(cn1)Oc1ccc(NC(=O)c3ccc(Cl)cn3)cc1[C@@]21COC(N)=N1,CHEMBL4289749,31.0,0.031
NC1=N[C@@]2(CO1)c1cc(NC(=O)c3ccc(Cl)cn3)ccc1Oc1cnc(C3CC3)cc12,CHEMBL4279064,3.6,0.0036
NC1=N[C@@]2(CO1)c1cc(NC(=O)c3ccc(Cl)cn3)ccc1Oc1cnc(C3CCOCC3)cc12,CHEMBL4286331,0.57,0.00057
NC1=N[C@@]2(CO1)c1cc(NC(=O)c3ccc(Cl)cn3)ccc1Oc1cnc(C3=CCCOC3)cc12,CHEMBL4294221,0.62,0.00062
COc1cc2c(cc1OC)C(=O)/C(=C/C1CCN(Cc3ccccc3)CC1)C2,CHEMBL168938,697.0,0.697
COc1ccc2c(c1)C/C(=C\C1CCN(Cc3ccccc3)CC1)C2=O,CHEMBL3818084,333.0,0.333
CN(C)CCOC(=O)/C=C/c1ccc2oc(C(=O)Nc3ccccc3)cc(=O)c2c1,CHEMBL4285714,10000.0,10.0
Cc1ccc(NC(=O)c2cc(=O)c3cc(/C=C/C(=O)OCCN(C)C)ccc3o2)cc1,CHEMBL4292235,10000.0,10.0
CN(C)CCOC(=O)/C=C/c1ccc2occ(C(=O)Nc3ccccc3)c(=O)c2c1,CHEMBL4286556,10000.0,10.0
Cc1ccc(NC(=O)c2coc3ccc(/C=C/C(=O)OCCN(C)C)cc3c2=O)cc1,CHEMBL4284235,10000.0,10.0
O=C(O)/C=C/c1ccc2occ(C(=O)Nc3ccccc3)c(=O)c2c1,CHEMBL4284580,10000.0,10.0
C[C@@]1(c2cc(NC(=O)c3ccc(F)cn3)ccc2F)CCSC(N)=N1,CHEMBL4582946,13.0,13.0
C[C@@]1(c2cc(NC(=O)c3ccc(C#N)cn3)ccc2F)CCSC(N)=N1,CHEMBL4535964,3.2,3.2
C[C@@]1(c2cc(NC(=O)c3cnc(C(F)F)cn3)ccc2F)CCSC(N)=N1,CHEMBL4563915,20.0,20.0
COc1cnc(C(=O)Nc2ccc(F)c([C@]3(C)CCSC(N)=N3)c2)cn1,CHEMBL4561732,11.0,11.0
C[C@@]1(c2cc(NC(=O)c3cnc(OCC(F)(F)F)cn3)ccc2F)CCSC(N)=N1,CHEMBL4536643,7.2,7.2
C[C@@]1(c2cc(NC(=O)c3cnc(OCF)cn3)ccc2F)CCSC(N)=N1,CHEMBL4568202,4.9,4.9
CO[C@H]1CSC(N)=N[C@]1(C)c1cc(NC(=O)c2cnc(OCF)cn2)ccc1F,CHEMBL4451133,8.3,8.3
C[C@]1(c2cc(NC(=O)c3cnc(OCF)cn3)ccc2F)N=C(N)SC[C@@H]1c1ccccc1,CHEMBL4473080,1.7,1.7
C[C@]1(c2cc(NC(=O)c3cnc(OCF)cn3)ccc2F)N=C(N)SC[C@H]1c1ccccc1,CHEMBL4463201,3.3,3.3
C[C@]1(c2cc(NC(=O)c3cnc(OCF)cn3)ccc2F)N=C(N)SC[C@@H]1C1CCOCC1,CHEMBL4587362,3.2,3.2
C[C@]1(c2cc(NC(=O)c3cnc(OCF)cn3)ccc2F)N=C(N)SCC12CCOCC2,CHEMBL4583340,15.0,15.0
C[C@]1(c2cc(NC(=O)c3cnc(OCF)cn3)ccc2F)N=C(N)SCC12CC(F)(F)C2,CHEMBL4592239,5.5,5.5
C[C@]1(c2cc(NC(=O)c3cnc(OCF)cn3)ccc2F)N=C(N)SCC12CCC(F)(F)CC2,CHEMBL4443968,16.0,16.0
C[C@]1(c2cc(NC(=O)c3cnc(OCF)cn3)ccc2F)N=C(N)SCC12CCS(=O)(=O)CC2,CHEMBL4465534,3.8,3.8
CN1C[C@@](C)(c2cc(NC(=O)c3ccc(Cl)cn3)ccc2F)N=C(N)C1=O,CHEMBL4550000,23.44,7.63
C[C@@]1(c2cc(NC(=O)c3ccc(Cl)cn3)ccc2F)Cn2ccnc2C(N)=N1,CHEMBL4466470,34.67,7.46
C[C@@]1(c2cc(NC(=O)c3ccc(C#N)cn3)ccc2F)Cn2ccnc2C(N)=N1,CHEMBL4525199,28.84,7.54
C[C@@]1(c2cc(NC(=O)c3ccc(C#N)cn3)ccc2F)Cn2cncc2C(N)=N1,CHEMBL4557890,3.981,8.4
C[C@@]1(c2cccc(NC(=O)c3ccc(C#N)cn3)c2)Cn2nccc2C(N)=N1,CHEMBL4521954,4.571,8.34
C[C@@]1(c2cc(NC(=O)c3ccc(C#N)cn3)ccc2F)Cn2ncnc2C(N)=N1,CHEMBL4438397,6.026,8.22
C[C@@]1(c2cc(NC(=O)c3ccc(C#N)cn3)ccc2F)Cn2cnnc2C(N)=N1,CHEMBL4473647,10.72,7.97
C[C@@]1(c2cc(NC(=O)c3ccc(C#N)cn3)ccc2F)Cn2nncc2C(N)=N1,CHEMBL4441612,1.995,8.7
C[C@@]1(c2cc(NC(=O)c3ccc(C#N)cn3)ccc2F)Cn2nnnc2C(N)=N1,CHEMBL4446937,9.12,8.04
CC1(C)C=Cc2c(ccc(C(=O)/C=C/c3ccc(O)cc3)c2O)O1,CHEMBL362378,9800.0,9.8
C[C@H]1SC(N)=N[C@](C)(c2cc(NC(=O)c3cnc(OCF)cn3)ccc2F)[C@H]1F,CHEMBL4557670,5.0,5.0
COc1ccc2nc3c(c(NCCCCCCCCNC(=S)NC45CC6CC(CC(C6)C4)C5)c2c1)CCCC3,CHEMBL4566976,18400.0,18.4
C/C(=C\CC/C(C)=C/Cc1cc(C(=O)O)ccc1O)CC/C=C(\C)CC/C=C(\C)C(=O)O,CHEMBL4443976,2000.0,2.0
C/C(=C\CC/C(C)=C/CCC1(C)C=Cc2cc(C(=O)O)ccc2O1)CC/C=C(\C)C(=O)O,CHEMBL4576721,11400.0,11.4
C=C(CC/C=C(\C)CC/C=C(\C)C(=O)O)C(O)CC/C(C)=C/Cc1cc(C(=O)O)ccc1O,CHEMBL4533100,14700.0,14.7
FC(F)(F)Oc1ccc2nc(-c3cccc(N4CCc5ccccc5C4)n3)[nH]c2c1,CHEMBL4554770,1100.0,1.1
Clc1ccc2nc(-c3cccc(N4CCc5ccccc5C4)n3)[nH]c2c1,CHEMBL4532096,1800.0,1.8
FC(F)(F)c1ccc2nc(-c3cccc(N4CCc5ccccc5C4)n3)[nH]c2c1,CHEMBL4574899,3600.0,3.6
Clc1ccc2nc(-c3cccc(N4CCc5ccccc5C4)c3)[nH]c2c1,CHEMBL4458644,1300.0,1.3
COc1ncc(CC2CCOCC2)c2c1C[C@]1(c3ccc(F)cc3F)N=C(N)SC[C@@H]1C2,CHEMBL4530208,0.76,0.76
COc1ncc(C(=O)NC2CC2)c2c1C[C@]1(c3ccc(F)cc3F)N=C(N)SC[C@@H]1C2,CHEMBL4459963,9.6,9.6
CC1(c2cc(NC(=O)c3ccc(C#N)cn3)ccc2F)Cc2ncc(F)cc2C(N)=N1,CHEMBL4438044,2.0,2.0
C[C@]1(c2cc(NC(=O)c3ccc(C#N)cn3)ccc2F)N=C(N)O[C@H]2[C@@H]1OCC2(F)F,CHEMBL4453037,0.391,0.391
C[C@]1(c2cc(NC(=O)c3ccc(C#N)cn3)ccc2F)N=C(N)OCC12CC(F)(F)C2,CHEMBL4439134,0.615,0.615
C[C@H]1SC(N)=N[C@](C)(c2cc(NC(=O)c3cnc(F)cn3)ccc2F)C12CC(F)(F)C2,CHEMBL4437405,5.4,5.4
COC[C@H]1SC(N)=N[C@](C)(c2cc(NC(=O)c3ccc(C#N)cn3)ccc2F)[C@H]1F,CHEMBL4537415,1.0,1.0
C[C@H]1SC(N)=N[C@](C)(c2cc(NC(=O)c3ccc(OC(F)F)cn3)ccc2F)[C@H]1F,CHEMBL4561476,1.2,1.2
Cc1cc(Cl)cnc1C(=O)Nc1ccc(F)c([C@@]2(C)N=C(N)[C@]3(C)CC[C@H]2S3(=O)=O)c1,CHEMBL4464845,2.0,2.0
Cc1cc(Cl)cnc1C(=O)Nc1ccc2c(c1)[C@@]1(C)N=C(N)C(C)(C)S(=O)(=O)[C@@H]1CCO2,CHEMBL4450749,6.0,6.0
NC1=N[C@](CF)(c2cc(NC(=O)c3cnc(Cl)cn3)cc(F)c2F)[C@H]2[C@@H](S1)C2(F)F,CHEMBL4449357,11.2,11.2
NC1=N[C@](CF)(c2cc(NC(=O)c3cnc(Cl)cn3)ccc2F)[C@@H]2C[C@]2(C(F)F)S1,CHEMBL4460912,3.7,3.7
C#CCOc1cnc(C(=O)Nc2cc(F)c(F)c([C@@]3(CF)N=C(N)S[C@H]4C[C@H]43)c2)cn1,CHEMBL4454250,0.64,0.64
C#CCOc1cnc(/C(F)=C/c2ccc(F)c([C@]3(C)CS(=O)(=O)C(C)(C)C(N)=N3)c2)cn1,CHEMBL4470897,1.0,1.0
C#CCOc1cnc(/C(F)=C/c2ccc(F)c([C@]3(C)CS(=O)(=O)N(C)C(N)=N3)c2)cn1,CHEMBL4440849,3.0,3.0
C[C@@]1(c2cc(NC(=O)c3nc4ccc(C#N)nc4s3)ccc2F)CO[C@@](C)(C(F)(F)F)C(N)=N1,CHEMBL4440268,8.18,8.18
COc1cnc(C(=O)Nc2ccnc([C@]34CN(c5ncc(F)cn5)C[C@H]3CSC(N)=N4)c2)cn1,CHEMBL4526395,0.9,0.9
COc1cnc(C(=O)Nc2cccc([C@]34CN(c5ncc(F)cn5)C[C@H]3CSC(N)=N4)c2)cn1,CHEMBL4446406,0.482,0.482
COc1nc(N2C[C@H]3CSC(N)=N[C@@]3(c3ccns3)C2)nc(C)c1F,CHEMBL4535864,172.0,172.0
COc1cnc(C(=O)Nc2ccc(F)c([C@]34CN(c5ncc(F)cn5)C[C@H]3CSC(N)=N4)c2)cn1,CHEMBL4452566,0.615,0.615
CC(F)(F)[C@H]1OC[C@]2(c3cc(NC(=O)c4cnc(-n5cncn5)cn4)ccc3F)N=C(N)SC[C@H]12,CHEMBL4473955,0.385,0.385
CC(F)(F)[C@H]1OC[C@]2(c3cc(NC(=O)c4ccc(C(F)(F)F)cn4)ccc3F)N=C(N)SC[C@H]12,CHEMBL4591139,1.03,1.03
CC(F)(F)[C@H]1OC[C@]2(c3cc(NC(=O)c4ccc(C#N)cn4)ccc3F)N=C(N)SC[C@H]12,CHEMBL4564324,0.157,0.157
N#Cc1ccc(C(=O)Nc2ccc(F)c([C@]34COC[C@H]3n3cccc3C(N)=N4)c2)nc1,CHEMBL4461226,15.5,15.5
C[C@@]1(c2cc(NC(=O)c3ccc(C#N)cc3)ccc2F)Cn2cnc(C(F)F)c2C(N)=N1,CHEMBL4525240,0.95,0.95
Cn1cc2n(c1=O)C[C@@](C)(c1cc(NC(=O)c3ccc(C#N)cn3)ccc1F)N=C2N,CHEMBL4473230,13.2,13.2
NC1=N[C@@]2(c3cc(NC(=O)c4ccc(C(F)(F)F)cn4)ccc3F)CO[C@H](C(F)(F)F)[C@H]2CO1,CHEMBL4515824,1.03,1.03
C[C@H]1OC[C@]2(c3cc(NC(=O)c4cnc(C(F)F)cn4)ccc3F)N=C(N)SC[C@H]12,CHEMBL4204869,7.0,7.0
N#Cc1ccc(C(=O)Nc2ccc(F)c([C@]34COC[C@@]3(F)COC(N)=N4)c2)nc1,CHEMBL4568474,45.0,45.0
CC(F)(F)[C@@H]1C[C@@](C)(c2cc(NC(=O)c3ccc(OCF)cn3)ccc2F)N=C(N)S1,CHEMBL4475802,6.13,6.13
C[C@@]1(c2cc(NC(=O)c3ccc(OCF)cn3)ccc2F)C[C@@H](C(F)(F)F)SC(N)=N1,CHEMBL4445405,5.67,5.67
C[C@@]1(c2cc(NC(=O)c3cnc(OCF)cn3)ccc2F)C[C@@H](C(F)F)SC(N)=N1,CHEMBL4438526,6.23,6.23
C[C@@]1(c2nc(NC(=O)c3ccc(C#N)cn3)ccc2F)C[C@@H](C(F)(F)F)OC(N)=N1,CHEMBL4558124,3.4,3.4
CC#CCOc1cnc(C2=Nc3cc([C@]4(C)C[C@@H](C(F)(F)F)OC(N)=N4)c(F)cc3CN2)cn1,CHEMBL4453767,9.0,9.0
C[C@@]1(c2cc(-c3cc(-c4cnc(C#N)cn4)no3)ccc2F)C[C@@H](C(F)(F)F)OC(N)=N1,CHEMBL4437812,30.0,30.0
Cc1cc(C#N)cnc1C(=O)Nc1ccc(F)c([C@]2(C)C[S@@](=O)(=NCC(F)(F)F)N(C)C(N)=N2)c1,CHEMBL4573117,0.99,0.99
CN=[S@@]1(=O)C[C@@](C)(c2cc(-c3cc(-c4ncc(OC)cn4)no3)ccc2F)N=C(N)N1C,CHEMBL4449985,22.0,22.0
Cc1cc(C#N)cnc1C(=O)Nc1ccc(F)c([C@]2(C)CS3(=O)=NCCCCN3C(N)=N2)c1,CHEMBL4573881,2.0,2.0
C[C@@]1(c2nc(NC(=O)c3ccc(C#N)cn3)ccc2F)CS2(=O)=NCCCCN2C(N)=N1,CHEMBL4471085,49.0,49.0
Cc1cc(C#N)cnc1C(=O)Nc1ccc(F)c([C@]2(C)CS3(=O)=NCCCCC3(C)C(N)=N2)c1,CHEMBL4588608,0.2,0.2
Cc1cc(C#N)cnc1C(=O)Nc1ccc(F)c([C@@]2(C)N=C(N)C(C)(C)[S@@]3(=O)=NCC[C@@H]23)c1,CHEMBL4561849,0.09,0.09
Cc1cc(C#N)cnc1C(=O)Nc1ccc(F)c([C@@]2(C)N=C(N)C(C)(C)[S@@]3(=O)=NCC[C@@H]23)n1,CHEMBL4578357,0.6,0.6
C[C@]1(c2cc(NC(=O)c3ccc(C#N)cn3)ccc2F)N=C(N)O[C@@H]2CCCC(F)(F)[C@@H]21,CHEMBL4574605,2.2,2.2
C[C@]1(c2cc(NC(=O)c3ccc(C#N)cn3)ccc2F)N=C(N)O[C@@H]2CCC(F)(F)[C@@H]21,CHEMBL4462314,1.5,1.5
C#C[C@]1(c2cc(NC(=O)c3ccc(C#N)cn3)ccc2F)N=C(N)O[C@@H]2C[C@@H]21,CHEMBL4463980,22.8,22.8
C[C@]1(c2cc(NC(=O)c3ccc(C#N)cn3)ccc2F)N=C(N)OC2(COC2)[C@H]1F,CHEMBL4584131,20.7,20.7
C[C@@]1(S(C)(=O)=O)CC[C@@](CF)(c2cc(NC(=O)c3ccc(OCF)cn3)ccc2F)N=C1N,CHEMBL4565391,2.2,2.2
COc1ccc(C(=O)Nc2ccc(F)c([C@]3(C)CC[C@@](C)(C#N)C(N)=N3)c2)nc1,CHEMBL4556248,9.8,9.8
CC#CC(=O)Nc1ccc(F)c(C2(C)Cc3c(F)cncc3C(N)=N2)c1,CHEMBL4560473,54.0,54.0
C[C@@]1(c2cc(NC(=O)c3ccc(C#N)cn3)ccc2F)CCC(N)=N1,CHEMBL4538160,1047.0,1047.0
C[C@]1(c2cc(NC(=O)c3ccc(C#N)cn3)ccc2F)N=C(N)C[C@H]1C(F)(F)F,CHEMBL4469173,182.0,182.0
NC1=N[C@@]2(COc3ccc(NC(=O)c4cnc(OCC(F)(F)F)cn4)cc32)[C@H](C(F)(F)F)C1,CHEMBL4464129,7079.0,7079.0
C[C@H]1C[C@H]2CSC(N)=N[C@@]2(c2ncc(NC(=O)c3ccc(OC(F)F)cn3)s2)CO1,CHEMBL4574502,100000.0,100000.0
C[C@H]1C[C@H]2CSC(N)=N[C@@]2(c2cc(NC(=O)c3ccc(OC(F)F)cn3)ccc2F)CO1,CHEMBL4483673,3.0,3.0
N#Cc1ccc(C(=O)Nc2ccc(F)c([C@]34COC[C@@]3(F)CSC(N)=N4)c2)nc1,CHEMBL4546682,6.66,6.66
C[C@H]1OC[C@]2(c3cc(NC(=O)c4ccc(C#N)cn4)ccc3F)N=C(N)[C@](C)(C#N)C[C@H]12,CHEMBL4561901,1.86,1.86
c1ccc2c(NCc3ccc(-c4ccc(CNc5c6c(nc7ccccc57)CCCC6)cc4)cc3)c3c(nc2c1)CCCC3,CHEMBL4456928,2770.0,2.77
C[C@]1(c2cc(NC(=O)c3ccc(Cl)cn3)cc(F)c2F)N=C(N)S[C@H]2C[C@H]21,CHEMBL4460278,12.0,0.012
C[C@]1(c2cc(NC(=O)c3ccc(Cl)cn3)cc(F)c2F)N=C(N)S[C@@]2(CO)C[C@H]21,CHEMBL4575752,2.4,2.4
COC[C@]12C[C@H]1[C@@](C)(c1cc(NC(=O)c3ccc(Cl)cn3)cc(F)c1F)N=C(N)S2,CHEMBL4456863,2.1,2.1
C[C@]1(c2cc(NC(=O)c3ccc(Cl)cn3)cc(F)c2F)N=C(N)S[C@@]2(CF)C[C@H]21,CHEMBL4539909,1.3,1.3
C[C@]1(c2cc(NC(=O)c3ccc(Cl)cn3)cc(F)c2F)N=C(N)S[C@@]2(C(F)F)C[C@@H]12,CHEMBL4457316,1.1,1.1
C[C@]1(c2cc(NC(=O)c3ccc(Cl)cn3)cc(F)c2F)N=C(N)S[C@@]2(C(N)=O)C[C@H]21,CHEMBL4468455,0.6,0.6
CNC(=O)[C@]12C[C@H]1[C@@](C)(c1cc(NC(=O)c3ccc(Cl)cn3)cc(F)c1F)N=C(N)S2,CHEMBL4475533,0.4,0.4
CN(C)C(=O)[C@]12C[C@H]1[C@@](C)(c1cc(NC(=O)c3ccc(Cl)cn3)cc(F)c1F)N=C(N)S2,CHEMBL4473740,0.4,0.4
C[C@]1(c2cc(NC(=O)c3ccc(Cl)cn3)cc(F)c2F)N=C(N)S[C@@]2(C#N)C[C@H]21,CHEMBL4471141,1.9,1.9
COC[C@]12C[C@H]1[C@@](C)(c1cc(NC(=O)c3ccc(OCC(F)(F)F)cn3)cc(F)c1F)N=C(N)S2,CHEMBL4461994,6.1,6.1
C#CCOc1ccc(C(=O)Nc2cc(F)c(F)c([C@@]3(C)N=C(N)S[C@@]4(COC)C[C@H]43)c2)nc1,CHEMBL4456778,0.7,0.7
C#CCOc1cnc(C(=O)Nc2cc(F)c(F)c([C@@]3(C)N=C(N)S[C@@]4(COC)C[C@H]43)c2)c(C)c1,CHEMBL4452318,1.8,1.8
CCOc1cnc(C(=O)Nc2cc(F)c(F)c([C@@]3(C)N=C(N)S[C@@]4(COC)C[C@H]43)c2)cn1,CHEMBL4593414,4.2,4.2
COC[C@]12C[C@H]1[C@@](C)(c1cc(NC(=O)c3cnc(OCC(F)(F)F)cn3)cc(F)c1F)N=C(N)S2,CHEMBL4579155,0.8,0.8
C#CCOc1cnc(C(=O)Nc2cc(F)c(F)c([C@@]3(C)N=C(N)S[C@@]4(COC)C[C@H]43)c2)cn1,CHEMBL4560579,0.4,0.0004
COC[C@]12C[C@H]1[C@@](C)(c1cc(NC(=O)c3cnc(OCCC(F)(F)F)cn3)cc(F)c1F)N=C(N)S2,CHEMBL4544525,16.0,16.0
CCCOc1cnc(C(=O)Nc2cc(F)c(F)c([C@@]3(C)N=C(N)S[C@@]4(COC)C[C@H]43)c2)cn1,CHEMBL4575413,1.1,1.1
COC[C@]12C[C@H]1[C@@](C)(c1cc(NC(=O)c3cnc(OCc4ncco4)cn3)cc(F)c1F)N=C(N)S2,CHEMBL4459222,1.2,1.2
C#CCOc1cnc(C(=O)Nc2cc(F)c(F)c([C@@]3(C)N=C(N)S[C@@]4(CF)C[C@H]43)c2)cn1,CHEMBL4437161,0.2,0.2
C#CCOc1cnc(C(=O)Nc2cc(F)c(F)c([C@@]3(C)N=C(N)S[C@@]4(C(F)F)C[C@@H]34)c2)cn1,CHEMBL4577527,0.2,0.0002
C#CCOc1cnc(C(=O)Nc2cc(F)c(F)c([C@@]3(C)N=C(N)S[C@@]4(C(=O)N(C)C)C[C@H]43)c2)cn1,CHEMBL4472708,0.3,0.3
NC1=N[C@@]2(CO1)c1cc(-c3cccnc3F)ccc1Oc1c2cc(C2=CCCOC2)nc1F,CHEMBL4564735,3.0,0.003
OC(CNCc1cccc(OCc2ccccc2)c1)Cn1cc(Br)c2cc(Br)ccc21,CHEMBL4445075,970.0,0.97
C#CCN(C)Cc1cc2cc(OCCCC3CCN(Cc4ccccc4)CC3)ccc2n1C,CHEMBL1929421,460.0,0.46
COc1ccc(CNC(=O)C2CCN(C(=O)c3ccccc3)CC2)cc1OC,CHEMBL4455013,18.3,18.3
C#CCN(C)Cc1ccc(O)c2ncccc12,CHEMBL3291021,1600.0,1.6
COc1ccc2[nH]c3nc4c(c(N)c3c2c1)CCCC4,CHEMBL4442213,2400.0,2.4
O=C(/C=C/c1ccccc1)NCCc1cc2cc(O)ccc2[nH]1,CHEMBL4588220,86700.0,86.7
CN1C(=O)C(c2ccccc2)(c2cccc(Br)c2)N=C1N,CHEMBL4521033,10000.0,10.0
CN1C(=O)C(c2ccccc2)(c2cccc(-c3ccc(-c4ccccc4)cc3)c2)N=C1N,CHEMBL4513532,10000.0,10.0
COc1cc(OC)cc(-c2cccc(C3(c4ccccc4)N=C(N)N(C)C3=O)c2)c1,CHEMBL4537971,851.2,0.8512
CCc1ccc(-c2cccc(C3(c4ccccc4)N=C(N)N(C)C3=O)c2)cc1,CHEMBL4471803,10000.0,10.0
COc1ccc(-c2cccc(C3(c4ccccc4)N=C(N)N(C)C3=O)c2)cc1OC,CHEMBL4534367,119.4,0.1194
Cc1ccc(-c2cccc(C3(c4ccccc4)N=C(N)N(C)C3=O)c2)c(C)c1,CHEMBL4573307,10000.0,10.0
CN1C(=O)C(c2ccccc2)(c2cccc(-c3ccc(C(C)(C)C)cc3)c2)N=C1N,CHEMBL4453759,10000.0,10.0
Cc1ccc(C)c(-c2cccc(C3(c4ccccc4)N=C(N)N(C)C3=O)c2)c1,CHEMBL4587978,10000.0,10.0
Cc1cc(C)c(-c2cccc(C3(c4ccccc4)N=C(N)N(C)C3=O)c2)c(C)c1,CHEMBL4451087,10000.0,10.0
Cc1ccc(-c2cccc(C3(c4ccccc4)N=C(N)N(C)C3=O)c2)c(F)c1,CHEMBL4474090,141.4,0.1414
COc1ccc(-c2cccc(C3(c4ccccc4)N=C(N)N(C)C3=O)c2)c(OC)c1,CHEMBL4543671,1575.0,1.575
COc1cccc(OC)c1-c1cccc(C2(c3ccccc3)N=C(N)N(C)C2=O)c1,CHEMBL4463101,720.5,0.7205
CN1C(=O)C(c2ccccc2)(c2cccc(-c3ccc(OCc4ccccc4)cc3)c2)N=C1N,CHEMBL4441458,10000.0,10.0
Cc1cccc(C)c1-c1cccc(C2(c3ccccc3)N=C(N)N(C)C2=O)c1,CHEMBL4468332,10000.0,10.0
COc1ccc(OC)c(-c2cccc(C3(c4ccccc4)N=C(N)N(C)C3=O)c2)c1,CHEMBL4550145,195.3,0.1953
Cc1cc(C)cc(-c2cccc(C3(c4ccccc4)N=C(N)N(C)C3=O)c2)c1,CHEMBL4519732,10000.0,10.0
Cc1ccc(-c2cccc(C3(c4ccccc4)N=C(N)N(C)C3=O)c2)cc1C,CHEMBL4547714,424.9,0.4249
CN1C(=O)C(c2ccccc2)(c2cccc(-c3cccc(-c4ccccc4)c3)c2)N=C1N,CHEMBL4476191,10000.0,10.0
COc1cccc(-c2cccc(C3(c4ccccc4)N=C(N)N(C)C3=O)c2)c1OC,CHEMBL4443833,1109.0,1.109
COc1ccc(F)cc1-c1cccc(C2(c3ccccc3)N=C(N)N(C)C2=O)c1,CHEMBL4463504,173.5,0.1735
COc1cccc(-c2cccc(C3(c4ccccc4)N=C(N)N(C)C3=O)c2)c1F,CHEMBL4445450,220.4,0.2204
Cc1ccc(F)cc1-c1cccc(C2(c3ccccc3)N=C(N)N(C)C2=O)c1,CHEMBL4434956,328.1,0.3281
Cc1cc(F)ccc1-c1cccc(C2(c3ccccc3)N=C(N)N(C)C2=O)c1,CHEMBL4453649,456.2,0.4562
Clc1ccc(Cn2cc(COc3ccc(/C=N/Nc4nnc(-c5ccccc5)c(-c5ccccc5)n4)cc3)nn2)cc1,CHEMBL4547910,8550.0,8.55
O=[N+]([O-])c1ccc(Cn2cc(COc3ccc(/C=N/Nc4nnc(-c5ccccc5)c(-c5ccccc5)n4)cc3)nn2)cc1,CHEMBL4556299,11420.0,11.42
O=C(CN1CCC(C(c2ccccc2)c2ccccc2)CC1)NC1CCN(Cc2ccccc2)C1,CHEMBL4516189,55200.0,55.2
c1ccc(CN2CCC(NCCN3CCC(C(c4ccccc4)c4ccccc4)CC3)C2)cc1,CHEMBL4548789,49800.0,49.8
Cc1c(OCc2ccccc2)cccc1N1CCN(CC(=O)NC2CCN(Cc3ccccc3)C2)CC1,CHEMBL4582631,33000.0,33.0
COc1ncc(Cc2c(C)noc2C)c2c1C[C@]1(c3ccc(F)cc3F)N=C(N)SC[C@@H]1C2,CHEMBL4520734,5.888,8.23
COc1ccc(Cc2cnc(OC)c3c2C[C@H]2CSC(N)=N[C@@]2(c2ccc(F)cc2F)C3)cc1,CHEMBL4526561,22.91,7.64
COc1ncc(Cc2c(C)cccc2C)c2c1C[C@]1(c3ccc(F)cc3F)N=C(N)SC[C@@H]1C2,CHEMBL4549145,10.23,7.99
O=c1[nH]c(=O)c2cc[nH]c2[nH]1,CHEMBL122899,300.0,0.3
Cc1ccc(CNC(=O)[C@@H]2CNC[C@H]2c2ccc(C(F)(F)F)cc2)cc1,CHEMBL4536433,10000.0,10000.0
CN(C)c1ccc(CNC(=O)[C@H]2CNC[C@@H]2c2ccc(C(F)(F)F)cc2)cc1,CHEMBL4435264,10000.0,10000.0
CCN(CC)c1ccc(CNC(=O)[C@@H]2CNC[C@H]2c2ccc(C(F)(F)F)cc2)cc1,CHEMBL4515188,10000.0,10000.0
CN(C)c1ccc(CNC(=O)[C@@H]2CNC[C@H]2c2ccc(C(F)(F)F)c(F)c2)cc1,CHEMBL4483725,10000.0,10000.0
CN(C)c1ccc(CNC(=O)[C@@H]2CNC[C@H]2c2ccc(C(F)(F)F)c(Cl)c2)cc1,CHEMBL4567098,10000.0,10000.0
CN(C)c1ccc(CNC(=O)[C@@H]2CNC[C@H]2c2ccc(Oc3ccccc3)cc2)cc1,CHEMBL4453475,10000.0,10000.0
CN(C)c1ccc(CNC(=O)[C@H]2CNC[C@@H]2c2ccc(C(F)(F)F)nc2)cc1,CHEMBL4475207,10000.0,10000.0
Nc1nc2ncccc2[nH]1,CHEMBL4589188,200000.0,200.0
Nc1nc2c(-c3ccncc3F)ccnc2[nH]1,CHEMBL4561244,200000.0,200.0
COC(=O)[C@@H]1C[C@H](NC(=O)[C@@H](NC(=O)C[C@H](O)[C@H](Cc2cc(F)cc(F)c2)NC(=O)C(O)c2ccccc2-c2ccccc2)C(C)C)C[C@H](C(=O)OC)C1,CHEMBL4556276,120.0,120.0
Cc1noc(C)c1[C@@H]1C[C@@](C)(c2ccc(F)cc2F)N=C(N)S1,CHEMBL4551234,150.0,0.15
Cc1noc(C)c1[C@@H]1C[C@@](C)(c2ccccc2)N=C(N)S1,CHEMBL4574888,480.0,0.48
Cc1noc(C)c1[C@@H]1C[C@@](C)(c2ccc(F)cc2)N=C(N)S1,CHEMBL4593386,600.0,0.6
Cc1noc(C)c1[C@@H]1C[C@@](C)(c2sccc2Cl)N=C(N)S1,CHEMBL4527268,300.0,0.3
Cn1nccc1[C@@H]1C[C@@](C)(c2ccc(F)cc2F)N=C(N)S1,CHEMBL4457091,350.0,0.35
C[C@@]1(c2ccc(F)cc2F)C[C@@H](c2cncnc2)SC(N)=N1,CHEMBL4444341,310.0,0.31
CCc1noc(C)c1[C@@H]1C[C@@](C)(c2ccc(F)cc2F)N=C(N)S1,CHEMBL4589121,250.0,0.25
CCc1noc(CC)c1[C@@H]1C[C@@](C)(c2ccc(F)cc2F)N=C(N)S1,CHEMBL4552231,420.0,0.42
Cc1onc(-c2ccccc2)c1[C@@H]1C[C@@](C)(c2ccc(F)cc2F)N=C(N)S1,CHEMBL4585811,160.0,0.16
Cc1onc(-c2ccc(F)cc2)c1[C@@H]1C[C@@](C)(c2ccc(F)cc2F)N=C(N)S1,CHEMBL4449108,320.0,0.32
Cc1noc(-c2ccccc2)c1[C@@H]1C[C@@](C)(c2ccc(F)cc2F)N=C(N)S1,CHEMBL4542470,230.0,0.23
Cc1noc(-c2ccc(F)cc2)c1[C@@H]1C[C@@](C)(c2ccc(F)cc2F)N=C(N)S1,CHEMBL4554426,410.0,0.41
Cc1onc(-c2cccnc2)c1[C@@H]1C[C@@](C)(c2ccc(F)cc2F)N=C(N)S1,CHEMBL4437720,180.0,0.18
Cc1nocc1[C@@H]1C[C@@](C)(c2ccc(F)cc2F)N=C(N)S1,CHEMBL4578085,300.0,0.3
Cc1noc(C(F)F)c1[C@@H]1C[C@@](C)(c2ccc(F)cc2F)N=C(N)S1,CHEMBL4454975,420.0,0.42
COc1cccc(/C=N/C2CCN(Cc3ccccc3)CC2)c1OC,CHEMBL4444849,6300.0,6.3
C(=N/C1CCN(Cc2ccccc2)CC1)\c1ccccc1,CHEMBL4537808,3400.0,3.4
COc1cc(/C=N/C2CCN(Cc3ccccc3)CC2)cc(OC)c1OC,CHEMBL4440283,14000.0,14.0
Oc1ccccc1/C=N/C1CCN(Cc2ccccc2)CC1,CHEMBL4467620,2700.0,2.7
Oc1ccc(/C=N/C2CCN(Cc3ccccc3)CC2)cc1,CHEMBL4454571,12000.0,12.0
Oc1ccc(/C=N/C2CCN(Cc3ccccc3)CC2)c(O)c1,CHEMBL4556855,10000.0,10.0
Cc1cccc(/C=N/C2CCN(Cc3ccccc3)CC2)c1,CHEMBL4566242,3300.0,3.3
Cc1ccc(/C=N/C2CCN(Cc3ccccc3)CC2)cc1,CHEMBL4566555,19000.0,19.0
O=[N+]([O-])c1ccc(/C=N/C2CCN(Cc3ccccc3)CC2)cc1,CHEMBL4452092,730.0,0.73
FC(F)(F)c1ccc(/C=N/C2CCN(Cc3ccccc3)CC2)cc1,CHEMBL4575167,280.0,0.28
FC(F)(F)Oc1ccc(/C=N/C2CCN(Cc3ccccc3)CC2)cc1,CHEMBL4449445,1800.0,1.8
Clc1ccc(/C=N/C2CCN(Cc3ccccc3)CC2)cc1,CHEMBL4526950,1700.0,1.7
Clc1ccc(/C=N/C2CCN(Cc3ccccc3)CC2)c(Cl)c1,CHEMBL4568264,3900.0,3.9
Fc1ccc(/C=N/C2CCN(Cc3ccccc3)CC2)cc1,CHEMBL4518938,1500.0,1.5
Fc1ccc(/C=N/C2CCN(Cc3ccccc3)CC2)c(F)c1,CHEMBL4568615,3500.0,3.5
COc1cccc(CNC2CCN(Cc3ccccc3)CC2)c1OC,CHEMBL4435826,5300.0,5.3
c1ccc(CNC2CCN(Cc3ccccc3)CC2)cc1,CHEMBL4453051,2900.0,2.9
COc1cc(CNC2CCN(Cc3ccccc3)CC2)cc(OC)c1OC,CHEMBL4591283,13000.0,13.0
Oc1ccccc1CNC1CCN(Cc2ccccc2)CC1,CHEMBL4447514,2000.0,2.0
Oc1ccc(CNC2CCN(Cc3ccccc3)CC2)cc1,CHEMBL4561792,9900.0,9.9
Oc1ccc(CNC2CCN(Cc3ccccc3)CC2)c(O)c1,CHEMBL4443013,5900.0,5.9
Cc1cccc(CNC2CCN(Cc3ccccc3)CC2)c1,CHEMBL4458653,2600.0,2.6
Cc1ccc(CNC2CCN(Cc3ccccc3)CC2)cc1,CHEMBL4444968,17000.0,17.0
O=[N+]([O-])c1ccc(CNC2CCN(Cc3ccccc3)CC2)cc1,CHEMBL4442580,430.0,0.43
FC(F)(F)c1ccc(CNC2CCN(Cc3ccccc3)CC2)cc1,CHEMBL4583534,220.0,0.22
FC(F)(F)Oc1ccc(CNC2CCN(Cc3ccccc3)CC2)cc1,CHEMBL4587156,1400.0,1.4
Clc1ccc(CNC2CCN(Cc3ccccc3)CC2)cc1,CHEMBL1348834,660.0,0.66
Clc1ccc(CNC2CCN(Cc3ccccc3)CC2)c(Cl)c1,CHEMBL4091169,3000.0,3.0
Fc1ccc(CNC2CCN(Cc3ccccc3)CC2)cc1,CHEMBL1424080,550.0,0.55
Fc1ccc(CNC2CCN(Cc3ccccc3)CC2)c(F)c1,CHEMBL4443695,2900.0,2.9
Cc1ccccc1-c1ccc2nc(N)c(CC(C)C(=O)N3CC[C@H]4OCCC[C@@]4(Cc4ccccc4)C3)cc2c1,CHEMBL4578618,2691.53,5.57
Cc1ccccc1-c1ccc2nc(N)c(CCC(=O)N3CC[C@H]4OCCC[C@@]4(Cc4ccccc4)C3)cc2c1,CHEMBL4553709,3162.28,5.5
CC(Cc1cc2ccccc2nc1N)C(=O)N1CC[C@H]2OCCC[C@@]2(Cc2ccccc2)C1,CHEMBL4516761,33884.42,4.47
COc1ccc2c(c1)[C@@H](O)[C@@]1(CCN(C(=O)C(C)Cc3cc4cc(-c5ccccc5C)ccc4nc3N)C1)C2,CHEMBL4570597,5128.61,5.29
COc1ccc2c(c1)[C@@H](O)[C@@]1(CCN(C(=O)CCc3cc4cc(-c5ccccc5C)ccc4nc3N)C1)C2,CHEMBL4580797,6165.95,5.21
COc1ccc2c(c1)[C@@H](O)[C@@]1(CCN(C(=O)C(C)Cc3cc4ccccc4nc3N)C1)C2,CHEMBL4514343,3715.35,5.43
Cc1ccccc1-c1ccc2nc(N)c(CC(C)C(=O)NC[C@@]34CCCO[C@@H]3CCOC4)cc2c1,CHEMBL4519351,30.9,7.51
Cc1ccccc1-c1ccc2nc(N)c(CCC(=O)NC[C@@]34CCCO[C@@H]3CCOC4)cc2c1,CHEMBL4584800,77.62,7.11
CC(Cc1cc2ccccc2nc1N)C(=O)NC[C@@]12CCCO[C@@H]1CCOC2,CHEMBL4565226,33113.11,4.48
Nc1nc2ccccc2cc1CCC(=O)N1CC[C@H]2OCCC[C@@]2(Cc2ccccc2)C1,CHEMBL4520156,85113.8,4.07
Nc1nc2ccccc2cc1CCC(=O)NC[C@@]12CCCO[C@@H]1CCOC2,CHEMBL4585673,28840.32,4.54
COc1ccc2c(c1)[C@@H](O)[C@@]1(CCN(C(=O)CCc3cc4ccccc4nc3N)C1)C2,CHEMBL4546115,54954.09,4.26
Nc1nc2ccccc2cc1CCC(=O)NCC1CCCCC1,CHEMBL1821813,30902.95,4.51
NC1=N[C@@]2([C@H]3C[C@@H]3NC(=O)c3ccc(F)cn3)COC[C@H]2CS1,CHEMBL4637568,100000.0,100.0
NC1=N[C@@]2([C@@H]3C[C@H]3C(=O)Nc3ccc(F)cn3)COC[C@H]2CS1,CHEMBL4640948,92400.0,92.4
CCNC(=O)[C@@H]1C[C@H]1[C@]12COC[C@H]1CSC(N)=N2,CHEMBL4637913,58000.0,58.0
CCCNC(=O)[C@@H]1C[C@H]1[C@]12COC[C@H]1CSC(N)=N2,CHEMBL4636311,14000.0,14.0
CCCCNC(=O)[C@@H]1C[C@H]1[C@]12COC[C@H]1CSC(N)=N2,CHEMBL4642463,6640.0,6.64
C[C@@H]1C[C@H]1CNC(=O)[C@@H]1C[C@H]1[C@]12COC[C@H]1CSC(N)=N2,CHEMBL4644249,990.0,0.99
CCCCC(=O)N[C@@H]1C[C@H]1[C@]12COC[C@H]1CSC(N)=N2,CHEMBL4648644,100000.0,100.0
CCCCNC(=O)[C@@H]1C[C@H]1[C@]12CN(c3ncccn3)C[C@H]1CSC(N)=N2,CHEMBL4636286,67.0,0.067
C[C@@H]1C[C@H]1CNC(=O)[C@@H]1C[C@H]1[C@]12CN(c3ncccn3)C[C@H]1CSC(N)=N2,CHEMBL4643727,28.0,0.028
C[C@@H]1C[C@H]1COC(C)(C)[C@@H]1C[C@H]1[C@]12CN(c3ncccn3)C[C@H]1CSC(N)=N2,CHEMBL4637426,10.0,0.01
COC(=O)[C@H]1OCC(=S)N[C@@H]1c1ccc(OC)cc1,CHEMBL4648247,5700.0,5.7
C[C@@]1(c2cc(NC(=O)c3cnc(OCF)cn3)ccc2F)CCC(F)(F)C(N)=N1,CHEMBL4637181,11.5,11.5
NC1=N[C@](CF)(c2cc(NC(=O)c3cnc(OCF)cn3)ccc2F)CCC1(F)F,CHEMBL4643511,8.9,8.9
NC1=N[C@@]2(c3cc(NC(=O)c4cnc(OCF)cn4)ccc3F)COCC[C@H]2CC1(F)F,CHEMBL4637358,3.5,3.5
NC1=N[C@@]2(c3cc(NC(=O)c4cnc(OCF)cn4)ccc3F)CCOC[C@H]2CC1(F)F,CHEMBL4635770,79.4,79.4
C[C@H]1C[C@H]2CC(F)(F)C(N)=N[C@@]2(c2cc(NC(=O)c3cnc(OCF)cn3)ccc2F)CO1,CHEMBL4648883,1.5,1.5
NC1=N[C@@]2(c3cc(NC(=O)c4cnc(OCF)cn4)ccc3F)CO[C@@H](CF)C[C@H]2CC1(F)F,CHEMBL4636350,2.5,2.5
CC(C)CN(C[C@H](O)[C@@H](N)c1ccccc1)S(=O)(=O)c1ccc(Cl)c(Cl)c1,CHEMBL4762370,100000.0,100.0
O=C(N/N=C/c1ccccc1)N1CCN(c2ccccn2)CC1,CHEMBL4743485,7690.0,7.69
COc1cccc(/C=N/NC(=O)N2CCN(c3ccccn3)CC2)c1OC,CHEMBL4794098,6820.0,6.82
COc1cc(/C=N/NC(=O)N2CCN(c3ccccn3)CC2)cc(OC)c1OC,CHEMBL4800161,4640.0,4.64
O=C(N/N=C/c1ccc(O)cc1)N1CCN(c2ccccn2)CC1,CHEMBL4793006,4680.0,4.68
O=C(N/N=C/c1ccccc1O)N1CCN(c2ccccn2)CC1,CHEMBL4758274,5880.0,5.88
O=C(N/N=C/c1ccc(O)cc1O)N1CCN(c2ccccn2)CC1,CHEMBL4756828,4640.0,4.64
Cc1cccc(/C=N/NC(=O)N2CCN(c3ccccn3)CC2)c1,CHEMBL4763376,4370.0,4.37
Cc1ccc(/C=N/NC(=O)N2CCN(c3ccccn3)CC2)cc1,CHEMBL4798846,3920.0,3.92
O=C(N/N=C/c1ccc([N+](=O)[O-])cc1)N1CCN(c2ccccn2)CC1,CHEMBL4744259,2640.0,2.64
O=C(N/N=C/c1ccc(C(F)(F)F)cc1)N1CCN(c2ccccn2)CC1,CHEMBL4748077,1820.0,1.82
O=C(N/N=C/c1ccc(OC(F)(F)F)cc1)N1CCN(c2ccccn2)CC1,CHEMBL4782122,248.0,0.248
O=C(N/N=C/c1ccc(Cl)cc1)N1CCN(c2ccccn2)CC1,CHEMBL4740676,2960.0,2.96
O=C(N/N=C/c1ccc(F)cc1)N1CCN(c2ccccn2)CC1,CHEMBL4788019,1240.0,1.24
O=C(N/N=C/c1ccc(Br)cc1)N1CCN(c2ccccn2)CC1,CHEMBL4746898,296.0,0.29600000000000004
O=C(N/N=C/c1ccc(F)cc1F)N1CCN(c2ccccn2)CC1,CHEMBL4763434,446.0,0.446
c1ccc(-c2nnc(N3CCN(c4ccccn4)CC3)o2)cc1,CHEMBL4746559,3220.0,3.22
COc1cccc(-c2nnc(N3CCN(c4ccccn4)CC3)o2)c1OC,CHEMBL4744191,2160.0,2.16
COc1cc(-c2nnc(N3CCN(c4ccccn4)CC3)o2)cc(OC)c1OC,CHEMBL4745534,3240.0,3.24
Oc1ccc(-c2nnc(N3CCN(c4ccccn4)CC3)o2)cc1,CHEMBL4746180,1780.0,1.78
Oc1ccccc1-c1nnc(N2CCN(c3ccccn3)CC2)o1,CHEMBL4782180,2230.0,2.23
Oc1ccc(-c2nnc(N3CCN(c4ccccn4)CC3)o2)c(O)c1,CHEMBL4761564,382.0,0.382
Cc1cccc(-c2nnc(N3CCN(c4ccccn4)CC3)o2)c1,CHEMBL4752466,2640.0,2.64
Cc1ccc(-c2nnc(N3CCN(c4ccccn4)CC3)o2)cc1,CHEMBL4743358,2480.0,2.48
O=[N+]([O-])c1ccc(-c2nnc(N3CCN(c4ccccn4)CC3)o2)cc1,CHEMBL4754304,1340.0,1.34
FC(F)(F)c1ccc(-c2nnc(N3CCN(c4ccccn4)CC3)o2)cc1,CHEMBL4764740,465.0,0.465
FC(F)(F)Oc1ccc(-c2nnc(N3CCN(c4ccccn4)CC3)o2)cc1,CHEMBL4793365,822.0,0.8220000000000001
Clc1ccc(-c2nnc(N3CCN(c4ccccn4)CC3)o2)cc1,CHEMBL4756730,1320.0,1.32
Fc1ccc(-c2nnc(N3CCN(c4ccccn4)CC3)o2)cc1,CHEMBL4761911,1480.0,1.48
Brc1ccc(-c2nnc(N3CCN(c4ccccn4)CC3)o2)cc1,CHEMBL4779999,126.0,0.126
Fc1ccc(-c2nnc(N3CCN(c4ccccn4)CC3)o2)c(F)c1,CHEMBL4759108,98.0,0.098
C(=N\C1CCN(Cc2ccccc2)C1)\c1ccccc1,CHEMBL4796307,4381.0,4.381
COc1cc(/C=N\C2CCN(Cc3ccccc3)C2)cc(OC)c1OC,CHEMBL4745500,10000.0,10.0
Oc1ccc(/C=N\C2CCN(Cc3ccccc3)C2)cc1,CHEMBL4755117,4584.0,4.584
Oc1ccc(/C=N\C2CCN(Cc3ccccc3)C2)c(O)c1,CHEMBL4780232,4426.0,4.426
O=[N+]([O-])c1ccc(/C=N\C2CCN(Cc3ccccc3)C2)cc1,CHEMBL4757415,3785.0,3.785
FC(F)(F)c1ccc(/C=N\C2CCN(Cc3ccccc3)C2)cc1,CHEMBL4792691,683.0,0.6829999999999999
FC(F)(F)Oc1ccc(/C=N\C2CCN(Cc3ccccc3)C2)cc1,CHEMBL4755226,2089.0,2.089
Clc1ccc(/C=N\C2CCN(Cc3ccccc3)C2)cc1,CHEMBL4785769,1262.0,1.262
Fc1ccc(/C=N\C2CCN(Cc3ccccc3)C2)cc1,CHEMBL4797109,1959.0,1.959
Brc1ccc(/C=N\C2CCN(Cc3ccccc3)C2)cc1,CHEMBL4794000,1752.0,1.7519999999999998
Fc1ccc(/C=N\C2CCN(Cc3ccccc3)C2)c(F)c1,CHEMBL4744470,2648.0,2.648
c1ccc(CNC2CCN(Cc3ccccc3)C2)cc1,CHEMBL4758638,2419.0,2.419
COc1cccc(CNC2CCN(Cc3ccccc3)C2)c1OC,CHEMBL4747185,2856.0,2.8560000000000003
COc1cc(CNC2CCN(Cc3ccccc3)C2)cc(OC)c1OC,CHEMBL4757216,844.0,0.8440000000000001
Oc1ccc(CNC2CCN(Cc3ccccc3)C2)cc1,CHEMBL4764465,968.0,0.968
Oc1ccccc1CNC1CCN(Cc2ccccc2)C1,CHEMBL4778302,2374.0,2.374
Oc1ccc(CNC2CCN(Cc3ccccc3)C2)c(O)c1,CHEMBL4756849,482.0,0.48200000000000004
Cc1ccc(CNC2CCN(Cc3ccccc3)C2)cc1,CHEMBL4763724,2245.0,2.245
O=[N+]([O-])c1ccc(CNC2CCN(Cc3ccccc3)C2)cc1,CHEMBL4796846,1814.0,1.814
FC(F)(F)c1ccc(CNC2CCN(Cc3ccccc3)C2)cc1,CHEMBL4761542,975.0,0.975
FC(F)(F)Oc1ccc(CNC2CCN(Cc3ccccc3)C2)cc1,CHEMBL4793341,115.0,0.115
Clc1ccc(CNC2CCN(Cc3ccccc3)C2)cc1,CHEMBL4760651,163.0,0.163
Fc1ccc(CNC2CCN(Cc3ccccc3)C2)cc1,CHEMBL4749704,824.0,0.8240000000000001
Brc1ccc(CNC2CCN(Cc3ccccc3)C2)cc1,CHEMBL4741398,648.0,0.648
Fc1ccc(CNC2CCN(Cc3ccccc3)C2)c(F)c1,CHEMBL4752715,97.0,0.09699999999999999
C[C@@]1(c2cc(NC(=O)c3cnc(C#N)cn3)ccc2F)C[S@@]2(=O)=NCC(F)(F)CN2C(N)=N1,CHEMBL4796231,2.0,2.0
N#Cc1ccc(C(=O)Nc2ccc(F)c([C@]3(CF)C[S@@]4(=O)=NCCCCN4C(N)=N3)c2)nc1,CHEMBL4779761,28.0,28.0
Cc1cc(C#N)cnc1C(=O)Nc1ccc(F)c([C@]2(C)C[S@](=O)(=NCC(F)(F)F)N(C)C(N)=N2)c1,CHEMBL4740455,0.99,0.99
CN=[S@@]1(=O)C[C@@](C)(c2cc(NC(=O)c3ncc(C#N)cc3C)ccc2F)N=C(N)N1CC(F)(F)F,CHEMBL4740873,0.59,0.59
COC[C@]12C[C@H]1[C@@](CF)(c1cc(/C=C(/F)c3ccc(Cl)cn3)ccc1F)N=C(N)S2,CHEMBL4749152,303.0,0.303
COC[C@]12C[C@H]1[C@@](CF)(c1cc(/C=C(\F)c3ccc(Cl)cn3)ccc1F)N=C(N)S2,CHEMBL4749943,23.0,0.023
COC[C@]12C[C@H]1[C@@](CF)(c1cc(NC(=O)c3ccc(Cl)cn3)ccc1F)N=C(N)S2,CHEMBL4760131,6.0,0.006
COC[C@]12C[C@H]1[C@@](C)(c1cc(/C=C(\F)c3ccc(C#N)cn3)ccc1F)N=C(N)S2,CHEMBL4740797,16.0,0.016
CC(=O)[C@]12C[C@H]1[C@@](C)(c1cc(/C=C(\F)c3ccc(C#N)cn3)ccc1F)N=C(N)S2,CHEMBL4750159,13.0,0.013000000000000001
C[C@]1(c2cc(/C=C(\F)c3ccc(C#N)cn3)ccc2F)N=C(N)S[C@@]2(S(C)(=O)=O)C[C@H]21,CHEMBL4779386,2.0,0.002
CNC(=O)[C@]12C[C@H]1[C@@](C)(c1cc(/C=C(\F)c3ccc(C#N)cn3)ccc1F)N=C(N)S2,CHEMBL4787115,2.0,0.002
CN(C)C(=O)[C@]12C[C@H]1[C@@](C)(c1cc(/C=C(\F)c3ccc(C#N)cn3)ccc1F)N=C(N)S2,CHEMBL4790663,2.0,0.002
C[C@]1(c2cc(/C=C(\F)c3ccc(C#N)cn3)ccc2F)N=C(N)S[C@@]2(C(=O)N3CCC3)C[C@H]21,CHEMBL4790308,1.0,0.001
C[C@]1(c2cc(/C=C(\F)c3ccc(C#N)cn3)ccc2F)N=C(N)S[C@@]2(C(=O)N3CCCC3)C[C@H]21,CHEMBL4740498,0.9,0.0009
C[C@]1(c2cc(/C=C(\F)c3ccc(C#N)cn3)ccc2F)N=C(N)S[C@@]2(C(=O)N3CCCCC3)C[C@H]21,CHEMBL4746645,0.9,0.0009
C[C@]1(c2cc(/C=C(\F)c3ccc(C#N)cn3)ccc2F)N=C(N)S[C@@]2(C(=O)N3CCOCC3)C[C@H]21,CHEMBL4760458,1.5,0.0015
C[C@]1(c2cc(/C=C(\F)c3cnc(C#N)cn3)ccc2F)N=C(N)S[C@@]2(C(=O)N3CCOCC3)C[C@H]21,CHEMBL4800593,1.0,0.001
COC[C@]12C[C@H]1[C@@](CF)(c1cc(/C=C/c3ccc(Cl)cn3)ccc1F)N=C(N)S2,CHEMBL4788256,940.0,0.94
COc1cc2c(cc1OCc1ccccc1)CCC(C)(CC(=O)NCCCCCCCNc1c3c(nc4cc(Cl)ccc14)CCCC3)O2,CHEMBL4747041,12500.0,12.5
COc1cc2c(cc1OCc1ccccc1)CCC(C)(CC(=O)NCCCCCCCCNc1c3c(nc4cc(Cl)ccc14)CCCC3)O2,CHEMBL4747836,8310.0,8.31
COc1cc2c(cc1OCc1ccccc1)CCC(C)(CC(=O)NCCCCCCCCCNc1c3c(nc4cc(Cl)ccc14)CCCC3)O2,CHEMBL4789620,7190.0,7.19
COc1cc2c(cc1OCc1ccccc1)CCC(C)(CC(=O)NCCCCCCNc1c3c(nc4cc(Cl)ccc14)CCCC3)O2,CHEMBL4789172,18000.0,18.0
N#Cc1ccc(C(=O)Nc2ccc(F)c([C@]3(CF)CCSC(N)=N3)c2)nc1,CHEMBL4865251,16.0,16.0
C[C@@]1(c2cc(C(=O)Nc3ccc(Cl)cn3)ccc2F)CCSC(N)=N1,CHEMBL4866376,6.7,6.7
CN1C(N)=N[C@](C)(c2cc(-n3[se]c4ccccc4c3=O)ccc2F)CS1(=O)=O,CHEMBL4856599,1920.0,1.92
CN1C(N)=N[C@](C)(c2cc(-n3[se]c4cc(F)ccc4c3=O)ccc2F)CS1(=O)=O,CHEMBL4874536,1060.0,1.06
CN1C(N)=N[C@](C)(c2cc(-n3[se]c4ccc(F)cc4c3=O)ccc2F)CS1(=O)=O,CHEMBL4848996,1950.0,1.95
CN1C(N)=N[C@](C)(c2cc(-n3[se]c4cc(F)c(F)cc4c3=O)ccc2F)CS1(=O)=O,CHEMBL4871409,1120.0,1.12
CN1C(N)=N[C@](C)(c2cc(-n3[se]c4ccc(C(F)(F)F)cc4c3=O)ccc2F)CS1(=O)=O,CHEMBL4862298,1600.0,1.6
COc1ccc2c(=O)n(-c3ccc(F)c([C@]4(C)CS(=O)(=O)N(C)C(N)=N4)c3)[se]c2c1,CHEMBL4873309,1550.0,1.55
COc1ccc2[se]n(-c3ccc(F)c([C@]4(C)CS(=O)(=O)N(C)C(N)=N4)c3)c(=O)c2c1,CHEMBL4851556,1490.0,1.49
CC1(c2cc(NC(=O)c3ccc(C#N)cn3)ccc2F)N=C(N)c2ccc(F)cc2O1,CHEMBL4860049,61.0,61.0
CC1(c2cc(NC(=O)c3ccc(C#N)cn3)ccc2F)N=C(N)c2ccccc2O1,CHEMBL4878135,82.0,82.0
CC1(c2cc(NC(=O)c3ccc(C#N)cn3)ccc2F)Cc2ccncc2C(N)=N1,CHEMBL4876909,8.1,8.1
CC1(c2cc(NC(=O)c3ccc(C#N)cn3)ccc2F)Cc2ncccc2C(N)=N1,CHEMBL4847576,54.0,54.0
CC1(c2cc(NC(=O)c3ccc(C#N)cn3)ccc2F)Cc2cccnc2C(N)=N1,CHEMBL4878232,394.0,394.0
CC1(c2cc(NC(=O)c3ccc(C#N)cn3)ccc2F)Cc2cnccc2C(N)=N1,CHEMBL4856179,21.0,21.0
CC1(c2cc(NC(=O)c3ccc(C#N)cn3)ccc2F)Cc2c(ccnc2F)C(N)=N1,CHEMBL4865090,14.0,14.0
CC1(c2cc(NC(=O)c3ccc(C#N)cn3)ccc2F)Cc2c(F)cncc2C(N)=N1,CHEMBL4861687,12.0,12.0
CC1(c2cc(NC(=O)c3ccc(C#N)cn3)ccc2F)Cc2cncc(F)c2C(N)=N1,CHEMBL4854848,118.0,118.0
C[C@@]1(c2cc(NC(=O)c3ccc(C#N)cn3)ccc2F)Cc2c(ccnc2F)C(N)=N1,CHEMBL4868952,9.1,9.1
CC#C[C@@]1(c2cc(NC(=O)c3ccc(C#N)cn3)ccc2F)CCOC(N)=N1,CHEMBL4852444,71.0,71.0
CC#C[C@@]1(c2cc(NC(=O)c3cnc(OCF)cn3)ccc2F)CCOC(N)=N1,CHEMBL4856391,145.0,145.0
CC#C[C@]1(c2cc(NC(=O)c3cnc(OCF)cn3)ccc2F)N=C(N)OC[C@@H]1F,CHEMBL4864591,15.0,15.0
CC#C[C@]1(c2cc(NC(=O)c3cnc(OCF)cn3)ccc2F)N=C(N)OCC12CC(F)(F)C2,CHEMBL4854629,24.0,24.0
CC(C)c1cccc(CNC[C@@H](O)[C@H](Cc2ccccc2)NCCC(c2ccccc2)c2ccccc2)c1,CHEMBL4861746,6600.0,6.6
CC(C)(C)c1cccc(CNCC(O)CNCCC(c2ccccc2)c2ccccc2)c1,CHEMBL4860825,41600.0,41.6
O=C(CC(c1ccccc1)c1ccccc1)N[C@@H](Cc1ccccc1)[C@H](O)CNCc1ccccc1,CHEMBL4869613,35400.0,35.4
O=C(CC(c1ccccc1)c1ccccc1)N[C@@H](Cc1ccccc1)[C@@H](O)CNCc1ccccc1,CHEMBL4845832,17400.0,17.4
COc1ccccc1CNC[C@H](O)[C@H](Cc1ccccc1)NC(=O)CC(c1ccccc1)c1ccccc1,CHEMBL4847981,23400.0,23.4
CC(C)(C)c1cccc(CNC[C@@H](O)[C@H](Cc2ccccc2)NC(=O)C(c2ccccc2)c2ccccc2)c1,CHEMBL4874266,5900.0,5.9
CC(C)(C)c1cccc(CNC[C@@H](O)[C@H](Cc2ccccc2)NC(=O)CC(c2ccccc2)c2ccccc2)c1,CHEMBL4858894,6000.0,6.0
CC(C)c1cccc(CNC[C@H](O)[C@H](Cc2ccccc2)NC(=O)C(c2ccccc2)c2ccccc2)c1,CHEMBL4868077,3400.0,3.4
CC(C)c1cccc(CNC[C@@H](O)[C@H](Cc2ccccc2)NC(=O)CC(c2ccccc2)c2ccccc2)c1,CHEMBL4876288,4600.0,4.6
O=C(N[C@@H](Cc1ccccc1)[C@@H](O)CNCc1cccc(C(F)(F)F)c1)C(c1ccccc1)c1ccccc1,CHEMBL4856694,8600.0,8.6
O=C(CC(c1ccccc1)c1ccccc1)N[C@@H](Cc1ccccc1)[C@@H](O)CNCc1cccc(C(F)(F)F)c1,CHEMBL4877574,8300.0,8.3
CC(C)(C)c1ccc(CNC[C@H](O)[C@H](Cc2ccccc2)NC(=O)C(c2ccccc2)c2ccccc2)cc1,CHEMBL4857933,2100.0,2.1
CC(C)(C)c1ccc(CNC[C@@H](O)[C@H](Cc2ccccc2)NC(=O)CC(c2ccccc2)c2ccccc2)cc1,CHEMBL4851448,6200.0,6.2
CC(C)(NC[C@@H](O)[C@H](Cc1ccccc1)NC(=O)CC(c1ccccc1)c1ccccc1)c1ccccc1,CHEMBL4873410,8900.0,8.9
CC(C)(C)CNC[C@@H](O)[C@H](Cc1ccccc1)NC(=O)CC(c1ccccc1)c1ccccc1,CHEMBL4860617,33600.0,33.6
O=C(N[C@@H](Cc1ccccc1)[C@H](O)CNCC(F)(F)F)C(c1ccccc1)c1ccccc1,CHEMBL4857355,15400.0,15.4
COc1c(O)c(O)c(C(=O)O)c(C)c1C/C=C(\C)CC/C=C(\C)CCC=C(C)C,CHEMBL4845912,1600.0,1.6
COC(=O)c1c(C)cc(O)c(C/C=C(\C)CCCC2=C/C(=C\C(C)(C)O)OC2=O)c1O,CHEMBL4847749,10900.0,10.9
C/C(=C\Cc1c(O)cc(C)c(C(=O)O)c1O)CCCC1=C/C(=C\C(C)(C)O)OC1=O,CHEMBL4846858,10500.0,10.5
C/C(=C\Cc1c(O)cc(C)c(C(=O)O)c1O)CC/C=C(\C)CC[C@H](O)C(C)(C)O,CHEMBL4871044,34400.0,34.4
CC(C)=CCC/C(C)=C/CC/C(C)=C/Cc1c(O)cc(C)cc1O,CHEMBL487804,6100.0,6.1
CC(C)=CCC/C(C)=C/CC/C(C)=C/Cc1c(O)cc(C)c(C(=O)O)c1O,CHEMBL513978,1400.0,1.4
COC(=O)c1c(C)c(C/C=C(\C)CC/C=C(\C)CCC=C(C)C)c(OC)c(O)c1O,CHEMBL4877566,100000.0,100.0
CC(=O)N[C@@H](CCC(=O)O)C(=O)N[C@H](C(=O)N[C@@H](CC(N)=O)C(=O)N[C@@H](CC(C)C)C(O)C(C)Nc1ccc(C)cc1)C(C)C,CHEMBL4849944,55000.0,55.0
CC[C@H](C)[C@H](NC(=O)[C@@H](N)CCC(=O)O)C(=O)N[C@@H](Cc1cccs1)C(=O)N[C@@H](CC(C)C)[C@@H](O)[C@@H](C)Nc1ccc(C)cc1,CHEMBL4874674,813000.0,813.0
CC[C@H](C)[C@H](NC(=O)[C@@H](N)CCC(=O)O)C(=O)N[C@@H](Cc1cccs1)C(=O)N[C@@H](CC(C)C)[C@@H](O)[C@H](C)Nc1ccc(C)cc1,CHEMBL4861075,2000000.0,2000.0
CC[C@H](C)[C@H](NC(=O)[C@@H](N)CCC(=O)O)C(=O)N[C@@H](Cc1cccs1)C(=O)N[C@@H](CC(C)C)[C@@H](O)CNc1ccc(C)cc1,CHEMBL4855002,92000.0,92.0
CC[C@H](C)[C@H](NC(=O)[C@@H](N)CCC(=O)O)C(=O)N[C@@H](Cc1cccs1)C(=O)N[C@@H](CC(C)C)[C@H](O)[C@@H](C)Nc1ccc(C)cc1,CHEMBL4857065,31000.0,31.0
CC[C@H](C)[C@H](NC(=O)[C@@H](N)CCC(=O)O)C(=O)N[C@@H](Cc1cccs1)C(=O)N[C@@H](CC(C)C)[C@H](O)[C@H](C)Nc1ccc(C)cc1,CHEMBL4859851,2000000.0,2000.0
CC[C@H](C)[C@H](NC(=O)[C@@H](N)CCC(=O)O)C(=O)N[C@@H](Cc1cccs1)C(=O)N[C@@H](CC(C)C)[C@H](O)CNc1ccc(C)cc1,CHEMBL4852055,4000.0,4.0
CC[C@H](C)[C@H](NC(=O)[C@@H](N)CCC(=O)O)C(=O)N[C@@H](Cc1cccs1)C(=O)N[C@@H](CC(C)C)[C@H](O)CNc1ccccc1,CHEMBL4876495,8800.0,8.8
CC[C@H](C)[C@H](NC(=O)[C@@H](N)CCC(=O)O)C(=O)N[C@@H](Cc1cccs1)C(=O)N[C@@H](CC(C)C)[C@H](O)CNc1ccc(CC(C)C)cc1,CHEMBL4874363,5100.0,5.1
CC[C@H](C)[C@H](NC(=O)[C@@H](N)CCC(=O)O)C(=O)N[C@@H](Cc1cccs1)C(=O)N[C@@H](CC(C)C)[C@H](O)CNc1ccc(C2CCCC2)cc1,CHEMBL4851168,6500.0,6.5
CC[C@H](C)[C@H](NC(=O)[C@@H](N)CCC(=O)O)C(=O)N[C@@H](Cc1cccs1)C(=O)N[C@@H](CC(C)C)[C@H](O)CNc1ccc(C(C)(C)C)cc1,CHEMBL4879047,2400.0,2.4
CC[C@H](C)[C@H](NC(=O)[C@@H](N)CCC(=O)O)C(=O)N[C@@H](Cc1cccs1)C(=O)N[C@@H](CC(C)C)[C@H](O)CNc1ccc(C(F)(F)F)cc1,CHEMBL4848778,176000.0,176.0
CC[C@H](C)[C@H](NC(=O)[C@@H](N)CCC(=O)O)C(=O)N[C@@H](Cc1cccs1)C(=O)N[C@@H](CC(C)C)[C@H](O)CNc1ccc(C(=O)O)cc1,CHEMBL4867976,33000.0,33.0
CC[C@H](C)[C@H](NC(=O)[C@@H](N)CCC(=O)O)C(=O)N[C@@H](Cc1cccs1)C(=O)N[C@@H](CC(C)C)[C@H](O)CNc1ccc(CC(=O)O)cc1,CHEMBL4846642,430.0,0.43
CC[C@H](C)[C@H](NC(=O)[C@@H](N)CCC(=O)O)C(=O)N[C@@H](Cc1cccs1)C(=O)N[C@@H](CC(C)C)[C@H](O)CNc1ccc(CCC(=O)O)cc1,CHEMBL4850554,1400.0,1.4
CC[C@H](C)[C@H](NC(=O)[C@@H](N)CCC(=O)O)C(=O)N[C@@H](Cc1cccs1)C(=O)N[C@@H](CC(C)C)[C@H](O)CNc1ccc(C(C)C(=O)O)cc1,CHEMBL4857564,590.0,0.59
CC[C@H](C)[C@H](NC(=O)[C@@H](N)CCC(=O)O)C(=O)N[C@@H](Cc1cccs1)C(=O)N[C@@H](CC(C)C)[C@H](O)CNc1ccc(C(C)(C)C(=O)O)cc1,CHEMBL4859258,720.0,0.72
CC[C@H](C)[C@H](NC(=O)[C@@H](N)CCC(=O)O)C(=O)N[C@@H](Cc1cccs1)C(=O)N[C@@H](CC(C)C)[C@H](O)CNc1cccc(C)c1,CHEMBL4874621,14000.0,14.0
CC[C@H](C)[C@H](NC(=O)[C@@H](N)CCC(=O)O)C(=O)N[C@@H](Cc1cccs1)C(=O)N[C@@H](CC(C)C)[C@H](O)CNc1cccc(C(=O)O)c1,CHEMBL4865499,5600.0,5.6
CC[C@H](C)[C@H](NC(=O)[C@@H](N)CCC(=O)O)C(=O)N[C@@H](Cc1cccs1)C(=O)N[C@@H](CC(C)C)[C@H](O)CNc1cccc(CC(=O)O)c1,CHEMBL4848236,2500.0,2.5
CC[C@H](C)[C@H](NC(=O)[C@@H](N)CCC(=O)O)C(=O)N[C@@H](Cc1cccs1)C(=O)N[C@@H](CC(C)C)[C@H](O)CNc1cccc(C(=O)OC)c1,CHEMBL4877632,93000.0,93.0
CC[C@H](C)[C@H](NC(=O)[C@@H](N)CCC(=O)O)C(=O)N[C@@H](Cc1cccs1)C(=O)N[C@@H](CC(C)C)[C@H](O)CNc1ccc(C)c(C(=O)O)c1,CHEMBL4873667,4900.0,4.9
CC[C@H](C)[C@H](NC(=O)[C@@H](N)CCC(=O)O)C(=O)N[C@@H](Cc1cccs1)C(=O)N[C@@H](CC(C)C)[C@H](O)CNc1cc(C)cc(C(=O)O)c1,CHEMBL4866494,13000.0,13.0
CC[C@H](C)[C@H](NC(=O)[C@@H](N)CCC(=O)O)C(=O)N[C@@H](Cc1cccs1)C(=O)N[C@@H](CC(C)C)[C@H](O)CNc1cccc2ccccc12,CHEMBL4858655,7500.0,7.5
CC[C@H](C)[C@H](NC(=O)[C@@H](N)CCC(=O)O)C(=O)N[C@@H](Cc1cccs1)C(=O)N[C@@H](CC(C)C)[C@H](O)CNc1ccc2c(c1)CCCC2,CHEMBL4864653,14000.0,14.0
CC[C@H](C)[C@H](NC(=O)[C@@H](N)CCC(=O)O)C(=O)N[C@@H](Cc1cccs1)C(=O)N[C@@H](CC(C)C)[C@H](O)CNC1CCCCC1,CHEMBL4849016,4400.0,4.4
CC[C@H](C)[C@H](NC(=O)[C@@H](N)CCC(=O)O)C(=O)N[C@@H](Cc1cccs1)C(=O)N[C@@H](CC(C)C)[C@H](O)CNC1CCCCCC1,CHEMBL4872824,9200.0,9.2
CC[C@H](C)[C@H](NC(=O)[C@@H](N)CCC(=O)O)C(=O)N[C@@H](Cc1cccs1)C(=O)N[C@@H](CC(C)C)[C@H](O)CNC1CCCCCCC1,CHEMBL4853052,10000.0,10.0
CC1=CC2Cc3nc4cc(Cl)ccc4c(NCCCCCCCCCNS(=O)(=O)c4cn[nH]c4)c3C(C1)C2,CHEMBL4862716,10800.0,10.8
CC1=CC2Cc3nc4cc(Cl)ccc4c(NCCCCCCCCCNC(=O)c4cc(O)cc(O)c4)c3C(C1)C2,CHEMBL4859103,2710.0,2.71
CCc1cc([C@]2(c3ccc(F)c(-c4cccnc4C(F)F)c3)N=C(N)N(C)C2=O)cc(CC)n1,CHEMBL5088971,10.0,10.0
C#CCOc1cnc(C(=O)Nc2cc(F)c(F)c([C@@]3(C)N=C(N)S[C@@]4(COC)CC43)c2)cn1,CHEMBL5093088,0.4,0.4
C[C@H]1SC(N)=N[C@](C)(c2cc(NC(=O)c3cc4c(cn3)OCCO4)ccc2F)[C@H]1F,CHEMBL5075689,0.93,0.93
CCS(=O)(=O)[C@]1(C)CC[C@@](CF)(c2cc(NC(=O)c3cc4c(cn3)OC(F)(F)O4)ccc2F)N=C1N,CHEMBL5092328,2.7,2.7
C[C@@]1(S(C)(=O)=O)CC[C@@](CF)(c2cc(NC(=O)c3ccc(F)cn3)ccc2F)N=C1N,CHEMBL5074719,3.0,3.0
C[C@@]1(S(C)(=O)=O)CC[C@@](CF)(c2cc(NC(=O)c3cnc(OCF)cn3)ccc2F)N=C1N,CHEMBL5081571,2.0,2.0
COc1cc(C(=O)Nc2ccc(F)c([C@]3(CF)CC[C@@](C)(S(C)(=O)=O)C(N)=N3)c2)ncn1,CHEMBL5082356,9.5,9.5
C[C@@]1(S(C)(=O)=O)CC[C@@](CF)(c2cc(NC(=O)c3cc4c(cn3)OCCO4)ccc2F)N=C1N,CHEMBL5074678,2.3,2.3
C[C@@]1(S(C)(=O)=O)CC[C@@](CF)(c2cc(NC(=O)c3cc4c(cn3)OCO4)ccc2F)N=C1N,CHEMBL5084928,2.3,2.3
C[C@@]1(S(C)(=O)=O)CC[C@@](CF)(c2cc(NC(=O)c3cc4c(cn3)OCCCO4)ccc2F)N=C1N,CHEMBL5075795,28.0,28.0
[2H]C1([2H])Oc2cnc(C(=O)Nc3ccc(F)c([C@]4(CF)CC[C@@](C)(S(C)(=O)=O)C(N)=N4)c3)cc2OC1([2H])[2H],CHEMBL5083750,4.0,4.0
C[C@@]1(S(C)(=O)=O)CC[C@@](CF)(c2cc(NC(=O)c3cc4c(cn3)OC(F)(F)CO4)ccc2F)N=C1N,CHEMBL5091877,1.4,1.4
C[C@@]1(S(C)(=O)=O)CC[C@@](CF)(c2cc(NC(=O)c3cc4c(cn3)OC(F)(F)O4)ccc2F)N=C1N,CHEMBL5090362,3.9,3.9
CC(C)S(=O)(=O)[C@]1(C)CC[C@@](CF)(c2cc(NC(=O)c3cc4c(cn3)OC(F)(F)O4)ccc2F)N=C1N,CHEMBL5089679,10.0,10.0
C[C@H]1SC(N)=N[C@](C)(c2cc(NC(=O)c3ccc(OCF)cn3)ccc2F)[C@H]1F,CHEMBL5093159,4.1,4.1
C[C@H]1SC(N)=N[C@](C)(c2cc(NC(=O)c3cc4c(cn3)OCCC4)ccc2F)[C@H]1F,CHEMBL5072129,47.0,47.0
C[C@H]1SC(N)=N[C@](C)(c2cc(NC(=O)c3cc4c(cn3)CCCO4)ccc2F)[C@H]1F,CHEMBL5079271,18.0,18.0
Cl.Cl.NC1=N[C@@]2(c3cccs3)CN(c3ncccn3)C[C@H]2CS1,CHEMBL5088790,121.0,121.0
Cl.NC1=N[C@@]2(c3cccs3)CN(c3ncc(F)cn3)C[C@H]2CS1,CHEMBL5093835,83.1,83.1
Cl.NC1=N[C@@]2(c3cnccn3)CN(c3ncc(F)cn3)C[C@H]2CS1,CHEMBL5091705,470.0,470.0
Cl.N#Cc1ccc([C@]23CN(c4ncc(F)cn4)C[C@H]2CSC(N)=N3)s1,CHEMBL3701715,110.0,110.0
Cl.NC1=N[C@@]2(c3ccns3)CN(c3ncc(F)cn3)C[C@H]2CS1,CHEMBL3701713,172.0,172.0
C[C@@]1(c2cc(NC(=O)c3ccc(C#N)cn3)ccc2F)Cn2cc(C#N)nc2C(N)=N1,CHEMBL5085521,13.0,13.0
C[C@@]1(c2cc(NC(=O)c3ccc(F)cn3)ccc2F)Cn2c(C#N)cnc2C(N)=N1,CHEMBL5088449,11.5,11.5
C[C@@]1(c2cc(NC(=O)c3ccc(Cl)cn3)ccc2F)Cn2c(C#N)cnc2C(N)=N1,CHEMBL5075933,2.6,2.6
COc1cnc(C(=O)Nc2ccc(F)c([C@]3(C)Cn4c(C#N)cnc4C(N)=N3)c2)cn1,CHEMBL5073381,5.5,5.5
C[C@@]1(c2cc(NC(=O)c3ccc(C#N)cn3)ccc2F)Cn2nc(C#N)cc2C(N)=N1,CHEMBL5084378,1.7,1.7
C[C@@]1(c2cc(NC(=O)c3ccc(F)cn3)ccc2F)Cn2nc(C#N)cc2C(N)=N1,CHEMBL5085412,2.8,2.8
C[C@@]1(c2cc(NC(=O)c3ccc(OC(F)F)cn3)ccc2F)Cn2nc(C#N)cc2C(N)=N1,CHEMBL5093303,1.4,1.4
Cc1nc(C(=O)Nc2ccc(F)c([C@]3(C)Cn4nc(C#N)cc4C(N)=N3)c2)co1,CHEMBL5093195,4.5,4.5
C[C@@]1(c2cc(NC(=O)c3cnc(C(F)F)cn3)ccc2F)Cn2nc(C#N)cc2C(N)=N1,CHEMBL5077699,3.7,3.7
C[C@@]1(c2cc(NC(=O)c3cnc(OCF)cn3)ccc2F)Cn2nc(C#N)cc2C(N)=N1,CHEMBL5082406,2.3,2.3
COc1cnc(C(=O)Nc2ccc(F)c([C@]3(C)Cn4nc(C#N)cc4C(N)=N3)c2)cn1,CHEMBL5074068,2.9,2.9
C[C@@]1(c2nc(NC(=O)c3ncc(OCCF)nc3N)ccc2F)CO[C@@](C)(C(F)(F)F)C(N)=N1,CHEMBL5089745,696.0,0.696
COCCOc1cnc(C(=O)Nc2ccc(F)c([C@]3(C)CO[C@@](C)(C(F)(F)F)C(N)=N3)n2)c(N)n1,CHEMBL5080033,71.0,0.071
C[C@@]1(c2nc(NC(=O)c3ncc(C(F)(F)F)cc3N)ccc2F)CO[C@@](C)(C(F)(F)F)C(N)=N1,CHEMBL5070669,70.0,0.07
CCC[C@H](NC(=O)[C@@H](NC(=O)[C@@H](N)CCC(=O)O)[C@@H](C)CC)C(=O)N[C@@H](CC(C)C)[C@H](O)CNc1ccc(C)cc1,CHEMBL5080664,6100.0,6.1
CCC[C@@H]1NC(=O)[C@@H](NC(=O)[C@@H](N)CCC(=O)O)CCCCC[C@@H]([C@H](O)CNc2ccc(C)cc2)NC1=O,CHEMBL5075323,1400000.0,1400.0
CCC[C@@H]1NC(=O)[C@@H](NC(=O)[C@@H](N)CCC(=O)O)C/C=C/CC[C@@H]([C@H](O)CNc2ccc(C)cc2)NC1=O,CHEMBL5087515,1500000.0,1500.0
CCC[C@@H]1NC(=O)[C@@H](NC(=O)[C@@H](N)CCC(=O)O)C/C=C\CC[C@@H]([C@H](O)CNc2ccc(C)cc2)NC1=O,CHEMBL5077726,1050000.0,1050.0
CCC[C@@H]1NC(=O)[C@@H](NC(=O)[C@@H](N)CCC(=O)O)CCCCCC[C@@H]([C@H](O)CNc2ccc(C)cc2)NC1=O,CHEMBL5082479,780000.0,780.0
CCC[C@@H]1NC(=O)[C@@H](NC(=O)[C@@H](N)CCC(=O)O)CC/C=C/CC[C@@H]([C@H](O)CNc2ccc(C)cc2)NC1=O,CHEMBL5083805,380000.0,380.0
CCC[C@@H]1NC(=O)[C@@H](NC(=O)[C@@H](N)CCC(=O)O)CC/C=C\CC[C@@H]([C@H](O)CNc2ccc(C)cc2)NC1=O,CHEMBL5081031,1410000.0,1410.0
CCC[C@@H]1NC(=O)[C@@H](NC(=O)[C@@H](N)CCC(=O)O)COCCCCC[C@@H]([C@H](O)CNc2ccc(C)cc2)NC1=O,CHEMBL5093424,1500000.0,1500.0
CCC[C@@H]1NC(=O)[C@@H](NC(=O)[C@@H](N)CCC(=O)O)COC/C=C/CC[C@@H]([C@H](O)CNc2ccc(C)cc2)NC1=O,CHEMBL5083071,1500000.0,1500.0
CCC[C@@H]1NC(=O)[C@@H](NC(=O)[C@@H](N)CCC(=O)O)COC/C=C\CC[C@@H]([C@H](O)CNc2ccc(C)cc2)NC1=O,CHEMBL5092500,1500000.0,1500.0
CCC[C@@H]1NC(=O)[C@@H](NC(=O)[C@@H](N)CCC(=O)O)[C@@H](C)OCCCC[C@@H]([C@H](O)CNc2ccc(C)cc2)NC1=O,CHEMBL5094796,1000000.0,1000.0
CCC[C@@H]1NC(=O)[C@@H](NC(=O)[C@@H](N)CCC(=O)O)[C@@H](C)OC/C=C/C[C@@H]([C@H](O)CNc2ccc(C)cc2)NC1=O,CHEMBL5088890,1420000.0,1420.0
CCC[C@@H]1NC(=O)[C@@H](NC(=O)[C@@H](N)CCC(=O)O)[C@@H](C)OC/C=C\C[C@@H]([C@H](O)CNc2ccc(C)cc2)NC1=O,CHEMBL5085833,117000.0,117.0
CCC[C@@H]1NC(=O)[C@@H](NC(=O)[C@@H](N)CCC(=O)O)[C@H](C)OCCCC[C@@H]([C@H](O)CNc2ccc(C)cc2)NC1=O,CHEMBL5092432,135000.0,135.0
CCC[C@@H]1NC(=O)[C@@H](NC(=O)[C@@H](N)CCC(=O)O)[C@H](C)OC/C=C/C[C@@H]([C@H](O)CNc2ccc(C)cc2)NC1=O,CHEMBL5093796,1000000.0,1000.0
CCC[C@@H]1NC(=O)[C@@H](NC(=O)[C@@H](N)CCC(=O)O)[C@H](C)OC/C=C\C[C@@H]([C@H](O)CNc2ccc(C)cc2)NC1=O,CHEMBL5086065,11700.0,11.7
CCC[C@@H]1NC(=O)[C@@H](NC(=O)[C@@H](N)CCC(=O)O)C(C)(C)OCCCC[C@@H]([C@H](O)CNc2ccc(C)cc2)NC1=O,CHEMBL5093447,6100.0,6.1
CCC[C@@H]1NC(=O)[C@@H](NC(=O)[C@@H](N)CCC(=O)O)C(C)(C)OC/C=C\C[C@@H]([C@H](O)CNc2ccc(C)cc2)NC1=O,CHEMBL5092145,3900.0,3.9
CCC[C@@H]1NC(=O)[C@@H](NC(=O)[C@@H](N)CCC(=O)O)C(C)(C)OCCCC[C@@H]([C@H](O)CNc2ccc(CC(=O)O)cc2)NC1=O,CHEMBL5079095,1600.0,1.6
CCC[C@@H]1NC(=O)[C@@H](NC(=O)[C@@H](N)CCC(=O)O)C(C)(C)OC/C=C\C[C@@H]([C@H](O)CNc2ccc(CC(=O)O)cc2)NC1=O,CHEMBL5085067,1200.0,1.2
C[C@@]1(c2cccc(NC(=O)c3ccc(Br)cn3)c2)CCSC(N)=N1,CHEMBL5093426,44.0,0.044000000000000004
Cc1nc(C#N)cnc1C(=O)Nc1ccc(F)c([C@]2(C)CO[C@@](C)(C(F)(F)F)C(N)=N2)c1,CHEMBL5077684,62.0,0.062
C[C@@]1(c2cc(NC(=O)c3ncc(C#N)cc3Cl)ccc2F)CO[C@@](C)(C(F)(F)F)C(N)=N1,CHEMBL5073160,6.0,0.006
C[C@@]1(c2cc(NC(=O)c3ncc(C#N)cc3N)ccc2F)CO[C@@](C)(C(F)(F)F)C(N)=N1,CHEMBL5090563,5.0,0.005
COc1cnc(C(=O)Nc2ccc(F)c([C@]3(C)CO[C@@](C)(C(F)(F)F)C(N)=N3)c2)c(C)c1,CHEMBL5075177,33.0,0.033
Cc1cc(OC(F)F)cnc1C(=O)Nc1ccc(F)c([C@]2(C)CO[C@@](C)(C(F)(F)F)C(N)=N2)c1,CHEMBL5086270,14.0,0.013999999999999999
C[C@@]1(c2cc(NC(=O)c3ncc(OC(F)F)cc3Cl)ccc2F)CO[C@@](C)(C(F)(F)F)C(N)=N1,CHEMBL5074449,16.0,0.016
C[C@@]1(c2cc(NC(=O)c3ncc(Cl)cc3Cl)ccc2F)CO[C@@](C)(C(F)(F)F)C(N)=N1,CHEMBL5085959,8.0,0.008
NC1=NC(c2ccc(F)cc2)CC(=O)N1,CHEMBL5200940,18030.0,18.03
COc1cc(/C=C/c2nnc(-c3ccc(C(F)(F)F)cc3)o2)ccc1O,CHEMBL5190569,255.0,0.255
COc1cc(/C=C/c2nnc(-c3ccc(OC(F)(F)F)cc3)o2)ccc1O,CHEMBL5197518,210.0,0.21
COCc1nn(Cc2ccc(Cn3ccccc3=O)cc2)cc1C(=O)NCc1nccc(OC)c1F,CHEMBL5095248,10000.0,10000.0
C=C1[C@@]23C(=O)O[C@H](C)[C@@]2(O)C(=O)O[C@]1(C)[C@@H](O)C1=C2CO[C@H]4CC(=O)OC(C)(C)[C@@]24CC[C@@]13C,CHEMBL5194590,78.0,78.0
CCNC1=NC(c2ccc(F)cc2)NC(=O)N1,CHEMBL5205303,16000.0,16.0
CC1c2cc(Oc3ccccc3)ccc2N=C(N)N1CCCC(=O)N(Cc1cnn(C)c1)C1CCCCC1,CHEMBL5170123,380.0,0.38
Cn1cc(CN(C(=O)CCCN2C(N)=Nc3ccc(Oc4ccccc4)cc3C2CC2CCCCC2)C2CCCCC2)cn1,CHEMBL5209049,490.0,0.49
Cn1c(N/N=C/c2cccc(Cl)c2Cl)nc2ccccc2c1=O,CHEMBL5206612,3700.0,3.7
Cn1c(N/N=C/c2ccc(O)cc2O)nc2ccccc2c1=O,CHEMBL5189604,27600.0,27.6
Cc1cn(-c2ccc3n(c2=O)CCN([C@@H](C)[C@@H]2CC[C@H](c4cc(F)c(Cl)cc4C(F)(F)F)O2)C3=O)cn1,CHEMBL3951810,20000.0,20.0
COc1cc(/C=C/c2cc(=O)oc3c2ccc2oc(-c4cc(OC)cc(OC)c4)cc23)cc(OC)c1,CHEMBL5182136,15300.0,15.3
COc1cc2oc(C(=O)Nc3cccc(CN(C)Cc4ccccc4)c3)cc(=O)c2cc1OC,CHEMBL5202021,6700.0,6.7
O=C(OC1O[C@@H]2COC(=O)c3cc(O)c(O)c(O)c3-c3c(cc(O)c(O)c3O)C(=O)O[C@H]2[C@H](OC(=O)c2cc(O)c(O)c(O)c2)[C@H]1OC(=O)c1cc(O)c(O)c(O)c1)c1cc(O)c(O)c(O)c1,CHEMBL510512,20230.0,20.23
O=C(CCN1CCN(Cc2ccccc2)CC1)Nc1ccc2nc3n(c(=O)c2c1)CCC3,CHEMBL5196827,129.0,0.129
Cc1cc2nc(-c3cnc(N)s3)c(-c3cnc(N)s3)nc2cc1C,CHEMBL5188397,3000.0,3.0
CC1(C)C(=N)N[C@](C)(c2nc(NC(=O)c3ccc(C#N)cn3)ccc2F)CS1(=O)=O,CHEMBL5174392,1.0,1.0
COc1cnc(C(=O)Nc2ccc(F)c([C@]3(C)CS(=O)(=O)[C@@](C)(CF)C(=N)N3)c2)cn1,CHEMBL5208596,12.0,12.0
COc1cnc(C(=O)Nc2ccc(F)c([C@]3(C)CS(=O)(=O)[C@](C)(CF)C(=N)N3)c2)cn1,CHEMBL5195634,14.0,14.0
COc1cnc(C(=O)Nc2ccc(F)c([C@]3(C)CS(=O)(=O)[C@@](C)(C(F)F)C(=N)N3)c2)cn1,CHEMBL5203915,30.0,30.0
COc1cnc(C(=O)Nc2ccc(F)c([C@]3(C)CS(=O)(=O)[C@](C)(C(F)F)C(=N)N3)c2)cn1,CHEMBL5170080,171.0,171.0
C[C@]1(CF)C(=N)N[C@](C)(c2nc(NC(=O)c3ccc(C#N)cn3)ccc2F)CS1(=O)=O,CHEMBL5194897,3.0,3.0
C[C@@]1(c2nc(NC(=O)c3ccc(C#N)cn3)ccc2F)CS(=O)(=O)[C@](C)(CF)C(=N)N1,CHEMBL5170892,7.0,7.0
C[C@@]1(c2nc(NC(=O)c3ccc(C#N)cn3)ccc2F)CS(=O)(=O)[C@@](C)(C(F)F)C(=N)N1,CHEMBL5204704,11.0,11.0
C[C@@]1(C(F)F)C(=N)N[C@](C)(c2nc(NC(=O)c3ccc(C#N)cn3)ccc2F)CS1(=O)=O,CHEMBL5197842,78.0,78.0
Cc1cc(C#N)cnc1C(=O)Nc1ccc(F)c([C@]2(C)CS(=O)(=O)[C@@](C)(CF)C(=N)N2)n1,CHEMBL5190011,1.0,1.0
Cc1cc(C#N)cnc1C(=O)Nc1ccc(F)c([C@]2(C)CS(=O)(=O)[C@](C)(CF)C(=N)N2)n1,CHEMBL5203401,2.0,2.0
Cc1cc(C#N)cnc1C(=O)Nc1ccc(F)c([C@]2(C)CS(=O)(=O)[C@@](C)(C(F)F)C(=N)N2)n1,CHEMBL5198665,3.0,3.0
Cc1cc(C#N)cnc1C(=O)Nc1ccc(F)c([C@]2(C)CS(=O)(=O)[C@](C)(C(F)F)C(=N)N2)n1,CHEMBL5195553,11.0,11.0
CC(C)(C)C(=O)N[C@H]1CC[C@@H]2Oc3ccc(-c4cncc(F)c4)cc3C3(CSC(N)=N3)[C@H]2C1,CHEMBL5201184,1.1,1.1
C[C@@]1(c2cc(-c3ccc(Cl)cn3)ccc2F)CCC2(CC2)C(N)=N1,CHEMBL5186842,31.0,31.0
C[C@@]1(c2cc(-c3ccc(Cl)cn3)ccc2F)C[C@@H]2C[C@@H]2C(N)=N1,CHEMBL5187186,96.0,96.0
CC1CC[C@@](CF)(c2cc(-c3cc4c(cn3)OC(F)(F)O4)ccc2F)N=C1N,CHEMBL5171414,59.0,59.0
COc1cnc(-c2ccc(F)c([C@]3(C)CC[C@@](C)(C#N)C(N)=N3)c2)cn1,CHEMBL5170536,9.8,9.8
COc1cnc(-c2ccc(F)c([C@]3(CF)CC[C@@](C)(C#N)C(N)=N3)c2)cn1,CHEMBL5173292,54.0,54.0
COc1cnc(-c2ccc(F)c([C@]3(CF)CC[C@](C)(C#N)C(N)=N3)c2)cn1,CHEMBL5184716,851.0,851.0
COc1cnc(-c2ccc(F)c([C@]3(C(F)F)CC[C@@](C)(C#N)C(N)=N3)c2)cn1,CHEMBL5186773,12.0,12.0
CN(C)C(=O)[C@]1(C)CC[C@@](CF)(c2cc(-c3ccc(F)cn3)ccc2F)N=C1N,CHEMBL5176213,66.0,66.0
CN(C)S(=O)(=O)[C@]1(C)CC[C@@](CF)(c2cc(-c3ccc(F)cn3)ccc2F)N=C1N,CHEMBL5180053,4.0,4.0
COc1cnc(-c2ccc(F)c([C@]3(C)CC[C@@](C)(S(C)(=O)=O)C(N)=N3)c2)cn1,CHEMBL5186218,4.0,4.0
C[C@@]1(S(C)(=O)=O)CC[C@@](CF)(c2nc(-c3cnc(OCF)cn3)ccc2F)N=C1N,CHEMBL5178174,38.0,38.0
C[C@@]1(c2cc(-c3cc4c(cn3)OC(F)(F)O4)ccc2F)CC[C@@](C)(S(=O)(=O)C(F)(F)F)C(N)=N1,CHEMBL5184228,5.9,5.9
C[C@@]1(c2cc(NC(=O)c3ccc(F)cn3)ccc2F)CC[C@@](CF)(S(C)(=O)=O)C(N)=N1,CHEMBL5186838,15.0,15.0
COc1cnc(C(=O)Nc2ccc(F)c([C@@]3(C)N=C(N)[C@](C)(S(C)(=O)=O)C[C@@H]3F)c2)cn1,CHEMBL5175673,31.0,31.0
C[C@@]1(c2nc(-c3ccc(F)cn3)cs2)CC[C@@](C)(S(C)(=O)=O)C(N)=N1,CHEMBL5193623,25.0,25.0
C[C@@]1(c2cc(-c3cnc(OCF)cn3)ccc2F)CCC(F)(F)C(N)=N1,CHEMBL5195193,12.0,12.0
NC1=N[C@](CF)(c2cc(-c3cnc(OCF)cn3)ccc2F)CCC1(F)F,CHEMBL5192629,8.9,8.9
CC(C)C[C@H](NC(=O)C[C@H](O)[C@H](Cc1ccccc1)NC(=O)[C@H](CCC(N)=O)N(C)C(=O)[C@@H](NC(=O)OCc1ccccc1)C(C)C)C(=O)N[C@@H](C)C(=O)N(C)[C@H](Cc1ccccc1)C(=O)N1CCC[C@H]1C(=O)O,CHEMBL5179569,179.0,179.0
COC(=O)[C@@H]1CCCN1C(=O)[C@@H](Cc1ccc(OC(C)(C)C)cc1)N(C)C(=O)[C@H](C)NC(=O)[C@H](CC(C)C)NC(=O)C[C@H](O)[C@H](Cc1ccccc1)NC(=O)[C@H](CCC(N)=O)N(C)C(=O)[C@@H](NC(=O)OCc1ccccc1)C(C)C,CHEMBL5184970,1348.0,1348.0
CC(C)C[C@H](NC(=O)C[C@H](O)[C@H](Cc1ccccc1)NC(=O)[C@H](CCC(N)=O)N(C)C(=O)[C@@H](NC(=O)OCc1ccccc1)C(C)C)C(=O)N[C@@H](C)C(=O)N(C)[C@H](Cc1ccc(OC(C)(C)C)cc1)C(=O)N1CCC[C@H]1C(=O)O,CHEMBL5188873,341.0,341.0
COC(=O)[C@@H]1CCCN1C(=O)[C@@H](Cc1ccc(O)cc1)N(C)C(=O)[C@H](C)NC(=O)[C@H](CC(C)C)NC(=O)C[C@H](O)[C@H](Cc1ccccc1)NC(=O)[C@H](CCC(N)=O)N(C)C(=O)[C@@H](NC(=O)OCc1ccccc1)C(C)C,CHEMBL5192597,775.0,775.0
CC(C)C[C@H](NC(=O)C[C@H](O)[C@H](Cc1ccccc1)NC(=O)[C@H](CCC(N)=O)N(C)C(=O)[C@@H](NC(=O)OCc1ccccc1)C(C)C)C(=O)N[C@@H](C)C(=O)N(C)[C@H](Cc1ccccc1)C(=O)N1CCC[C@H]1C(=O)NCCOCCOCCn1cc(CNC(=O)[C@H](CCCCNC(=O)[C@H](CCCCN)NC(=O)[C@H](CCCCN)NC(=O)[C@H](CCC(N)=O)NC(=O)[C@H](CO)NC(=O)CCN2c3ccccc3C(C)(C)[C@]23C=Cc2cc([N+](=O)[O-])ccc2O3)NC(=O)[C@H](CCCCN)NC(=O)[C@H](CCCCN)NC(=O)C(CCC(N)=O)NC(=O)[C@H](CO)NC(=O)CCN2c3ccccc3C(C)(C)[C@]23CCc2cc([N+](=O)[O-])ccc2O3)nn1,CHEMBL5184180,1031.0,1031.0
CC(C)C[C@H](NC(=O)C[C@H](O)[C@H](Cc1ccccc1)NC(=O)[C@H](CCC(N)=O)N(C)C(=O)[C@@H](NC(=O)OCc1ccccc1)C(C)C)C(=O)N[C@@H](C)C(=O)N(C)[C@H](Cc1ccc(O)cc1)C(=O)N1CCC[C@H]1C(=O)NCCOCCOCCn1cc(CNC(=O)[C@H](CCCCNC(=O)[C@H](CCCCN)NC(=O)[C@H](CCCCN)NC(=O)[C@H](CCC(N)=O)NC(=O)[C@H](CO)NC(=O)CCN2c3ccccc3C(C)(C)[C@]23C=Cc2cc([N+](=O)[O-])ccc2O3)NC(=O)[C@H](CCCCN)NC(=O)[C@H](CCCCN)NC(=O)C(CCC(N)=O)NC(=O)[C@H](CO)NC(=O)CCN2c3ccccc3C(C)(C)[C@]23CCc2cc([N+](=O)[O-])ccc2O3)nn1,CHEMBL5184529,828.0,828.0
CC(C)(C)OC(=O)Nc1ccc(O)c(C(=O)NCCCN2CCCCC2)c1,CHEMBL5220695,15.1,15.1
CC1CCCCN1CCCNC(=O)c1cc(NC(=O)OC(C)(C)C)ccc1O,CHEMBL5219239,15.4,15.4
COc1ccc(-c2oc3cc(Br)c(I)cc3c(=O)c2O)cc1,CHEMBL5272243,15740.0,15.74
O=c1c(/C=N/Nc2ccc(C(F)(F)F)cc2)coc2c1ccc1oc(-c3ccc(Cl)cc3)cc12,CHEMBL5270046,14000.0,14.0
CC(=O)Nc1c(Cl)cc(C/N=C(\N)NC(=O)Cn2ccc3ccc(C#N)cc32)cc1Cl,CHEMBL5270666,44.0,0.044
Nc1nc(-c2cccc(OCc3ccccc3)c2)cc(-c2ccc(Cl)cc2Cl)n1,CHEMBL5281134,6920.0,6.92
O=[N+]([O-])c1ccc(-n2cc(COc3ccc(/C=N/Nc4nnc(-c5ccccc5)c(-c5ccccc5)n4)cc3)nn2)cc1,CHEMBL5273082,11420.0,11.42
C(=N/Nc1nnc(-c2cccs2)c(-c2cccs2)n1)\c1cc2ccccc2[nH]1,CHEMBL5287811,690.0,0.69
N=C(Nc1cnc(F)c(F)c1)Nc1cnc(F)c(F)c1,CHEMBL5290942,97000.0,97.0
C[C@@]1(c2cc(NC(=O)c3ncc(C#N)cc3F)ccc2F)C=C(CF)OC(N)=N1,CHEMBL5274069,155.0,155.0
COc1cnc(C(=O)Nc2ccc(F)c([C@]3(C)C=C(CF)OC(N)=N3)c2)c(C)n1,CHEMBL5285805,491.0,491.0
COc1cnc(C(=O)Nc2ccc(F)c([C@]3(C)C=C(CF)OC(N)=N3)c2)nc1,CHEMBL5285608,241.0,241.0
C[C@@]1(c2cc(NC(=O)c3ccn(C(F)F)n3)ccc2F)C=C(CF)OC(N)=N1,CHEMBL5291027,82.3,82.3
Nc1nc(Cc2ccc3cc[nH]c3c2)cc(=O)[nH]1,CHEMBL5279912,130000.0,130.0
Cn1c(N)nc(Cc2ccccc2)cc1=O,CHEMBL5286896,220000.0,220.0
Cn1c(N)nc(Cc2ccc3ccccc3c2)cc1=O,CHEMBL5279449,36000.0,36.0
Cn1c(N)nc(Cc2ccc3cc[nH]c3c2)cc1=O,CHEMBL5290864,77000.0,77.0
CN1C(=O)C[C@@](C)(Cc2ccccc2)N=C1N,CHEMBL5278850,34000.0,34.0
CN1C(=O)C[C@@](C)(CCc2cccc(-c3ccccc3)c2)N=C1N,CHEMBL3040557,1600.0,1.6
COc1nc(N)nc(Nc2ccccc2)c1/N=C/Cc1ccccc1[N+](=O)[O-],CHEMBL5286699,50000.0,50.0
COc1nc(N)nc(Nc2ccccc2)c1/N=C/Cc1c(Cl)cccc1Cl,CHEMBL5271939,12000.0,12.0
COc1nc(N)nc(Nc2ccccc2)c1/N=C/Cc1ccccc1Cl,CHEMBL5270454,75000.0,75.0
COc1nc(N)nc(Nc2ccccc2)c1/N=C/Cc1ccc(C)cc1,CHEMBL5289974,44000.0,44.0
COc1nc(N)nc(Nc2ccccc2)c1/N=C/Cc1ccc(C(F)(F)F)cc1,CHEMBL5278976,38000.0,38.0
COc1nc(N)nc(Nc2ccccc2)c1/N=C/Cc1ccccc1,CHEMBL5284749,20000.0,20.0
Nc1nc2c(nc(Cc3ccccc3[N+](=O)[O-])n2-c2ccccc2)c(=O)[nH]1,CHEMBL5272851,230000.0,230.0
Nc1nc2c(nc(Cc3ccc(Br)cc3)n2-c2ccccc2)c(=O)[nH]1,CHEMBL5289894,210000.0,210.0
CC#Cc1cncc(-c2ccc3c(c2)[C@@]2(CO3)N=C(N)C[C@H]2C(F)(F)F)c1,CHEMBL5276750,114.8,114.8
CCCCCCCCCCCC1=CC(=O)C=CC1=O,CHEMBL5270796,2110.0,2.11
COc1cc(O)cc(-c2cc3ccc(O)c(C/C=C(\C)CCC=C(C)C)c3o2)c1CC=C(C)C,CHEMBL5280671,5640.0,5.64
CC(C)=CCC/C(C)=C/Cc1c(O)ccc2cc(-c3cc(O)cc(O)c3CC=C(C)C)oc12,CHEMBL517247,3740.0,3.74
CC(C)=CCCC1(C)C=Cc2c(ccc3cc(-c4cc(O)cc(O)c4CC=C(C)C)oc23)O1,CHEMBL5287353,730.0,0.73
CC12CC(c3c(O)cc(-c4cc5ccc(O)cc5o4)cc3O)CC3c4ccc(O)cc4OC31C2,CHEMBL5277231,1040.0,1.04
CC(C)=CCC/C(C)=C/CC/C(C)=C\Cc1c(O)cc(O)c(CC=C(C)C)c1-c1cc2ccc(O)cc2o1,CHEMBL5278221,2030.0,2.03
O=C(/C=C/c1ccc(O)c(O)c1)O[C@@H]1[C@H](O)C[C@@](O)(C(=O)O)C[C@H]1OC(=O)/C=C/c1ccc(O)c(O)c1,CHEMBL249448,3310.0,3.31
COc1cc(O)c2c(=O)cc(-c3ccccc3)oc2c1OC,CHEMBL2235239,2910.0,2.91
Cc1cc2c(c(C)c1CCO[C@@H]1O[C@H](CO)[C@@H](O)[C@H](O)[C@H]1O)C(=O)[C@H](C)C2,CHEMBL4089910,18000.0,18.0
Cc1cc2c(c(C)c1CCO[C@@H]1O[C@H](CO)[C@@H](O)[C@H](O)[C@H]1O)C(=O)[C@@H](C)[C@H]2O,CHEMBL5287890,28900.0,28.9
Cc1cc2c(c(C)c1CCO[C@@H]1O[C@H](CO)[C@@H](O)[C@H](O)[C@H]1O)C(=O)[C@H](C)[C@H]2O,CHEMBL5278532,9740.0,9.74
Cc1cc2c(c(C)c1CCO[C@@H]1O[C@H](CO)[C@@H](O)[C@H](O)[C@H]1O)C(=O)C(C)(C)[C@H]2O,CHEMBL4097388,10700.0,10.7
Oc1cc(O)cc(Oc2cc(O)c(O)c3c2Oc2c(O)cc(Oc4c(O)cc(Oc5c(O)cc(O)c6c5Oc5c(O)cc(O)cc5O6)cc4O)cc2O3)c1,CHEMBL5274481,2340.0,2.34
Oc1cc(O)cc(Oc2c(O)cc(O)c3c2Oc2c(cc(O)c(-c4c(O)cc5c(c4O)Oc4c(Oc6cc(O)cc(O)c6)c(O)cc(O)c4O5)c2O)O3)c1,CHEMBL443626,1620.0,1.62
O=C(O)/C=C/c1ccc(O)c(O)c1,CHEMBL145,16670.0,16.67
OCCc1ccc(O)c(O)c1,CHEMBL1950045,35.0,0.035
C/C=C1/C(O[C@@H]2O[C@H](CO)[C@@H](O)[C@H](O)[C@H]2O)OC=C(C(=O)OC)C1CC(=O)OCCc1ccc(O)c(O)c1,CHEMBL5272371,2760.0,2.76
C[C@@H]1O[C@@H](O[C@@H]2[C@@H](O)[C@H](OCCc3ccc(O)c(O)c3)O[C@H](CO)[C@H]2OC(=O)/C=C/c2ccc(O)c(O)c2)[C@H](O)[C@H](O)[C@H]1O,CHEMBL444478,6.3,0.0063
C[C@@H]1O[C@@H](OC[C@H]2O[C@@H](Oc3c(-c4ccc(O)c(O)c4)oc4cc(O)cc(O)c4c3=O)[C@H](O)[C@@H](O)[C@@H]2O)[C@H](O)[C@H](O)[C@H]1O,CHEMBL226335,3.8,0.0038
O=c1cc(-c2ccc(O)c(O)c2)oc2cc(O)cc(O)c12,CHEMBL151,520.0,0.52
COc1ccc(NC(=O)C2CCN(C(=O)c3ccccc3)CC2)cc1OC,CHEMBL1613299,18.3,18.3
COc1ccccc1NC(=O)C1CCN(C(=O)c2ccccc2)CC1,CHEMBL5266286,18.5,18.5
COc1ccc(NC(=O)C2CCN(C(=O)c3ccccc3)CC2)cc1,CHEMBL5268019,19.1,19.1
COc1ccc(NCC2CCN(Cc3ccccc3)CC2)cc1OC,CHEMBL5287982,243.0,243.0
COc1ccccc1NCC1CCN(Cc2ccccc2)CC1,CHEMBL5274016,277.0,277.0
COc1ccc(NCC2CCN(Cc3ccccc3)CC2)cc1,CHEMBL5268811,253.0,253.0
O=C1Cc2cc(N3C(=O)c4ccccc4C3=O)ccc2CN1C(=O)c1ccccc1,CHEMBL5279409,5.87,5.87
Cc1cccc(C(=O)N2Cc3ccc(N4C(=O)c5ccccc5C4=O)cc3CC2=O)c1,CHEMBL5273978,4.45,4.45
COc1ccccc1C(=O)N1Cc2ccc(N3C(=O)c4ccccc4C3=O)cc2CC1=O,CHEMBL5277927,2.96,2.96
COc1ccc(C(=O)N2Cc3ccc(N4C(=O)c5ccccc5C4=O)cc3CC2=O)cc1,CHEMBL5289994,1.69,1.69
C/C(=C\C1=CCN(C(=O)CCc2ccccc2)C(=O)C1)N1C(=O)c2ccccc2C1=O,CHEMBL5267312,2.07,2.07
COc1cc(/C=C/c2nnc(-c3ccc(Cl)cc3)o2)ccc1O,CHEMBL5266033,0.628,0.628
COc1cc(/C=C/c2nnc(-c3ccc(Cl)cc3Cl)o2)ccc1O,CHEMBL5272625,0.864,0.864
COc1cc(/C=C/c2nnc(-c3ccc(F)cc3)o2)ccc1O,CHEMBL5269238,0.479,0.479
COc1cc(/C=C/c2nnc(-c3ccc(F)cc3F)o2)ccc1O,CHEMBL5286535,0.624,0.624
COc1ccc(/C=C/C(=O)c2cc(I)c(Cl)cc2O)cc1,CHEMBL5265752,13.82,13.82
O=C(/C=C/c1ccc(F)cc1)c1cc(I)c(Br)cc1O,CHEMBL5291052,4.703,4.703
COc1cc(O)c(C(=O)/C=C/c2ccc(F)cc2)cc1I,CHEMBL5275941,25.07,25.07
COc1ccc(/C=C/C(=O)c2cc(I)c(OC)cc2O)cc1,CHEMBL5272974,70.79,70.79
O=c1c(O)c(-c2ccc(F)cc2)oc2cc(F)c(I)cc12,CHEMBL5282833,32.18,32.18
O=c1c(O)c(-c2ccc(Cl)cc2)oc2cc(F)c(I)cc12,CHEMBL5274465,16.69,16.69
COc1ccc(-c2oc3cc(OC)c(I)cc3c(=O)c2O)cc1,CHEMBL5278429,22.44,22.44
O=c1c(/C=N/Nc2ccc(C(F)(F)F)cc2)coc2cc3oc(-c4cccc(F)c4)cc3cc12,CHEMBL5288752,17300.0,17.3
O=c1c(/C=N/Nc2ccc(C(F)(F)F)cc2)coc2cc3oc(-c4cccc(Cl)c4)cc3cc12,CHEMBL5268805,32800.0,32.8
COc1ccc(-c2cc3cc4c(=O)c(/C=N/Nc5ccc(C(F)(F)F)cc5)coc4cc3o2)cc1,CHEMBL5288184,25300.0,25.3
O=c1c(/C=N/Nc2ccc(C(F)(F)F)cc2)coc2c1ccc1oc(-c3cccc(F)c3)cc12,CHEMBL5273380,15800.0,15.8
Oc1cc(O)c2c(c1)O[C@H](c1ccc(O)c(O)c1)[C@H](O)C2,CHEMBL583912,4500.0,4.5
CCC(=O)CNC(=O)Nc1nc2ccc(-c3oc4c(OC)c(O)c(O)c(OC)c4c(=O)c3O)cc2s1,CHEMBL5282182,2100.0,2.1
Brc1ccc(-c2csc(/C=C/c3ccccc3)n2)cc1,CHEMBL5431573,15.2,15.2
COc1ccc(/C=C/c2nc(-c3ccc(OC)cc3)cs2)cc1,CHEMBL5410177,25.3,25.3
CN(CCOCCN1c2ccccc2Sc2ccccc21)C(CCN)C(=O)NCc1ccccc1,CHEMBL5411369,22900.0,22.9
CN(CCOCCN1c2ccccc2Sc2ccccc21)C(CCN)C(=O)NCc1ccccc1Cl,CHEMBL5423337,5170.0,5.17
CN(CCOCCN1c2ccccc2Sc2ccccc21)C(CCN)C(=O)NCc1ccc(Cl)cc1,CHEMBL5423316,1570.0,1.57
CN(CCOCCN1c2ccccc2Sc2ccccc21)C(CCN)C(=O)NCc1ccc(F)cc1,CHEMBL5411905,5350.0,5.35
CN(CCOCCn1c2ccccc2c2ccccc21)C(CCN)C(=O)NCc1ccccc1,CHEMBL5440565,9420.0,9.42
CN(CC/C=C/c1ccccc1-c1ccc(Cl)cc1Cl)C(CCN)C(=O)NCc1ccccc1,CHEMBL5404846,5410.0,5.41
CN(CCC=C1c2ccccc2-c2ccccc21)C(CCO)C(=O)NCc1ccccc1,CHEMBL4868987,19500.0,19.5
CN(CCC=C1c2ccccc2-c2ccccc21)C(CCO)C(=O)NCc1ccc(Cl)cc1,CHEMBL4849009,17300.0,17.3
CN(CCC=C1c2ccccc2CCc2ccccc21)C(CCN)C(=O)NCc1ccccc1,CHEMBL4854550,6680.0,6.68
CN(CCC=C1c2ccccc2CCc2ccccc21)C(CCN)C(=O)NCc1ccccc1Cl,CHEMBL4859850,5130.0,5.13
CN(CCC=C1c2ccccc2CCc2ccccc21)C(CCN)C(=O)NCc1ccc(Cl)cc1,CHEMBL4873878,29000.0,29.0
CN(CCC=C1c2ccccc2CCc2ccccc21)C(CCN)C(=O)NCc1ccc(F)cc1,CHEMBL4852705,4880.0,4.88
Cc1ccc(CNC(=O)C(CCN)N(C)CCC=C2c3ccccc3CCc3ccccc32)cc1,CHEMBL4861574,4030.0,4.03
O=C(NCCNc1c2c(nc3cc(Cl)ccc13)CCCC2)c1cc(-c2ccc(Cl)cc2)on1,CHEMBL5402779,1650.0,1.65
N=c1oc2ccccc2cc1C(=O)Nc1cc(Br)ccc1N1CCN(Cc2ccc(F)cc2)CC1,CHEMBL5411394,6310.0,6.31
FC(F)(F)c1ccc(-c2nnc(CNC3CCN(Cc4ccccc4)C3)o2)cc1,CHEMBL5409365,143.0,0.143
CC(C)=CC(O)C/C(C)=C/COc1c2ccoc2cc2oc(=O)ccc12,CHEMBL258939,26010.0,26.01
O=c1cc(OCCCN2CCC(NCc3ccc(F)c(F)c3)CC2)c2ccc(-c3cccnc3)cc2o1,CHEMBL5430322,1806.0,1.806
O=c1cc(OCCCNC2CCN(Cc3ccccc3)CC2)c2ccc(-c3cccnc3)cc2o1,CHEMBL5396142,1227.0,1.227
CCCN1CCCCOc2cccc(c2)C[C@@H]([C@H](O)CNC(C)(C)c2cccc(OC)c2)NC(=O)c2cccc(c2)C1=O,CHEMBL5415222,380.0,380.0
COc1cccc(C(C)(C)NC[C@@H](O)[C@@H]2Cc3cccc(c3)OCCCCNC(=O)c3cccc(c3)C(=O)N2)c1,CHEMBL5399890,910.0,910.0
COc1cccc(C(C)(C)NC[C@@H](O)[C@@H]2Cc3cccc(c3)OCCCCN(C)C(=O)c3cccc(c3)C(=O)N2)c1,CHEMBL5400043,1030.0,1030.0
COc1cccc(C(C)(C)NC[C@@H](O)[C@@H]2Cc3cccc(c3)OCCCCN(CCC(F)(F)F)C(=O)c3cccc(c3)C(=O)N2)c1,CHEMBL5425367,2100.0,2100.0
COc1cccc(C(C)(C)NC[C@@H](O)[C@@H]2Cc3cccc(c3)OCCCCN(CC(C)(C)C)C(=O)c3cccc(c3)C(=O)N2)c1,CHEMBL5411166,1900.0,1900.0
COc1cccc(C(C)(C)NC[C@@H](O)[C@@H]2Cc3cccc(c3)OCCCCN(CCN(C)C)C(=O)c3cccc(c3)C(=O)N2)c1,CHEMBL5409955,52400.0,52400.0
CCCN1CCCCCOc2cccc(c2)C[C@@H]([C@H](O)CNC(C)(C)c2cccc(OC)c2)NC(=O)c2cccc(c2)C1=O,CHEMBL5434858,6000.0,6000.0
CCCN1CCOc2cccc(c2)C[C@@H]([C@H](O)CNC(C)(C)c2cccc(OC)c2)NC(=O)c2cccc(c2)C1=O,CHEMBL5412274,1850.0,1850.0
CCCN1CCOCCc2cccc(c2)C[C@@H]([C@H](O)CNC(C)(C)c2cccc(OC)c2)NC(=O)c2cccc(c2)C1=O,CHEMBL5432126,22700.0,22700.0
CCCN1CCCCc2cccc(c2)C[C@@H]([C@H](O)CNC(C)(C)c2cccc(OC)c2)NC(=O)c2cccc(c2)C1=O,CHEMBL5427012,3020.0,3020.0
CCCN1CCCCCc2cccc(c2)C[C@@H]([C@H](O)CNC(C)(C)c2cccc(OC)c2)NC(=O)c2cccc(c2)C1=O,CHEMBL5410627,2030.0,2030.0
O=C(Cn1nc(-c2ccccc2)c(-c2ccccc2)nc1=O)Nc1ccc([N+](=O)[O-])cc1,CHEMBL5505847,1317.0,1.317
O=C(Cn1nc(-c2ccccc2)c(-c2ccccc2)nc1=O)Nc1ccc([N+](=O)[O-])cc1Cl,CHEMBL5557161,1831.0,1.831
O=C(Cn1nc(-c2ccccc2)c(-c2ccccc2)nc1=O)Nc1cc(Br)cc(Br)c1,CHEMBL5557905,1251.0,1.251
N#Cc1ccccc1NC(=O)Cn1nc(-c2ccccc2)c(-c2ccccc2)nc1=O,CHEMBL5555216,1477.0,1.477
O=C(Cn1nc(-c2ccccc2)c(-c2ccccc2)nc1=O)Nc1ccc(Cl)cc1,CHEMBL5559321,1926.0,1.926
O=C(Cn1nc(-c2ccccc2)c(-c2ccccc2)nc1=O)Nc1ccc(Br)cc1,CHEMBL5555683,1858.0,1.858
O=C(Cn1nc(-c2ccccc2)c(-c2ccccc2)nc1=O)Nc1cccc(Cl)c1,CHEMBL5558447,1438.0,1.438
O=C(Cn1nc(-c2ccccc2)c(-c2ccccc2)nc1=O)Nc1ccc(F)cc1,CHEMBL5558946,694.0,0.694
O=C(Cn1nc(-c2ccccc2)c(-c2ccccc2)nc1=O)Nc1ccc(O)cc1,CHEMBL5559062,1621.0,1.621
O=C(Cn1nc(-c2ccccc2)c(-c2ccccc2)nc1=O)Nc1ccccc1O,CHEMBL5532467,953.0,0.953
COc1cc(NC(=O)Cn2nc(-c3ccccc3)c(-c3ccccc3)nc2=O)cc(OC)c1OC,CHEMBL5555737,648.0,0.648
COc1cc(NC(=O)Cn2nc(-c3ccccc3)c(-c3ccccc3)nc2=O)cc(OC)c1,CHEMBL5555058,542.0,0.542
O=C(Cn1nc(-c2ccccc2)c(-c2ccccc2)nc1=O)Nc1cccc([N+](=O)[O-])c1,CHEMBL5555930,1247.0,1.247
O=C(Cn1nc(-c2ccccc2)c(-c2ccccc2)nc1=O)Nc1ccccc1Cl,CHEMBL5532603,609.0,0.609
O=C(Cn1nc(-c2ccccc2)c(-c2ccccc2)nc1=O)Nc1ccccc1[N+](=O)[O-],CHEMBL5555983,912.0,0.912
N#Cc1cccc(NC(=O)Cn2nc(-c3ccccc3)c(-c3ccccc3)nc2=O)c1,CHEMBL5512503,1102.0,1.102
Cc1ccccc1NC(=O)Cn1nc(-c2ccccc2)c(-c2ccccc2)nc1=O,CHEMBL5550021,742.0,0.742
O=C(Cn1nc(-c2ccccc2)c(-c2ccccc2)nc1=O)Nc1ccc(F)cc1F,CHEMBL5557719,1436.0,1.436
COc1cc2ncnc(N3CCN(C(c4ccccc4)c4ccccc4)CC3)c2cc1OC,CHEMBL5542397,662.0,0.662
COc1cc2ncnc(N3CCN(Cc4ccccc4)CC3)c2cc1OC,CHEMBL5517663,231.0,0.231
COc1cc2ncnc(N3CCN(c4ccc([N+](=O)[O-])cc4)CC3)c2cc1OC,CHEMBL5559386,729.0,0.729
COc1cc2ncnc(N3CCN(c4ccccc4)CC3)c2cc1OC,CHEMBL5557329,1314.0,1.314
COc1cc2ncnc(N3CCN(c4ccccn4)CC3)c2cc1OC,CHEMBL5559310,1561.0,1.561
COc1cc2ncnc(N3CCN(Cc4ccc(Cl)cc4)CC3)c2cc1OC,CHEMBL5559245,1652.0,1.652
COc1cc2ncnc(N3CCN(c4ccc(F)cc4)CC3)c2cc1OC,CHEMBL5556374,1470.0,1.47
COc1cc2ncnc(N3CCN(Cc4ccc(F)cc4)CC3)c2cc1OC,CHEMBL236487,2925.0,2.925
COc1cc2ncnc(N3CCN(Cc4ccc(C)cc4)CC3)c2cc1OC,CHEMBL5517638,1432.0,1.432
COc1cc2ncnc(N3CCN(C)CC3)c2cc1OC,CHEMBL5558445,3280.0,3.28
COc1cc2ncnc(N3CCN(C(C)=O)CC3)c2cc1OC,CHEMBL5505910,3660.0,3.66
COc1cc2ncnc(N3CCN(c4ccc(C)cc4)CC3)c2cc1OC,CHEMBL5555203,1881.0,1.881
COc1cc2ncnc(N3CCN(c4ccc(Br)cc4)CC3)c2cc1OC,CHEMBL5542098,1714.0,1.714
COc1cc2ncnc(N3CCN(c4ccccc4[N+](=O)[O-])CC3)c2cc1OC,CHEMBL5532614,1816.0,1.816
CC1c2cc(Oc3ccccc3)ccc2N=C(N)N1CCCC(=O)N(Cc1ccnn1C)C1CCCCC1,CHEMBL5557978,380.0,0.38
c1ccc(CN2CCN(c3nc(-c4ccccc4)nc4ccccc34)CC2)cc1,CHEMBL1430084,254000.0,254.0
FC(F)(F)c1ccc(-c2nnc(NC3CCN(Cc4ccccc4)CC3)o2)cc1,CHEMBL5523504,146.0,0.146
O=C(NCCC1CCN(Cc2ccccc2)CC1)c1cc2ccccc2[nH]1,CHEMBL5549974,10000.0,10.0
O=C(NCC1CCN(Cc2ccccc2[N+](=O)[O-])CC1)c1c[nH]c2ccccc12,CHEMBL5558645,10000.0,10.0
O=C(NCC1CCN(Cc2cccc([N+](=O)[O-])c2)CC1)c1c[nH]c2ccccc12,CHEMBL5532323,10000.0,10.0
O=C(NCC1CCN(Cc2ccc([N+](=O)[O-])cc2)CC1)c1c[nH]c2ccccc12,CHEMBL5517811,10000.0,10.0
COc1cc2cc(C(=O)NCCC3CCN(Cc4ccccc4)CC3)[nH]c2cc1OC,CHEMBL5523420,390.0,0.39
COc1ccc2[nH]c(C(=O)NCCC3CCN(Cc4ccccc4)CC3)cc2c1,CHEMBL5560610,10000.0,10.0
O=C(NCCC1CCN(Cc2ccccc2)CC1)c1c[nH]c2ccccc12,CHEMBL5567618,10000.0,10.0
COc1ccc2[nH]cc(C(=O)NCCC3CCN(Cc4ccccc4)CC3)c2c1,CHEMBL5559707,10000.0,10.0
C=C(C)[C@H](CC=C(C)C)Cc1c(O)cc(OC)c2c1O[C@H](c1ccc(O)cc1O)CC2=O,CHEMBL453641,24500.0,24.5
Cn1c(=O)c2c(nc(S(C)(=O)=O)n2C)n(CC#Cc2cccc(NC(=O)CN3CCN(c4ccc5c(c4)C(=O)N(C4CCC(=O)NC4=O)C5=O)CC3)c2)c1=O,CHEMBL5598430,10000.0,10.0
CC#Cc1cncc(-c2csc(C3(C)CC4(CCOCC4)OC(N)=N3)c2)c1,CHEMBL6004728,69.0,69.0
CC#Cc1cncc(-c2csc(C3(C)CC4(CCC4)OC(N)=N3)c2)c1,CHEMBL5779507,30.0,30.0
CC#Cc1cncc(-c2csc([C@]3(C)CC4(CCOCC4)OC(N)=N3)c2)c1,CHEMBL5745267,16.0,16.0
CC#Cc1cncc(-c2csc([C@@]3(C)CC4(CCOCC4)OC(N)=N3)c2)c1,CHEMBL5824449,1330.0,1330.0
CC1(c2cc(-c3cncnc3)ccc2F)CC2(CCOCC2)OC(N)=N1,CHEMBL5783561,569.0,569.0
CCCn1cc(-c2ccc(F)c(C3(C)CC4(CCOCC4)OC(N)=N3)c2)cn1,CHEMBL5998094,1677.0,1677.0
CC#Cc1cncc(-c2cc([C@]3(C)CC4(CCOCC4)OC(N)=N3)sc2C)c1,CHEMBL5983752,17.5,17.5
CC#Cc1cncc(-c2csc(C3(C)CC4(CCC(F)(F)CC4)OC(N)=N3)c2)c1,CHEMBL6063853,68.0,68.0
CC#Cc1cncc(-c2csc([C@]3(C)CC4(CCC(F)(F)CC4)OC(N)=N3)c2)c1,CHEMBL5787021,26.0,26.0
CC#Cc1cncc(-c2ccc(F)c([C@]3(C)CC4(CCC4)OC(N)=N3)c2)c1,CHEMBL5768695,88.0,88.0
CC#Cc1cncc(-c2csc(C3(C)CC4(COC4)OC(N)=N3)c2)c1,CHEMBL5967122,17.0,17.0
CC#Cc1cncc(-c2csc(C3(C)CC4(CCOCC4)SC(N)=N3)c2)c1,CHEMBL5949783,7.0,7.0
CC#Cc1cncc(-c2csc(C3(C)N=C(N)OC4(CCOCC4)C3(F)F)c2)c1,CHEMBL5987536,220.5,220.5
CC1(c2cc(NC(=O)c3ccc(F)cn3)ccc2F)CC2(CCOCC2)OC(N)=N1,CHEMBL5811005,19.0,19.0
CC1(c2cc(NC(=O)c3ccc(Cl)cn3)ccc2F)CC2(CCOCC2)OC(N)=N1,CHEMBL5835932,9.0,9.0
C[C@@]1(c2cc(NC(=O)c3ccc(Cl)cn3)ccc2F)CC2(CCOCC2)OC(N)=N1,CHEMBL6029114,12.0,12.0
C[C@@]1(c2cc(NC(=O)c3ccc(F)cn3)ccc2F)CC2(CCC(F)(F)CC2)OC(N)=N1,CHEMBL6035803,8.7,8.7
C[C@@]1(c2cc(NC(=O)c3ccc(Cl)cn3)ccc2F)CC2(CCC(F)(F)CC2)OC(N)=N1,CHEMBL6012958,4.5,4.5
CC1(c2cc(NC(=O)c3ccc(F)cn3)ccc2F)CC2(CCC2)OC(N)=N1,CHEMBL6000519,29.0,29.0
C[C@@]1(c2cc(NC(=O)c3ccc(F)cn3)ccc2F)CC2(CCC2)OC(N)=N1,CHEMBL6015507,11.0,11.0
C[C@]1(c2cc(NC(=O)c3ccc(F)cn3)ccc2F)CC2(CCC2)OC(N)=N1,CHEMBL5775599,1306.0,1306.0
C[C@@]1(c2cc(NC(=O)c3ccc(F)cn3)ccc2F)CC2(CCOCC2)OC(N)=N1,CHEMBL5809357,4.0,4.0
C[C@@]1(c2cc(NC(=O)c3ccc(Cl)cn3)ccc2F)CC2(CCC2)OC(N)=N1,CHEMBL5977856,8.3,8.3
C[C@@]1(c2cc(NC(=O)c3ccc(C#N)cn3)ccc2F)CC2(CCC2)OC(N)=N1,CHEMBL5846673,6.0,6.0
C[C@@]1(c2cc(NC(=O)c3ncc(Cl)cc3F)ccc2F)CC2(CCC2)OC(N)=N1,CHEMBL5854283,5.7,5.7
C[C@@]1(c2cc(NC(=O)c3ccc(C(F)(F)F)cn3)ccc2F)CC2(CCC(F)(F)CC2)OC(N)=N1,CHEMBL5837546,6.0,6.0
C[C@@]1(c2cc(NC(=O)c3ncc(Cl)cc3F)ccc2F)CC2(CCC(F)(F)CC2)OC(N)=N1,CHEMBL5845613,9.0,9.0
C[C@@]1(c2cc(NC(=O)C3CC3)ccc2F)CC2(CCC(F)(F)CC2)OC(N)=N1,CHEMBL5965334,801.0,801.0
COc1cnc(C(=O)Nc2ccc(F)c([C@]3(C)CC4(CCC4)OC(N)=N3)c2)cn1,CHEMBL6049263,10.5,10.5
C[C@@]1(c2cc(NC(=O)c3ccc(Br)cn3)ccc2F)CC2(CCC(F)(F)CC2)OC(N)=N1,CHEMBL6013342,7.0,7.0
C[C@@]1(c2cc(NC(=O)c3ccc(C4CC4)cn3)ccc2F)CC2(CCC(F)(F)CC2)OC(N)=N1,CHEMBL5965149,17.0,17.0
Cc1nc(C(=O)Nc2ccc(F)c([C@]3(C)CC4(CCC4)OC(N)=N3)c2)co1,CHEMBL5796206,11.0,11.0
CC1(c2cc(NC(=O)c3ccc(C#N)cn3)ccc2F)CC2(CCOCC2)OC(N)=N1,CHEMBL5819027,9.0,9.0
COc1cc(Cl)ccc1C(=O)Nc1ccc(F)c([C@]2(C)CC3(CCC3)OC(N)=N2)c1,CHEMBL5875477,101.0,101.0
C[C@@]1(c2cc(NC(=O)c3ccc(Cl)cc3)ccc2F)CC2(CCC2)OC(N)=N1,CHEMBL5862978,17.5,17.5
CC1(c2cc(NC(=O)c3ccc(F)cn3)ccc2F)CC2(CCCCC2)SC(N)=N1,CHEMBL6034650,6.0,6.0
C[C@]1(c2cc(NC(=O)c3ccc(F)cn3)ccc2F)CC2(CCC2)SC(N)=N1,CHEMBL6021992,7500.0,7500.0
C[C@@]1(c2cc(NC(=O)c3ccc(F)cn3)ccc2F)CC2(CCC2)SC(N)=N1,CHEMBL5882070,8.0,8.0
C[C@@]1(c2cc(NC(=O)c3ccc(Cl)cn3)ccc2F)CC2(CCC2)SC(N)=N1,CHEMBL6004540,4.5,4.5
C[C@@]1(c2cc(NC(=O)c3ccc(F)cn3)ccc2F)CC2(COC2)SC(N)=N1,CHEMBL6050397,9.8,9.8
CC1(c2cc(NC(=O)c3ccc(F)cn3)ccc2F)CC2(CCOCC2)SC(N)=N1,CHEMBL5957158,8.0,8.0
C[C@@]1(c2cc(NC(=O)c3ccc(F)cn3)ccc2F)CC2(CCOCC2)SC(N)=N1,CHEMBL5831452,6.8,6.8
C[C@]1(c2cc(NC(=O)c3ccc(F)cn3)ccc2F)CC2(CCOCC2)SC(N)=N1,CHEMBL5931321,1000.0,1000.0
CC1(c2cc(NC(=O)c3ccc(Cl)cn3)ccc2F)CC2(CCOCC2)SC(N)=N1,CHEMBL5774044,9.0,9.0
C[C@@]1(c2cc(NC(=O)c3ccc(Cl)cn3)ccc2F)CC2(CCOCC2)SC(N)=N1,CHEMBL5752986,9.7,9.7
C[C@@]1(c2cc(NC(=O)c3ccc(Cl)cn3)ccc2F)CC2(CC2)OC(N)=N1,CHEMBL6030300,7.5,7.5
CC1(c2cc(NC(=O)c3ccc(F)cn3)ccc2F)N=C(N)OC2(CCOCC2)C1(F)F,CHEMBL5880946,31.0,31.0
C[C@@]1(c2cc(NC(=O)c3ccc(F)cn3)ccc2F)N=C(N)OC2(CCOCC2)C1(F)F,CHEMBL5949627,30000.0,30000.0
C[C@]1(c2cc(NC(=O)c3ccc(F)cn3)ccc2F)N=C(N)OC2(CCOCC2)C1(F)F,CHEMBL6002171,45.0,45.0
CC1(c2cc(NC(=O)c3ccc(Cl)cn3)ccc2F)N=C(N)OC2(CCOCC2)C1(F)F,CHEMBL6041667,15.0,15.0
CC1(c2cc(NC(=O)c3ccc(F)cn3)ccc2F)N=C(N)OC2(CCC2)C1(F)F,CHEMBL6035461,40.0,40.0
CC1(c2cc(NC(=O)c3ccc(Cl)cn3)ccc2F)N=C(N)OC2(CCC2)C1(F)F,CHEMBL5823623,19.5,19.5
CC1(c2cc(NC(=O)c3ccc(C#N)cn3)ccc2F)N=C(N)OC2(CCC2)C1(F)F,CHEMBL5944566,13.5,13.5
C[C@]1(c2cc(NC(=O)c3ccc(C#N)cn3)ccc2F)N=C(N)OC2(CCC2)C1(F)F,CHEMBL5763246,15.0,15.0
C[C@@]1(c2cc(NC(=O)c3ccc(C#N)cn3)ccc2F)N=C(N)OC2(CCC2)C1(F)F,CHEMBL5785677,13400.0,13400.0
COc1cnc(C(=O)Nc2ccc(F)c(C3(C)N=C(N)OC4(CCC4)C3(F)F)c2)cn1,CHEMBL5810940,27.5,27.5
Cc1nc(C(=O)Nc2ccc(F)c(C3(C)N=C(N)OC4(CCC4)C3(F)F)c2)co1,CHEMBL5753510,34.0,34.0
C[C@@]1(c2cc(NCc3ccc(F)cn3)ccc2F)CC2(CCC2)OC(N)=N1,CHEMBL5800260,3720.0,3720.0
C[C@@]1(c2cc(/C=C/c3ccc(F)cc3)ccc2F)CC2(CCC2)OC(N)=N1,CHEMBL5773986,1160.0,1160.0
C[C@@]1(c2cc(/C=C/c3ccc(F)cc3)ccc2F)CC2(CCC(F)(F)CC2)OC(N)=N1,CHEMBL6029626,1960.0,1960.0
C[C@@]1(c2cc(/C=C/c3ccc(Cl)cc3)ccc2F)CC2(CCC2)OC(N)=N1,CHEMBL5894030,510.0,510.0
COc1cccnc1Nc1ccc(F)c([C@]2(C)CC3(CCOCC3)SC(N)=N2)c1,CHEMBL5858849,2.0,2.0
C[C@]1(c2cc(NC(=O)c3ccc(Cl)cn3)ccc2F)CC2(CCOCC2)SC(N)=N1,CHEMBL5835791,1560.0,1560.0
COc1cnc(C(=O)Nc2ccc(F)c([C@]3(C)CC4(CCOCC4)SC(N)=N3)c2)cn1,CHEMBL5832408,33.0,33.0
C[C@@]1(c2cc(Nc3ncnc4cc(Cl)ccc34)ccc2F)CC2(CCC2)OC(N)=N1,CHEMBL5895783,8550.0,8550.0
CC[C@@H]1C[C@]2(CC[C@H]1OC)Cc1ccc(C#N)cc1[C@]21N=C(N)N(Cc2ncccn2)C1=O,CHEMBL5929686,11.0,11.0
CC[C@@H]1C[C@]2(CC[C@H]1OC)Cc1ccc(C#N)cc1[C@]21N=C(N)N(C[C@H]2CCCO2)C1=O,CHEMBL5828281,8.0,8.0
COCCN1C(=O)C2(N=C1N)c1cc(C#N)ccc1C[C@]21CC[C@@H](OC)CC1,CHEMBL5776191,49.0,49.0
CO[C@H]1CC[C@]2(CC1)Cc1ccc(CCC3CC3)cc1[C@]21N=C(N)N(C[C@@H]2CCO2)C1=O,CHEMBL5852955,415.0,415.0
CC1(C)C[C@@](C)(c2cc(NC(=O)c3ccc(C#N)cn3)ccc2F)NC(N)O1,CHEMBL6006474,94.2,94.2
CC12OC(N)N[C@](CF)(c3cc(NC(=O)c4ccc(C#N)cn4)ccc3F)C1O2,CHEMBL6064738,77.3,77.3
Cc1cc(C#N)cnc1C(=O)Nc1ccc(F)c([C@]2(C(F)F)CC(C)(C)OC(N)N2)c1,CHEMBL6011189,90.2,90.2
N#Cc1ccc(C(=O)Nc2ccc(F)c(C3(C(F)F)C=C(N)OCCC3)c2)nc1,CHEMBL6048956,153.0,153.0
N#Cc1ccc(C(=O)Nc2ccc(F)c([C@]3(C#N)CCOC(N)=N3)c2)nc1,CHEMBL5917723,96.8,96.8
C[C@@]1(c2cc(NC(=O)c3ccc(C#N)cn3)ccc2F)CC2(COC2)OC(N)=N1,CHEMBL5825820,25.0,25.0
C#C[C@]1(c2cc(NC(=O)c3cnc(OCF)cn3)ccc2F)N=C(N)O[C@@H]2COC[C@@H]21,CHEMBL6032385,13.6,13.6
C[C@]1(c2cc(NC(=O)c3coc(C(F)F)n3)ccc2F)N=C(N)O[C@H](CF)[C@@H]1F,CHEMBL5795158,32.9,32.9
C[C@]1(c2cc(NC(=O)c3ccc(C#N)cn3)ccc2F)N=C(N)OC2(COC2)[C@@H]1F,CHEMBL5866815,20.7,20.7
C[C@H]1OC(N)=N[C@](CF)(c2cc(NC(=O)c3ccc(C#N)cn3)ccc2F)[C@H]1CF,CHEMBL5977892,113.0,113.0
COc1cnc(C(=O)Nc2ccc(F)c([C@]3(C)CS(=O)(=O)CC(N)=N3)c2)cn1,CHEMBL5869468,14.9,14.9
COc1cnc2c(Nc3ccc(F)c([C@]4(C)CS(=O)(=O)CC(N)=N4)c3)nccc2c1,CHEMBL5919860,62.7,62.7
COc1cnc(C(=O)Nc2ccc(F)c([C@]3(C)CSCC(N)=N3)c2)cn1,CHEMBL5773912,23.6,23.6
C[C@@]1(c2cc(Nc3nccc4cc(Cl)cnc34)ccc2F)CS(=O)(=O)CC(N)=N1,CHEMBL5869406,4.3,4.3
Cc1nc2c(Nc3ccc(F)c([C@]4(C)CS(=O)(=O)CC(N)=N4)c3)nccc2s1,CHEMBL5879038,190.0,190.0
CC1(C)C(N)=N[C@](C)(c2cc(Nc3nccc4cc(Cl)cnc34)ccc2F)CS1(=O)=O,CHEMBL5938817,0.59,0.59
COc1cnc2c(Nc3ccc(F)c([C@]4(C)CS(=O)(=O)C(C)(C)C(N)=N4)c3)nccc2c1,CHEMBL5875174,5.4,5.4
CC1(C)C(N)=N[C@](C)(c2cc(NC(=O)c3ccc(F)cn3)ccc2F)CS1(=O)=O,CHEMBL5822539,1.9,1.9
COc1cnc2c(Nc3ccc(F)c([C@]4(C)CS(=O)(=O)C(C)(C)C(N)=N4)c3)nccc2n1,CHEMBL5762729,2.9,2.9
CC1(C)C(N)=N[C@](C)(c2cc(Nc3nccc4cc(C#N)cnc34)ccc2F)CS1(=O)=O,CHEMBL5746081,0.54,0.54
COc1cnc(C(=O)Nc2ccc(F)c([C@]3(C)CS(=O)(=O)C(C)C(N)=N3)c2)cn1,CHEMBL5924939,7.5,7.5
COc1cnc(C(=O)Nc2ccc(F)c([C@@]3(C(F)(F)F)CS(=O)(=O)C(C)(C)C(N)=N3)c2)cn1,CHEMBL5965097,883.0,883.0
COc1cnc2c(Nc3ccc(F)c([C@@]4(C(F)(F)F)CS(=O)(=O)C(C)(C)C(N)=N4)c3)nccc2c1,CHEMBL5819483,8690.0,8690.0
COc1cnc(C(=O)Nc2ccc(F)c(C3(C(F)F)CS(=O)(=O)C(C)(C)C(N)=N3)c2)cn1,CHEMBL5781975,53.1,53.1
COc1cnc2c(Nc3ccc(F)c(C4(C(F)F)CS(=O)(=O)C(C)(C)C(N)=N4)c3)nccc2c1,CHEMBL5752868,241.0,241.0
COc1cnc2c(Nc3ccc(F)c([C@]4(C)CS(=O)(=O)C5(CCCC5)C(N)=N4)c3)nccc2c1,CHEMBL5914182,23.4,23.4
COc1cnc2c(Nc3ccc(F)c([C@]4(C)CS(=O)(=O)C5(CC5)C(N)=N4)c3)nccc2c1,CHEMBL5985520,13.6,13.6
COc1cnc2c(Nc3ccc(F)c([C@]4(C)CS(=O)(=O)[C@@](C)(F)C(N)=N4)c3)nccc2c1,CHEMBL6009053,13.7,13.7
CC1(C)C(N)=N[C@@](C)(c2cc(Nc3noc4cc(Cl)cnc34)ccc2F)CS1(=O)=O,CHEMBL5790971,13.8,13.8
CC1(C)C(N)=N[C@](C)(c2cc(Nc3ncc(F)c4cc(Cl)cnc34)ccc2F)CS1(=O)=O,CHEMBL5974242,0.56,0.56
CC1(C)C(N)=N[C@](C)(c2cc(Nc3nccc4cc(Cl)cnc34)cc(F)c2F)CS1(=O)=O,CHEMBL5884268,1.4,1.4
CC1(c2cc(NC(=O)c3ccc(Cl)cn3)cc(F)c2F)CS(=O)(=O)C(C)(C)C(N)=N1,CHEMBL6006434,2.7,2.7
COc1cnc(C(=O)Nc2ccc(F)c([C@]3(C(F)F)CS(=O)(=O)C(C)(C)C(N)=N3)c2)cn1,CHEMBL5757151,20.2,20.2
COc1cnc2c(Nc3ccc(F)c([C@]4(C(F)F)CS(=O)(=O)C(C)(C)C(N)=N4)c3)nccc2c1,CHEMBL6057856,68.0,68.0
[C-]#[N+]c1cnc2c(Nc3ccc(F)c([C@]4(C)CS(=O)(=O)C(C)(C)C(N)=N4)c3)ncc(F)c2c1,CHEMBL5770844,2.0,2.0
COc1cnc(C(=O)Nc2ccc(F)c([C@]3(C)CS(=O)(=O)[C@@](C)(F)C(N)=N3)c2)cn1,CHEMBL5857264,3.1,3.1
CC1(C)C(N)=N[C@](C)(c2cc(Sc3cccc4ccccc34)ccc2F)CS1(=O)=O,CHEMBL5806875,2500.0,2500.0
COc1cnc2c(Nc3ccc(F)c([C@]4(C)CS(=O)(=O)[C@@](C)(F)C(N)=N4)c3)nccc2n1,CHEMBL6007891,3.3,3.3
C[C@]1(F)C(N)=N[C@](C)(c2cc(Nc3nccc4cc(C#N)cnc34)ccc2F)CS1(=O)=O,CHEMBL6017063,2.0,2.0
CC1(C)C(N)=N[C@](C)(c2cc(NC(=O)c3ccc(C(F)F)cn3)ccc2F)CS1(=O)=O,CHEMBL6054520,2.7,2.7
COc1cnc2c(Nc3ccc(F)c([C@]4(C)CS(=O)(=O)C(C)(C)C(N)=N4)c3)ncc(F)c2c1,CHEMBL5840847,2.0,2.0
COc1cnc2c(Nc3ccc(F)c([C@]4(C)CS(=O)(=O)C(C)(C)C(N)=N4)c3)ncnc2c1,CHEMBL5992050,2.7,2.7
CC1(C)C(N)=N[C@](C)(c2cc(Nc3ncnc4cc(Cl)cnc34)ccc2F)CS1(=O)=O,CHEMBL5829069,2.0,2.0
COc1cc(F)c2c(Nc3ccc(F)c([C@]4(C)CS(=O)(=O)C(C)(C)C(N)=N4)c3)ncnc2c1,CHEMBL5849434,739.0,739.0
CC1(C)C(=N)N[C@](C)(c2cc(NC(=O)c3cnc(C(F)(F)F)cn3)ccc2F)CS1(=O)=O,CHEMBL5768064,7.4,7.4
CC1(C)C(N)=N[C@](C)(c2cc(Nc3csc4cc(C#N)cnc34)ccc2F)CS1(=O)=O,CHEMBL5907237,2.0,2.0
COc1cnc2c(Nc3cnc(F)c(C4(C)CS(=O)(=O)C(C)(C)C(N)=N4)c3)nccc2c1,CHEMBL5896533,4.3,4.3
COc1cnc2c(Nc3ccc(F)c([C@]4(C)CS(=O)(=O)C(C)(C)C(N)=N4)c3)cccc2n1,CHEMBL5924733,11.4,11.4
COc1cnc(C(=O)Nc2ccc(F)c(C3(CF)CS(=O)(=O)C(C)(C)C(N)=N3)c2)cn1,CHEMBL5764268,3.8,3.8
COc1cnc2c(Nc3ccc(F)c([C@@]4(C)N=C(N)C(C)(C)S(=O)(=O)[C@@H]4F)c3)nccc2c1,CHEMBL5969328,9.9,9.9
COc1cnc2c(Nc3ccc(F)c(C4(CF)CS(=O)(=O)C(C)(C)C(N)=N4)c3)nccc2c1,CHEMBL5936051,6.5,6.5
Cc1nc2c(Nc3ccc(F)c([C@]4(C)CS(=O)(=O)C(C)(C)C(N)=N4)c3)nccc2s1,CHEMBL6059938,17.2,17.2
COc1ccc(C(=O)Nc2ccc(F)c([C@]3(C)CS(=O)(=O)C(C)(C)C(N)=N3)c2)nc1,CHEMBL5913324,1.5,1.5
CC1(C)C(N)=N[C@](C)(c2cc(NC(=O)c3ncc(Cl)cc3F)ccc2F)CS1(=O)=O,CHEMBL5829050,0.6,0.6
Cc1cc(Cl)cnc1C(=O)Nc1ccc(F)c([C@]2(C)CS(=O)(=O)C(C)(C)C(N)=N2)c1,CHEMBL6023127,0.3,0.3
CC#CCOc1ccc(C(=O)Nc2ccc(F)c([C@]3(C)CS(=O)(=O)C(C)(C)C(N)=N3)c2)nc1,CHEMBL5847284,0.4,0.4
Cc1nc(C(=O)Nc2ccc(F)c([C@]3(C)CS(=O)(=O)C(C)(C)C(N)=N3)c2)cs1,CHEMBL5773454,51.0,51.0
CC1(C)C(N)=N[C@](C)(c2cc(NC(=O)c3ccc(Cl)cn3)cc(F)c2F)CS1(=O)=O,CHEMBL5951673,1.0,1.0
CC1(C)C(N)=N[C@@](C)(c2cc(NC(=O)c3ccc(Cl)cn3)cc(F)c2F)CS1(=O)=O,CHEMBL6004516,1180.0,1180.0
COc1cnc(C(=O)Nc2cc(C3(C)CS(=O)(=O)C(C)(C)C(N)=N3)c(F)cn2)cn1,CHEMBL5755866,252.0,252.0
COc1cnc(C(=O)Nc2ccc(F)c([C@]3(C)CS(=O)(=O)C(C)(C)C(N)=N3)n2)cn1,CHEMBL5985176,8200.0,8200.0
CC1(C)C(N)=N[C@](C)(c2cc(Nc3nccc4nc(C(F)(F)F)cnc34)ccc2F)CS1(=O)=O,CHEMBL6042376,5.2,5.2
CC1(C)C(N)=N[C@](C)(c2cc(Nc3nccc4nc(O)cnc34)cc(F)c2F)CS1(=O)=O,CHEMBL5980834,3.7,3.7
CC1(C)C(N)=N[C@@](C)(c2cc(Nc3nccc4nc(O)cnc34)cc(F)c2F)CS1(=O)=O,CHEMBL5928063,505.0,505.0
CC1(C)C(N)=N[C@](C)(c2cc(Oc3ccc(C#N)cc3)ccc2F)CS1(=O)=O,CHEMBL6025388,1800.0,1800.0
COc1cc(C)ccc1Oc1ccc(F)c([C@]2(C)CS(=O)(=O)C(C)(C)C(N)=N2)c1,CHEMBL5806536,11700.0,11700.0
CC1(C)C(N)=N[C@](C)(c2cc(Oc3cc(F)cc(C(F)(F)F)c3)ccc2F)CS1(=O)=O,CHEMBL5947936,135.0,135.0
CCc1cccc(Oc2ccc(F)c([C@]3(C)CS(=O)(=O)C(C)(C)C(N)=N3)c2)c1,CHEMBL5768977,1430.0,1430.0
CCc1cc(Oc2ccc(F)c([C@]3(C)CS(=O)(=O)C(C)(C)C(N)=N3)c2)ccc1Cl,CHEMBL5955920,1550.0,1550.0
COc1ccc(C)cc1Oc1ccc(F)c([C@]2(C)CS(=O)(=O)C(C)(C)C(N)=N2)c1,CHEMBL5797606,15200.0,15200.0
CC1(C)C(N)=N[C@](C)(c2cc(Oc3ccc4ccccc4c3)ccc2F)CS1(=O)=O,CHEMBL5947377,2350.0,2350.0
CC1(C)C(N)=N[C@](C)(c2cc(Oc3ccccn3)ccc2F)CS1(=O)=O,CHEMBL5969067,119.0,119.0
C[C@]1(c2cc(Br)ncc2F)CS(=O)(=O)C2(CCC2)C(N)=N1,CHEMBL6047685,40000.0,40000.0
C[C@@]1(c2cc(Br)ncc2F)CS(=O)(=O)C2(CCC2)C(N)=N1,CHEMBL5921886,17000.0,17000.0
C[C@@]1(c2cc(Nc3nccc4cc(Cl)cnc34)ccc2F)CS(=O)(=O)C2(CCC2)C(N)=N1,CHEMBL5934199,1.15,1.15
COc1cnc2c(Nc3ccc(F)c([C@]4(C)CS(=O)(=O)C5(CC(F)(F)C5)C(N)=N4)c3)nccc2n1,CHEMBL5946560,25.9,25.9
[C-]#[N+]c1cnc2c(Nc3ccc(F)c([C@]4(C)CS(=O)(=O)C5(CCC5)C(N)=N4)c3)nccc2c1,CHEMBL5779259,1.89,1.89
C[C@@]1(c2cc(Br)ccc2F)CS(=O)(=O)C2(CC(O)C2)C(N)=N1,CHEMBL5892583,1190.0,1190.0
C[C@@]1(c2cc(Br)ccc2F)CS(=O)(=O)C2(CCC2)C(N)=N1,CHEMBL6015975,4050.0,4050.0
C[C@@]1(c2cc(Br)ccc2F)CS(=O)(=O)[C@]2(C[C@@H](F)C2)C(N)=N1,CHEMBL5752681,4090.0,4090.0
COc1cnc(C(=O)Nc2cc([C@]3(C)CS(=O)(=O)C(C)(C)C(N)=N3)c(F)cn2)cn1,CHEMBL5798088,115.0,115.0
Cc1c(CNc2cc([C@]3(C)CS(=O)(=O)C(C)(C)C(N)=N3)c(F)cn2)nc2ccc(Cl)cn12,CHEMBL5981610,440.0,440.0
C=C(C)c1cc(Cl)cnc1C(=O)Nc1ccc(F)c([C@]2(C)CS(=O)(=O)C(C)(C)C(N)=N2)c1,CHEMBL5892071,5.18,5.18
C=Cc1cc(Cl)cnc1C(=O)Nc1ccc(F)c([C@]2(C)CS(=O)(=O)C(C)(C)C(N)=N2)c1,CHEMBL5862340,0.59,0.59
CCc1cc(Cl)cnc1C(=O)Nc1ccc(F)c([C@]2(C)CS(=O)(=O)C(C)(C)C(N)=N2)c1,CHEMBL5879182,1.81,1.81
CCc1cc(Cl)cnc1C(=O)Nc1ccc(F)c([C@]2(CF)CS(=O)(=O)C(C)(C)C(N)=N2)c1,CHEMBL5761952,1.46,1.46
CC(C)c1cc(Cl)cnc1C(=O)Nc1ccc(F)c([C@]2(CF)CS(=O)(=O)C(C)(C)C(N)=N2)c1,CHEMBL5815926,7.99,7.99
Cc1cc(Cl)cnc1C(=O)Nc1ccc(F)c([C@@]2(C)N=C(N)C3(CC3)S(=O)(=O)[C@@H]2F)c1,CHEMBL5909937,0.87,0.87
Cc1cc(Cl)cnc1C(=O)Nc1ccc(F)c([C@@]2(C)N=C(N)C3(CC3)S(=O)(=O)[C@H]2F)c1,CHEMBL6007390,0.44,0.44
COc1cnc(C(=O)Nc2cc([C@@]3(C)CS(=O)(=O)C4(CCC4)C(N)=N3)c(F)cn2)cn1,CHEMBL6004249,10000.0,10000.0
Cc1cc(OC(F)F)cnc1C(=O)Nc1ccc(F)c([C@]2(C)CS(=O)(=O)C(C)(C)C(N)=N2)c1,CHEMBL5751398,0.6,0.6
C[C@@]1(c2cc(NC(=O)c3ccc(Cl)cn3)ccc2F)CS(=O)(=O)C2(CC(F)(F)C2)C(N)=N1,CHEMBL5912175,1.3,1.3
C[C@@]1(c2cc(NC(=O)c3ccc(Cl)cn3)ccc2F)CS(=O)(=O)[C@]2(C[C@@H](F)C2)C(N)=N1,CHEMBL5979230,1.0,1.0
Cc1cc(Cl)cnc1C(=O)Nc1ccc(F)c([C@]2(C)CS(=O)(=O)C3(CC(F)(F)C3)C(N)=N2)c1,CHEMBL5859774,2.0,2.0
Cc1cc(OC(F)F)cnc1C(=O)Nc1ccc(F)c([C@]2(C)CS(=O)(=O)C3(CC(F)(F)C3)C(N)=N2)c1,CHEMBL5757250,3.76,3.76
Cc1cc(Cl)cnc1C(=O)Nc1ccc(F)c([C@]2(C)CS(=O)(=O)C3(CCC3)C(N)=N2)c1,CHEMBL5744660,1.6,1.6
Cc1cc(OC(F)F)cnc1C(=O)Nc1ccc(F)c([C@]2(CF)CS(=O)(=O)C(C)(C)C(N)=N2)c1,CHEMBL5936711,1.63,1.63
Cc1cc(OCC2CCC2)cnc1C(=O)Nc1ccc(F)c([C@]2(CF)CS(=O)(=O)C(C)(C)C(N)=N2)c1,CHEMBL5835872,1.7,1.7
CC1(C)C(N)=N[C@](C)(c2cc(NC(=O)c3nn(C(F)F)cc3Cl)ccc2F)CS1(=O)=O,CHEMBL5891177,1.74,1.74
Cc1cnc(C(=O)Nc2ccc(F)c([C@]3(C)CS(=O)(=O)C(C)(C)C(=N)N3)c2)cn1,CHEMBL5802354,20.2,20.2
Cc1cnc(C(=O)Nc2ccc(F)c([C@]3(C)CS(=O)(=O)C(C)(C)C(N)=N3)c2)c(C)n1,CHEMBL5980892,18.2,18.2
Cc1cc(OC(F)F)cnc1C(=O)Nc1ccc(F)c([C@]2(C)CS(=O)(=O)C3(CCC3)C(N)=N2)c1,CHEMBL5752921,3.11,3.11
Cc1cc(C#N)cnc1C(=O)Nc1ccc(F)c([C@]2(C)CS(=O)(=O)C3(CCC3)C(N)=N2)c1,CHEMBL5761187,0.76,0.76
Cc1cc(C(F)F)cnc1C(=O)Nc1ccc(F)c([C@]2(C)CS(=O)(=O)C3(CCC3)C(N)=N2)c1,CHEMBL5855150,4.57,4.57
C[C@]1(c2cc(NC(=O)c3ccc(Cl)cn3)ccc2F)N=C(N)C2(CCC2)S(=O)(=O)[C@@H]1F,CHEMBL5852162,1.6,1.6
Cc1cc(OC(F)F)cnc1C(=O)Nc1ccc(F)c([C@@]2(C)N=C(N)C3(CCC3)S(=O)(=O)[C@@H]2F)c1,CHEMBL6053886,2.97,2.97
Cc1cc(C(F)F)cnc1C(=O)Nc1ccc(F)c([C@@]2(C)N=C(N)C3(CCC3)S(=O)(=O)[C@@H]2F)c1,CHEMBL5985718,2.1,2.1
COc1cnc(C(=O)Nc2ccc(F)c([C@@]3(C)N=C(N)C4(CCC4)S(=O)(=O)[C@@H]3F)c2)c(C)c1,CHEMBL6026950,3.63,3.63
COc1cc(Cl)cnc1C(=O)Nc1ccc(F)c([C@@]2(C)N=C(N)C3(CCC3)S(=O)(=O)[C@@H]2F)c1,CHEMBL5824239,3.8,3.8
C[C@]1(c2cc(NC(=O)c3cnc(C(F)F)cn3)ccc2F)N=C(N)C2(CCC2)S(=O)(=O)[C@@H]1F,CHEMBL5940155,8.8,8.8
CC1(C)C(N)=N[C@](C)(c2cc(Nc3c(Cl)sc4cc(C#N)cnc34)ccc2F)CS1(=O)=O,CHEMBL5957962,13.9,13.9
CC1(C)C(N)=N[C@](C)(c2cc(N)ccc2F)[C@@H](F)S1(=O)=O,CHEMBL5940817,3720.0,3720.0
CC1(C)C(N)=N[C@](C)(c2cc(Nc3nccc4cc(Cl)cnc34)ccc2F)[C@@H](F)S1(=O)=O,CHEMBL5959201,0.92,0.92
CC1(C)C(N)=N[C@](C)(c2cc(NCc3nn(C(F)F)cc3Cl)ccc2F)CS1(=O)=O,CHEMBL5793545,2.27,2.27
CC1(C)C(N)=N[C@](C)(c2cc(NCc3nn(CC(F)(F)F)cc3Cl)ccc2F)CS1(=O)=O,CHEMBL6057481,45.2,45.2
CC1(C)C(N)=N[C@](C)(c2cc(NCc3c(Cl)cnn3CC(F)(F)F)ccc2F)CS1(=O)=O,CHEMBL5928101,208.0,208.0
CC1(C)C(N)=N[C@](C)(c2cc(C(=O)Nc3ccc(C#N)cc3O)ccc2F)CS1(=O)=O,CHEMBL5839479,2290.0,2290.0
CC1(C)C(N)=N[C@](C)(c2cc(Nc3nccc4cc(OCC(F)F)cnc34)ccc2F)CS1(=O)=O,CHEMBL5821518,14.3,14.3
CC1(C)C(N)=N[C@](C)(c2cc(Nc3nncc4cc(Br)cnc34)ccc2F)CS1(=O)=O,CHEMBL5871917,2.3,2.3
C[C@]1(F)C(N)=N[C@](C)(c2cc(Nc3nccc4cc(Cl)cnc34)ccc2F)CS1(=O)=O,CHEMBL6045555,0.33,0.33
C[C@]1(F)C(N)=N[C@](C)(c2cc(Nc3ncnc4cc(Cl)cnc34)ccc2F)CS1(=O)=O,CHEMBL5788825,3.88,3.88
COc1cnc2c(Nc3ccc(F)c([C@]4(C)CS(=O)(=O)[C@@](C)(F)C(N)=N4)c3)ncnc2c1,CHEMBL5930614,2.68,2.68
C[C@]1(F)C(N)=N[C@](C)(c2cc(Nc3ncnc4cc(C#N)cnc34)ccc2F)CS1(=O)=O,CHEMBL5927021,1.1,1.1
CC1(C)C(N)=N[C@@]2(c3cc(Nc4nccc5cc(Cl)cnc45)ccc3F)C[C@H]2S1(=O)=O,CHEMBL5849015,3.05,3.05
Cc1c(CNc2ccc(F)c([C@]3(C)CS(=O)(=O)C(C)(C)C(N)=N3)c2)nc2ccc(Cl)cn12,CHEMBL6031118,2940.0,2940.0
CC1(C)C(N)=N[C@](C)(c2cc(C(=O)Nc3ccc(Cl)cc3)ccc2F)CS1(=O)=O,CHEMBL5973953,4680.0,4680.0
C[C@@]1(c2cccc(Br)c2)CS(=O)(=O)C2(CCC2)C(N)=N1,CHEMBL5852892,6060.0,6060.0
COc1cnc(C(=O)Nc2ccc(F)c([C@]3(CF)CS(=O)(=O)C(C)(C)C(N)=N3)c2)c(OC)n1,CHEMBL5966212,4.3,4.3
CC1(C)C(N)=N[C@](CF)(c2cc(NC(=O)c3cnc(OCC4CC4)cn3)ccc2F)CS1(=O)=O,CHEMBL5837889,0.5,0.5
[C-]#[N+]c1cnc2c(Nc3ccc(F)c([C@]4(CF)CS(=O)(=O)C(C)(C)C(N)=N4)c3)ncc(F)c2c1,CHEMBL5877502,0.56,0.56
Cc1c(C(=O)Nc2ccc(F)c([C@]3(CF)CS(=O)(=O)C(C)(C)C(N)=N3)c2)nc2ccc(Cl)cn12,CHEMBL6037740,3.03,3.03
COc1cnc2c(Nc3ccc(F)c([C@]4(CF)CS(=O)(=O)C(C)(C)C(N)=N4)c3)ncc(F)c2c1,CHEMBL6050614,0.55,0.55
CC1(C)C(N)=N[C@](C)(c2cc(Sc3ccccn3)ccc2F)CS1(=O)=O,CHEMBL6005217,3250.0,3250.0
CC1(C)C(N)=N[C@](C)(c2cc(Nc3ncnc4cc(OCC5CC5)cnc34)ccc2F)CS1(=O)=O,CHEMBL5811873,1.54,1.54
Cc1cc(OCCF)cnc1C(=O)Nc1ccc(F)c([C@]2(CF)CS(=O)(=O)C(C)(C)C(N)=N2)c1,CHEMBL5808371,2.71,2.71
Cc1cc(OC2COC2)cnc1C(=O)Nc1ccc(F)c([C@]2(CF)CS(=O)(=O)C(C)(C)C(N)=N2)c1,CHEMBL5911340,44.5,44.5
Cc1nc(F)c([C@]2(C)CS(=O)(=O)C(C)(C)C(N)=N2)cc1Br,CHEMBL6040260,8110.0,8110.0
CC1(C)C(N)=N[C@](C)(c2cc(Nc3ncc(C#C[Si](C)(C)C)c4cc(Cl)cnc34)ccc2F)CS1(=O)=O,CHEMBL6025613,6.8,6.8
CC1(C)C(N)=N[C@](C)(c2cc(Nc3ncc(Br)c4cc(Cl)cnc34)ccc2F)CS1(=O)=O,CHEMBL5762300,0.83,0.83
CC1(C)C(N)=N[C@](C)(c2cc(Nc3ncc(Cl)c4cc(Cl)cnc34)ccc2F)CS1(=O)=O,CHEMBL5809643,0.7,0.7
C#Cc1cnc(Nc2ccc(F)c([C@]3(C)CS(=O)(=O)C(C)(C)C(N)=N3)c2)c2ncc(Cl)cc12,CHEMBL5773698,1.3,1.3
CC1(C)C(N)=N[C@](C)(c2cc(Nc3ncc(CO)c4cc(Cl)cnc34)ccc2F)CS1(=O)=O,CHEMBL5805437,4.47,4.47
CC1(C)C(=N)N[C@](C)(c2cc(NC(=O)c3ccc(Cl)cc3)ccc2F)CS1(=O)=O,CHEMBL5759684,10.2,10.2
CC1(C)C(N)=N[C@](C)(c2cc(NC(=O)c3ccc(Cl)cc3F)ccc2F)CS1(=O)=O,CHEMBL5805109,12.3,12.3
CC1(C)C(N)=N[C@](C)(c2cc(NC(=O)N3CC=CCC3)ccc2F)CS1(=O)=O,CHEMBL5846432,575.0,575.0
CC1(C)C(N)=N[C@](C)(c2cc(Br)c[nH]c2=O)CS1(=O)=O,CHEMBL5797160,21100.0,21100.0
COc1ncc(NC(=O)c2ccc(Cl)cn2)cc1[C@]1(C)CS(=O)(=O)C(C)(C)C(N)=N1,CHEMBL6034849,22.5,22.5
Cc1cc(OC(F)F)cnc1C(=O)Nc1cc([C@]2(C)CS(=O)(=O)C(C)(C)C(N)=N2)c(=O)n(C)c1,CHEMBL5861092,9.27,9.27
C[C@]1(F)C(N)=N[C@](C)(c2cc(Nc3ncc(F)c4cc(Cl)cnc34)ccc2F)CS1(=O)=O,CHEMBL5772436,0.38,0.38
C[C@]1(F)C(N)=N[C@](C)(c2cc(Nc3ncc(F)c4cc(C#N)cnc34)ccc2F)CS1(=O)=O,CHEMBL5746511,0.8,0.8
C[C@@]1(c2cc(NC(=O)c3ccc(Cl)cn3)ccc2F)CS(=O)(=O)C2(CC2)C(=N)N1,CHEMBL3973607,1.9,1.9
CC(C)(C)[S+]([O-])N[C@@](C)(CS(=O)(=O)C1(C#N)CC1)c1cc(Br)cnc1F,CHEMBL5775687,2.4,2.4
C[C@@]1(c2cc(Br)ccc2F)CS(=O)(=O)C2(CCOC2)C(N)=N1,CHEMBL5766671,16300.0,16300.0
C[C@@]1(c2cc(Nc3nccc4cc(Cl)cnc34)ccc2F)CS(=O)(=O)C2(CCOC2)C(N)=N1,CHEMBL6039134,2.2,2.2
C[C@]1(c2cc(NC(=O)c3ccc(Cl)cn3)ccc2F)N=C(N)C2(CC2)S(=O)(=O)[C@@H]1F,CHEMBL5830553,1.3,1.3
C[C@]1(c2cc(NC(=O)c3ccc(Cl)cn3)ccc2F)N=C(N)C2(CC2)S(=O)(=O)[C@H]1F,CHEMBL5977725,0.62,0.62
Cc1cc(OC(F)F)cnc1C(=O)Nc1ccc(F)c([C@@]2(C)N=C(N)C3(CC3)S(=O)(=O)[C@@H]2F)c1,CHEMBL5888477,1.5,1.5
Cc1cc(OC(F)F)cnc1C(=O)Nc1ccc(F)c([C@@]2(C)N=C(N)C3(CC3)S(=O)(=O)[C@H]2F)c1,CHEMBL5973772,0.48,0.48
Cc1cc(C(F)F)cnc1C(=O)Nc1ccc(F)c([C@@]2(C)N=C(N)C3(CC3)S(=O)(=O)[C@@H]2F)c1,CHEMBL5900107,1.9,1.9
Cc1cc(C(F)F)cnc1C(=O)Nc1ccc(F)c([C@@]2(C)N=C(N)C3(CC3)S(=O)(=O)[C@H]2F)c1,CHEMBL5967490,0.92,0.92
COc1cnc2c(Nc3ccc(F)c([C@@]4(C)N=C(N)C5(CC5)S(=O)(=O)[C@@H]4F)c3)nccc2n1,CHEMBL5819853,8.5,8.5
COc1cnc2c(Nc3ccc(F)c([C@@]4(C)N=C(N)C5(CC5)S(=O)(=O)[C@H]4F)c3)nccc2n1,CHEMBL6043711,2.0,2.0
CC1(C)C(N)=N[C@](CF)(c2cc(NC(=O)c3ccc(Cl)cn3)ccc2F)CS1(=O)=O,CHEMBL5960571,0.76,0.76
NC1=N[C@@](CF)(c2cc(Br)ccc2F)CS(=O)(=O)C12CC2,CHEMBL5963031,40000.0,40000.0
Cc1cc(Cl)cnc1C(=O)Nc1ccc(F)c([C@@]2(CF)CS(=O)(=O)C3(CC3)C(N)=N2)c1,CHEMBL5800656,212.0,212.0
Cc1cc(Cl)cnc1C(=O)Nc1ccc(F)c([C@]2(CF)CS(=O)(=O)C3(CC3)C(N)=N2)c1,CHEMBL5875827,0.54,0.54
Cc1cc(OC(F)F)cnc1C(=O)Nc1ccc(F)c([C@]2(CF)CS(=O)(=O)C3(CC3)C(N)=N2)c1,CHEMBL6007960,1.2,1.2
Cc1cc(OC(F)F)cnc1C(=O)Nc1ccc(F)c([C@@]2(CF)CS(=O)(=O)C3(CC3)C(N)=N2)c1,CHEMBL5949809,150.0,150.0
NC1=N[C@](CF)(c2cc(Br)ccc2F)CS(=O)(=O)C12CCC2,CHEMBL6055288,3560.0,3560.0
CC1(C)C(N)=N[C@](C)(c2cc(Br)ccc2F)C2(CC2)S1(=O)=O,CHEMBL5995200,30700.0,30700.0
CO[C@H]1C[C@]2(C1)C(N)=N[C@](C)(c1cc(NC(=O)c3ncc(Cl)cc3C)ccc1F)CS2(=O)=O,CHEMBL6009843,4.0,4.0
COc1cnc(C(=O)Nc2ccc(F)c([C@]3(C)CS(=O)(=O)[C@]4(C[C@H](OC)C4)C(N)=N3)c2)c(C)c1,CHEMBL5954128,15.7,15.7
COc1cnc(C(=O)Nc2ccc(F)c([C@]3(C)CS(=O)(=O)[C@]4(C[C@@H](F)C4)C(N)=N3)c2)c(C)c1,CHEMBL6004810,4.6,4.6
Cc1c(C(=O)Nc2ccc(F)c([C@]3(C)CS(=O)(=O)[C@]4(C[C@@H](F)C4)C(N)=N3)c2)nc2ccc(Cl)cn12,CHEMBL5762275,4.0,4.0
Cc1cc(Cl)cnc1C(=O)Nc1cccc(C2(CF)COCC(N)=N2)n1,CHEMBL5769411,550.0,550.0
NC(=S)c1ccc(C(=O)Nc2cccc(C3(CF)COCC(N)=N3)n2)nc1.O=C(O)C(F)(F)F,CHEMBL6016095,2100.0,2100.0
Cc1cc(Cl)cnc1C(=O)Nc1cc(C2(CF)COCC(N)=N2)ccn1,CHEMBL5756387,3700.0,3700.0
Cl.NC1=NC(CF)(c2cc(NC(=O)c3ccc(Br)cn3)cnc2Cl)COC1,CHEMBL5776789,140.0,140.0
Cc1cc(Cl)cnc1C(=O)Nc1cccc([C@]2(C)CO[C@@](C)(C(F)(F)F)C(N)=N2)n1,CHEMBL5934725,31.0,31.0
CO[C@H]1CC[C@@]2(CC1)Cc1ccc(-c3cncnc3)cc1C21C=C(F)C(N)=N1,CHEMBL5952724,1970.0,1970.0
CO[C@H]1CC[C@]2(CC1)Oc1ccc(-c3cc(F)cc(C#N)c3)cc1C21C=C(F)C(N)=N1,CHEMBL5968300,71.0,71.0
CC1(C)COc2ccc(-c3cncnc3)cc2C12C=C(F)C(N)=N2,CHEMBL5851425,770.0,770.0
CC1(C)COc2ccc(-c3cncc(F)c3)cc2C12C=C(F)C(N)=N2,CHEMBL5814799,770.0,770.0
CC1(C)COc2ccc(-c3cc(F)cc(F)c3)cc2C12C=C(F)C(N)=N2,CHEMBL6003333,640.0,640.0
COC1CCC2(CC1)Cc1ccc(OCCCF)cc1C21C=C(F)C(N)=N1,CHEMBL5765372,37.0,37.0
Cc1cnc(C(=O)Nc2ccc(F)c([C@]3(C)C=C(C(C)C)SC(N)=N3)c2)cn1,CHEMBL5858491,95.0,95.0
COc1cnc(C(=O)Nc2ccc(F)c([C@]3(C)C=C(C(C)C)SC(N)=N3)c2)cn1,CHEMBL5755583,19.0,19.0
C[C@@]1(c2cc(NC(=O)c3ccc(OCCO)cn3)ccc2F)C=CSC(N)=N1,CHEMBL6049971,73.0,73.0
C[C@@]1(c2ccccc2F)C[S@@]2(=O)=NCCCCN2C(N)=N1,CHEMBL5937174,1040.0,1040.0
C[C@@]1(c2cc(NC(=O)c3ccc(C#N)cn3)ccc2F)C[S@@]2(=O)=NCCCCN2C(N)=N1,CHEMBL5811509,2.0,2.0
C[C@@]1(c2cc(-c3cc(-c4cnc(OCC(F)F)cn4)no3)ccc2F)C[S@@]2(=O)=NCCCCN2C(N)=N1,CHEMBL5885398,14.0,14.0
C[C@@]1(c2cc(NC(=O)c3ccc(OCC(F)(F)F)cn3)ccc2F)C[S@@]2(=O)=NCCCCN2C(N)=N1,CHEMBL6064294,10.0,10.0
Cc1cc(C#N)cnc1C(=O)Nc1ccc(F)c([C@]2(C)CS3(=O)=NCC(F)(F)CN3C(N)=N2)c1,CHEMBL5923989,2.0,2.0
N#Cc1ccc(C(=O)Nc2csc([C@]34COCC[C@H]3CSC(N)=N4)c2)nc1,CHEMBL5966370,19.0,19.0
C[C@H]1C[C@H]2CSC(N)=N[C@@]2(c2nc(NC(=O)c3coc(CF)n3)cs2)CO1,CHEMBL5898718,0.7,0.7
C[C@H]1C[C@H]2CSC(N)=N[C@@]2(c2nc(NC(=O)c3nn(C(F)F)cc3Cl)cs2)CO1,CHEMBL6056370,4.0,4.0
C[C@H]1C[C@H]2CSC(N)=N[C@@]2(c2nc(NC(=O)c3coc(C(F)F)n3)cs2)CO1,CHEMBL5869287,11.0,11.0
Nc1nc(Nc2ccc(OCCN3CCCC3)cc2)nn1-c1nc2ccccc2s1,CHEMBL5818789,372.0,372.0
Nc1nc(Nc2ccc(OCCN3CCCC3)cc2)nn1-c1cnccn1,CHEMBL5937690,740.0,740.0
Cn1c(-n2nc(Nc3ccc(OCCN4CCCC4)cc3)nc2N)nc2ccccc21,CHEMBL5754004,3840.0,3840.0
Nc1nc(Nc2ccc(OCCN3CCCCC3)cc2)nn1-c1ccnc(N2CCOCC2)c1,CHEMBL5894407,1830.0,1830.0
Nc1nc(Nc2ccc(OCCN3CCCC3)cc2)nn1-c1cccc(Cl)n1,CHEMBL6004298,9690.0,9690.0
Nc1nc(Nc2ccc(OCCN3CCCC3)cc2)nn1-c1ccc(Cl)cn1,CHEMBL5902061,3940.0,3940.0
Nc1nc(Nc2ccc(OCCN3CCCC3)cc2)nn1-c1ncccc1Cl,CHEMBL6051038,2620.0,2620.0
Nc1nc(Nc2ccc(OCCN3CCCCC3)cc2)nn1-c1cccc(Cl)n1,CHEMBL5888253,51000.0,51000.0
Nc1nc(Nc2ccc(OCCN3CCCCC3)cc2)nn1-c1cccc(N2CCOCC2)n1,CHEMBL5955878,575.0,575.0
CC1CCCN1CCOc1ccc(Nc2nc(N)n(-c3cnc4ccccc4n3)n2)cc1,CHEMBL5771630,5040.0,5040.0
CC1CCCN1CCOc1ccc(Nc2nc(N)n(-c3nc4ccccc4s3)n2)cc1,CHEMBL5873381,2110.0,2110.0
CC1CCCN1CCOc1ccc(Nc2nc(N)n(-c3nc4ccccc4n3C)n2)cc1,CHEMBL5905225,6200.0,6200.0
CC1CCCN1CCOc1ccc(Nc2nc(N)n(-c3nc4ccccc4[nH]3)n2)cc1,CHEMBL5763516,10400.0,10400.0
Nc1nc(Nc2ccc(OCCN3CCCC3)cc2)nn1-c1nncc2ccccc12,CHEMBL5836525,9260.0,9260.0
Nc1nc(Nc2ccc(OCCN3CCCC3)cc2)nn1-c1cc(C(F)(F)F)ccn1,CHEMBL5757422,7480.0,7480.0
CC1CCCN1CCOc1ccc(Nc2nc(N)n(-c3ccccc3F)n2)cc1,CHEMBL5781076,12400.0,12400.0
Nc1nc(Nc2ccc(OCCN3CCCCC3)cc2)nn1-c1ccccc1F,CHEMBL5955184,4560.0,4560.0
Nc1nc(Nc2ccc(OCCN3CCCC3)cc2)nn1-c1ncccc1C(F)(F)F,CHEMBL5759676,18200.0,18200.0
COc1cccc(-n2nc(Nc3ccc(OCCN4CCCC4)cc3)nc2N)n1,CHEMBL5992946,28100.0,28100.0
Nc1nc(Nc2ccc(OCCN3CCCC3)cc2)nn1-c1nc2ccccc2[nH]1,CHEMBL5988864,777.0,777.0
Nc1nc(Nc2ccc(OCCN3CCCC3)cc2)nn1-c1ccc(Br)cn1,CHEMBL5931741,1490.0,1490.0
COC(=O)C1CCCN1CCOc1ccc(Nc2nc(N)n(-c3cnc4ccccc4n3)n2)cc1,CHEMBL6016396,1080.0,1080.0
Nc1nc(Nc2ccc(OCCN3CCCC3)cc2)nn1-c1ccccc1F,CHEMBL5752393,8070.0,8070.0
CNc1cccc(-n2nc(Nc3ccc(OCCN4CCCCC4)cc3)nc2N)n1,CHEMBL5811748,3380.0,3380.0
CN(C)c1cccc(-n2nc(Nc3ccc(OCCN4CCCCC4)cc3)nc2N)n1,CHEMBL5986022,1080.0,1080.0
Nc1nc(Nc2ccc(OCCN3CCCC3)cc2)nn1-c1nc(Cl)nc2ccccc12,CHEMBL4102842,671.0,671.0
Nc1nc(Nc2ccc(OCCN3CCCC3)cc2)nn1-c1nc(N2CCOCC2)nc2ccccc12,CHEMBL5823026,1660.0,1660.0
Nc1nc(Nc2ccc(OCCN3CCCC3)c(Cl)c2)nn1-c1nc2ccccc2s1,CHEMBL5899655,4240.0,4240.0
Cn1c(-n2nc(Nc3ccc(OCCN4CCCC4)c(Cl)c3)nc2N)nc2ccccc21,CHEMBL5846750,16200.0,16200.0
C[C@H]1C[C@H]2CSC(N)=N[C@@]2(c2nc(NC(=O)c3ccc(OCC#N)cn3)cs2)CO1,CHEMBL5812827,447.0,447.0
C[C@H]1C[C@H]2CSC(N)=N[C@@]2(c2nc(NC(=O)C3(C#N)CCC3)cs2)CO1,CHEMBL5787027,94.0,94.0
COc1cnc(C(=O)Nc2ccc(F)c([C@]3(C)N=C(NC(=O)c4ccccc4)OC4C[C@@H]43)c2)cn1,CHEMBL5876893,604.0,604.0
Cc1c(F)cccc1[C@@]1(C(F)F)N=C(NC(=O)c2ccccc2)O[C@@H]2C[C@@H]21,CHEMBL6049944,118.0,118.0
Cc1cc(OCC#CC(C)(C)O)cnc1C(=O)Nc1ccc(F)c([C@]2(C)N=C(N)O[C@H]3C[C@H]32)c1,CHEMBL5843384,206.0,206.0
CSc1c(F)cc(NC(=O)c2ccc(Cl)cn2)cc1[C@@]1(CF)N=C(N)OC2C[C@@H]21,CHEMBL6043212,40000.0,40000.0
NC1=N[C@](CF)(c2cc(NC(=O)c3ccc(Cl)cn3)cc(F)c2F)[C@H]2CC2O1,CHEMBL5833782,97.1,97.1
NC1=N[C@@](c2cc(NC(=O)c3cnc(OCC(F)(F)F)cn3)ccc2F)(C(F)F)[C@H]2C[C@H]2O1,CHEMBL5968022,29.1,29.1
NC1=N[C@@](c2cc(NC(=O)c3cnc(Cl)cn3)ccc2F)(C(F)F)[C@H]2CC2O1,CHEMBL5864388,37.0,37.0
NC1=N[C@@](CF)(c2cc(NC(=O)c3ccc(Cl)cn3)ccc2Cl)[C@@H]2C[C@H]2O1,CHEMBL5861508,138.0,138.0
COc1cc(Cl)cnc1C(=O)Nc1ccc(F)c([C@@]2(CF)N=C(N)O[C@@H]3C[C@@H]32)c1,CHEMBL5826948,184.0,184.0
COc1cnc(C(=O)Nc2ccc(F)c([C@]3(C)N=C(NC(=O)c4ccccc4)O[C@H]4C[C@H]43)c2)cn1,CHEMBL5846167,10750.0,10750.0
NC1=N[C@](c2nc(NC(=O)c3ccc(Cl)cn3)ccc2F)(C(F)F)[C@H]2C[C@H]2O1,CHEMBL5962703,339.0,339.0
[C-]#[N+]c1ccc(C(=O)Nc2ccc(F)c([C@@]3(C(F)F)N=C(N)OC4C[C@@H]43)n2)nc1,CHEMBL5871005,100.0,100.0
N#Cc1ccc(C(=O)Nc2ccc(F)c([C@@]3(C(F)F)N=C(N)O[C@@H]4C[C@@H]43)n2)nc1,CHEMBL5964696,26700.0,26700.0
NC1=N[C@@](CF)(c2cc(Nc3nccc4cc(Cl)cnc34)cc(F)c2F)[C@@H]2C[C@@H]2O1,CHEMBL6056038,3410.0,3410.0
COc1cnc2c(Nc3ccc(Cl)c([C@@]4(CF)N=C(N)O[C@@H]5C[C@@H]54)c3)nccc2c1,CHEMBL6002570,1260.0,1260.0
NC1=N[C@@](c2cc(N[C@@H]3CCc4cc(Br)cnc43)ccc2F)(C(F)F)[C@H]2C[C@H]2O1,CHEMBL5789475,143.0,143.0
N#Cc1ccc2c(c1)OCC[C@@H]2Nc1ccc(F)c([C@@]2(C(F)F)N=C(N)O[C@@H]3C[C@@H]32)c1,CHEMBL5884513,968.0,968.0
NC1=N[C@@](c2cc(N[C@H]3CCc4cc(Br)ccc43)ccc2F)(C(F)F)[C@H]2C[C@H]2O1,CHEMBL5990503,315.0,315.0
NC1=N[C@@](c2cc(Nc3coc4cc(Cl)cnc34)ccc2F)(C(F)F)[C@H]2C[C@H]2O1,CHEMBL5980029,253.0,253.0
N#Cc1cnc2c(c1)CCC2Nc1ccc(F)c([C@@]2(C(F)F)N=C(N)O[C@@H]3C[C@@H]32)c1,CHEMBL5869483,976.0,976.0
N#Cc1cnc2c(c1)CCC[C@@H]2Nc1ccc(F)c([C@@]2(C(F)F)N=C(N)O[C@@H]3C[C@@H]32)c1,CHEMBL6039958,2855.0,2855.0
NC1=N[C@@](c2cc(NC(=O)c3cnc(CCC#CC4CC4)cn3)ccc2F)(C(F)F)[C@H]2C[C@H]2O1,CHEMBL5996105,7.6,7.6
O=C(Nc1ccc(F)c([C@@]2(C(F)F)N=CO[C@@H]3C[C@@H]32)c1)c1ncc(Cl)cc1CO,CHEMBL6033322,33.2,33.2
O=C(NC1=N[C@](CF)(c2cc(Br)ccc2Cl)[C@H]2C[C@H]2O1)c1ccccc1,CHEMBL5808647,396.0,396.0
O=C(NC1=N[C@](c2cc(Br)ccc2F)(C(F)F)[C@@H]2C[C@@H]2O1)c1ccccc1,CHEMBL5844624,613.0,613.0
O=C(NC1=N[C@@](c2cc(Br)ccc2F)(C(F)F)[C@H]2C[C@H]2O1)c1ccccc1,CHEMBL6059988,1236.0,1236.0
CC#Cc1cncc(-c2ccc(F)c([C@@]3(CF)N=C(N)O[C@@H]4C[C@@H]43)c2)c1,CHEMBL5849849,4685.0,4685.0
CC#Cc1cncc(-c2cc([C@@]3(CF)N=C(N)OC4C[C@@H]43)c(F)cc2COCc2ccc(OC)cc2)c1,CHEMBL6006808,33135.0,33135.0
CC(C)(C)OC(=O)N=C1OC2C[C@@H]2[C@@](CF)(c2cc(-c3cncc(F)c3)c(CO)cc2F)N1C(=O)OC(C)(C)C,CHEMBL6004716,23099.0,23099.0
CN(C(=O)OC(C)(C)C)c1cnc(C(=O)Nc2ccc(F)c([C@@]3(C(F)F)N=C(N)O[C@@H]4C[C@@H]43)c2)nc1,CHEMBL5992892,473.0,473.0
C[C@H]1C[C@H]2CSC(NC(=O)c3ccccc3)=N[C@@]2(c2nc(NC(=O)c3ccc(OC(F)F)cn3)cs2)CO1,CHEMBL5828499,41.0,41.0
C[C@H]1C[C@H]2CSC(NC(=O)c3ccccc3)=N[C@@]2(c2nc(NC(=O)c3cnc(OC(F)F)cn3)cs2)CO1,CHEMBL5859401,73.0,73.0
C[C@H]1C[C@H]2CSC(NC(=O)c3ccccc3)=N[C@@]2(c2nc(NC(=O)c3coc(CF)n3)cs2)CO1,CHEMBL5776856,7.0,7.0
C[C@H]1C[C@H]2CSC(NC(=O)c3ccccc3)=N[C@@]2(c2nc(NC(=O)c3ccn(C(F)F)n3)cs2)CO1,CHEMBL5822438,9.0,9.0
C[C@H]1C[C@H]2CSC(NC(=O)c3ccccc3)=N[C@@]2(c2nc(NC(=O)c3ccc(C#N)cn3)cs2)CO1,CHEMBL5845454,22.0,22.0
C[C@H]1C[C@H]2CSC(NC(=O)c3ccccc3)=N[C@@]2(c2nc(NC(=O)c3nn(C(F)F)cc3Cl)cs2)CO1,CHEMBL5961477,4.0,4.0
C[C@H]1C[C@H]2CSC(NC(=O)c3ccccc3)=N[C@@]2(c2nc(NC(=O)c3ccc(Cl)cn3)cs2)CO1,CHEMBL6009419,33.0,33.0
C[C@H]1C[C@H]2CSC(NC(=O)c3ccccc3)=N[C@@]2(c2nc(N)cs2)CO1,CHEMBL5950692,11.0,11.0
Cc1cc(F)ccc1C(=O)Nc1csc([C@]23CO[C@@H](C)C[C@H]2CSC(N)=N3)n1,CHEMBL5864266,866.0,866.0
Cc1nc(C)c(C(=O)Nc2csc([C@]34CO[C@@H](C)C[C@H]3CSC(N)=N4)n2)o1,CHEMBL5955670,740.0,740.0
C[C@H]1C[C@H]2CSC(N)=N[C@@]2(c2nc(NC(=O)c3cn(C)nc3C(F)(F)F)cs2)CO1,CHEMBL6008229,3840.0,3840.0
CC(C)n1cnc(C(=O)Nc2csc([C@]34CO[C@@H](C)C[C@H]3CSC(N)=N4)n2)c1,CHEMBL6051307,1830.0,1830.0
CC(C)Cc1cc(C(=O)Nc2csc([C@]34CO[C@@H](C)C[C@H]3CSC(N)=N4)n2)no1,CHEMBL5891745,9690.0,9690.0
C[C@H]1C[C@H]2CSC(N)=N[C@@]2(c2nc(NC(=O)c3cnn(C)c3)cs2)CO1,CHEMBL5955979,3940.0,3940.0
Cc1cc(C(=O)Nc2csc([C@]34CO[C@@H](C)C[C@H]3CSC(N)=N4)n2)no1,CHEMBL6056391,2620.0,2620.0
CC(C)Cc1cc(C(=O)Nc2csc([C@]34CO[C@@H](C)C[C@H]3CSC(N)=N4)n2)nn1C,CHEMBL5936939,51000.0,51000.0
C[C@H]1C[C@H]2CSC(N)=N[C@@]2(c2nc(NC(=O)c3ccncn3)cs2)CO1,CHEMBL5921622,575.0,575.0
Cc1cc(C(=O)Nc2csc([C@]34CO[C@@H](C)C[C@H]3CSC(N)=N4)n2)on1,CHEMBL5839078,5040.0,5040.0
Cc1cnc(C(=O)Nc2csc([C@]34CO[C@@H](C)C[C@H]3CSC(N)=N4)n2)cn1,CHEMBL5870319,2110.0,2110.0
C[C@H]1C[C@H]2CSC(N)=N[C@@]2(c2nc(NC(=O)c3cc4n(n3)CCC4)cs2)CO1,CHEMBL5898357,6200.0,6200.0
CC(C)c1cc(C(=O)Nc2csc([C@]34CO[C@@H](C)C[C@H]3CSC(N)=N4)n2)n(C)n1,CHEMBL5911399,10400.0,10400.0
CCc1cc(C(=O)Nc2csc([C@]34CO[C@@H](C)C[C@H]3CSC(N)=N4)n2)on1,CHEMBL6057043,9260.0,9260.0
CCn1cc(C(=O)Nc2csc([C@]34CO[C@@H](C)C[C@H]3CSC(N)=N4)n2)cn1,CHEMBL5941542,7480.0,7480.0
Cc1cc(C(=O)Nc2csc([C@]34CO[C@@H](C)C[C@H]3CSC(N)=N4)n2)nn1C,CHEMBL5872587,12400.0,12400.0
C[C@H]1C[C@H]2CSC(N)=N[C@@]2(c2nc(NC(=O)c3ncnn3C)cs2)CO1,CHEMBL6012387,4560.0,4560.0
C[C@H]1C[C@H]2CSC(N)=N[C@@]2(c2nc(NC(=O)c3cn(C)cn3)cs2)CO1,CHEMBL5893521,18200.0,18200.0
C[C@H]1C[C@H]2CSC(N)=N[C@@]2(c2nc(NC(=O)c3cn(C)nn3)cs2)CO1,CHEMBL5954836,28100.0,28100.0
C[C@H]1C[C@H]2CSC(N)=N[C@@]2(c2nc(NC(=O)c3ccon3)cs2)CO1,CHEMBL5933031,777.0,777.0
C[C@H]1C[C@H]2CSC(N)=N[C@@]2(c2nc(NC(=O)C3CC(F)(F)C3)cs2)CO1,CHEMBL6014458,1490.0,1490.0
C[C@H]1C[C@H]2CSC(N)=N[C@@]2(c2nc(NC(=O)c3ncccn3)cs2)CO1,CHEMBL5846923,1080.0,1080.0
C[C@H]1C[C@H]2CSC(N)=N[C@@]2(c2nc(NC(=O)c3cnn(C4CC4)c3)cs2)CO1,CHEMBL6027997,8070.0,8070.0
C[C@H]1C[C@H]2CSC(N)=N[C@@]2(c2nc(NC(=O)c3cc(Cl)n(C)n3)cs2)CO1,CHEMBL5881880,3380.0,3380.0
C[C@H]1C[C@H]2CSC(N)=N[C@@]2(c2nc(NC(=O)c3cnc(C4CC4)cn3)cs2)CO1,CHEMBL6032465,1080.0,1080.0
C[C@H]1C[C@H]2CSC(N)=N[C@@]2(c2nc(NC(=O)c3cnn(C(F)F)c3)cs2)CO1,CHEMBL5758428,671.0,671.0
C[C@H]1C[C@H]2CSC(N)=N[C@@]2(c2nc(NC(=O)c3ccn(C4CC4)n3)cs2)CO1,CHEMBL6037001,1660.0,1660.0
C[C@H]1C[C@H]2CSC(N)=N[C@@]2(c2nc(NC(=O)c3ccnn3C3CC3)cs2)CO1,CHEMBL5926164,4240.0,4240.0
CC(C)c1nc(C(=O)Nc2csc([C@]34CO[C@@H](C)C[C@H]3CSC(N)=N4)n2)co1,CHEMBL6028516,16200.0,16200.0
C[C@H]1C[C@H]2CSC(N)N[C@@]2(c2ncc(NC(=O)c3ccc(OC(F)F)cn3)s2)CO1,CHEMBL5943376,100.0,100.0
C[C@H]1C[C@H]2CSC(N)N[C@@]2(c2cc(NC(=O)c3ccc(C#N)cn3)cs2)CO1,CHEMBL5913107,19.0,19.0
C[C@@]1(c2cc(NC(=O)c3ccc(F)cn3)ccc2F)Cn2nncc2C(N)=N1,CHEMBL5996228,5.25,5.25
COc1cnc(C(=O)Nc2ccc(F)c([C@]3(C)Cn4nncc4C(N)=N3)c2)cn1,CHEMBL5911959,2.04,2.04
C[C@@]1(c2cc(NC(=O)c3ccc(Cl)cn3)ccc2F)Cn2nncc2C(N)=N1,CHEMBL5827655,1.74,1.74
C[C@@]1(c2cc(NC(=O)c3nn(C(F)F)cc3Cl)ccc2F)Cn2nncc2C(N)=N1,CHEMBL5983491,1000000000.0,1000000000.0
C[C@@]1(c2cc(NC(=O)c3cnc(OCC(F)(F)F)cn3)ccc2F)Cn2nncc2C(N)=N1,CHEMBL5908501,1000000000.0,1000000000.0
C[C@@]1(c2cc(NC(=O)c3ccc(OCF)cn3)ccc2F)Cn2nncc2C(N)=N1,CHEMBL5885164,1000000000.0,1000000000.0
C[C@@]1(c2cc(NC(=O)c3ccc(F)cn3)cc(F)c2F)Cn2nncc2C(N)=N1,CHEMBL5804713,1000000000.0,1000000000.0
NC1=N[C@](CF)(c2cc(NC(=O)c3ccc(F)cn3)ccc2F)Cn2nncc21,CHEMBL5758820,1000000000.0,1000000000.0
NC1=N[C@@](CF)(c2cc(NC(=O)c3ccc(F)cn3)ccc2F)Cn2nncc21,CHEMBL5838638,1000000000.0,1000000000.0
C[C@H]1C[C@H]2COC(N)=N[C@@]2(c2nc(NC(=O)c3ccc(OC(F)F)cn3)cs2)CO1,CHEMBL6017112,214.0,214.0
C[C@H]1C[C@H]2COC(N)=N[C@@]2(c2nc(NC(=O)c3ncc(OC(F)F)cc3Cl)cs2)CO1,CHEMBL5861668,123.0,123.0
Cc1cc(OC(F)F)cnc1C(=O)Nc1csc([C@]23CO[C@@H](C)C[C@H]2COC(N)=N3)n1,CHEMBL6064519,85.0,85.0
C[C@H]1C[C@H]2CCOC(N)=N[C@@]2(c2nc(NC(=O)c3ccc(OC(F)F)cn3)cs2)CO1,CHEMBL5938290,146.0,146.0
Cc1cc(OC(F)F)cnc1C(=O)Nc1csc([C@]23CO[C@@H](C)C[C@H]2CCOC(N)=N3)n1,CHEMBL6046679,71.0,71.0
C[C@H]1C[C@H]2[C@@H](CF)OC(N)=N[C@@]2(c2nc(NC(=O)c3ccc(OC(F)F)cn3)cs2)CO1,CHEMBL6025437,270.0,270.0
C[C@H]1C[C@H]2[C@@H](C(F)(F)F)OC(N)=N[C@@]2(c2nc(NC(=O)c3ccc(OC(F)F)cn3)cs2)CO1,CHEMBL5840593,112.0,112.0
CC1(C)C[C@H]2COC(N)=N[C@@]2(c2nc(NC(=O)c3ccc(OC(F)F)cn3)cs2)CO1,CHEMBL6048230,610.0,610.0
Cc1cc(OC(F)F)cnc1C(=O)Nc1csc([C@]23COC(C)(C)C[C@H]2COC(N)=N3)n1,CHEMBL5835682,475.0,475.0
NC1=N[C@]2(c3nc(NC(=O)c4ccc(Cl)cn4)cs3)CO[C@H](C(F)(F)F)C[C@@H]2CO1,CHEMBL5886016,16700.0,16700.0
NC1=N[C@@]2(c3nc(NC(=O)c4ccc(Cl)cn4)cs3)CO[C@@H](C(F)(F)F)C[C@H]2CO1,CHEMBL5772048,310.0,310.0
Cc1cc(OC(F)F)cnc1C(=O)Nc1csc([C@@]23CO[C@H](C(F)(F)F)C[C@@H]2COC(N)=N3)n1,CHEMBL5802529,10800.0,10800.0
Cc1cc(OC(F)F)cnc1C(=O)Nc1csc([C@]23CO[C@@H](C(F)(F)F)C[C@H]2COC(N)=N3)n1,CHEMBL5961377,155.0,155.0
NC1=N[C@]2(c3nc(NC(=O)c4ccc(OC(F)F)cn4)cs3)CO[C@H](C(F)(F)F)C[C@@H]2CO1,CHEMBL5858986,15000.0,15000.0
NC1=N[C@@]2(c3nc(NC(=O)c4ccc(OC(F)F)cn4)cs3)CO[C@@H](C(F)(F)F)C[C@H]2CO1,CHEMBL6025628,371.0,371.0
NC1=N[C@]2(c3nc(NC(=O)c4ncc(OC(F)F)cc4Cl)cs3)CO[C@H](C(F)(F)F)C[C@@H]2CO1,CHEMBL5763602,6970.0,6970.0
NC1=N[C@@]2(c3nc(NC(=O)c4ncc(OC(F)F)cc4Cl)cs3)CO[C@@H](C(F)(F)F)C[C@H]2CO1,CHEMBL5976104,184.0,184.0
NC1=N[C@@]2(c3nc(NC(=O)c4ccc(OC(F)F)cn4)cs3)COC3(CCC3)C[C@H]2CO1,CHEMBL5895443,860.0,860.0
Cc1cc(OC(F)F)cnc1C(=O)Nc1csc([C@]23COC4(CCC4)C[C@H]2COC(N)=N3)n1,CHEMBL5930527,370.0,370.0
N#Cc1ccc(C(=O)Nc2csc([C@]34COC5(CCC5)C[C@H]3COC(N)=N4)n2)nc1,CHEMBL5791514,395.0,395.0
NC1=N[C@@]2(c3nc(NC(=O)c4cnc(OC(F)F)cn4)cs3)COC3(CCC3)C[C@H]2CO1,CHEMBL5756383,2263.0,2263.0
NC1=N[C@@]2(c3nc(NC(=O)c4ncc(OC(F)F)cc4Cl)cs3)COC3(CCC3)C[C@H]2CO1,CHEMBL5993263,561.0,561.0
Cc1cc(C#N)cnc1C(=O)Nc1csc([C@]23COC4(CCC4)C[C@H]2COC(N)=N3)n1,CHEMBL5797460,185.0,185.0
NC1=N[C@@]2(c3nc(NC(=O)c4cnc(OC(F)F)cn4)cs3)CO[C@@H](C(F)(F)F)C[C@H]2CO1,CHEMBL5766974,124.0,124.0
Cc1cc(C#N)cnc1C(=O)Nc1csc([C@]23CO[C@@H](C(F)(F)F)C[C@H]2COC(N)=N3)n1,CHEMBL5770306,5.0,5.0
Cc1nc(OC(F)F)cnc1C(=O)Nc1csc([C@]23CO[C@@H](C(F)(F)F)C[C@H]2COC(N)=N3)n1,CHEMBL5780298,13.0,13.0
COc1cnc(C(=O)Nc2csc([C@]34CO[C@@H](C(F)(F)F)C[C@H]3COC(N)=N4)n2)c(C)n1,CHEMBL5809855,162.0,162.0
N#Cc1ccc(C(=O)Nc2csc([C@]34CO[C@@H](C(F)(F)F)C[C@H]3COC(N)=N4)n2)nc1,CHEMBL6065354,27.0,27.0
CN(C)C(=O)[C@]12C[C@H]1[C@@](C)(c1cc(/C=C(\F)c3ccc(Cl)cn3)ccc1F)N=C(N)S2,CHEMBL5866247,4.83,4.83
C[C@]1(c2cc(/C=C(\F)c3ccc(Cl)cn3)ccc2F)N=C(N)S[C@@]2(C(=O)N3CCCC3)C[C@H]21,CHEMBL5768109,1.2,1.2
COc1ccc(/C(F)=C/c2ccc(F)c([C@@]3(C)N=C(N)S[C@@]4(C(=O)N5CCCC5)C[C@H]43)c2)nc1,CHEMBL5815028,22.6,22.6
COC(=O)[C@]12C[C@H]1[C@@](C)(c1cc(/C=C(\F)c3ccc(Br)cn3)ccc1F)N=C(N)S2,CHEMBL5780918,25.8,25.8
CN(C)C(=O)[C@]12C[C@H]1[C@@](C)(c1cc(/C=C(\F)c3ccc(Br)cn3)ccc1F)N=C(N)S2,CHEMBL5818336,1.99,1.99
CN(C)C(=O)[C@]12C[C@H]1[C@@](C)(c1cc(/C=C(\F)c3ccc(C#CC4CC4)cn3)ccc1F)N=C(N)S2,CHEMBL6021441,8.49,8.49
C#Cc1ccc(/C(F)=C/c2ccc(F)c([C@@]3(C)N=C(N)S[C@@]4(C(=O)N(C)C)C[C@H]43)c2)nc1,CHEMBL5898243,3.24,3.24
COC(=O)[C@]12C[C@H]1[C@@](C)(c1cc(/C=C(\F)c3ccc(Cl)cn3)ccc1F)N=C(N)S2,CHEMBL5876200,95.9,95.9
C[C@]1(c2cc(/C=C(\F)c3ccc(Cl)cn3)ccc2F)N=C(N)S[C@@]2(C(=O)N3CCC3)C[C@H]21,CHEMBL5893957,1.83,1.83
C[C@]1(c2cc(/C=C(\F)c3ccc(Cl)cn3)ccc2F)N=C(N)S[C@@]2(CO)C[C@H]21,CHEMBL6042497,28.5,28.5
C[C@]1(c2cc(/C=C(\F)c3ccc(Cl)cn3)ccc2F)N=C(N)S[C@@]2(CC#N)C[C@H]21,CHEMBL5805689,21.0,21.0
CC(O)CCNC(=O)[C@]12C[C@H]1[C@@](C)(c1cc(/C=C(\F)c3ccc(Cl)cn3)ccc1F)N=C(N)S2,CHEMBL5870063,8.28,8.28
CC1CCN1C(=O)[C@]12C[C@H]1[C@@](C)(c1cc(/C=C(\F)c3ccc(Cl)cn3)ccc1F)N=C(N)S2,CHEMBL5811661,6.23,6.23
COC[C@@H]1CCCN1C(=O)[C@]12C[C@H]1[C@@](C)(c1cc(/C=C(\F)c3ccc(Cl)cn3)ccc1F)N=C(N)S2,CHEMBL6046905,5.87,5.87
C[C@]1(c2cc(/C=C(\F)c3ccc(Cl)cn3)ccc2F)N=C(N)S[C@@]2(C(=O)Nc3ccccc3)C[C@H]21,CHEMBL6022384,29.9,29.9
C[C@H]1CCN1C(=O)[C@]12C[C@H]1[C@@](C)(c1cc(/C=C(\F)c3ccc(Cl)cn3)ccc1F)N=C(N)S2,CHEMBL5997909,3.4,3.4
C[C@@H]1CCN1C(=O)[C@]12C[C@H]1[C@@](C)(c1cc(/C=C(\F)c3ccc(Cl)cn3)ccc1F)N=C(N)S2,CHEMBL6010814,2.75,2.75
C[C@]1(c2cc(/C=C(\F)c3ccc(C#N)cn3)ccc2F)N=C(N)S[C@@]2(C(=O)NC3CC3)C[C@H]21,CHEMBL5929147,9.32,9.32
C[C@]1(c2cc(/C=C(\F)c3ccc(C#N)cn3)ccc2F)N=C(N)S[C@@]2(C(=O)N3CCC(F)(F)C3)C[C@H]21,CHEMBL5925804,1.66,1.66
C[C@]1(c2cc(/C=C(\F)c3ccc(C#N)cn3)ccc2F)N=C(N)S[C@@]2(C(=O)N3CC[C@H](O)C3)C[C@H]21,CHEMBL5906022,0.592,0.592
C[C@]1(c2cc(/C=C(\F)c3ccc(C#N)cn3)ccc2F)N=C(N)S[C@@]2(C(=O)N3CC[C@@H](F)C3)C[C@H]21,CHEMBL6005956,0.518,0.518
C[C@]1(c2cc(/C=C(\F)c3ccc(C#N)cn3)ccc2F)N=C(N)S[C@@]2(C(=O)N3CC[C@H](F)C3)C[C@H]21,CHEMBL5940054,0.509,0.509
C[C@]1(c2cc(/C=C(\F)c3ccc(C#N)cn3)ccc2F)N=C(N)S[C@@]2(C(=O)NC3CCOCC3)C[C@H]21,CHEMBL5982064,3.31,3.31
C[C@]1(c2cc(/C=C(\F)c3ccc(C#N)cn3)ccc2F)N=C(N)S[C@@]2(C(=O)N3Cc4ccccc4C3)C[C@H]21,CHEMBL5942806,1.17,1.17
COC(=O)[C@H]1CCCN1C(=O)[C@]12C[C@H]1[C@@](C)(c1cc(/C=C(\F)c3ccc(C#N)cn3)ccc1F)N=C(N)S2,CHEMBL5768651,3.4,3.4
C[C@]1(c2cc(/C=C(\F)c3ccc(C#N)cn3)ccc2F)N=C(N)S[C@@]2(C(=O)N3CCN(c4ccccc4)CC3)C[C@H]21,CHEMBL5743934,3.22,3.22
C[C@]1(c2cc(/C=C(\F)c3ccc(C#N)cn3)ccc2F)N=C(N)S[C@@]2(C(=O)N3CC4CC3CO4)C[C@H]21,CHEMBL5843017,2.67,2.67
C[C@@H]1CC[C@@H](C)N1C(=O)[C@]12C[C@H]1[C@@](C)(c1cc(/C=C(\F)c3ccc(C#N)cn3)ccc1F)N=C(N)S2,CHEMBL5839894,3.62,3.62
CN(C)[C@@H]1CCN(C(=O)[C@]23C[C@H]2[C@@](C)(c2cc(/C=C(\F)c4ccc(C#N)cn4)ccc2F)N=C(N)S3)C1,CHEMBL5951128,20.7,20.7
C[C@]1(c2cc(/C=C(\F)c3ccc(C#N)cn3)ccc2F)N=C(N)S[C@@]2(C(=O)N3CC[C@@H]4CCCC[C@H]4C3)C[C@H]21,CHEMBL5915228,0.527,0.527
CC1(C)CC2CC(C)(CN2C(=O)[C@]23C[C@H]2[C@@](C)(c2cc(/C=C(\F)c4ccc(C#N)cn4)ccc2F)N=C(N)S3)C1,CHEMBL5906805,5.82,5.82
CC1CC(C)CN(C(=O)[C@]23C[C@H]2[C@@](C)(c2cc(/C=C(\F)c4ccc(C#N)cn4)ccc2F)N=C(N)S3)C1,CHEMBL5892717,8.71,8.71
CC1CCCN1C(=O)[C@]12C[C@H]1[C@@](C)(c1cc(/C=C(\F)c3ccc(C#N)cn3)ccc1F)N=C(N)S2,CHEMBL6053238,1.56,1.56
C[C@]1(c2cc(/C=C(\F)c3ccc(C#N)cn3)ccc2F)N=C(N)S[C@@]2(C(=O)N3CCC(C(F)(F)F)CC3)C[C@H]21,CHEMBL6058291,0.744,0.744
C[C@]1(c2cc(/C=C(\F)c3ccc(C#N)cn3)ccc2F)N=C(N)S[C@@]2(C(=O)N3CCCC(c4ccccc4)C3)C[C@H]21,CHEMBL5836759,0.958,0.958
C[C@]1(c2cc(/C=C(\F)c3ccc(C#N)cn3)ccc2F)N=C(N)S[C@@]2(C(=O)N3CCN(CC4CC4)CC3)C[C@H]21,CHEMBL5961520,57.5,57.5
C[C@]1(c2cc(/C=C(\F)c3ccc(C#N)cn3)ccc2F)N=C(N)S[C@@]2(C(=O)N3CCNC(=O)CC3)C[C@H]21,CHEMBL5955567,1.78,1.78
C[C@]1(c2cc(/C=C(\F)c3ccc(C#N)cn3)ccc2F)N=C(N)S[C@@]2(C(=O)N3CCCC(C#N)C3)C[C@H]21,CHEMBL5794253,1.23,1.23
C[C@]1(c2cc(/C=C(\F)c3ccc(C#N)cn3)ccc2F)N=C(N)S[C@@]2(C(=O)N3CCNC(=O)C3)C[C@H]21,CHEMBL6034823,1.77,1.77
CC1CCCN(C(=O)[C@]23C[C@H]2[C@@](C)(c2cc(/C=C(\F)c4ccc(C#N)cn4)ccc2F)N=C(N)S3)C1,CHEMBL5934494,0.867,0.867
CC1CCN(C(=O)[C@]23C[C@H]2[C@@](C)(c2cc(/C=C(\F)c4ccc(C#N)cn4)ccc2F)N=C(N)S3)CC1,CHEMBL5796158,0.793,0.793
COC(=O)[C@]12C[C@H]1[C@@](C)(c1cc(/C=C(\F)c3cnc(Br)cn3)ccc1F)N=C(N)S2,CHEMBL6013486,375.0,375.0
COC(=O)[C@]12C[C@H]1[C@@](C)(c1cc(/C=C(\F)c3cnc(Cl)cn3)ccc1F)N=C(N)S2,CHEMBL5869894,35.2,35.2
COC(=O)[C@]12C[C@H]1[C@@](C)(c1cc(/C=C(\F)c3cnc(OCc4ncco4)cn3)ccc1F)N=C(N)S2,CHEMBL6039770,53.5,53.5
C#CCOc1cnc(/C(F)=C/c2ccc(F)c([C@@]3(C)N=C(N)S[C@@]4(C(=O)NC)C[C@H]43)c2)cn1,CHEMBL6005585,5.77,5.77
CNC(=O)[C@]12C[C@H]1[C@@](C)(c1cc(/C=C(\F)c3cnc(OCC(C)=O)cn3)ccc1F)N=C(N)S2,CHEMBL5787787,52.0,52.0
C#CCOc1cnc(/C(F)=C/c2ccc(F)c([C@@]3(C)N=C(N)S[C@@]4(C(=O)N(C)C)C[C@H]43)c2)cn1,CHEMBL5858603,3.93,3.93
CN(C)C(=O)[C@]12C[C@H]1[C@@](C)(c1cc(/C=C(\F)c3cnc(OCc4ncco4)cn3)ccc1F)N=C(N)S2,CHEMBL5875479,7.98,7.98
CN(C)C(=O)[C@]12C[C@H]1[C@@](C)(c1cc(/C=C(\F)c3cnc(OCC(F)(F)F)cn3)ccc1F)N=C(N)S2,CHEMBL6025278,41.2,41.2
CC(Oc1cnc(/C(F)=C/c2ccc(F)c([C@@]3(C)N=C(N)S[C@@]4(C(=O)N(C)C)C[C@H]43)c2)cn1)c1ncco1,CHEMBL6059227,42.4,42.4
CN(C)C(=O)[C@]12C[C@H]1[C@@](C)(c1cc(/C=C(\F)c3cnc(Br)cn3)ccc1F)N=C(N)S2,CHEMBL5890871,12.7,12.7
CN(C)C(=O)[C@]12C[C@H]1[C@@](C)(c1cc(/C=C(\F)c3cnc(OCC#N)cn3)ccc1F)N=C(N)S2,CHEMBL6065683,116.0,116.0
CN(C)C(=O)[C@]12C[C@H]1[C@@](C)(c1cc(/C=C(\F)c3cnc(C#CC4CC4)cn3)ccc1F)N=C(N)S2,CHEMBL5851380,0.856,0.856
Cc1cc(C#N)cnc1/C(F)=C/c1ccc(F)c([C@@]2(C)N=C(N)S[C@@]3(C(=O)N4CCOCC4)C[C@H]32)c1,CHEMBL5974789,7.34,7.34
CNC(=O)[C@]12C[C@H]1[C@@](C)(c1cc(/C=C(\F)c3cnc(OCC(F)(F)C(F)F)cn3)ccc1F)N=C(N)S2,CHEMBL5954484,86.4,86.4
CNC(=O)[C@]12C[C@H]1[C@@](C)(c1cc(/C=C(\F)c3cnc(OCc4ncco4)cn3)ccc1F)N=C(N)S2,CHEMBL5925631,17.3,17.3
CNC(=O)[C@]12C[C@H]1[C@@](C)(c1cc(/C=C(\F)c3cnc(Br)cn3)ccc1F)N=C(N)S2,CHEMBL5938376,24.9,24.9
CC#Cc1cnc(/C(F)=C/c2ccc(F)c([C@@]3(C)N=C(N)S[C@@]4(C(=O)NC)C[C@H]43)c2)cn1,CHEMBL5803416,12.5,12.5
CNC(=O)[C@]12C[C@H]1[C@@](C)(c1cc(/C=C(\F)c3cnc(C#CC4CC4)cn3)ccc1F)N=C(N)S2,CHEMBL5843014,7.07,7.07
CNC(=O)[C@]12C[C@H]1[C@@](C)(c1cc(/C=C(\F)c3cnc(C#C[Si](C)(C)C)cn3)ccc1F)N=C(N)S2,CHEMBL5754360,17.1,17.1
C#Cc1cnc(/C(F)=C/c2ccc(F)c([C@@]3(C)N=C(N)S[C@@]4(C(=O)NC)C[C@H]43)c2)cn1,CHEMBL5980723,9.78,9.78
CN(C)C(=O)[C@]12C[C@H]1[C@@](C)(c1cc(/C=C(\F)c3ccc(C#N)cc3)ccc1F)N=C(N)S2,CHEMBL5787179,4.96,4.96
CN(C)C(=O)[C@]12C[C@H]1[C@@](C)(c1cc(/C=C(\F)c3cnc(C#N)cn3)ccc1F)N=C(N)S2,CHEMBL5979268,1.15,1.15
CN(C)C(=O)[C@]12C[C@H]1[C@@](C)(c1cc(/C=C(\F)c3ncc(C#N)cn3)ccc1F)N=C(N)S2,CHEMBL5768167,4.32,4.32
CN(C)C(=O)[C@]12C[C@H]1[C@@](C)(c1cc(/C=C(\F)c3ccc(C#N)nc3)ccc1F)N=C(N)S2,CHEMBL5897485,102.0,102.0
CN(C)C(=O)[C@]12C[C@H]1[C@@](C)(c1cc(/C=C(\F)c3ccc(C#N)cc3F)ccc1F)N=C(N)S2,CHEMBL5986138,32.7,32.7
CN(C)C(=O)[C@]12C[C@H]1[C@@](C)(c1cc(/C=C(\F)c3cnc(C#N)nc3)ccc1F)N=C(N)S2,CHEMBL5759007,150.0,150.0
CN(C)C(=O)[C@]12C[C@H]1[C@@](C)(c1cc(/C=C(\F)c3ccc(C#N)nn3)ccc1F)N=C(N)S2,CHEMBL6016460,209.0,209.0
CNC(=O)[C@]12C[C@H]1[C@@](C)(c1cc(/C=C(\F)c3ccc(Cl)cn3)ccc1F)N=C(N)S2,CHEMBL5768491,12.1,12.1
COC(=O)[C@]12C[C@H]1[C@@](C)(c1cc(/C=C(\F)c3ccc(Cl)cn3)cnc1F)N=C(N)S2,CHEMBL5902508,142.0,142.0
COC(=O)[C@]12C[C@H]1[C@@](C)(c1cc(/C=C(/F)c3ccc(Cl)cn3)cnc1F)N=C(N)S2,CHEMBL6022797,291.0,291.0
CN(C)C(=O)[C@]12C[C@H]1[C@@](C)(c1cc(/C=C(\F)c3ccc(Cl)cn3)cnc1F)N=C(N)S2,CHEMBL6041967,22.7,22.7
CN(C)C(=O)[C@]12C[C@H]1[C@@](C)(c1cc(/C=C(/F)c3ccc(Cl)cn3)cnc1F)N=C(N)S2,CHEMBL6045349,112.0,112.0
CN(C)C(=O)[C@]12C[C@H]1[C@@](C)(c1cc(/C=C(\F)c3ccc(C#N)cn3)cnc1F)N=C(N)S2,CHEMBL5993106,5.44,5.44
C[C@]1(c2cc(/C=C(\F)c3ccc(C#N)cn3)cnc2F)N=C(N)S[C@@]2(C(=O)N3CC[C@@H](F)C3)C[C@H]21,CHEMBL5885479,2.1,2.1
C[C@]1(c2cc(/C=C(\F)c3ccc(C#N)cn3)cnc2F)N=C(N)S[C@@]2(C(=O)N3CC[C@H](F)C3)C[C@H]21,CHEMBL5821332,2.4,2.4
C[C@]1(c2cc(/C=C(\F)c3ccc(C#N)cn3)cnc2F)N=C(N)S[C@@]2(C(=O)N3CCOCC3)C[C@H]21,CHEMBL5899871,16.5,16.5
CN(C)C(=O)[C@]12C[C@H]1[C@@](C)(c1cc(/C(F)=C/c3ccc(Cl)cn3)ccc1F)N=C(N)S2,CHEMBL5892864,132.0,132.0
CN(C)C(=O)[C@]12C[C@H]1[C@@](C)(c1cc(/C(F)=C/c3ccc(C#N)cc3)ccc1F)N=C(N)S2,CHEMBL6005884,128.0,128.0
C[C@]1(c2cc(/C=C(\F)c3cnc(C#N)cn3)ccc2F)N=C(N)S[C@@]2(C(=O)N3CCCCC3)C[C@H]21,CHEMBL5964637,1.0,1.0
C[C@]1(c2cc(/C=C(\F)c3cnc(C#N)cn3)ccc2F)N=C(N)S[C@@]2(C(=O)N3CC[C@H](F)C3)C[C@H]21,CHEMBL6051060,1.0,1.0
C[C@]1(c2cc(/C=C(\F)c3cnc(C#N)cn3)ccc2F)N=C(N)S[C@@]2(C(=O)N3CC[C@@H](F)C3)C[C@H]21,CHEMBL5849348,1.0,1.0
C[C@]1(c2cc(/C=C(\F)c3cnc(C#N)cn3)ccc2F)N=C(N)S[C@@]2(C(=O)N3CCCC3)C[C@H]21,CHEMBL5939428,1.0,1.0
C#Cc1cnc(/C(F)=C/c2ccc(F)c([C@@]3(C)N=C(N)S[C@@]4(C(=O)N(C)C)C[C@H]43)c2)cn1,CHEMBL5753260,2.0,2.0
CN(C)C(=O)[C@]12C[C@H]1[C@@](C)(c1cc(/C=C(\F)I)ccc1F)N=C(N)S2,CHEMBL5763996,10.0,10.0
CN(C)C(=O)[C@]12C[C@H]1[C@@](C)(c1cc(/C=C(\F)C#Cc3ccccc3)ccc1F)N=C(N)S2,CHEMBL5826151,5.0,5.0
CN(C)C(=O)[C@]12C[C@H]1[C@@](C)(c1cc(/C=C\F)ccc1F)N=C(N)S2,CHEMBL5758381,309.0,309.0
CC#C/C(F)=C/c1ccc(F)c([C@@]2(C)N=C(N)S[C@@]3(C(=O)N(C)C)C[C@H]32)c1,CHEMBL5929879,94.0,94.0
COCCOc1cnc(/C(F)=C/c2ccc(F)c([C@@]3(C)N=C(N)S[C@@]4(C(=O)N(C)C)C[C@H]43)c2)cn1,CHEMBL5985225,11.0,11.0
CN(C)C(=O)[C@]12C[C@H]1[C@@](C)(c1cc(/C=C(\F)c3cnc(OCC4CC4)cn3)ccc1F)N=C(N)S2,CHEMBL5788345,22.0,22.0
CN(C)C(=O)[C@]12C[C@H]1[C@@](C)(c1cc(/C=C(\F)c3cnc(OCC4COC4)cn3)ccc1F)N=C(N)S2,CHEMBL5910755,76.0,76.0
CN(C)C(=O)[C@]12C[C@H]1[C@@](C)(c1cc(/C=C(\F)c3cnc(OCC(F)F)cn3)ccc1F)N=C(N)S2,CHEMBL5919055,21.0,21.0
COC[C@H](C)Oc1cnc(/C(F)=C/c2ccc(F)c([C@@]3(C)N=C(N)S[C@@]4(C(=O)N(C)C)C[C@H]43)c2)cn1,CHEMBL5979845,14.0,14.0
CN(C)C(=O)[C@]12C[C@H]1[C@@](C)(c1cc(/C=C(\F)c3cnc(OCC4CC4(F)F)cn3)ccc1F)N=C(N)S2,CHEMBL5900221,37.0,37.0
Cc1nnc(COc2cnc(/C(F)=C/c3ccc(F)c([C@@]4(C)N=C(N)S[C@@]5(C(=O)N(C)C)C[C@H]54)c3)cn2)o1,CHEMBL5874840,7.0,7.0
Cc1noc(COc2cnc(/C(F)=C/c3ccc(F)c([C@@]4(C)N=C(N)S[C@@]5(C(=O)N(C)C)C[C@H]54)c3)cn2)n1,CHEMBL5874332,2.0,2.0
Cc1cc(COc2cnc(/C(F)=C/c3ccc(F)c([C@@]4(C)N=C(N)S[C@@]5(C(=O)N(C)C)C[C@H]54)c3)cn2)on1,CHEMBL6008078,10.0,10.0
CN(C)C(=O)[C@]12C[C@H]1[C@@](C)(c1cc(/C=C(\F)c3ncc(C#N)s3)ccc1F)N=C(N)S2,CHEMBL5762814,4.0,4.0
CN(C)C(=O)[C@]12C[C@H]1[C@@](C)(c1cc(/C=C(\F)c3ccc(C#N)s3)ccc1F)N=C(N)S2,CHEMBL5792168,11.0,11.0
CNC(=O)[C@]12C[C@H]1[C@@](C)(c1cc(/C=C(\F)c3cnc(C#N)cn3)ccc1F)N=C(N)S2,CHEMBL5968061,1.8,1.8
CNC(=O)[C@]12C[C@H]1[C@@](C)(c1cc(/C=C(\F)c3ccc(C(F)(F)F)cn3)ccc1F)N=C(N)S2,CHEMBL5963655,15.0,15.0
CNC(=O)[C@]12C[C@H]1[C@@](C)(c1cc(/C=C(\F)c3ncc(C#N)cc3C)ccc1F)N=C(N)S2,CHEMBL6050497,27.0,27.0
CNC(=O)[C@]12C[C@H]1[C@@](C)(c1cc(/C=C(\F)c3cnc(OCc4cnco4)cn3)ccc1F)N=C(N)S2,CHEMBL6060626,126.0,126.0
C#CCOc1cnc(/C(F)=C/c2ccc(F)c([C@@]3(C)N=C(N)S[C@@]4(S(C)(=O)=O)C[C@H]43)c2)cn1,CHEMBL5973253,0.6,0.6
Cc1nnc(COc2cnc(/C(F)=C/c3ccc(F)c([C@@]4(C)N=C(N)S[C@@]5(S(C)(=O)=O)C[C@H]54)c3)cn2)o1,CHEMBL6032934,24.6,24.6
C[C@]1(c2cc(/C=C(\F)c3cnc(OCC(F)(F)F)cn3)ccc2F)N=C(N)S[C@@]2(S(C)(=O)=O)C[C@H]21,CHEMBL6037505,14.7,14.7
C[C@]1(c2cc(/C=C(\F)c3cnc(Cl)cn3)ccc2F)N=C(N)S[C@@]2(S(C)(=O)=O)C[C@H]21,CHEMBL5850522,5.7,5.7
CC#CCOc1cnc(/C(F)=C/c2ccc(F)c([C@@]3(C)N=C(N)S[C@@]4(S(C)(=O)=O)C[C@H]43)c2)cn1,CHEMBL6043173,0.2,0.2
C#C[C@H](C)Oc1cnc(/C(F)=C/c2ccc(F)c([C@@]3(C)N=C(N)S[C@@]4(S(C)(=O)=O)C[C@H]43)c2)cn1,CHEMBL5806956,1.0,1.0
C#CCOc1cnc(/C(F)=C/c2ccc(F)c([C@@]3(C)N=C(N)S[C@@]4(C(C)=O)C[C@H]43)c2)cn1,CHEMBL5855454,5.9,5.9
CC#CCOc1cnc(/C(F)=C/c2ccc(F)c([C@@]3(C)N=C(N)S[C@@]4(C(C)=O)C[C@H]43)c2)cn1,CHEMBL5980323,2.2,2.2
CC(=O)[C@]12C[C@H]1[C@@](C)(c1cc(/C=C(\F)c3cnc(OCC(F)(F)F)cn3)ccc1F)N=C(N)S2,CHEMBL5993841,118.0,118.0
C#C[C@H](C)Oc1cnc(/C(F)=C/c2ccc(F)c([C@@]3(C)N=C(N)S[C@@]4(C(C)=O)C[C@H]43)c2)cn1,CHEMBL5952088,3.2,3.2
C#CCOc1cnc(/C(F)=C/c2ccc(F)c([C@@]3(C)N=C(N)S[C@@]4(C(N)=O)C[C@H]43)c2)cn1,CHEMBL5744105,1.3,1.3
C#CCOc1cnc(/C(F)=C/c2ccc(F)c([C@@]3(C)N=C(N)S[C@@]4(C#N)C[C@H]43)c2)cn1,CHEMBL5788834,1.2,1.2
CC#CCOc1cnc(/C(F)=C/c2ccc(F)c([C@@]3(C)N=C(N)S[C@@]4(C(N)=O)C[C@H]43)c2)cn1,CHEMBL5974574,0.4,0.4
C[C@]1(c2cc(/C=C(\F)c3ccc(Cl)cn3)ccc2F)N=C(N)S[C@@]2(C(N)=O)C[C@H]21,CHEMBL5753112,16.4,16.4
C[C@]1(c2cc(/C=C(\F)c3ccc(C#N)cn3)ccc2F)N=C(N)S[C@@]2(C(N)=O)C[C@H]21,CHEMBL6020721,3.0,3.0
CC#CCOc1cnc(/C(F)=C/c2ccc(F)c([C@@]3(C)N=C(N)S[C@@]4(C#N)C[C@H]43)c2)cn1,CHEMBL6056871,0.4,0.4
C[C@]1(c2cc(/C=C(\F)c3ccc(C#N)cn3)ccc2F)N=C(N)S[C@@]2(C#N)C[C@H]21,CHEMBL5878063,5.0,5.0
CN(C)C(=O)[C@]12C[C@H]1[C@@](C)(c1cc(/C=C(\F)c3cn4cc(C#N)ccc4n3)ccc1F)N=C(N)S2,CHEMBL5901978,171.0,171.0
CN(C)C(=O)[C@]12C[C@H]1[C@@](C)(c1cc(/C=C(\F)c3cc4nccnc4cn3)ccc1F)N=C(N)S2,CHEMBL5912989,293.0,293.0
COC(=O)[C@]12C[C@H]1[C@@](C)(c1cc(/C=C(\F)c3ccc(Cl)cn3)cc(F)c1F)N=C(N)S2,CHEMBL5842402,62.5,62.5
CNC(=O)[C@]12C[C@H]1[C@@](C)(c1cc(/C=C(\F)c3cc4c(cn3)OCCO4)ccc1F)N=C(N)S2,CHEMBL5957753,293.0,293.0
CN(C)C(=O)[C@]12C[C@H]1[C@@](C)(c1cc(/C=C(\F)c3ncc4c(n3)OCCO4)ccc1F)N=C(N)S2,CHEMBL5853121,29.0,29.0
COc1ccc(CNC2=N[C@](C)(c3cc(/C=C(\F)c4ccc(C#N)cn4)ccc3F)[C@@H]3C(F)(F)[C@]3(CO)S2)cc1,CHEMBL5995068,12.0,12.0
C[C@]1(c2cc(/C=C(\F)c3cnc(Cl)cn3)ccc2F)N=C(N)S[C@]2(CO)[C@H]1C2(F)F,CHEMBL5966487,50.9,50.9
C#CCOc1cnc(/C(F)=C/c2ccc(F)c([C@@]3(C)N=C(N)S[C@]4(CO)[C@H]3C4(F)F)c2)cn1,CHEMBL5817161,5.4,5.4
C[C@]1(c2cc(/C=C(\F)c3cnc(C#N)cn3)ccc2F)N=C(N)S[C@]2(CO)[C@H]1C2(F)F,CHEMBL6055522,7.5,7.5
C[C@]1(c2cc(/C=C(\F)c3ccc(Cl)cn3)ccc2F)N=C(N)S[C@]2(CO)[C@H]1C2(F)F,CHEMBL5794780,47.7,47.7
COC(=O)[C@@]12SC(N)=N[C@](C)(c3cc(/C=C(\F)c4ccc(C#N)cn4)ccc3F)[C@@H]1C2(F)F,CHEMBL5905933,28.5,28.5
CC(C)(O)[C@@]12SC(N)=N[C@](C)(c3cc(/C=C(\F)c4ccc(C#N)cn4)ccc3F)[C@@H]1C2(F)F,CHEMBL6051492,17.2,17.2
COC[C@@]12SC(N)=N[C@](C)(c3cc(/C=C(\F)c4ccc(C#N)cn4)ccc3F)[C@@H]1C2(F)F,CHEMBL5814834,11.9,11.9
C[C@]1(c2cc(/C=C(\F)c3ccc(C#N)cn3)cnc2F)N=C(N)S[C@@]2(C(=O)N3CCC(F)(F)C3)C[C@H]21,CHEMBL5998924,9.5,9.5
C[C@]1(c2cc(/C=C(\F)c3ccc(C#N)cn3)cnc2F)N=C(N)S[C@@]2(C(=O)N3CCC(F)(F)CC3)C[C@H]21,CHEMBL5984885,28.9,28.9
COC[C@]12C[C@H]1[C@@](C)(c1cc(/C=C(\F)c3cnc(Cl)cn3)ccc1F)N=C(N)S2,CHEMBL6023837,24.8,24.8
C#CCOc1cnc(/C(F)=C/c2ccc(F)c([C@@]3(C)N=C(N)S[C@@]4(COC)C[C@H]43)c2)cn1,CHEMBL5824031,11.4,11.4
CC#CCOc1cnc(/C(F)=C/c2ccc(F)c([C@@]3(C)N=C(N)S[C@@]4(COC)C[C@H]43)c2)cn1,CHEMBL5826779,17.9,17.9
C#C[C@H](C)Oc1cnc(/C(F)=C/c2ccc(F)c([C@@]3(C)N=C(N)S[C@@]4(COC)C[C@H]43)c2)cn1,CHEMBL5972003,3.0,3.0
COC[C@]12C[C@H]1[C@@](C)(c1cc(/C=C(\F)c3cnc(OC[C@H](C)OC)cn3)ccc1F)N=C(N)S2,CHEMBL5992578,503.0,503.0
COC[C@]12C[C@H]1[C@@](C)(c1cc(/C=C(\F)c3cnc(OCC(F)F)cn3)ccc1F)N=C(N)S2,CHEMBL5861715,590.0,590.0
COC[C@]12C[C@H]1[C@@](C)(c1cc(/C=C(\F)c3cnc(OCC(F)(F)F)cn3)ccc1F)N=C(N)S2,CHEMBL5924394,112.0,112.0
COC[C@]12C[C@H]1[C@@](C)(c1cc(/C=C(\F)c3cnc(OCCC(F)(F)F)cn3)ccc1F)N=C(N)S2,CHEMBL5925911,2585.0,2585.0
COC[C@]12C[C@H]1[C@@](C)(c1cc(/C=C(\F)c3cnc(OCCF)cn3)ccc1F)N=C(N)S2,CHEMBL5798882,839.0,839.0
COC[C@]12C[C@H]1[C@@](C)(c1cc(/C=C(\F)c3cnc(OCC4CC4)cn3)ccc1F)N=C(N)S2,CHEMBL5932570,660.0,660.0
COC[C@]12C[C@H]1[C@@](C)(c1cc(/C=C(\F)c3cnc(OCC4CCC4)cn3)ccc1F)N=C(N)S2,CHEMBL5885749,716.0,716.0
COC[C@]12C[C@H]1[C@@](C)(c1cc(/C=C(\F)c3cnc(OCC4COC4)cn3)ccc1F)N=C(N)S2,CHEMBL5908701,3045.0,3045.0
COC[C@]12C[C@H]1[C@@](C)(c1cc(/C=C(\F)c3cnc(OCC4CCO4)cn3)ccc1F)N=C(N)S2,CHEMBL5750829,1310.0,1310.0
COC[C@]12C[C@H]1[C@@](C)(c1cc(/C=C(\F)c3cnc(OCC(C)C)cn3)ccc1F)N=C(N)S2,CHEMBL6050818,1900.0,1900.0
COC[C@]12C[C@H]1[C@@](C)(c1cc(/C=C(\F)c3cnc(OCc4cc(C)on4)cn3)ccc1F)N=C(N)S2,CHEMBL5968584,248.0,248.0
COC[C@]12C[C@H]1[C@@](C)(c1cc(/C=C(\F)c3cnc(OCc4cc(C)no4)cn3)ccc1F)N=C(N)S2,CHEMBL5840344,825.0,825.0
COC[C@]12C[C@H]1[C@@](C)(c1cc(/C=C(\F)c3cnc(OC(C)C(F)(F)F)cn3)ccc1F)N=C(N)S2,CHEMBL6032650,3505.0,3505.0
COC[C@]12C[C@H]1[C@@](C)(c1cc(/C=C(\F)c3cnc(OCC4CC(F)(F)C4)cn3)ccc1F)N=C(N)S2,CHEMBL5898968,2280.0,2280.0
C#CCOc1cnc(/C(F)=C/c2ccc(F)c([C@@]3(C)N=C(N)S[C@@]4(C(=O)N5[C@H]6COC[C@@H]5COC6)C[C@H]43)c2)cn1,CHEMBL5741957,1.2,1.2
C#CCOc1cnc(/C(F)=C/c2cnc(F)c([C@@]3(C)N=C(N)S[C@@]4(C(=O)N5CC[C@H](F)C5)C[C@H]43)c2)cn1,CHEMBL5833469,1.3,1.3
C[C@]1(c2cc(/C=C(\F)c3ccc(C#N)cn3)cnc2F)N=C(N)S[C@@]2(C(=O)NCC(F)F)C[C@H]21,CHEMBL6010071,21.4,21.4
CN(C)C(=O)[C@]12C[C@H]1[C@@](C)(c1cc(/C=C(\F)c3cnc(OCC(F)(F)F)cn3)cnc1F)N=C(N)S2,CHEMBL5969023,44.1,44.1
C#CCOc1cnc(/C(F)=C/c2cnc(F)c([C@@]3(C)N=C(N)S[C@@]4(C(=O)N5CCOC[C@H]5C)C[C@H]43)c2)cn1,CHEMBL5760038,1.7,1.7
C#CCOc1cnc(/C(F)=C/c2cnc(F)c([C@@]3(C)N=C(N)S[C@@]4(C(=O)N5[C@H]6COC[C@@H]5COC6)C[C@H]43)c2)cn1,CHEMBL5741865,3.9,3.9
C#CCOc1cnc(/C(F)=C/c2cnc(F)c([C@@]3(C)N=C(N)S[C@@]4(C(=O)O)C[C@H]43)c2)cn1,CHEMBL5907456,69.5,69.5
COC[C@]12C[C@H]1[C@@](C)(c1cc(/C=C(\F)c3ccc(Cl)cn3)ccc1F)N=C(N)S2,CHEMBL5744251,71.2,71.2
C#CCOc1cnc(/C(F)=C/c2cnc(F)c([C@@]3(C)N=C(N)S[C@@]4(C(=O)N(C)C)C[C@H]43)c2)cn1,CHEMBL5779650,1.9,1.9
CC(=O)COc1cnc(/C(F)=C/c2cnc(F)c([C@@]3(C)N=C(N)S[C@@]4(C(=O)N(C)C)C[C@H]43)c2)cn1,CHEMBL5872022,365.0,365.0
CC#CCOc1cnc(/C(F)=C/c2cnc(F)c([C@@]3(C)N=C(N)S[C@@]4(C(=O)N(C)C)C[C@H]43)c2)cn1,CHEMBL6000080,0.8,0.8
C[C@@H]1COCCN1C(=O)[C@]12C[C@H]1[C@@](C)(c1cc(/C=C(\F)c3ccc(C#N)cn3)cnc1F)N=C(N)S2,CHEMBL5911640,15.8,15.8
CN(C)C(=O)[C@]12C[C@H]1[C@@](C)(c1cc(/C=C(\F)c3cnc(OCC(F)(F)C(F)F)cn3)cnc1F)N=C(N)S2,CHEMBL5981234,40.6,40.6
C#CCOc1cnc(/C(F)=C/c2ccc(F)c([C@@]3(C)N=C(N)S[C@@]4(C(=O)N5CCOCC5)C[C@H]43)c2)cn1,CHEMBL5894449,0.4,0.4
C#CCOc1cnc(/C(F)=C/c2cnc(F)c([C@@]3(C)N=C(N)S[C@@]4(C(=O)OC)C[C@H]43)c2)cn1,CHEMBL6010658,8.9,8.9
C#CCOc1cnc(/C(F)=C/c2cnc(F)c([C@@]3(C)N=C(N)S[C@@]4(C(=O)N5CC[C@@H](F)C5)C[C@H]43)c2)cn1,CHEMBL6029934,0.8,0.8
CN(C)C(=O)[C@]12C[C@H]1[C@@](C)(c1cc(/C=C(\F)c3cnc(C#N)cn3)cnc1F)N=C(N)S2,CHEMBL5810676,11.9,11.9
C#CCOc1cnc(/C(F)=C/c2ccc(F)c([C@@]3(C)N=C(N)S[C@@]4(C(=O)N5CC[C@@H](F)C5)C[C@H]43)c2)cn1,CHEMBL6054668,0.9,0.9
C[C@]1(c2cc(/C=C(\F)c3ccc(C#N)cn3)cnc2F)N=C(N)S[C@@]2(C(=O)N3[C@H]4COC[C@@H]3COC4)C[C@H]21,CHEMBL5975476,12.0,12.0
COC[C@]12C[C@H]1[C@@](C)(c1cc(/C=C(\F)c3cnc(C#N)cn3)ccc1F)N=C(N)S2,CHEMBL5853691,7.3,7.3
C#CCOc1cnc(/C(F)=C/c2cnc(F)c([C@@]3(C)N=C(N)S[C@@]4(C(=O)NCC(F)F)C[C@H]43)c2)cn1,CHEMBL5786797,2.5,2.5
C#CCOc1cnc(/C(F)=C/c2cnc(F)c([C@@]3(C)N=C(N)S[C@@]4(C(=O)N5CCOCC5)C[C@H]43)c2)cn1,CHEMBL5777313,1.8,1.8
C#CCOc1cnc(/C(F)=C/c2ccc(F)c([C@@]3(C)N=C(N)S[C@@]4(C(=O)NCC(F)F)C[C@H]43)c2)cn1,CHEMBL5875671,1.9,1.9
C#CCOc1cnc(/C(F)=C/c2ccc(F)c([C@@]3(C)N=C(N)S[C@@]4(C(=O)N5CC[C@H](F)C5)C[C@H]43)c2)cn1,CHEMBL6009172,0.4,0.4
C#CCOc1cnc(/C(F)=C/c2ccc(F)c([C@@]3(C)N=C(N)S[C@@]4(C(=O)N5CCOC[C@H]5C)C[C@H]43)c2)cn1,CHEMBL5747192,0.6,0.6
COC[C@]12C[C@H]1[C@@](C)(c1cc(/C=C(\F)c3cc4c(cn3)OCCO4)ccc1F)N=C(N)S2,CHEMBL5881535,1755.0,1755.0
C[C@H]1[C@@H](F)CCN1C(=O)[C@]12C[C@H]1[C@@](C)(c1cc(/C=C(\F)c3ccc(C#N)cn3)ccc1F)N=C(N)S2,CHEMBL5740896,2.0,2.0
C[C@@H]1[C@H](F)CCN1C(=O)[C@]12C[C@H]1[C@@](C)(c1cc(/C=C(\F)c3ccc(C#N)cn3)ccc1F)N=C(N)S2,CHEMBL5790808,2.0,2.0
C[C@]1(c2cc(/C=C(\F)c3ccc(C#N)cn3)ccc2F)N=C(N)S[C@@]2(C(=O)N3CCOC4(COC4)C3)C[C@H]21,CHEMBL6021750,2.1,2.1
C[C@]1(O)CCN(C(=O)[C@]23C[C@H]2[C@@](C)(c2cc(/C=C(\F)c4ccc(C#N)cn4)ccc2F)N=C(N)S3)C1,CHEMBL5913417,0.6,0.6
C[C@]1(c2cc(/C=C(\F)c3ccc(C#N)cn3)ccc2F)N=C(N)S[C@@]2(C(=O)N3CCO[C@H]4C[C@H]43)C[C@H]21,CHEMBL6042818,1.8,1.8
C[C@@H]1COC[C@H](C)N1C(=O)[C@]12C[C@H]1[C@@](C)(c1cc(/C=C(\F)c3ccc(C#N)cn3)ccc1F)N=C(N)S2,CHEMBL5980224,1.9,1.9
C[C@@H]1COC[C@@H](C)N1C(=O)[C@]12C[C@H]1[C@@](C)(c1cc(/C=C(\F)c3ccc(C#N)cn3)ccc1F)N=C(N)S2,CHEMBL5785557,4.7,4.7
C[C@]1(c2cc(/C=C(\F)c3ccc(C#N)cn3)ccc2F)N=C(N)S[C@@]2(C(=O)N3C4CCC3COC4)C[C@H]21,CHEMBL5909890,1.6,1.6
CC(C)[C@H]1CN(C(=O)[C@]23C[C@H]2[C@@](C)(c2cc(/C=C(\F)c4ccc(C#N)cn4)ccc2F)N=C(N)S3)CCO1,CHEMBL5744675,3.0,3.0
CC(C)[C@@H]1CN(C(=O)[C@]23C[C@H]2[C@@](C)(c2cc(/C=C(\F)c4ccc(C#N)cn4)ccc2F)N=C(N)S3)CCO1,CHEMBL6041129,1.8,1.8
C[C@]1(c2cc(/C=C(\F)c3ccc(C#N)cn3)ccc2F)N=C(N)S[C@@]2(C(=O)N3CCOC4(CC4)C3)C[C@H]21,CHEMBL5778771,2.9,2.9
C[C@]1(c2cc(/C=C(\F)c3ccc(C#N)cn3)ccc2F)N=C(N)S[C@@]2(C(=O)N3CC4(CCOCC4)C3)C[C@H]21,CHEMBL5778794,2.5,2.5
C[C@H]1CN(C(=O)[C@]23C[C@H]2[C@@](C)(c2cc(/C=C(\F)c4ccc(C#N)cn4)ccc2F)N=C(N)S3)CCO1,CHEMBL5758413,3.5,3.5
CC(C)[C@@H]1COCCN1C(=O)[C@]12C[C@H]1[C@@](C)(c1cc(/C=C(\F)c3ccc(C#N)cn3)ccc1F)N=C(N)S2,CHEMBL5999961,2.1,2.1
C[C@H]1CN(C(=O)[C@]23C[C@H]2[C@@](C)(c2cc(/C=C(\F)c4ccc(C#N)cn4)ccc2F)N=C(N)S3)C[C@H](C)O1,CHEMBL5933021,3.1,3.1
C[C@]1(c2cc(/C=C(\F)c3ccc(C#N)cn3)ccc2F)N=C(N)S[C@@]2(C(=O)N3CCCC(F)(F)C3)C[C@H]21,CHEMBL5762374,1.1,1.1
C[C@]1(c2cc(/C=C(\F)c3ccc(C#N)cn3)ccc2F)N=C(N)S[C@@]2(C(=O)N3CCC(F)(F)CC3)C[C@H]21,CHEMBL5972270,1.9,1.9
C[C@]1(c2cc(/C=C(\F)c3ccc(C#N)cn3)ccc2F)N=C(N)S[C@@]2(C(=O)N3CCC(F)CC3)C[C@H]21,CHEMBL5923488,1.6,1.6
C[C@]1(c2cc(/C=C(\F)c3ccc(C#N)cn3)ccc2F)N=C(N)S[C@@]2(C(=O)N3CCC4(CCO4)C3)C[C@H]21,CHEMBL5803071,0.8,0.8
COC[C@H]1COCCN1C(=O)[C@]12C[C@H]1[C@@](C)(c1cc(/C=C(\F)c3ccc(C#N)cn3)ccc1F)N=C(N)S2,CHEMBL5873215,2.3,2.3
C[C@H]1CN(C(=O)[C@]23C[C@H]2[C@@](C)(c2cc(/C=C(\F)c4ccc(C#N)cn4)ccc2F)N=C(N)S3)[C@@H](C)CO1,CHEMBL6043171,4.5,4.5
C[C@@H]1CN(C(=O)[C@]23C[C@H]2[C@@](C)(c2cc(/C=C(\F)c4ccc(C#N)cn4)ccc2F)N=C(N)S3)[C@H](C)CO1,CHEMBL5853030,8.6,8.6
C[C@]1(c2cc(/C=C(\F)c3ccc(C#N)cn3)ccc2F)N=C(N)S[C@@]2(C(=O)N3CCOCC34CCC4)C[C@H]21,CHEMBL5818266,1.3,1.3
CC1(C)COCCN1C(=O)[C@]12C[C@H]1[C@@](C)(c1cc(/C=C(\F)c3ccc(C#N)cn3)ccc1F)N=C(N)S2,CHEMBL5898060,2.3,2.3
C[C@]1(c2cc(/C=C(\F)c3ccc(C#N)cn3)ccc2F)N=C(N)S[C@@]2(C(=O)N3CC[C@@H](O)C3)C[C@H]21,CHEMBL5885986,0.8,0.8
CC[C@H]1COCCN1C(=O)[C@]12C[C@H]1[C@@](C)(c1cc(/C=C(\F)c3ccc(C#N)cn3)ccc1F)N=C(N)S2,CHEMBL6037454,6.4,6.4
C[C@H]1[C@H](O)CCN1C(=O)[C@]12C[C@H]1[C@@](C)(c1cc(/C=C(\F)c3ccc(C#N)cn3)ccc1F)N=C(N)S2,CHEMBL5841370,1.3,1.3
C[C@]1(c2cc(/C=C(\F)c3ccc(C#N)cn3)ccc2F)N=C(N)S[C@@]2(C(=O)N3CCCC3c3ccccc3)C[C@H]21,CHEMBL5799326,4.4,4.4
C[C@]1(c2cc(/C=C(\F)c3ccc(Br)cn3)ccc2F)N=C(N)S[C@@]2(C(=O)N3CCOCC3)C[C@H]21,CHEMBL5809970,1.1,1.1
C[C@]1(c2cc(/C=C(\F)c3ccccn3)ccc2F)N=C(N)S[C@@]2(C(=O)N3CCOCC3)C[C@H]21,CHEMBL5784142,220.0,220.0
C[C@]1(c2cc(/C=C(\F)c3ccc(C4COC4)cn3)ccc2F)N=C(N)S[C@@]2(C(=O)N3CCOCC3)C[C@H]21,CHEMBL5837826,545.0,545.0
COC(CNC(=O)[C@]12C[C@H]1[C@@](C)(c1cc(/C=C(\F)c3ccc(C#N)cn3)ccc1F)N=C(N)S2)OC,CHEMBL6028245,3.0,3.0
CC1COC([C@]23C[C@H]2[C@@](C)(c2cc(/C=C(\F)c4ccc(C#N)cn4)ccc2F)N=C(NC(=O)OC(C)(C)C)S3)=N1,CHEMBL5807333,122.0,122.0
C[C@@H]1CN=C([C@]23C[C@H]2[C@@](C)(c2cc(/C=C(\F)c4ccc(C#N)cn4)ccc2F)N=C(N)S3)O1,CHEMBL5775734,82.6,82.6
Cc1cnc([C@]23C[C@H]2[C@@](C)(c2cc(/C=C(\F)c4ccc(C#N)cn4)ccc2F)N=C(N)S3)o1,CHEMBL5798935,3.3,3.3
C#CCOc1cnc(/C(F)=C/c2ccc(F)c([C@@]3(C)N=C(N)S[C@@]4(c5ncc(C)o5)C[C@@H]34)c2)cn1,CHEMBL6030687,6.3,6.3
C[C@]1(c2cc(/C=C(\F)c3cnc(N4CCOC4=O)cn3)ccc2F)N=C(N)S[C@@]2(C(=O)N3CCOCC3)C[C@H]21,CHEMBL5833942,1400.0,1400.0
C[C@]1(c2cc(/C=C(/F)c3ccc(C#N)cn3)ccc2F)N=C(N)S[C@@]2(C(=O)N3CCOCC3)C[C@H]21,CHEMBL5900556,6.0,6.0
C#Cc1ccc(/C(F)=C/c2ccc(F)c([C@@]3(C)N=C(N)S[C@@]4(C(=O)N5CCOCC5)C[C@H]43)c2)nc1,CHEMBL5819769,7.0,7.0
C[C@]1(c2cc(/C=C(\F)c3cnc(C#C[Si](C)(C)C)cn3)ccc2F)N=C(N)S[C@@]2(C(=O)N3CCOCC3)C[C@H]21,CHEMBL5851665,3.0,3.0
C#Cc1cnc(/C(F)=C/c2ccc(F)c([C@@]3(C)N=C(N)S[C@@]4(C(=O)N5CCOCC5)C[C@H]43)c2)cn1,CHEMBL5886324,4.0,4.0
C[C@]1(c2cc(/C=C(\F)c3cnc(N4CCC4)cn3)ccc2F)N=C(N)S[C@@]2(C(=O)N3CCOCC3)C[C@H]21,CHEMBL5743933,306.0,306.0
CNC(=O)[C@]12C[C@H]1[C@@](C)(c1cc(/C=C(\F)c3cnc(Cl)cn3)ccc1F)N=C(N)S2,CHEMBL5937419,7.0,7.0
C[C@]1(c2cc(/C=C(\F)c3ccc(C#C[Si](C)(C)C)cn3)ccc2F)N=C(N)S[C@@]2(C(=O)N3CCOCC3)C[C@H]21,CHEMBL5839385,13.0,13.0
C[C@]1(c2cc(/C=C(\F)c3cnc(C#CC4CC4)cn3)ccc2F)N=C(N)S[C@@]2(C(=O)N3CCOCC3)C[C@H]21,CHEMBL5809694,2.0,2.0
CNC(=O)[C@]12C[C@H]1[C@@](C)(c1cc(/C=C(\F)c3ccc(Br)cn3)ccc1F)N=C(N)S2,CHEMBL5810423,10.0,10.0
CNC(=O)[C@]12C[C@H]1[C@@](C)(c1cc(/C=C(/F)c3ccc(Br)cn3)ccc1F)N=C(N)S2,CHEMBL5956625,23.0,23.0
C[C@]1(c2cc(/C=C(\F)c3ccc(C#CC4CC4)cn3)ccc2F)N=C(N)S[C@@]2(C(=O)N3CCOCC3)C[C@H]21,CHEMBL5851420,15.0,15.0
CNC(=O)[C@]12C[C@H]1[C@@](C)(c1cc(/C=C(\F)c3ccc(C#CC4CC4)cn3)ccc1F)N=C(N)S2,CHEMBL5915754,18.0,18.0
CNC(=O)[C@]12C[C@H]1[C@@](C)(c1cc(/C=C(\F)c3ccc(C#CC(C)(C)C)cn3)ccc1F)N=C(N)S2,CHEMBL5814436,233.0,233.0
CNC(=O)[C@]12C[C@H]1[C@@](C)(c1cc(/C=C(\F)c3ccc(C#CC4(C)COC4)cn3)ccc1F)N=C(N)S2,CHEMBL5853129,150.0,150.0
CCCC#Cc1ccc(/C(F)=C/c2ccc(F)c([C@@]3(C)N=C(N)S[C@@]4(C(=O)NC)C[C@H]43)c2)nc1,CHEMBL6019250,58.0,58.0
CNC(=O)[C@@]12C[C@@H]1[C@](C)(c1cc(/C=C(\F)c3ncc(C#CCO)cn3)ccc1F)N=C(N)S2,CHEMBL6050928,4.0,4.0
CNC(=O)[C@]12C[C@H]1[C@@](C)(c1cc(/C=C(\F)c3cnc(C#CCF)cn3)ccc1F)N=C(N)S2,CHEMBL5986531,10.0,10.0
CNC(=O)[C@]12C[C@H]1[C@@](C)(c1cc(/C=C(\F)c3ccc(OC(F)(F)F)cn3)ccc1F)N=C(N)S2,CHEMBL5992796,8.0,8.0
CC#Cc1cncc(-c2ccc3c(c2)C2(N=C(C)C(N)=N2)[C@]2(CC[C@@H](OC)CC2)C3)c1,CHEMBL5813046,0.57,0.57
CO[C@H]1CC[C@@]2(CC1)Cc1ccc(C#CC(C)(C)C)cc1C21N=C(C)C(N)=N1,CHEMBL5849519,21.0,21.0
CO[C@H]1CC[C@@]2(CC1)Cc1ccc(C#CC3CC3)cc1C21N=C(C)C(N)=N1,CHEMBL6064521,2.2,2.2
CO[C@H]1CC[C@@]2(CC1)Cc1ccc(OCC(C)C)cc1C21N=C(C)C(N)=N1,CHEMBL5791470,8360.0,8360.0
CC1=N[C@]2(C[C@@]3(CCCOC3)Oc3ccc(-c4cccc(Cl)c4)cc32)N=C1N,CHEMBL6049013,124.0,124.0
CC1=N[C@@]2(C[C@]3(CCCOC3)Oc3ccc(-c4cccc(Cl)c4)cc32)N=C1N,CHEMBL5887056,91.0,91.0
CC1=N[C@]2(C[C@@]3(CCCOC3)Oc3ccc(-c4ccc(F)c(Cl)c4)cc32)N=C1N,CHEMBL5823983,180.0,180.0
CC1=N[C@@]2(C[C@]3(CCCOC3)Oc3ccc(-c4ccc(F)c(Cl)c4)cc32)N=C1N,CHEMBL5964410,147.0,147.0
CC1=N[C@]2(C[C@@H]([C@H]3CCCOC3)Oc3ccc(Br)cc32)N=C1N,CHEMBL6038361,1030.0,1030.0
CC1=N[C@]2(C[C@H]([C@H]3CCCOC3)Oc3ccc(Br)cc32)N=C1N,CHEMBL5789200,65300.0,65300.0
CC1=N[C@@]2(C[C@@H]([C@@H]3CCCOC3)Oc3ccc(Br)cc32)N=C1N,CHEMBL5976062,19800.0,19800.0
CC1=N[C@]2(C[C@@H]([C@@H]3CCCOC3)Oc3ccc(Br)cc32)N=C1N,CHEMBL5956155,1380.0,1380.0
CC1=N[C@]2(C[C@H]([C@@H]3CCCOC3)Oc3ccc(Br)cc32)N=C1N,CHEMBL5843313,8100.0,8100.0
CC1=N[C@@]2(C[C@@H]([C@@H]3CCCOC3)Oc3ccc(-c4cccc(Cl)c4)cc32)N=C1N,CHEMBL5773881,35700.0,35700.0
CC1=N[C@@]2(C[C@@H]([C@H]3CCCOC3)Oc3ccc(-c4cccc(Cl)c4)cc32)N=C1N,CHEMBL3924861,2570.0,2570.0
CC1=N[C@@]2(C[C@H]([C@@H]3CCCOC3)Oc3ccc(-c4cccc(Cl)c4)cc32)N=C1N,CHEMBL5993140,10.0,10.0
CC1=N[C@@]2(C[C@H]([C@H]3CCCOC3)Oc3ccc(-c4cccc(Cl)c4)cc32)N=C1N,CHEMBL3915868,14.0,14.0
CC1=N[C@]2(CC([C@@H]3CCOC(C)(C)C3)Oc3ccc(-c4cccc(Cl)c4)cc32)N=C1N,CHEMBL5897590,100.0,100.0
CC#Cc1cncc(-c2ccc3c(c2)[C@]2(N=C(C)C(N)=N2)C2(CCC2)C3)c1,CHEMBL5780361,19.0,19.0
CC#Cc1cncc(-c2ccc3c(c2)[C@@]2(N=C(C)C(N)=N2)C2(CCC2)C3)c1,CHEMBL5853871,27600.0,27600.0
CC1=NC2(N=C1N)c1cc(-c3cc(F)cc(C#N)c3)ccc1C[C@]21CC[C@@H](OC(F)F)CC1,CHEMBL5896685,22.0,22.0
COc1cc(C#N)cc(-c2ccc3c(c2)C2(N=C(C)C(N)=N2)[C@]2(CC[C@H](OC(F)F)CC2)C3)c1,CHEMBL5758008,1.0,1.0
CC1=N[C@@]2(CC([C@H]3CCOC(C)(C)C3)Oc3ccc(-c4cccc(Cl)c4)cc32)N=C1N,CHEMBL5753347,5.0,5.0
CC[C@@H]1C[C@]2(CC[C@H]1OC)Cc1ccc(C#N)cc1[C@]21N=C(N)N(CC2(F)CCCCC2)C1=O,CHEMBL6028014,5.0,5.0
CC[C@H]1C[C@@]2(CC[C@@H]1OC)Cc1ccc(C#N)cc1[C@]21NC(=S)N(C[C@H]2CCCO2)C1=O,CHEMBL5944430,8.0,8.0
CNC1=NC(c2ccccc2C)NC(=O)N1,CHEMBL5971041,50310.0,50310.0
CCCNC1=NC(c2ccc(F)cc2)NC(=O)N1,CHEMBL5897007,36830.0,36830.0
N#Cc1ccc(C(=O)Nc2cccc([C@]34CN(c5ncc(F)cn5)C[C@H]3CSC(N)=N4)c2)nc1,CHEMBL5999560,0.45,0.45
N#Cc1ccc(C(=O)Nc2ccc(F)c([C@]34CN(c5ncc(F)cn5)C[C@H]3CSC(N)=N4)c2)nc1,CHEMBL5875963,0.358,0.358
CN1OC2(N=C1N)c1cc(-c3cccc(C#N)c3)ccc1CC21CCCCC1,CHEMBL6014288,222.0,222.0
CC(C)(C)[Si](OC1CCC2(CC1)Cc1ccc(-c3cccc(C#N)c3)cc1C2=O)(c1ccccc1)c1ccccc1,CHEMBL5934190,28.3,28.3
CN1OC2(N=C1N)c1cc(-c3cccc(C#N)c3)ccc1CC21CCC(NCC(F)(F)F)CC1,CHEMBL5788962,3881.0,3881.0
CN1OC2(N=C1N)c1cc(-c3cccc(C#N)c3)ccc1CC21CCC(OC(F)F)CC1,CHEMBL5790087,4.7,4.7
N#CC1(Cc2ccc(Br)cc2I)CCc2ccccc2CC1,CHEMBL5886238,5.3,5.3
COC1CCC2(CC1)Cc1ccc(OCC(F)(F)F)cc1C21N=C(N)N(C)O1,CHEMBL5877058,9.0,9.0
CN1OC2(N=C1N)c1cc(Br)ccc1CC21CCC(Cc2ccccc2)CC1,CHEMBL5790983,2312.0,2312.0
CN1OC2(N=C1N)c1cc(-c3cccc(C#N)c3)ccc1CC21CCC(Cc2ccccc2)CC1,CHEMBL5912710,3505.0,3505.0
COC1CCC2(CC1)Oc1ccc(CCC3CC3)cc1C21NC(=S)N(C)C1=O,CHEMBL6008882,21.5,21.5
COC1CCC2(CC1)Oc1ccc(Br)cc1C21NC(=S)N(C)C1=O,CHEMBL5833363,264.0,264.0
COC1CCC2(CC1)Oc1ccc(OCC3CC3)cc1C21NC(=S)N(C)C1=O,CHEMBL5930153,24.9,24.9
COC1CCC2(CC1)Oc1ccc(OCC(F)(F)F)cc1C21NC(=S)N(C)C1=O,CHEMBL5867269,38.5,38.5
COC1CCC2(CC1)Cc1ccc(OCC(F)(F)F)cc1C21N=C(SC)N(C)C1=O,CHEMBL5930663,14.4,14.4
CCSC1=NC2(C(=O)N1CC)c1cc(OCC3CC3)ccc1CC21CCC(OC)CC1,CHEMBL5755627,7.8,7.8
CCSC1=NC2(C(=O)N1CC)c1cc(C#CC3CC3)ccc1CC21CCC(OC)CC1,CHEMBL6041127,15.6,15.6
COC1CCC2(CC1)Cc1ccc(Br)cc1C21NC(=S)N(Cc2ccccc2)C1=O,CHEMBL5852618,13.6,13.6
COC1CCC2(CC1)Cc1ccc(C#Cc3ccccc3)cc1C21N=C(SC)N(C)C1=O,CHEMBL5998899,16.2,16.2
COC1CCC2(CC1)Cc1ccc(C#CC(C)(C)C)cc1C21N=C(SC)N(C)C1=O,CHEMBL5879421,7.9,7.9
COC1CCC2(CC1)Cc1ccc(C#CC3CCCC3)cc1C21N=C(SC)N(C)C1=O,CHEMBL5815763,2.2,2.2
CCOC1CCC2(CC1)Cc1ccc(C#CC3CC3)cc1C21N=C(SC)N(C)C1=O,CHEMBL6039773,4.8,4.8
CSC1=NC2(C(=O)N1C)c1cc(C#CC3CC3)ccc1CC21CCC(O)CC1,CHEMBL5745975,3.0,3.0
COC1CCC2(CC1)Cc1ccc(Br)cc1C21NC(=S)N(C(C)C)C1=O,CHEMBL5945993,104.0,104.0
COC1CCC2(CC1)Cc1ccc(-c3ccnc(Cl)c3)cc1C21N=C(N)N(C(C)C)C1=O,CHEMBL6057501,53.2,53.2
CC#Cc1cncc(-c2ccc3c(c2)C2(NC(=S)N(C(C)C)C2=O)C2(CCC(OC)CC2)C3)c1,CHEMBL5862046,11.5,11.5
COC1CCC2(CC1)Cc1ccc(-c3cc(Br)cs3)cc1C21NC(=S)N(C(C)C)C1=O,CHEMBL5828051,29.3,29.3
COC1CCC2(CC1)Cc1ccc(-c3nc(Br)cs3)cc1C21NC(=S)N(C(C)C)C1=O,CHEMBL5981369,89.7,89.7
CC#Cc1cncc(-c2ccc3c(c2)C2(NC(=S)N(C)C2=O)C2(CCC(OC)CC2)C3)c1,CHEMBL5878421,7.3,7.3
COC1CCC2(CC1)Cc1ccc(OCC3CC3)cc1C21NC(=S)N(C(C)C)C1=O,CHEMBL5745659,16.7,16.7
COC1CCC2(CC1)Cc1ccc(-c3cc(C#N)cc(C#N)c3)cc1C21N=C(N)N(C)C1=O,CHEMBL5961261,1.1,1.1
COC1CCC2(CC1)Cc1ccc(C#N)cc1C21N=C(N)N(C)C1=O,CHEMBL6051523,9.9,9.9
COC1CCC2(CC1)Cc1ccc(-c3ccn(C)c(=S)c3)cc1C21NC(=S)N(C)C1=O,CHEMBL5896747,269.0,269.0
COC1CCC2(CC1)Cc1ccc(-c3ccn(C4CC4)c(=S)c3)cc1C21NC(=S)N(C)C1=O,CHEMBL5854409,188.0,188.0
COC1CCC2(CC1)Cc1ccc(-c3cnn(C)c(=S)c3)cc1C21NC(=S)N(C)C1=O,CHEMBL5865766,32.3,32.3
COC1CCC2(CC1)Cc1ccc(Br)cc1C21NC(=O)N(C)C1=O,CHEMBL5892903,79.8,79.8
COC1CCC2(CC1)Cc1ccc(Br)cc1C21N=C(NC(=O)OC(C)(C)C)N(C)C1=O,CHEMBL6063951,39.9,39.9
COC1CCC2(CC1)Cc1ccc(Cl)cc1[C@@]21N=C(N)N(C)C1=O,CHEMBL6017879,32.4,32.4
C#Cc1ccc2c(c1)[C@]1(N=C(N)N(C)C1=O)C1(CCC(OC)CC1)C2,CHEMBL5971819,30.9,30.9
CO[C@H]1CC[C@]2(CC1)Cc1ccccc1C21N=C(N)N(C)C1=O,CHEMBL6016682,161.0,161.0
COC1CCC2(CC1)Cc1ccc(C#CCC(C)C)cc1C21NC(=S)N(C)C1=O,CHEMBL5858919,5.1,5.1
COC1CCC2(CC1)Cc1ccc(-c3cccc(C#N)c3)cc1C21N=C(N)N(C2CC2)C1=O,CHEMBL5863924,12.0,12.0
COC1CCC2(CC1)Cc1ccc(C#CC3CC3)cc1C21NC(=S)N(C2CCC2)C1=O,CHEMBL5850783,37.8,37.8
CC1(C)OC(=O)C(C(=O)c2ccc(C(F)(F)F)cc2)C(=O)O1,CHEMBL5766049,321.0,321.0
COC(=O)CCC1(CCC(=O)OC)Cc2ccc(OC(F)(F)F)cc2C1=O,CHEMBL5913165,161.0,161.0
COC1CCC2(CC1)Cc1ccc(N3CCCC3)cc1C21N=C(SC)N(C)C1=O,CHEMBL5887150,145.0,145.0
COc1ccc2c(c1)C1(NC(SC)N(C)C1=O)C1(CCC(OC)CC1)C2,CHEMBL5749640,145.0,145.0
COC1CCC2(CC1)Cc1ccc(OCCN(C)C)cc1C21NC(=O)N(C)C1=O,CHEMBL5746106,368.0,368.0
COC1CCC2(CC1)Cc1ccc(OCC3CCCC3)cc1C21NC(=S)N(C)C1=O,CHEMBL6031089,8.9,8.9
COCCOc1ccc2c(c1)C1(NC(=S)N(C)C1=O)C1(CCC(OC)CC1)C2,CHEMBL5803118,10.6,10.6
COc1cccc(Oc2ccc3c(c2)C2(NC(=S)N(C)C2=O)C2(CCC(OC)CC2)C3)c1,CHEMBL5934515,42.8,42.8
COC1CCC2(CC1)Cc1ccc(OC3CC3)cc1C21NC(=S)N(C)C1=O,CHEMBL5873864,29.3,29.3
CO[C@H]1CC[C@]2(CC1)Cc1c(F)cccc1C21NC(=O)NC1=O,CHEMBL6031595,493.0,493.0
CO[C@H]1CC[C@]2(CC1)Cc1c(F)ccc(Br)c1C21NC(=O)NC1=O,CHEMBL6011682,2010.0,2010.0
CO[C@H]1CC[C@]2(CC1)Cc1c(F)ccc(-c3cccc(C#N)c3)c1C21N=C(N)N(C)C1=O,CHEMBL5785463,13500.0,13500.0
COC1CCC2(CC1)Cc1cc(F)ccc1C21N=C(SC)N(C)C1=O,CHEMBL5753187,825.0,825.0
COC1CCC2(CC1)Cc1cc(F)c(-c3cccc(C#N)c3)cc1C21NC(=S)N(C)C1=O,CHEMBL5975467,20.4,20.4
COC1CCC2(CC1)Cc1cc(F)c(C#CC3CC3)cc1C21NC(=S)N(C)C1=O,CHEMBL5954877,618.0,618.0
COC1CCC2(CC1)Cc1ccc(CCC(F)(F)F)cc1C21NC(=S)N(C)C1=O,CHEMBL5988479,11.6,11.6
CN1C(=O)C2(N=C1N)c1cc(-c3cccc(C#N)c3)ccc1CC21CCC(O)CC1,CHEMBL5778213,7.4,7.4
CN1C(=O)C2(N=C1NC(=O)OC(C)(C)C)c1cc(C#CC3CC3)ccc1CC21CCC(OC(=O)[C@H](Cc2ccc(OC(=O)OC(C)(C)C)cc2)NC(=O)OC(C)(C)C)CC1,CHEMBL5932566,640.0,640.0
COC1CCC2(CC1)Cc1ccc(C#CC3CC3)cc1C21NC(=S)NC1=O,CHEMBL5938819,29.2,29.2
CN1C(=O)C2(NC1=S)c1cc(Br)ccc1CC21CCC(Cc2ccccc2)CC1,CHEMBL5785139,634.0,634.0
CN1C(=O)NC2(C1=O)c1cc(Br)ccc1C[C@]21CC[C@H](N(C)C)CC1,CHEMBL6009246,1000.0,1000.0
COC(=O)c1cccc(CSC2NC3(C(=O)N2Cc2cccc(C(=O)OC)c2)c2cc(Br)ccc2CC32CCC(OC)CC2)c1,CHEMBL5754399,10.4,10.4
CN1C(=O)C2(N=C1N)c1cc(Br)ccc1CC21CCC(OC(F)F)CC1,CHEMBL6021171,20.0,20.0
CC(C)N1C(=O)NC2(C1=O)c1cc(Br)ccc1C[C@]21CC[C@@H](OC(F)F)CC1,CHEMBL5828029,151.0,151.0
CC(C)N1C(=O)NC2(C1=O)c1cc(Br)ccc1C[C@]21CC[C@@H](O)CC1,CHEMBL5775931,1580.0,1580.0
CC(C)N1C(=O)C2(NC1=S)c1cc(Br)ccc1CC21CCC(OC(F)F)CC1,CHEMBL5758246,14.8,14.8
CC(C)N1C(=O)NC2(C1=O)c1cc(B3OC(C)(C)C(C)(C)O3)ccc1CC21CCC(OC(F)F)CC1,CHEMBL5885068,15.7,15.7
CN1C(=O)C2(NC1=S)c1cc(-c3cccc(C#N)c3)ccc1CC21CCC(F)(F)CC1,CHEMBL6051154,126.0,126.0
CN1C(=O)NC2(C1=O)c1cc(Br)ccc1CC21CCC(F)(F)CC1,CHEMBL5942527,1357.0,1357.0
COC1CCC2(CC1)C(C)(C)c1ccc(C#N)cc1C21N=C(N)N(C)C1=O,CHEMBL5928929,3156.0,3156.0
COC1CCC2(CC1)Cc1ccc(C#CC3CC3)cc1C21NC(=S)N(Cc2nccs2)C1=O,CHEMBL5972041,17.4,17.4
COC1CCC2(CC1)Cc1ccc(C#CC3CC3)cc1C21NC(=S)N(Cc2ncco2)C1=O,CHEMBL5775907,14.8,14.8
COCC(C)N1C(=O)C2(NC1=S)c1cc(Br)ccc1CC21CCC(OC)CC1,CHEMBL5996607,139.0,139.0
COCC(C)N1C(=O)C2(N=C1N)c1cc(Br)ccc1CC21CCC(OC)CC1,CHEMBL5776318,333.0,333.0
COC(=O)CCN1C(=O)C2(NC1=S)c1cc(C#CC3CC3)ccc1CC21CCC(OC)CC1,CHEMBL5948368,4.7,4.7
COC1CCC2(CC1)Cc1ccc(C#CC3CC3)cc1C21NC(=S)N(Cc2nnc(C)o2)C1=O,CHEMBL6003356,4.3,4.3
COC1CCC2(CC1)Cc1ccc(C#CC3CC3)cc1C21NC(=S)N(Cc2cncnc2)C1=O,CHEMBL6005876,15.2,15.2
COC1CCC2(CC1)Cc1ccc(C#CC3CC3)cc1C21NC(=S)N(CCF)C1=O,CHEMBL5761055,5.3,5.3
COC1CCC2(CC1)Cc1ccc(C#CC3CC3)cc1C21NC(=S)N(CCN(C)S(C)(=O)=O)C1=O,CHEMBL5789150,9.3,9.3
COCCN1C(=O)C2(NC1=S)c1cc(C#CC3CC3)ccc1CC21CCC(OC)CC1,CHEMBL5986858,9.2,9.2
COCCN1C(=O)NC2(C1=O)c1cc(Br)ccc1CC21CCC(OC)CC1,CHEMBL5886004,48.9,48.9
COC1CCC2(CC1)Cc1ccc(CCC3CC3)cc1C21NC(=S)N(Cc2cccc(NS(C)(=O)=O)c2)C1=O,CHEMBL5998625,35.2,35.2
COC1CCC2(CC1)Cc1ccc(CCC3CC3)cc1C21NC(=S)N(CCN(C)C)C1=O,CHEMBL5990950,12.3,12.3
COC1CCC2(CC1)Cc1ccc(CCC3CC3)cc1C21NC(=S)N(Cc2ncco2)C1=O,CHEMBL6026413,11.2,11.2
COC1CCC2(CC1)Cc1ccc(CCC3CC3)cc1C21NC(=S)N(Cc2ccccc2C#N)C1=O,CHEMBL5844991,17.3,17.3
COC1CCC2(CC1)Cc1ccc(C#CC3CC3)cc1C21NC(=S)N(CCC(=O)OC(C)(C)C)C1=O,CHEMBL5854772,15.6,15.6
COC1CCC2(CC1)Cc1ccc(C#CC3CC3)cc1C21N=C(SCc2nncn2C)N(Cc2nncn2C)C1=O,CHEMBL5879965,17.0,17.0
COC1CCC2(CC1)Cc1ccc(C#CC3CC3)cc1C21N=C(SCC2CCO2)N(CC2CCO2)C1=O,CHEMBL5968408,7.3,7.3
COC1CCC2(CC1)Cc1ccc(Br)cc1C21N=C(SCC2CCO2)N(CC2CCO2)C1=O,CHEMBL5790815,13.7,13.7
CCC(C)SC1=NC2(C(=O)N1C(C)CC)c1cc(C#CC3CC3)ccc1CC21CCC(OC)CC1,CHEMBL5813420,22.2,22.2
CCCSC1=NC2(C(=O)N1CCC)c1cc(C#CC3CC3)ccc1CC21CCC(OC)CC1,CHEMBL6056210,5.2,5.2
CCCCSC1=NC2(C(=O)N1CCCC)c1cc(C#CC3CC3)ccc1CC21CCC(OC)CC1,CHEMBL6043055,7.1,7.1
COC1CCC2(CC1)Cc1ccc(C#CC3CC3)cc1C21N=C(SCc2cccc(-c3nccs3)c2)N(Cc2cccc(-c3nccs3)c2)C1=O,CHEMBL5929619,10.3,10.3
COC1CCC2(CC1)Cc1ccc(C#CC3CC3)cc1C21N=C(SCCN(C)C)N(CCN(C)C)C1=O,CHEMBL5762223,14.0,14.0
COC1CCC2(CC1)Cc1ccc(C#CC3CC3)cc1C21N=C(SCCC(F)(F)F)N(CCC(F)(F)F)C1=O,CHEMBL5812884,16.1,16.1
COCCCSC1=NC2(C(=O)N1CCCOC)c1cc(CCC3CC3)ccc1CC21CCC(OC)CC1,CHEMBL5933780,7.4,7.4
COC1CCC2(CC1)Cc1ccc(C#CC3CC3)cc1C21N=C(SCC2CCN(C)C2)N(CC2CCN(C)C2)C1=O,CHEMBL5815002,24.0,24.0
COC1CCC2(CC1)Cc1ccc(Br)cc1C21N=C(SCC2CCCO2)N(CC2CCCO2)C1=O,CHEMBL6057728,30.9,30.9
COC1CCC2(CC1)Cc1ccc(C#CC3CC3)cc1C21N=C(SCC2CCCO2)N(CC2CCCO2)C1=O,CHEMBL5878933,11.6,11.6
COC1CCC2(CC1)Cc1ccc(Br)cc1C21N=C(SCC(F)(F)F)N(CC(F)(F)F)C1=O,CHEMBL6019890,19.5,19.5
COC1CCC2(CC1)Cc1ccc(-c3cncc(C#N)c3)cc1C21N=C(N)N(CC(F)(F)F)C1=O,CHEMBL5774065,22.5,22.5
COC1CCC2(CC1)Cc1ccc(Br)cc1C21N=C(NC(=O)OC(C)(C)C)N(CC(F)(F)F)C1=O,CHEMBL5850269,316.0,316.0
COC1CCC2(CC1)Cc1ccc(OCC3CC3)cc1C21N=C(SCC(F)(F)F)N(CC(F)(F)F)C1=O,CHEMBL5781381,13.5,13.5
COC1CCC2(CC1)Cc1ccc(C#CC3CC3)cc1C21N=C(S[C@@H](C)c2ccccc2)N([C@H](C)c2ccccc2)C1=O,CHEMBL5853314,37.5,37.5
COC1CCC2(CC1)Cc1ccc(C#CC3CC3)cc1C21N=C(SCCCN(C)C)N(CCCN(C)C)C1=O,CHEMBL5928073,21970.0,21970.0
COC1CCC2(CC1)Cc1ccc(CCC3CC3)cc1C21N=C(SCC(F)(F)F)N(CC(F)(F)F)C1=O,CHEMBL6048083,61.5,61.5
COC1CCC2(CC1)Cc1ccc(CCC3CC3)cc1C21N=C(N)N(Cc2nccs2)C1=O,CHEMBL5784928,16.0,16.0
CCC(CC)CSC1=NC2(C(=O)N1CC(CC)CC)c1cc(CCC3CC3)ccc1CC21CCC(OC)CC1,CHEMBL5859431,16.3,16.3
COC1CCC2(CC1)Cc1ccc(CCC3CC3)cc1C21N=C(SCc2ccccc2)N(Cc2ccccc2)C1=O,CHEMBL5859618,22.9,22.9
COC1CCC2(CC1)Cc1ccc(CCC3CC3)cc1C21N=C(SCc2cccc(F)c2)N(Cc2cccc(F)c2)C1=O,CHEMBL5877515,15.8,15.8
COC1CCC2(CC1)Cc1ccc(CCC3CC3)cc1C21N=C(SCc2ccccc2F)N(Cc2ccccc2F)C1=O,CHEMBL5778169,47.7,47.7
COC1CCC2(CC1)Cc1ccc(CCC3CC3)cc1C21N=C(SCc2cccc(C#N)c2)N(Cc2cccc(C#N)c2)C1=O,CHEMBL5783975,62.3,62.3
COc1cccc(CSC2=NC3(C(=O)N2Cc2cccc(OC)c2)c2cc(CCC4CC4)ccc2CC32CCC(OC)CC2)c1,CHEMBL5742082,192.0,192.0
COC1CCC2(CC1)Cc1ccc(CCC3CC3)cc1C21N=C(SCc2ccc(F)cn2)N(Cc2ccc(F)cn2)C1=O,CHEMBL5739747,12.5,12.5
COC1CCC2(CC1)Cc1ccc(CCC3CC3)cc1C21N=C(N)N([C@H](C)c2ccccc2)C1=O,CHEMBL5803935,81.1,81.1
COC1CCC2(CC1)Cc1ccc(CCC3CC3)cc1C21N=C(SCc2cscn2)N(Cc2cscn2)C1=O,CHEMBL5817031,8.8,8.8
COC1CCC2(CC1)Cc1ccc(CCC3CC3)cc1C21N=C(SCC2CCOCC2)C(CC2CCOCC2)C1=O,CHEMBL5792687,11.3,11.3
COC1CCC2(CC1)Cc1ccc(CCC3CC3)cc1C21N=C(SCC2CCO2)N(CC2CCO2)C1=O,CHEMBL5976537,16.5,16.5
COC1CCC2(CC1)Cc1ccc(CCC3CC3)cc1C21N=C(SCCc2nccs2)N(CCc2nccs2)C1=O,CHEMBL5784270,19.6,19.6
COC1CCC2(CC1)Cc1ccc(CCC3CC3)cc1C21NC(=S)N(Cc2nccs2)C1=O,CHEMBL6035505,7.8,7.8
COC1CCC2(CC1)Cc1ccc(CCC3CC3)cc1C21N=C(N)N(Cc2cccc(S(C)(=O)=O)c2)C1=O,CHEMBL6042053,15.4,15.4
CO[C@H]1CC[C@]2(CC1)Cc1ccc(Br)cc1C21N=C(N)N(C(C)c2cccnn2)C1=O,CHEMBL6052715,17.0,17.0
CN1C(=O)C2(N=C1NC(=O)OC(C)(C)C)c1cc(Br)ccc1CC21CCc2ccccc2CC1,CHEMBL6055269,74.6,74.6
COc1ccc2c(c1)C1(NC(=S)N(C)C1=O)C1(CCc3ccccc3CC1)C2,CHEMBL5927190,46.8,46.8
CN1C(=O)C2(NC1=S)c1cc(OCC3CC3)ccc1CC21CCc2ccccc2CC1,CHEMBL5944580,9.7,9.7
CC(C)N1C(=O)C2(NC1=S)c1cc(Br)ccc1CC21CCc2ccccc2CC1,CHEMBL5943233,19.1,19.1
CC(C)N1C(=O)C2(N=C1N)c1cc(Br)ccc1CC21CCc2ccccc2CC1,CHEMBL5889651,566.0,566.0
CC(C)N1C(=O)NC2(C1=O)c1cc(Br)ccc1CC21CCc2ccccc2CC1,CHEMBL5906449,91.4,91.4
CC(C)N1C(=O)NC2(C1=O)c1cc(B3OC(C)(C)C(C)(C)O3)ccc1CC21CCc2ccccc2CC1,CHEMBL5784156,79.3,79.3
CC(C)N1C(=O)C2(NC1=S)c1cc(OCC(F)(F)F)ccc1CC21CCc2ccccc2CC1,CHEMBL5995824,48.3,48.3
COCCN1C(=O)NC2(C1=O)c1cc(Br)ccc1CC21CCc2ccccc2CC1,CHEMBL5899936,16.1,16.1
CN1C(=O)C2(N=C1NC(=O)OC(C)(C)C)c1cc(Br)ccc1OC21CCc2ccccc2CC1,CHEMBL5878448,14.8,14.8
CN1C(=O)C2(N=C1N)c1cc(C#N)ccc1OC21CCc2ccccc2CC1,CHEMBL5858194,53.6,53.6
CN1C(=O)C2(NC1=S)c1cc(OCC3CC3)ccc1OC21CCc2ccccc2CC1,CHEMBL6014860,4.1,4.1
CN1C(=O)C2(NC1=S)c1cc(OCC(F)(F)F)ccc1OC21CCc2ccccc2CC1,CHEMBL5820169,7.0,7.0
CC(C)N1C(=O)C2(NC1=S)c1cc(Br)ccc1OC21CCc2ccccc2CC1,CHEMBL6023942,182.0,182.0
COC1CCC2(CC1)Cc1ccc(Br)cc1C21NC(=S)N(C(C)(C)C)C1=O,CHEMBL5867948,1674.0,1674.0
COC1CCC2(CC1)Cc1ccc(Br)cc1C21NC(=S)N(C2COC2)C1=O,CHEMBL6022033,55.8,55.8
C=CCN1C2(COS1(=O)=O)c1cc(Br)ccc1CC21CCC(OC)CC1,CHEMBL5912717,2336.0,2336.0
COC1CCC2(CC1)Oc1ccc(-c3cccc(C#N)c3)cc1C21CCSC(N)=N1,CHEMBL5842448,730.0,730.0
N#Cc1cccc(-c2ccc3c(c2)C2(CCSC(N)=N2)C2(CCc4ccccc4CC2)C3)c1,CHEMBL5851372,1166.0,1166.0
CCN1CC2(N=C1N)c1cc(-c3cc(F)cc(Cl)c3)ccc1CC21CCC(OC)CC1,CHEMBL6064779,340.0,340.0
C#Cc1cccc(-c2ccc3c(c2)C2(N=C(N)N(C)C2=O)C2(CCN(C(C)=O)CC2)O3)c1,CHEMBL5966607,1949.0,1949.0
Cc1noc2c1CC1(CC2)Oc2ccc(Br)cc2C12N=C(N)N(C)O2,CHEMBL6005361,207.0,207.0
Cc1noc2c1CC1(CC2)Cc2ccc(-c3cc(F)cc(Cl)c3)cc2C12N=C(N)N(C)O2,CHEMBL5802524,6.2,6.2
CN1OC2(N=C1N)c1cc(-c3cccc(C#N)c3)ccc1CC21CCCc2cnncc2C1,CHEMBL6031634,1351.0,1351.0
N#Cc1cccc(-c2ccc3c(c2)C(=O)C2(CC=C(OS(=O)(=O)C(F)(F)F)CC2)C3)c1,CHEMBL5911768,3703.0,3703.0
CSC1=NC2(C(=O)N1C)c1cc(Br)ccc1CC21CCc2noc(C)c2C1,CHEMBL5962656,16.7,16.7
Cc1onc2c1CC1(CC2)Cc2ccc(-c3cccc(Cl)c3)cc2C12N=C(N)N(C)C2=O,CHEMBL5943108,1.2,1.2
CSC1=NC2(C(=O)N1C)c1cc(C#CC3CC3)ccc1CC21CCc2noc(C)c2C1,CHEMBL5791021,2.8,2.8
CN1C(=O)C2(CC3(CC=CC3)c3ccc(Br)cc32)N=C1N,CHEMBL5923202,13500.0,13500.0
COC1CCC2(CC1)Cc1ccc(B3OC(C)(C)C(C)(C)O3)cc1C21NC(=O)N(C(C)C)C1=O,CHEMBL5955639,21.2,21.2
COC1CCC2(CC1)Cc1ccc(-c3cnc(C)s3)cc1[C@@]21N=C(N)N(C)C1=O,CHEMBL6019615,14.0,14.0
COC1CCC2(CC1)Cc1ccc(-c3cnc(C)s3)cc1[C@]21N=C(N)N(C)C1=O,CHEMBL5780538,691.0,691.0
COC1CCC2(CC1)Cc1ccc(OCC3CC3)cc1C21N=C(N)N(CCF)C1=O,CHEMBL5910800,6.8,6.8
COC1CCC2(CC1)Cc1ccc(OCC3CC3)cc1C21N=C(N)N(CC(F)F)C1=O,CHEMBL5947550,9.0,9.0
COC1CCC2(CC1)Cc1ccc(CCC(F)(F)F)cc1C21N=C(N)N(CCF)C1=O,CHEMBL5865271,16.0,16.0
COC1CCC2(CC1)Cc1ccc(OCC3CC3)cc1C21N=C(N)N(CCC(F)(F)F)C1=O,CHEMBL5945535,10.0,10.0
COC1CCC2(CC1)Cc1ccc(Sc3ccccc3)cc1C21N=C(N)N(C)C1=O,CHEMBL5943346,40.0,40.0
CCCSc1ccc2c(c1)C1(N=C(N)N(C)C1=O)C1(CCC(OC)CC1)C2,CHEMBL5873209,4.0,4.0
COC1CCC2(CC1)Cc1ccc(N3CCC(F)(F)C3)cc1C21NC(=S)N(C)C1=O,CHEMBL5786870,30.0,30.0
CN1C(=O)NC2(C1=O)c1cc(B3OC(C)(C)C(C)(C)O3)ccc1CC21CCC(OC(F)F)CC1,CHEMBL6015897,8.0,8.0
COC1CCC2(CC1)Cc1ccc(B3OC(C)(C)C(C)(C)O3)cc1C21NC(=O)N(CCF)C1=O,CHEMBL6042651,7.0,7.0
CO[C@H]1CC[C@]2(CC1)Cc1ccc(Oc3cccc(C#N)c3)cc1[C@@]21N=C(N)N(C)C1=O,CHEMBL5948790,7.0,7.0
N#Cc1ccc(C(=O)Nc2cccc(C3(CF)COCC(N)=N3)n2)nc1,CHEMBL6032553,270.0,270.0
NC1=NC(CF)(c2cccc(NC(=O)c3ccccn3)n2)COC1,CHEMBL5803533,550.0,550.0
NC(=S)c1ccc(C(=O)Nc2cc(C3(CF)COCC(N)=N3)ccn2)nc1,CHEMBL5872885,10000.0,10000.0
C[C@@]1(c2cccc(NC(=O)c3ccc(Cl)cn3)n2)CO[C@@](C)(C(F)(F)F)C(N)=N1,CHEMBL5826565,31.0,31.0
CC(F)(F)COc1cnc(C(=O)Nc2cccc([C@]3(C)CO[C@@](C)(C(F)(F)F)C(N)=N3)n2)c(N)n1,CHEMBL5918896,1200.0,1200.0
Cc1cc(OCC(C)(F)F)cnc1C(=O)Nc1ccc(F)c([C@]2(C)CO[C@@](C)(C(F)(F)F)C(N)=N2)n1,CHEMBL5925547,400.0,400.0
Cc1cc(C(F)F)cnc1C(=O)Nc1ccc(F)c([C@]2(C)CO[C@@](C)(C(F)(F)F)C(N)=N2)n1,CHEMBL5995000,26.0,26.0
C[C@@]1(c2nc(NC(=O)c3ncc(CC(F)F)nc3N)ccc2F)CO[C@@](C)(C(F)(F)F)C(N)=N1,CHEMBL5941768,10000.0,10000.0
Cc1cn(C(F)F)nc1C(=O)Nc1ccc(F)c([C@]2(C)CO[C@@](C)(C(F)(F)F)C(N)=N2)n1,CHEMBL5879510,10.0,10.0
Cc1cc2c(nc1C(=O)Nc1ccc(F)c([C@]3(C)CO[C@@](C)(C(F)(F)F)C(N)=N3)n1)CCN2CC(F)F,CHEMBL5907352,10000.0,10000.0
COCCN1CCc2nc(C(=O)Nc3ccc(F)c([C@]4(C)CO[C@@](C)(C(F)(F)F)C(N)=N4)n3)c(Cl)cc21,CHEMBL5813321,7300.0,7300.0
C[C@@]1(c2nc(NC(=O)c3ccc(C#N)cn3)ccc2F)C[S@]2(=O)=NCCCCN2C(N)=N1,CHEMBL6014618,86.0,86.0
C[C@@]1(c2nc(NC(=O)c3ccc(C#N)cn3)ccc2F)C[S@@]2(=O)=NCCCCN2C(N)=N1,CHEMBL5895448,49.0,49.0
Cc1cc(C#N)cnc1C(=O)Nc1ccc(F)c([C@]2(C)C[S@@]3(=O)=NCCCCN3C(N)=N2)n1,CHEMBL6037996,36.0,36.0
N#Cc1ccc(C(=O)Nc2ccc(F)c([C@]3(CF)C[S@]4(=O)=NCCCCN4C(N)=N3)n2)nc1,CHEMBL5809271,96.0,96.0
N#Cc1ccc(C(=O)Nc2ccc(F)c([C@]3(CF)C[S@@]4(=O)=NCCCCN4C(N)=N3)n2)nc1,CHEMBL5818916,28.0,28.0
CC#Cc1ccc2sc3ccc([C@]4(C)CC(=O)N(C)C(=N)N4)cc3c2c1,CHEMBL5801008,26.0,26.0
CC#Cc1ccc2[nH]c([C@]3(C)CC(=O)N(C)C(=N)N3)c(Cl)c2c1,CHEMBL6056936,44.0,44.0
CC#Cc1ccc2sc3cc(F)c([C@]4(C)CC(=O)N(C)C(=N)N4)cc3c2c1,CHEMBL5769936,21.0,21.0
CC#Cc1ccc2c(c1)-c1cc([C@]3(C)CC(=O)N(C)C(=N)N3)ccc1S2(=O)=O,CHEMBL6039550,87.0,87.0
CC#Cc1ccc2c(c1)c1cc([C@]3(C)CC(=O)N(C)C(=N)N3)ccc1[s+]2[O-],CHEMBL5984760,48.0,48.0
CC#Cc1ccc2c(c1)-c1cc([C@]3(C)CC(=O)N(C)C(=N)N3)ccc1C2(C)C,CHEMBL5980156,300.0,300.0
CC#Cc1ccc2c(c1)-c1cc([C@]3(C)CC(=O)N(C)C(=N)N3)ccc1C2(F)F,CHEMBL5798364,300.0,300.0
CN1C(=N)N[C@](C)(c2ccc3sc4ccc(C#N)cc4c3c2)CC1=O,CHEMBL5935555,300.0,300.0
COCC#Cc1ccc2sc3ccc([C@]4(C)CC(=O)N(C)C(=N)N4)cc3c2c1,CHEMBL5883003,218.0,218.0
CN1C(=N)N[C@](C)(c2ccc3sc4ccc(C#CCO)cc4c3c2)CC1=O,CHEMBL5832344,17.0,17.0
CN1C(=N)N[C@](C)(c2ccc3sc4ccc(Br)cc4c3c2)CC1=O,CHEMBL5862197,300.0,300.0
CCCc1ccc2sc3ccc([C@]4(C)CC(=O)N(C)C(=N)N4)cc3c2c1,CHEMBL5810583,300.0,300.0
CN1C(=N)N[C@](C)(c2ccc3sc4ccc(C5CC5)cc4c3c2)CC1=O,CHEMBL5788719,78.0,78.0
CN1C(=N)N[C@](C)(c2ccc3sc4ccc(C(N)=O)cc4c3c2)CC1=O,CHEMBL5870249,300.0,300.0
CCN(CC)c1ccc2sc3ccc([C@]4(C)CC(=O)N(C)C(=N)N4)cc3c2c1,CHEMBL5889835,300.0,300.0
CN1C(=N)N[C@](C)(c2ccc3sc4ccc(C(F)(F)F)cc4c3c2)CC1=O,CHEMBL6023685,81.0,81.0
CC#Cc1ccc2sc3ccc([C@]4(C5CC5)CC(=O)N(C)C(=N)N4)cc3c2c1,CHEMBL6064393,300.0,300.0
CC#Cc1ccc2sc3ccc([C@@]4(C)NC(=N)OCC4(F)F)cc3c2c1,CHEMBL5857880,202.0,202.0
CC#Cc1ccc2sc3ccc([C@]4(C)CS(=O)(=O)C(C)(C)C(=N)N4)cc3c2c1,CHEMBL5949355,39.0,39.0
CC#Cc1ccc2sc3ccc([C@]4(C)CS(=O)(=O)N(C)C(=N)N4)cc3c2c1,CHEMBL5750247,300.0,300.0
CC#Cc1ccc2sc3ccc([C@]4(C)CC(=O)N(CC(F)F)C(=N)N4)cc3c2c1,CHEMBL5842666,300.0,300.0
CC#Cc1ccc2sc3ccc([C@]4(C)CC(=O)N(CCOC)C(=N)N4)cc3c2c1,CHEMBL5970563,300.0,300.0
CC#Cc1ccc2sc3cc(F)c([C@]4(C)CS(=O)(=O)C(C)(C)C(=N)N4)cc3c2c1,CHEMBL5906237,25.0,25.0
CC#Cc1ccc2sc3ccc([C@]4(C)CN(C)C(=O)C(=N)N4)cc3c2c1,CHEMBL5978229,300.0,300.0
CC#Cc1ccc2sc3cc(Cl)c([C@]4(C)CC(=O)N(C)C(=N)N4)cc3c2c1,CHEMBL5873252,44.0,44.0
C[C@@]1(c2cc(/C=C(\F)c3ccc(Cl)cn3)ccc2F)C=CSC(N)=N1,CHEMBL5756656,220.0,220.0
C[C@@]1(c2cc(/C=C(\F)c3ccc(C#N)cn3)ccc2F)C=CSC(N)=N1,CHEMBL6044447,98.0,98.0
C[C@@]1(c2cc(/C=C(\F)c3ccc(Cl)cn3)ccc2F)CCSC(N)=N1,CHEMBL5882454,124.0,124.0
C[C@@]1(c2cc(/C=C(\F)c3ccc(C#N)cn3)ccc2F)CCSC(N)=N1,CHEMBL5853374,74.0,74.0
COC(=O)[C@H]1C[C@@](C)(c2cc(/C=C(\F)c3ccc(Cl)cn3)ccc2F)N=C(N)S1,CHEMBL5820925,212.0,212.0
COC(=O)[C@@H]1C[C@@](C)(c2cc(/C=C(\F)c3ccc(Cl)cn3)ccc2F)N=C(N)S1,CHEMBL5890666,45.0,45.0
COC(=O)[C@]1(C)C[C@@](C)(c2cc(/C=C(\F)c3ccc(Cl)cn3)ccc2F)N=C(N)S1,CHEMBL5800331,54.0,54.0
COC(=O)[C@@]1(C)C[C@@](C)(c2cc(/C=C(\F)c3ccc(Cl)cn3)ccc2F)N=C(N)S1,CHEMBL5831118,68.0,68.0
COC(=O)[C@@]1(C)C[C@@](C)(c2cc(/C=C(\F)c3ccc(C#N)cn3)ccc2F)N=C(N)S1,CHEMBL6051464,16.0,16.0
COC(=O)[C@]1(C)C[C@@](C)(c2cc(/C=C(\F)c3ccc(C#N)cn3)ccc2F)N=C(N)S1,CHEMBL5784659,16.0,16.0
C[C@@]1(C(=O)N2CCOCC2)C[C@@](C)(c2cc(/C=C(\F)c3ccc(C#N)cn3)ccc2F)N=C(N)S1,CHEMBL5965843,4.0,4.0
C[C@]1(C(=O)N2CCOCC2)C[C@@](C)(c2cc(/C=C(\F)c3ccc(C#N)cn3)ccc2F)N=C(N)S1,CHEMBL5845246,98.0,98.0
C#CCOc1cnc(/C(F)=C/c2ccc(F)c([C@]3(C)C[C@](C)(C(=O)NC)SC(N)=N3)c2)cn1,CHEMBL5760826,37.0,37.0
C#CCOc1cnc(/C(F)=C/c2ccc(F)c([C@]3(C)C[C@@](C)(C(=O)NC)SC(N)=N3)c2)cn1,CHEMBL5856531,22.0,22.0
C#CCOc1cnc(/C(F)=C/c2ccc(F)c([C@]3(C)C[C@@](C)(C(=O)N4CCOCC4)SC(N)=N3)c2)cn1,CHEMBL5850774,6.0,6.0
C#CCOc1cnc(/C(F)=C/c2ccc(F)c([C@]3(C)C[C@@](C)(C(=O)NCC(F)F)SC(N)=N3)c2)cn1,CHEMBL5784969,24.0,24.0
CNC(=O)[C@]1(C)C[C@@](C)(c2cc(/C=C(\F)c3ccc(C#N)cn3)ccc2F)N=C(N)S1,CHEMBL6017579,25.0,25.0
N#Cc1ccc(C#Cc2ccc(F)c([C@@]3(CF)N=C(N)S[C@@]4(CO)C[C@H]43)c2)nc1,CHEMBL5893407,80.0,80.0
N#Cc1ccc(C#Cc2ccc(F)c([C@@]3(CF)N=C(N)S[C@@]4(CF)C[C@H]43)c2)nc1,CHEMBL6055062,104.0,104.0
NC1=N[C@](CF)(c2cc(C#Cc3ccc(Cl)cn3)ccc2F)[C@@H]2C[C@]2(CF)S1,CHEMBL5834170,182.0,182.0
N#Cc1cnc(C#Cc2ccc(F)c([C@@]3(CF)N=C(N)S[C@@]4(CF)C[C@H]43)c2)cn1,CHEMBL6044030,86.0,86.0
Cc1cc(C#N)cnc1C#Cc1ccc(F)c([C@@]2(CF)N=C(N)S[C@@]3(CF)C[C@H]32)c1,CHEMBL5769047,38.0,38.0
CC#CCOc1ccc(C#Cc2ccc(F)c([C@@]3(CF)N=C(N)S[C@@]4(CF)C[C@H]43)c2)nc1,CHEMBL5842804,96.0,96.0
N#CC[C@]12C[C@H]1[C@@](CF)(c1cc(C#Cc3ccc(C#N)cn3)ccc1F)N=C(N)S2,CHEMBL6028670,84.0,84.0
N#C/C=C/[C@]12C[C@H]1[C@@](CF)(c1cc(C#Cc3ccc(C#N)cn3)ccc1F)N=C(N)S2,CHEMBL5782634,47.0,47.0
NC1=N[C@](CF)(c2cc(C#Cc3ccc(OCc4ncco4)cn3)ccc2F)[C@@H]2C[C@]2(CF)S1,CHEMBL5752626,735.0,735.0
N#Cc1cnc(C#Cc2ccc(F)c([C@@]3(CF)N=C(N)S[C@@]4(CF)C[C@H]43)c2)s1,CHEMBL5768399,57.0,57.0
C[C@]1(c2cc(C#Cc3ccc(C#N)cn3)ccc2F)N=C(N)S[C@]2(CO)[C@H]1C2(F)F,CHEMBL5907428,47.0,47.0
N#Cc1ccc(C#Cc2ccc(F)c([C@@]3(CF)N=C(N)S[C@@]4(/C=C/C(=O)N5CCOCC5)C[C@H]43)c2)nc1,CHEMBL5970865,19.0,19.0
CN(C)C(=O)/C=C/[C@]12C[C@H]1[C@@](CF)(c1cc(C#Cc3ccc(C#N)cn3)ccc1F)N=C(N)S2,CHEMBL5909032,25.0,25.0
N#Cc1ccc(C#Cc2ccc(F)c([C@@]3(CF)N=C(N)S[C@@]4(CC(N)=O)C[C@H]43)c2)nc1,CHEMBL5844898,116.0,116.0
C[C@]1(c2cc(C#Cc3ccc(C#N)cn3)cnc2F)N=C(N)S[C@@]2(CF)C[C@H]21,CHEMBL5793993,637.0,637.0
Cc1cn(C[C@]23C[C@H]2[C@@](CF)(c2cc(C#Cc4ccc(C#N)cn4)ccc2F)N=C(N)S3)nn1,CHEMBL5948237,109.0,109.0
Cc1cc(C#N)cnc1C#Cc1ccc(F)c([C@@]2(CF)N=C(N)S[C@@]3(/C=C/C(=O)N4CCOCC4)C[C@H]32)c1,CHEMBL5763652,5.0,5.0
NC1=N[C@](CF)(c2cc(C#Cc3ncc(Cl)cn3)ccc2F)[C@@H]2C[C@]2(/C=C/C(=O)N2CCOCC2)S1,CHEMBL5837195,21.0,21.0
Cc1cc(C#Cc2ccc(F)c([C@@]3(CF)N=C(N)S[C@@]4(/C=C/C(=O)N5CCOCC5)C[C@H]43)c2)sn1,CHEMBL5875364,6.0,6.0
N#Cc1ccc(C#Cc2ccc(F)c([C@@]3(CF)N=C(N)S[C@@]4(CCC(=O)N5CCOCC5)C[C@H]43)c2)nc1,CHEMBL6063149,49.0,49.0
Cc1cc(C#N)cnc1C#Cc1ccc(F)c([C@@]2(CF)N=C(N)S[C@@]3(CCC(=O)N4CCOCC4)C[C@H]32)c1,CHEMBL5854147,11.0,11.0
N#Cc1cnc(C#Cc2ccc(F)c([C@@]3(CF)N=C(N)S[C@@]4(/C=C/C(=O)N5CCOCC5)C[C@H]43)c2)nc1,CHEMBL5747136,9.0,9.0
N#Cc1ccc(C#Cc2ccc(F)c([C@@]3(CF)N=C(N)S[C@@]4(/C=C/C(=O)N5CCOCC5)C[C@H]43)c2)cc1,CHEMBL5886131,10.0,10.0
Cc1cc(C#N)cnc1C#Cc1ccc(F)c([C@@]2(C)N=C(N)S[C@@]3(C(=O)N(C)C)C[C@H]32)c1,CHEMBL5790024,3.0,3.0
N#Cc1cnc(C#Cc2ccc(F)c([C@@]3(CF)N=C(N)S[C@@]4(/C=C/C(=O)N5CCOCC5)C[C@H]43)c2)c(F)c1,CHEMBL5783804,49.0,49.0
N#Cc1ccc(C#Cc2ccc(F)c([C@@]3(CF)N=C(N)S[C@@]4(Cn5ccnc5)C[C@H]43)c2)nc1,CHEMBL6037131,583.0,583.0
Cc1cc(C#N)cnc1C#Cc1ccc(F)c([C@@]2(C)N=C(N)S[C@@]3(C#N)C[C@H]32)c1,CHEMBL5932163,21.0,21.0
Cc1cc(C#N)cnc1C#Cc1ccc(F)c([C@@]2(CF)N=C(N)S[C@@]3(C(=O)N(C)C)C[C@H]32)c1,CHEMBL5885636,2.0,2.0
Cc1cc(C#N)cnc1C#Cc1ccc(F)c([C@@]2(C)N=C(N)S[C@@]3(C(=O)N4CCCC4)C[C@H]32)c1,CHEMBL6026805,2.0,2.0
CN(C)C(=O)[C@]12C[C@H]1[C@@](C)(c1cc(C#Cc3ccc(C#N)cc3)ccc1F)N=C(N)S2,CHEMBL5763992,7.0,7.0
C#CCOc1ccc(C#Cc2ccc(F)c([C@@]3(C)N=C(N)S[C@@]4(C(=O)N(C)C)C[C@H]43)c2)nc1,CHEMBL5934284,161.0,161.0
Cc1cc(OCc2ncco2)cnc1C#Cc1ccc(F)c([C@@]2(C)N=C(N)S[C@@]3(C(=O)N(C)C)C[C@H]32)c1,CHEMBL5797237,41.0,41.0
CN(C)C(=O)[C@]12C[C@H]1[C@@](C)(c1cc(C#CC3CC3)ccc1F)N=C(N)S2,CHEMBL5996020,20.0,20.0
COC[C@]12CC1[C@@](C)(c1cc(C#Cc3ccc(C#N)cn3)ccc1F)N=C(N)S2,CHEMBL5985725,97.0,97.0
COC[C@]12CC1[C@@](C)(c1cc(C#Cc3ncc(Cl)cc3C)ccc1F)N=C(N)S2,CHEMBL5850244,129.0,129.0
COC[C@]12CC1[C@@](C)(c1cc(C#Cc3ncc(C#N)cc3C)ccc1F)N=C(N)S2,CHEMBL5860833,23.0,23.0
Cc1cc(C#N)cnc1C#Cc1cnc(F)c([C@@]2(C)N=C(N)S[C@@]3(C(=O)N4CCOCC4)CC32)c1,CHEMBL5873773,37.0,37.0
Cc1cc(C#N)cnc1C#Cc1cnc(F)c([C@@]2(C)N=C(N)S[C@@]3(C(=O)N4CCCC4)CC32)c1,CHEMBL5849577,11.0,11.0
NC1=N[C@](CF)(c2cc(C#Cc3cc(Cl)ccn3)ccc2F)[C@@H]2C[C@]2(CF)S1,CHEMBL5929468,1123.0,1123.0
C#Cc1ccc(F)c([C@@]2(C)N=C(N)S[C@@]3(C(=O)N(C)C)C[C@H]32)c1,CHEMBL5765621,378.0,378.0
C[C@H]1C[C@@]2(F)CSC(N)=N[C@@]2(c2cc(N)ccc2F)CO1,CHEMBL6030999,5870.0,5870.0
C[C@H]1C[C@@]2(F)CSC(N)=N[C@@]2(c2cc(NC(=O)c3ccc(Cl)cn3)ccc2F)CO1,CHEMBL6038928,172.0,172.0
COc1cnc(C(=O)Nc2ccc(F)c([C@]34CO[C@@H](C)C[C@@]3(F)CSC(N)=N4)c2)cn1,CHEMBL5991735,150.0,150.0
C[C@H]1C[C@@]2(F)CSC(N)=N[C@@]2(c2cccc(NC(=O)c3ccc(Cl)cn3)c2)CO1,CHEMBL5962006,213.0,213.0
COc1cnc(C(=O)Nc2cccc([C@]34CO[C@@H](C)C[C@@]3(F)CSC(N)=N4)c2)cn1,CHEMBL5796862,130.0,130.0
Cc1cnc(C(=O)Nc2cccc([C@]34CO[C@@H](C)C[C@@]3(F)CSC(N)=N4)c2)cn1,CHEMBL6020630,225.0,225.0
C[C@@H](NC(=O)c1cc(C(=O)N[C@@H](Cc2ccccc2)[C@@H](O)CNC2CC2)cc(N(C)S(C)(=O)=O)c1)c1ccccc1,CHEMBL5970298,266.0,266.0
O=C(NC1=N[C@@](c2cc(/C=C(\F)c3ccc(Br)cn3)ccc2F)(C(F)F)[C@H]2C[C@H]2O1)c1ccccc1,CHEMBL5814717,257.0,257.0
NC1=N[C@@](c2cc(/C=C(\F)c3ccc(Cl)cn3)ccc2F)(C(F)F)[C@H]2C[C@H]2O1,CHEMBL5857785,954.0,954.0
N#Cc1ccc(/C(F)=C/c2ccc(F)c([C@@]3(C(F)F)N=C(N)O[C@@H]4C[C@@H]43)c2)nc1,CHEMBL5897542,152.0,152.0
C[C@@]1(c2cc(/C=C(\F)c3ccc(Cl)cn3)ccc2F)CO[C@@](C)(C(F)(F)F)C(N)=N1,CHEMBL5878517,65.0,65.0
C[C@@]1(c2cc(/C=C(\F)c3ccc(C#N)cn3)ccc2F)CO[C@@](C)(C(F)(F)F)C(N)=N1,CHEMBL5903072,26.0,26.0
C[C@@]1(c2cc(/C=C(\F)c3cnc(C#N)cn3)ccc2F)CO[C@@](C)(C(F)(F)F)C(N)=N1,CHEMBL5873009,46.0,46.0
C[C@@]1(c2cc(/C=C(\F)c3cnc(OCC(F)(F)C(F)F)cn3)ccc2F)CO[C@@](C)(C(F)(F)F)C(N)=N1,CHEMBL5925354,666.0,666.0
C#CCOc1cnc(/C(F)=C/c2ccc(F)c([C@]3(C)CO[C@@](C)(C(F)(F)F)C(N)=N3)c2)cn1,CHEMBL5982790,50.0,50.0
C[C@@]1(c2cc(/C=C(\F)c3cnc(Cl)cn3)ccc2F)CO[C@@](C)(C(F)(F)F)C(N)=N1,CHEMBL5971840,118.0,118.0
C[C@]1(c2cc(/C=C(\F)c3ccc(C#N)cn3)ccc2F)N=C(N)OC[C@@H]1OCC(F)(F)F,CHEMBL5985739,125.0,125.0
C[C@]1(c2cc(/C=C(\F)c3cnc(Cl)cn3)ccc2F)N=C(N)OC[C@@H]1OCC(F)(F)F,CHEMBL5987777,341.0,341.0
C#CCOc1cnc(/C(F)=C/c2ccc(F)c([C@@]3(C)N=C(N)OC[C@@H]3OCC(F)(F)F)c2)cn1,CHEMBL5920176,152.0,152.0
C[C@]1(c2cc(/C=C(\F)c3cnc(C#N)cn3)ccc2F)N=C(N)OC[C@@H]1OCC(F)(F)F,CHEMBL5984878,119.0,119.0
CC#CCOc1cnc(/C(F)=C/c2ccc(F)c([C@@]3(C)N=C(N)OC[C@@H]3OCC(F)(F)F)c2)cn1,CHEMBL5940171,52.0,52.0
C[C@]1(c2cc(/C=C(\F)c3ccc(C#N)cn3)ccc2F)N=C(N)OCC1(F)F,CHEMBL6061946,256.0,256.0
C#CCOc1cnc(/C(F)=C/c2ccc(F)c([C@@]3(C)N=C(N)OCC3(F)F)c2)cn1,CHEMBL5798574,283.0,283.0
C[C@]1(c2nc(/C=C(\F)c3ccc(C#N)cn3)ccc2F)N=C(N)COC1(F)F,CHEMBL6017049,1050.0,1050.0
C[C@@]1(c2nc(/C=C(\F)c3ccc(C#N)cn3)ccc2F)CO[C@@](C)(C(F)(F)F)C(N)=N1,CHEMBL5845218,149.0,149.0
C[C@@]1(c2cc(/C=C(\F)c3ccc(Cl)cn3)ccc2F)CS(=O)(=O)C2(CCC2)C(N)=N1,CHEMBL5914524,10.0,10.0
C[C@]1(c2cc(/C=C(\F)c3ccc(Br)cn3)ccc2F)N=C(N)[C@]2(CF)CC[C@@H]1S2(=O)=O,CHEMBL5832115,5.0,5.0
C[C@]1(c2cc(/C=C(\F)c3ccc(C#N)cn3)ccc2F)N=C(N)[C@]2(CF)CC[C@@H]1S2(=O)=O,CHEMBL6025214,5.0,5.0
C[C@@]1(c2cc(/C=C(\F)c3ccc(C#N)cn3)ccc2F)CS(=O)(=O)C2(CCC2)C(N)=N1,CHEMBL5833604,3.0,3.0
CN1C(NC(=O)OC(C)(C)C)=N[C@](C)(c2cc(/C=C(\F)c3ccc(Cl)cn3)ccc2F)CS1(=O)=O,CHEMBL5985565,3.0,3.0
CN1C(N)=N[C@](C)(c2cc(/C=C(\F)c3ccc(Br)cn3)cc(F)c2F)CS1(=O)=O,CHEMBL6046243,12.0,12.0
CN1C(N)=N[C@](C)(c2cc(/C=C(\F)c3ccc(C#N)cn3)ccc2F)CS1(=O)=O,CHEMBL5982194,1.0,1.0
CN1C(N)=N[C@](C)(c2cc(/C=C(\F)c3ccc(C#N)cn3)cc(F)c2F)CS1(=O)=O,CHEMBL6018938,3.0,3.0
C#CCOc1cnc(/C(F)=C/c2ccc(F)c([C@@]3(C)N=C(N)[C@]4(CF)CC[C@@H]3S4(=O)=O)c2)cn1,CHEMBL5765170,3.0,3.0
C[C@]1(c2cc(/C=C(\F)c3cnc(OCC(F)(F)F)cn3)ccc2F)N=C(N)[C@@]2(CF)CC[C@@H]1S2(=O)=O,CHEMBL5741970,28.0,28.0
CN1C(N)=N[C@](C)(c2cc(/C=C(\F)C3CCOCC3)cc(F)c2F)CS1(=O)=O,CHEMBL5767908,709.0,709.0
CN1C(N)=N[C@](C)(c2cc(/C=C(\F)c3cnc(Cl)cn3)ccc2F)CS1(=O)=O,CHEMBL6049095,7.0,7.0
CC1(C)C(N)=N[C@](C)(c2cc(/C=C(\F)c3ccc(C#N)cn3)ccc2F)CS1(=O)=O,CHEMBL6008509,2.0,2.0
CC1(C)C(N)=N[C@](C)(c2cc(/C=C(\F)c3ccc(Cl)cn3)ccc2F)CS1(=O)=O,CHEMBL5997899,9.0,9.0
Cc1noc(COc2cnc(/C(F)=C/c3ccc(F)c([C@@]4(C)N=C(N)[C@@]5(CF)CC[C@@H]4S5(=O)=O)c3)cn2)n1,CHEMBL5992392,22.0,22.0
CN1C(N)=N[C@](C)(c2cc(/C=C(\F)c3cnc(OCc4ncco4)cn3)ccc2F)CS1(=O)=O,CHEMBL5831784,3.0,3.0
CN1C(N)=N[C@](C)(c2cc(/C=C(\F)c3cnc(OCC(F)(F)F)cn3)ccc2F)CS1(=O)=O,CHEMBL5950193,23.0,23.0
C[C@]1(c2cc(/C=C(\F)c3cnc(OCC4CC4)cn3)ccc2F)N=C(N)[C@@]2(CF)CC[C@@H]1S2(=O)=O,CHEMBL5973884,35.0,35.0
Cc1nnc(COc2cnc(/C(F)=C/c3ccc(F)c([C@@]4(C)N=C(N)[C@@]5(CF)CC[C@@H]4S5(=O)=O)c3)cn2)o1,CHEMBL5941059,21.0,21.0
C[C@]1(c2cc(/C=C(\F)c3cnc(OCC(F)(F)C(F)F)cn3)ccc2F)N=C(N)[C@@]2(CF)CC[C@@H]1S2(=O)=O,CHEMBL5877299,37.0,37.0
COc1cnc(/C(F)=C/c2ccc(F)c([C@@]3(C)N=C(N)[C@@]4(CF)CC[C@@H]3S4(=O)=O)c2)cn1,CHEMBL6016346,98.0,98.0
CCOc1cnc(/C(F)=C/c2ccc(F)c([C@@]3(C)N=C(N)[C@@]4(CF)CC[C@@H]3S4(=O)=O)c2)cn1,CHEMBL6008412,54.0,54.0
CC1(C)C(N)=N[C@](C)(c2cc(/C=C(\F)c3cnc(OCC(F)(F)F)cn3)ccc2F)CS1(=O)=O,CHEMBL6006668,39.0,39.0
C=CCOc1cnc(/C(F)=C/c2ccc(F)c([C@@]3(C)N=C(N)[C@@]4(CF)CC[C@@H]3S4(=O)=O)c2)cn1,CHEMBL5918944,48.0,48.0
C[C@]1(c2cc(/C=C(\F)c3cnc(OCC4COC4)cn3)ccc2F)N=C(N)[C@@]2(CF)CC[C@@H]1S2(=O)=O,CHEMBL5761035,138.0,138.0
CN1C(N)=N[C@](C)(c2cc(/C=C(\F)c3ccc(C#N)cn3)ccc2F)C2(CC2)S1(=O)=O,CHEMBL5793625,6.0,6.0
C#C[C@H](C)Oc1cnc(/C(F)=C/c2ccc(F)c([C@@]3(C)N=C(N)[C@@]4(CF)CC[C@@H]3S4(=O)=O)c2)cn1,CHEMBL6028428,4.0,4.0
CC1(C)C(N)=N[C@](C)(c2cc(/C=C(\F)c3cnc(OCc4ncco4)cn3)ccc2F)CS1(=O)=O,CHEMBL5997567,7.0,7.0
COCCOc1cnc(/C(F)=C/c2ccc(F)c([C@@]3(C)N=C(N)[C@@]4(CF)CC[C@@H]3S4(=O)=O)c2)cn1,CHEMBL5758223,33.0,33.0
COC[C@H](C)Oc1cnc(/C(F)=C/c2ccc(F)c([C@@]3(C)N=C(N)[C@@]4(CF)CC[C@@H]3S4(=O)=O)c2)cn1,CHEMBL5769607,13.0,13.0
C[C@]1(c2cc(/C=C(\F)c3cnc(OCC4CCC4)cn3)ccc2F)N=C(N)[C@@]2(CF)CC[C@@H]1S2(=O)=O,CHEMBL6065570,38.0,38.0
C[C@]1(c2cc(/C=C(\F)c3cnc(OCCF)cn3)ccc2F)N=C(N)[C@@]2(CF)CC[C@@H]1S2(=O)=O,CHEMBL5815170,131.0,131.0
C[C@]1(c2cc(/C=C(\F)c3cnc(OCC(F)F)cn3)ccc2F)N=C(N)[C@@]2(CF)CC[C@@H]1S2(=O)=O,CHEMBL5967786,101.0,101.0
CCCOc1cnc(/C(F)=C/c2ccc(F)c([C@@]3(C)N=C(N)[C@@]4(CF)CC[C@@H]3S4(=O)=O)c2)cn1,CHEMBL6029364,86.0,86.0
COC(C)COc1cnc(/C(F)=C/c2ccc(F)c([C@@]3(C)N=C(N)[C@@]4(CF)CC[C@@H]3S4(=O)=O)c2)cn1,CHEMBL5761949,51.0,51.0
CC#CCOc1cnc(/C(F)=C/c2ccc(F)c([C@@]3(C)N=C(N)[C@@]4(CF)CC[C@@H]3S4(=O)=O)c2)cn1,CHEMBL6022062,1.0,1.0
C#CCOc1cnc(/C(F)=C/c2ccc(F)c([C@@]3(C)N=C(N)N(C)S(=O)(=O)C34CC4)c2)cn1,CHEMBL5957521,16.0,16.0
CN1C(N)=N[C@](C)(c2cc(/C=C(\F)c3cnc(Cl)cn3)ccc2F)C2(CC2)S1(=O)=O,CHEMBL5765853,49.0,49.0
CC1(C)C(N)=N[C@](C)(c2cc(/C=C(\F)c3cnc(OCC4CC4)cn3)ccc2F)CS1(=O)=O,CHEMBL5924314,154.0,154.0
CC1(C)C(N)=N[C@](C)(c2cc(/C=C(\F)c3cnc(OCC(F)(F)C(F)F)cn3)ccc2F)CS1(=O)=O,CHEMBL5987772,55.0,55.0
CC1(C)C(N)=N[C@](C)(c2cc(/C=C(\F)c3cnc(OCCC(F)(F)F)cn3)ccc2F)CS1(=O)=O,CHEMBL5778209,193.0,193.0
CC1(C)C(NC(=O)OCC2CCCC2)=N[C@](C)(c2cc(/C=C(\F)c3cnc(OCC4CCCC4)cn3)ccc2F)CS1(=O)=O,CHEMBL6007840,30.0,30.0
CC1(C)C(N)=N[C@](C)(c2cc(/C=C(\F)c3cnc(OCC4CCCC4)cn3)ccc2F)CS1(=O)=O,CHEMBL6050967,58.0,58.0
CN1C(N)=N[C@](C)(c2cc(/C=C(\F)c3cnc(OCC(F)(F)C(F)F)cn3)ccc2F)CS1(=O)=O,CHEMBL5895521,18.0,18.0
C#CCOc1cnc(/C(F)=C/c2ccc(F)c([C@]3(C)CS(=O)(=O)C4(CCC4)C(N)=N3)c2)cn1,CHEMBL6010325,2.0,2.0
CC1(C)C(N)=N[C@](C)(c2cc(/C=C(\F)c3cnc(OCC4CCCCC4)cn3)ccc2F)CS1(=O)=O,CHEMBL5888816,46.0,46.0
CN1C(N)=N[C@](C)(c2cc(/C=C(\F)c3ccc(Cl)cn3)cc(F)c2F)CS1(=O)=O,CHEMBL6057506,240.0,240.0
CC(C)(C#N)COc1cnc(/C(F)=C/c2ccc(F)c([C@]3(C)CS(=O)(=O)C(C)(C)C(N)=N3)c2)cn1,CHEMBL5849440,636.0,636.0
CC#CCOc1cnc(/C(F)=C/c2ccc(F)c([C@]3(C)CS(=O)(=O)C(C)(C)C(N)=N3)c2)cn1,CHEMBL5792097,1.0,1.0
CC1(C)C(N)=N[C@](C)(c2cc(/C=C(\F)c3cnc(OCCn4ccnc4)cn3)ccc2F)CS1(=O)=O,CHEMBL6041925,5135.0,5135.0
CC1(C)C(N)=N[C@](C)(c2cc(/C=C(\F)c3cnc(OCCn4cc(Br)cn4)cn3)ccc2F)CS1(=O)=O,CHEMBL5945710,96.0,96.0
CN1C(N)=N[C@](C)(c2cc(/C=C(\F)c3cnc(Cl)cn3)cc(F)c2F)CS1(=O)=O,CHEMBL5785877,1.0,1.0
CC1(C)C(N)=N[C@](C)(c2cc(/C=C(\F)c3cnc(Cl)cn3)ccc2F)CS1(=O)=O,CHEMBL6027279,4.0,4.0
C#C[C@H](C)Oc1cnc(/C(F)=C/c2ccc(F)c([C@]3(C)CS(=O)(=O)C(C)(C)C(N)=N3)c2)cn1,CHEMBL5754022,1.0,1.0
CC#CCOc1cnc(/C(F)=C/c2cc(F)c(F)c([C@]3(C)CS(=O)(=O)N(C)C(N)=N3)c2)cn1,CHEMBL6052230,1.0,1.0
CN1C(N)=N[C@](C)(c2cc(/C=C(\F)c3cnc(OCc4ncco4)cn3)cc(F)c2F)CS1(=O)=O,CHEMBL5810645,4.0,4.0
C#C[C@H](C)Oc1cnc(/C(F)=C/c2cc(F)c(F)c([C@]3(C)CS(=O)(=O)N(C)C(N)=N3)c2)cn1,CHEMBL5835702,1.0,1.0
CC#CCOc1cnc(/C(F)=C/c2ccc(F)c([C@]3(C)CS(=O)(=O)N(C)C(N)=N3)c2)cn1,CHEMBL5779417,1.0,1.0
CC1(C)C(N)=N[C@](C)(c2cc(/C=C(\F)c3cnc(C#N)cn3)ccc2F)CS1(=O)=O,CHEMBL5935344,2.0,2.0
COC(C)COc1cnc(/C(F)=C/c2ccc(F)c([C@]3(C)CS(=O)(=O)C(C)(C)C(N)=N3)c2)cn1,CHEMBL5998496,25.0,25.0
Cc1nnc(COc2cnc(/C(F)=C/c3ccc(F)c([C@]4(C)CS(=O)(=O)N(C)C(N)=N4)c3)cn2)o1,CHEMBL5886045,7.0,7.0
CC1(C)C(N)=N[C@](C)(c2cc(/C=C(\F)c3cnc(CC4CCC4)cn3)ccc2F)CS1(=O)=O,CHEMBL5885782,154.0,154.0
Cc1noc(COc2cnc(/C(F)=C/c3ccc(F)c([C@]4(C)CS(=O)(=O)C(C)(C)C(N)=N4)c3)cn2)n1,CHEMBL5856520,88.0,88.0
Cc1nnc(COc2cnc(/C(F)=C/c3ccc(F)c([C@]4(C)CS(=O)(=O)C(C)(C)C(N)=N4)c3)cn2)o1,CHEMBL5973315,111.0,111.0
C#C[C@@H](CC)Oc1cnc(/C(F)=C/c2ccc(F)c([C@]3(C)CS(=O)(=O)C(C)(C)C(N)=N3)c2)cn1,CHEMBL5998061,208.0,208.0
C#C[C@H](CC)Oc1cnc(/C(F)=C/c2ccc(F)c([C@]3(C)CS(=O)(=O)C(C)(C)C(N)=N3)c2)cn1,CHEMBL5808859,3.0,3.0
CN1C(N)=N[C@](C)(c2cc(/C=C(\F)c3cnc(OCC4COC4)cn3)ccc2F)CS1(=O)=O,CHEMBL6056328,176.0,176.0
CN1C(N)=N[C@](C)(c2cc(/C=C(\F)c3ccc(C#N)cn3)ccc2F)C(C)(C)S1(=O)=O,CHEMBL6000019,7.0,7.0
CN1C(N)=N[C@](C)(c2cc(/C=C(\F)c3cnc(C#N)cn3)ccc2F)C(C)(C)S1(=O)=O,CHEMBL5948258,7.0,7.0
CN1C(N)=N[C@](C)(c2cc(/C=C(\F)c3cnc(Cl)cn3)ccc2F)C(C)(C)S1(=O)=O,CHEMBL6031739,39.0,39.0
C#CCOc1cnc(/C(F)=C/c2ccc(F)c([C@@]3(C)N=C(N)N(C)S(=O)(=O)C3(C)C)c2)cn1,CHEMBL5749650,13.0,13.0
CC(C)(C)OC(=O)N(C(=O)OC(C)(C)C)C1=N[C@](C)(c2cc(B3OC(C)(C)C(C)(C)O3)ccc2F)CS(=O)(=O)C1(C)C,CHEMBL5884332,296.0,296.0
CC#CCOc1cnc(/C(F)=C/c2ccc(F)c([C@@]3(C)N=C(N)N(C)S(=O)(=O)C3(C)C)c2)cn1,CHEMBL6013571,2.0,2.0
C#C[C@H](C)Oc1cnc(/C(F)=C/c2ccc(F)c([C@@]3(C)N=C(N)N(C)S(=O)(=O)C3(C)C)c2)cn1,CHEMBL5910060,5.0,5.0
CN1C(N)=N[C@](C)(c2cc(/C=C(\F)c3cc4c(cn3)OCCO4)ccc2F)CS1(=O)=O,CHEMBL5853700,172.0,172.0
CC1(C)C(N)=N[C@](CF)(c2cc(/C=C(\F)c3ccc(C#N)cn3)ccc2F)CS1(=O)=O,CHEMBL5759175,13.0,13.0
CC1(C)C(N)=N[C@](CF)(c2cc(/C=C(\F)c3cnc(Cl)cn3)ccc2F)CS1(=O)=O,CHEMBL5972950,60.0,60.0
C#CCOc1cnc(/C(F)=C/c2ccc(F)c([C@]3(CF)CS(=O)(=O)C(C)(C)C(N)=N3)c2)cn1,CHEMBL5746831,6.0,6.0
CC1(C)C(N)=N[C@](C)(c2cc(/C=C(\F)c3cnc(Cl)cn3)ccc2F)C(F)(F)S1(=O)=O,CHEMBL5909980,128.0,128.0
CC1(C)C(N)=N[C@](C)(c2cc(/C=C(\F)c3ccc(C#N)cn3)cc(F)c2F)CS1(=O)=O,CHEMBL6043577,12.0,12.0
CC1(C)C(N)=N[C@](C)(c2cc(/C=C(\F)c3cnc(Cl)cn3)cc(F)c2F)CS1(=O)=O,CHEMBL5917560,121.0,121.0
CC#CCOc1cnc(/C(F)=C/c2ccc(F)c([C@]3(CF)CS(=O)(=O)C(C)(C)C(N)=N3)c2)cn1,CHEMBL5780624,7.0,7.0
C#C[C@H](C)Oc1cnc(/C(F)=C/c2ccc(F)c([C@]3(CF)CS(=O)(=O)C(C)(C)C(N)=N3)c2)cn1,CHEMBL5849062,11.0,11.0
CN1C(N)=N[C@](C)(c2cc(/C=C(\F)c3ccc4c(c3)OCCO4)ccc2F)CS1(=O)=O,CHEMBL5846922,583.0,583.0
CC1(C)C(N)=N[C@](C)(c2cc(/C=C(\F)c3ccc(C#N)cn3)cnc2F)CS1(=O)=O,CHEMBL5881315,33.0,33.0
CC#C[C@H](CC)Oc1cnc(/C(F)=C/c2ccc(F)c([C@]3(C)CS(=O)(=O)C(C)(C)C(N)=N3)c2)cn1,CHEMBL5929020,113.0,113.0
CC#C[C@@H](CC)Oc1cnc(/C(F)=C/c2ccc(F)c([C@]3(C)CS(=O)(=O)C(C)(C)C(N)=N3)c2)cn1,CHEMBL5901386,4.0,4.0
C#CCOc1cnc(/C(F)=C/c2ccc(F)c([C@@]3(C)N=C(N)C(C)(C)S(=O)(=O)[C@H]3F)c2)cn1,CHEMBL5905248,18.0,18.0
C#CCOc1cnc(/C(F)=C/c2ccc(F)c([C@@]3(C)N=C(N)C(C)(C)S(=O)(=O)[C@@H]3F)c2)cn1,CHEMBL5776774,6.0,6.0
C#CCOc1cnc(/C(F)=C/c2ccc(F)c([C@@]3(C)N=C(N)C(C)(C)S(=O)(=O)C3(F)F)c2)cn1,CHEMBL5924802,166.0,166.0
CC1(C)C(N)=N[C@](C)(c2cc(/C=C(\F)c3cnc(Cl)cn3)cnc2F)CS1(=O)=O,CHEMBL5802171,125.0,125.0
C#CCOc1cnc(/C(F)=C/c2cc(F)c(F)c([C@]3(C)CS(=O)(=O)C(C)(C)C(N)=N3)c2)cn1,CHEMBL5940860,5.0,5.0
C#CCOc1cnc(/C(F)=C/c2cnc(F)c([C@]3(C)CS(=O)(=O)C(C)(C)C(N)=N3)c2)cn1,CHEMBL6020703,5.0,5.0
CC#C[C@H](C)Oc1cnc(/C(F)=C/c2ccc(F)c([C@]3(C)CS(=O)(=O)C(C)(C)C(N)=N3)c2)cn1,CHEMBL6024223,507.0,507.0
CC#C[C@@H](C)Oc1cnc(/C(F)=C/c2ccc(F)c([C@]3(C)CS(=O)(=O)C(C)(C)C(N)=N3)c2)cn1,CHEMBL5965431,1.0,1.0
CC1(C)C(N)=N[C@](C)(c2cc(/C=C(\F)c3cnc(OCc4ccccc4)cn3)cnc2F)CS1(=O)=O,CHEMBL5797041,124.0,124.0
CC1(C)C(N)=N[C@](C)(c2cc(/C=C(\F)c3cnc(OCc4ccncc4)cn3)ccc2F)CS1(=O)=O,CHEMBL5866211,1720.0,1720.0
CC1(C)C(N)=N[C@](C)(c2cc(/C=C(\F)c3cnc(Oc4ccccc4)cn3)ccc2F)CS1(=O)=O,CHEMBL5960361,349.0,349.0
CN1C(N)=N[C@](C)(c2cc(/C=C(\F)c3ccc(C#N)cc3)ccc2F)CS1(=O)=O,CHEMBL5886132,15.0,15.0
CC1(C)C(N)=N[C@](C)(c2cc(/C=C(\F)c3cc4c(cn3)OCCO4)ccc2F)[C@H](F)S1(=O)=O,CHEMBL6060078,626.0,626.0
CC1(C)C(N)=N[C@](C)(c2cc(/C=C(\F)c3cc4c(cn3)OCCO4)ccc2F)[C@@H](F)S1(=O)=O,CHEMBL5739806,225.0,225.0
CC1(C)C(N)=N[C@](C)(c2cc(/C=C(\F)c3cc4c(cn3)OCCO4)ccc2F)C(F)(F)S1(=O)=O,CHEMBL5755470,3135.0,3135.0
CCC#C[C@H](C)Oc1cnc(/C(F)=C/c2ccc(F)c([C@]3(C)CS(=O)(=O)C(C)(C)C(N)=N3)c2)cn1,CHEMBL5812511,628.0,628.0
CCC#C[C@@H](C)Oc1cnc(/C(F)=C/c2ccc(F)c([C@]3(C)CS(=O)(=O)C(C)(C)C(N)=N3)c2)cn1,CHEMBL6035773,9.0,9.0
C[C@H](O)COc1cnc(/C(F)=C/c2ccc(F)c([C@]3(C)CS(=O)(=O)C(C)(C)C(N)=N3)c2)cn1,CHEMBL5897589,180.0,180.0
C[C@@H](O)COc1cnc(/C(F)=C/c2ccc(F)c([C@]3(C)CS(=O)(=O)C(C)(C)C(N)=N3)c2)cn1,CHEMBL5873134,136.0,136.0
CN1C(N)=N[C@](C)(c2cc(/C=C(\F)c3cnc(OCc4cscn4)cn3)cc(F)c2F)CS1(=O)=O,CHEMBL5774887,14.0,14.0
Cc1cc(COc2cnc(/C(F)=C/c3cc(F)c(F)c([C@]4(C)CS(=O)(=O)N(C)C(N)=N4)c3)cn2)on1,CHEMBL6017754,38.0,38.0
CN1C(N)=N[C@](C)(c2cc(/C=C(\F)c3cc(=O)c(Cl)c[nH]3)ccc2F)CS1(=O)=O,CHEMBL6031670,1565.0,1565.0
Cc1cc(COc2cnc(/C(F)=C/c3cc(F)c(F)c([C@]4(C)CS(=O)(=O)N(C)C(N)=N4)c3)cn2)no1,CHEMBL5790981,61.0,61.0
Cc1noc(COc2cnc(/C(F)=C/c3cc(F)c(F)c([C@]4(C)CS(=O)(=O)N(C)C(N)=N4)c3)cn2)n1,CHEMBL5852113,40.0,40.0
CN1C(N)=N[C@](C)(c2cc(/C=C(\F)c3cnc(OCc4cocn4)cn3)cc(F)c2F)CS1(=O)=O,CHEMBL5890981,8.0,8.0
CN1C(N)=N[C@](C)(c2cc(/C=C(\F)c3cc(F)c(C#N)cn3)ccc2F)CS1(=O)=O,CHEMBL5858109,7.0,7.0
C=CCOc1cnc(/C(F)=C/c2cc(F)c(F)c([C@]3(C)CS(=O)(=O)N(C)C(N)=N3)c2)cn1,CHEMBL5847267,46.0,46.0
CN1C(N)=N[C@](C)(c2cc(/C=C(\F)c3cnc(OCc4ncccn4)cn3)cc(F)c2F)CS1(=O)=O,CHEMBL5849219,28.0,28.0
Cc1nc(COc2cnc(/C(F)=C/c3cc(F)c(F)c([C@]4(C)CS(=O)(=O)N(C)C(N)=N4)c3)cn2)no1,CHEMBL5910089,8.0,8.0
COc1cc(/C(F)=C/c2ccc(F)c([C@]3(C)CS(=O)(=O)N(C)C(N)=N3)c2)ncc1Cl,CHEMBL5917093,179.0,179.0
CN1C(N)=N[C@](C)(c2cc(/C=C(\F)c3cc(C#N)c(Cl)cn3)ccc2F)CS1(=O)=O,CHEMBL5794570,84.0,84.0
CN1C(N)=N[C@](C)(c2cc(/C=C(\F)c3cc(F)c(Cl)cn3)ccc2F)CS1(=O)=O,CHEMBL5810371,7.0,7.0
Cc1nnc(COc2cnc(/C(F)=C/c3cc(F)c(F)c([C@]4(C)CS(=O)(=O)N(C)C(N)=N4)c3)cn2)o1,CHEMBL5901059,60.0,60.0
CN1C(N)=N[C@](C)(c2cc(/C=C(\F)c3ncc4c(n3)OCCO4)ccc2F)CS1(=O)=O,CHEMBL5842528,392.0,392.0
C[C@@H]1COc2nc(/C(F)=C/c3ccc(F)c([C@]4(C)CS(=O)(=O)N(C)C(N)=N4)c3)ncc2O1,CHEMBL5784565,268.0,268.0
C[C@H]1COc2cnc(/C(F)=C/c3ccc(F)c([C@]4(C)CS(=O)(=O)N(C)C(N)=N4)c3)nc2O1,CHEMBL5900095,1125.0,1125.0
Cc1csc(COc2cnc(/C(F)=C/c3cc(F)c(F)c([C@]4(C)CS(=O)(=O)N(C)C(N)=N4)c3)cn2)n1,CHEMBL6016750,4.0,4.0
Cc1nc(COc2cnc(/C(F)=C/c3cc(F)c(F)c([C@]4(C)CS(=O)(=O)N(C)C(N)=N4)c3)cn2)c(C)o1,CHEMBL5881733,6.0,6.0
CN1C(N)=N[C@](C)(c2cc(/C=C(\F)c3cc4c(cn3)OCCC4)ccc2F)CS1(=O)=O,CHEMBL6048883,530.0,530.0
CN1C(N(C(=O)OC(C)(C)C)C(=O)OC(C)(C)C)=N[C@](C)(c2cc(/C=C(\F)c3ccc(F)cn3)ccc2F)CS1(=O)=O,CHEMBL5964909,34.0,34.0
COc1cnc(/C(F)=C/c2ccc(F)c([C@]3(C)CS(=O)(=O)N(C)C(N)=N3)c2)cn1,CHEMBL5922597,107.0,107.0
CN1C(N)=N[C@](C)(c2cc(/C=C(\F)c3ncc(C(F)(F)F)cc3Cl)ccc2F)CS1(=O)=O,CHEMBL5892206,5.0,5.0
CCOC(=O)COc1cnc(/C(F)=C/c2cc(F)c(F)c([C@]3(C)CS(=O)(=O)N(C)C(N)=N3)c2)cn1,CHEMBL5757794,113.0,113.0
CN1C(N)=N[C@](C)(c2cc(/C=C(\F)c3ccc(C(F)(F)F)cn3)ccc2F)CS1(=O)=O,CHEMBL6035751,6.0,6.0
Cc1cc(C#N)cnc1/C(F)=C/c1ccc(F)c([C@]2(C)CS(=O)(=O)N(C)C(N)=N2)c1,CHEMBL6046541,5.0,5.0
Cc1cnc(COc2cnc(/C(F)=C/c3cc(F)c(F)c([C@]4(C)CS(=O)(=O)N(C)C(N)=N4)c3)cn2)o1,CHEMBL5896526,9.0,9.0
CN1C(N)=N[C@](C)(c2cc(/C=C(\F)c3ccc(Br)cn3)ccc2F)CS1(=O)=O,CHEMBL5963873,6.0,6.0
CN1C(N)=N[C@](C)(c2cc(/C=C(\F)c3cnc(C#CC4CC4)cn3)ccc2F)CS1(=O)=O,CHEMBL5904390,3.0,3.0
CN1C(N)=N[C@](C)(c2cc(/C=C(\F)c3cnc(OCc4nccn4C)cn3)cc(F)c2F)CS1(=O)=O,CHEMBL5761277,682.0,682.0
CN1C(N)=N[C@](C)(c2cc(/C=C(\F)c3cc4nccnc4cn3)ccc2F)CS1(=O)=O,CHEMBL5829243,4000.0,4000.0
CN1C(N)=N[C@](C)(c2cc(/C=C(\F)c3cnc(OCC#CCO)cn3)ccc2F)CS1(=O)=O,CHEMBL5939840,10.0,10.0
CN1C(N)=N[C@](C)(c2cc(/C=C(\F)c3ncc(C#N)s3)ccc2F)CS1(=O)=O,CHEMBL5881456,13.0,13.0
CN1C(N)=N[C@](C)(c2cc(/C=C(\F)c3cnc(OCC#CCF)cn3)ccc2F)CS1(=O)=O,CHEMBL5966038,7.0,7.0
CN1C(N)=N[C@](C)(c2cc(/C=C(\F)c3ccc4c(n3)OCCO4)ccc2F)CS1(=O)=O,CHEMBL5798921,3835.0,3835.0
CN1C(N)=N[C@](C)(c2cc(/C=C(\F)c3ccc(C#N)s3)ccc2F)CS1(=O)=O,CHEMBL5824908,35.0,35.0
CN1C(N)=N[C@](C)(c2cc(/C=C(\F)c3cc4c(cn3)OCO4)ccc2F)CS1(=O)=O,CHEMBL5884186,207.0,207.0
CN1C(N)=N[C@](C)(c2cc(/C=C(\F)c3ccc(OC(F)(F)F)cn3)ccc2F)CS1(=O)=O,CHEMBL6036861,6.0,6.0
CN1C(N)=N[C@](C)(c2cc(/C=C(\F)c3cc4ccccc4cn3)ccc2F)CS1(=O)=O,CHEMBL5976423,272.0,272.0
CN1C(N)=N[C@](C)(c2cc(/C=C(\F)c3cc4cc(Cl)ccc4cn3)ccc2F)CS1(=O)=O,CHEMBL5834095,552.0,552.0
CC1(C)C(N)=N[C@@]2(c3cc(/C=C(\F)c4ccc(C#N)cn4)ccc3F)CO[C@H]2S1(=O)=O,CHEMBL5981001,2.0,2.0
CC1(C)C(N)=N[C@](C)(c2cc(/C=C(\F)c3ccc(F)cn3)ccc2F)CS1(=O)=O,CHEMBL5881641,47.0,47.0
COc1cnc(/C(F)=C/c2ccc(F)c([C@]3(C)CS(=O)(=O)C(C)(C)C(N)=N3)c2)cn1,CHEMBL6004148,189.0,189.0
CC1(C)C(N)=N[C@](C)(c2cc(/C=C(\F)c3ncc(C(F)(F)F)cc3Cl)ccc2F)CS1(=O)=O,CHEMBL5742445,10.0,10.0
CC1(C)C(N)=N[C@](C)(c2cc(/C=C(\F)c3ccc(C(F)(F)F)cn3)ccc2F)CS1(=O)=O,CHEMBL6007924,8.0,8.0
CN1C(N)=N[C@](C)(c2cc(/C=C(\F)c3cnc(C4CC4)cn3)ccc2F)CS1(=O)=O,CHEMBL5917057,750.0,750.0
CN1C(N)=N[C@](C)(c2cc(/C=C(\F)c3nc(C#N)cs3)ccc2F)CS1(=O)=O,CHEMBL5772727,26.0,26.0
CC1(C)C(N)=N[C@](C)(c2cc(/C=C(\F)c3ncc(C#N)cc3Cl)ccc2F)CS1(=O)=O,CHEMBL5860302,7.0,7.0
CN1C(N)=N[C@](C)(c2cc(/C=C(\F)c3ncc(C#N)cc3Cl)ccc2F)CS1(=O)=O,CHEMBL6011711,2.0,2.0
CN1C(N)=N[C@](C)(c2cc(/C=C(\F)c3ccc(F)cn3)ccc2F)CS1(=O)=O,CHEMBL5993989,75.0,75.0
COc1cnc(/C(F)=C/c2cc(F)c(F)c([C@]3(C)CS(=O)(=O)N(C)C(N)=N3)c2)cn1,CHEMBL5948352,170.0,170.0
CN1C(N)=N[C@](C)(c2cc(/C=C(\F)c3ncc(C(F)(F)F)cc3Cl)cc(F)c2F)CS1(=O)=O,CHEMBL5753994,4.0,4.0
CN1C(N)=N[C@](C)(c2cc(/C=C(\F)c3ccc(C(F)(F)F)cn3)cc(F)c2F)CS1(=O)=O,CHEMBL5962513,7.0,7.0
Cc1cc(C#N)cnc1/C(F)=C/c1ccc(F)c([C@]2(C)CS(=O)(=O)C(C)(C)C(N)=N2)c1,CHEMBL5815792,6.0,6.0
CN1C(N)=N[C@](C)(c2cc(/C=C(\F)c3ncc(C#N)cc3Cl)cc(F)c2F)CS1(=O)=O,CHEMBL5812808,2.0,2.0
C[C@]1(c2cc(/C=C(\F)C3CCOC3)ccc2F)N=C(N)[C@@]2(CF)CC[C@@H]1S2(=O)=O,CHEMBL6011149,251.0,251.0
C[C@]1(c2cc(/C=C(/F)C3CCCO3)ccc2F)N=C(N)[C@@]2(CF)CC[C@@H]1S2(=O)=O,CHEMBL5802250,1113.0,1113.0
CC1(C)C(N)=N[C@](C)(c2cc(/C=C/c3ccc(Cl)cc3)ccc2F)CS1(=O)=O,CHEMBL5924195,56.0,56.0
Cc1cc(C2(c3cc(F)cc(F)c3)N=C(N)N(C)C2=O)ccc1OC(F)F,CHEMBL5889291,530.0,530.0
Cc1cc(C2(c3cccc(F)c3)N=C(N)N(C)C2=O)ccc1OC(F)F,CHEMBL5852165,150.0,150.0
Cc1cc(F)cc(C2(c3ccc(OC(F)F)c(C)c3)N=C(N)N(C)C2=O)c1,CHEMBL5766516,710.0,710.0
Cc1cc(C2(c3cccc(Cl)c3)N=C(N)N(C)C2=O)ccc1OC(F)F,CHEMBL5760230,320.0,320.0
Cc1cc(C2(c3cc(F)cc(Cl)c3)N=C(N)N(C)C2=O)ccc1OC(F)F,CHEMBL5863613,570.0,570.0
Cc1cccc(C2(c3ccc(OC(F)F)c(C)c3)N=C(N)N(C)C2=O)c1,CHEMBL5744763,130.0,130.0
Cc1cc(C2(c3cccc(C(F)(F)F)c3)N=C(N)N(C)C2=O)ccc1OC(F)F,CHEMBL5921251,380.0,380.0
Cc1cc(C2(c3cnn(C)c3)N=C(N)N(C)C2=O)ccc1OC(F)F,CHEMBL5903903,2000.0,2000.0
Cc1cc(C2(c3cccc(F)c3)N=C(N)N(C)C2=O)ccc1OC(C)F,CHEMBL5807126,4000.0,4000.0
Cc1cc(C2(c3cccc(-c4cccnc4)c3)N=C(N)N(C)C2=O)ccc1OC(F)F,CHEMBL5953243,70.0,70.0
Cc1cc(C2(c3cncnc3)N=C(N)N(C)C2=O)ccc1OC(F)F,CHEMBL5957562,10000.0,10000.0
Cc1cc(C2(c3cncc(F)c3)N=C(N)N(C)C2=O)ccc1OC(F)F,CHEMBL6064137,150.0,150.0
Cc1cc(C2(c3cocn3)N=C(N)N(C)C2=O)ccc1OC(F)F,CHEMBL5854272,10000.0,10000.0
Cc1cc(C2(c3cccc(F)c3)N=C3NCCC(c4ccccc4)N3C2=O)ccc1OC(F)F,CHEMBL6008392,2300.0,2300.0
COCc1cccc(C2(c3ccc(OC(F)I)c(C)c3)N=C(N)N(C)C2=O)c1,CHEMBL5986481,300.0,300.0
Cc1cc(C2(c3ccnc(F)c3)N=C(N)N(C)C2=O)ccc1OC(F)F,CHEMBL5961448,1200.0,1200.0
Cc1cc(C2(c3ccc(OC(F)F)c(C)c3)N=C(N)N(C)C2=O)ccn1,CHEMBL5760035,1400.0,1400.0
COc1cc(C2(c3ccc(OC(F)F)c(C)c3)N=C(N)N(C)C2=O)ccn1,CHEMBL5769853,4800.0,4800.0
COCc1cc(C2(c3ccc(OC(F)F)c(C)c3)N=C(N)N(C)C2=O)ccn1,CHEMBL5847765,2000.0,2000.0
Cc1cc(C2(C3CCCCC3)N=C(N)N(C)C2=O)ccc1OC(F)F,CHEMBL5844372,1500.0,1500.0
CNCc1cccc(C2(c3ccc(OC(F)F)c(C)c3)N=C(N)N(C)C2=O)c1,CHEMBL5770355,60.0,60.0
CN1C(=O)C(c2ccccc2)(c2cc(F)cc(F)c2)N=C1N,CHEMBL5800721,2670.0,2670.0
CN1C(=O)C(c2ccc(OC(F)F)cc2)(c2cc(F)cc(F)c2)N=C1N,CHEMBL5996824,2130.0,2130.0
Cc1cc(C2(c3cc(N)cc(F)c3)N=C(N)N(C)C2=O)ccc1OC(F)F,CHEMBL5788412,530.0,530.0
CN1C(=O)C(c2cc(F)cc(F)c2)(c2cccc(OC(F)F)c2)N=C1N,CHEMBL5785587,2230.0,2230.0
Cc1cc(C)cc(C2(c3cc(F)cc(F)c3)N=C(N)N(C)C2=O)c1,CHEMBL6046308,6460.0,6460.0
COc1ccc(C2(c3cc(F)cc(F)c3)N=C(N)N(C)C2=O)cc1C,CHEMBL6030218,600.0,600.0
COc1ccc(C2(c3ccc(F)cc3F)N=C(N)N(C)C2=O)cc1C,CHEMBL6036551,2300.0,2300.0
COc1ccc(C2(c3cc(C)c(F)cc3F)N=C(N)N(C)C2=O)cc1C,CHEMBL5922304,1400.0,1400.0
Cc1cc(C2(c3cc(F)cc(F)c3)N=C(N)N(C)C2=O)ccc1F,CHEMBL5762224,1600.0,1600.0
COc1ccc(C2(c3cc(F)cc(F)c3)N=C(N)N(C)C2=O)cn1,CHEMBL6054062,1800.0,1800.0
COc1ccc(C2(c3cc(F)cc(F)c3)N=C(N)N(C)C2=O)cc1F,CHEMBL5752770,2600.0,2600.0
CN1C(=O)C(c2cc(F)cc(F)c2)(c2ccc(F)c(F)c2)N=C1N,CHEMBL5855964,1500.0,1500.0
CN1C(=O)C(c2cc(F)cc(F)c2)(c2ccnc(F)c2)N=C1N,CHEMBL5899724,2000.0,2000.0
Cc1cc(C2(c3ccccc3)N=C(N)N(C)C2=O)ccc1OC(F)F,CHEMBL5938565,180.0,180.0
Cc1cc(C2(c3cc(F)c(F)c(F)c3)N=C(N)N(C)C2=O)ccc1OC(F)F,CHEMBL5814225,960.0,960.0
Cc1cc(C2(c3cccc(C(C)C)c3)N=C(N)N(C)C2=O)ccc1OC(F)F,CHEMBL5775861,11000.0,11000.0
Cc1cc(C2(c3cccc(F)c3)N=C(N)N(Cc3ccccc3)C2=O)ccc1OC(F)F,CHEMBL5747878,2300.0,2300.0
Cc1cc(C2(c3cccc(-c4cnco4)c3)N=C(N)N(C)C2=O)ccc1OC(F)F,CHEMBL5963184,140.0,140.0
COCc1cccc(C2(c3ccc(OC(F)F)c(C)c3)N=C(N)N(C)C2=O)c1,CHEMBL6029421,300.0,300.0
CC#Cc1cc(C2(c3ccc(OC(F)F)c(C)c3)N=C(N)N(C)C2=O)ccn1,CHEMBL5940574,240.0,240.0
CNCc1cccc(C2(c3ccc(OC(F)CF)c(C)c3)N=C(N)N(C)C2=O)c1,CHEMBL6033166,370.0,370.0
CNCCc1cccc(C2(c3ccc(OC(F)F)c(C)c3)N=C(N)N(C)C2=O)c1,CHEMBL6064929,1180.0,1180.0
Cc1cc(C2(c3cccc(C4CNC4)c3)N=C(N)N(C)C2=O)ccc1OC(F)CF,CHEMBL5882638,3200.0,3200.0
Cc1cc(C2(c3cccc(-c4cncnc4)c3)N=C(N)N(C)C2=O)ccc1OC(F)F,CHEMBL5807874,15.0,15.0
Cc1cc(C2(c3cccc(-c4cncc(F)c4)c3)N=C(N)N(C)C2=O)ccc1OC(F)F,CHEMBL5893528,18.0,18.0
Cc1cc(C2(C3CCN(C)CC3)N=C(N)N(C)C2=O)ccc1OC(F)CF,CHEMBL5929592,24250.0,24250.0
CCCC1CC(C2(C3=CC(C)=C(OC(F)F)C(C)C3)N=C(N)N(C)C2=O)CCN1C,CHEMBL5794140,16100.0,16100.0
Cc1cc(C2(c3cccc(-c4ccccc4)c3)N=C(N)N(C)C2=O)ccc1OC(F)F,CHEMBL6020187,870.0,870.0
CN1C(=O)C(c2ccc(OC(F)F)cc2)(c2cccc(-c3cncnc3)c2)N=C1N,CHEMBL6003414,10.0,10.0
Cc1cc(C2(c3ccncc3)N=C(N)N(C)C2=O)ccc1OC(F)F,CHEMBL5923222,2730.0,2730.0
Cc1cc(C2(C3CCNCC3)N=C(N)N(C)C2=O)ccc1OC(F)F,CHEMBL6026546,17650.0,17650.0
CCCc1cc(C2(c3ccc(OC(F)F)c(C)c3)N=C(N)N(C)C2=O)ccn1,CHEMBL5968835,1670.0,1670.0
CCCC1CC(C2(c3ccc(OC(F)F)c(C)c3)N=C(N)N(C)C2=O)CCN1,CHEMBL6024420,14880.0,14880.0
NC1=N[C@]2(c3cc(/C=C(\F)c4ccc(Cl)cn4)ccc3F)CN(c3ncc(F)cn3)C[C@@H]2CS1,CHEMBL5745495,847.0,847.0
NC1=N[C@@]2(c3cc(/C=C(\F)c4ccc(Cl)cn4)ccc3F)CN(c3ncc(F)cn3)C[C@H]2CS1,CHEMBL5981802,1.84,1.84
N#Cc1ccc(/C(F)=C/c2ccc(F)c([C@]34CN(c5ncc(F)cn5)C[C@H]3CSC(N)=N4)c2)nc1,CHEMBL6020648,0.241,0.241
N#Cc1ccc(/C(F)=C/c2ccc(F)c([C@@]34CN(c5ncc(F)cn5)C[C@@H]3CSC(N)=N4)c2)nc1,CHEMBL6017048,1.86,1.86
NC1=N[C@]2(c3cc(/C=C(\F)c4ccc(Cl)cn4)ccc3F)COC[C@@H]2CS1,CHEMBL5949068,804.0,804.0
NC1=N[C@@]2(c3cc(/C=C(\F)c4ccc(Cl)cn4)ccc3F)COC[C@H]2CS1,CHEMBL5915729,64.4,64.4
N#Cc1ccc(/C(F)=C/c2ccc(F)c([C@@]34COC[C@@H]3CSC(N)=N4)c2)nc1,CHEMBL5999020,502.0,502.0
N#Cc1ccc(/C(F)=C/c2ccc(F)c([C@]34COC[C@H]3CSC(N)=N4)c2)nc1,CHEMBL6015234,11.7,11.7
NC1=N[C@@]2(c3cc(/C=C(\F)c4cnc(Cl)cn4)ccc3F)CN(c3ncc(F)cn3)C[C@H]2CS1,CHEMBL6053650,2.71,2.71
C#CCOc1cnc(/C(F)=C/c2ccc(F)c([C@@]34CN(c5ncc(F)cn5)C[C@@H]3CSC(N)=N4)c2)cn1,CHEMBL5863499,0.149,0.149
Cc1noc(COc2cnc(/C(F)=C/c3ccc(F)c([C@@]45CN(c6ncc(F)cn6)C[C@@H]4CSC(N)=N5)c3)cn2)n1,CHEMBL6010169,1.56,1.56
N#Cc1cnc(/C(F)=C/c2ccc(F)c([C@]34CN(c5ncc(F)cn5)C[C@H]3CSC(N)=N4)c2)cn1,CHEMBL5972460,0.32,0.32
NC1=N[C@@]2(c3cc(/C=C(\F)c4cnc(OCC(F)(F)CF)cn4)ccc3F)CN(c3ncc(F)cn3)C[C@H]2CS1,CHEMBL5870830,108.0,108.0
NC1=N[C@@]2(c3cc(/C=C(\F)c4cnc(OCC(F)F)cn4)ccc3F)CN(c3ncc(F)cn3)C[C@H]2CS1,CHEMBL6047280,22.6,22.6
COC[C@H](C)Oc1cnc(/C(F)=C/c2ccc(F)c([C@]34CN(c5ncc(F)cn5)C[C@H]3CSC(N)=N4)c2)cn1,CHEMBL6028384,8.96,8.96
C#C[C@H](C)Oc1cnc(/C(F)=C/c2ccc(F)c([C@]34CN(c5ncc(F)cn5)C[C@H]3CSC(N)=N4)c2)cn1,CHEMBL5896944,1.01,1.01
C#CCOc1cnc(/C(F)=C/c2ccc(F)c([C@]34CN(C(=O)OC(C)(C)C)C[C@H]3CSC(N)=N4)c2)cn1,CHEMBL5779877,2.53,2.53
CC#CCOc1cnc(/C(F)=C/c2ccc(F)c([C@]34CN(c5ncc(F)cn5)C[C@H]3CSC(NC(=O)c3ccccc3)=N4)c2)cn1,CHEMBL5857457,0.287,0.287
C#CCOc1cnc(/C(F)=C/c2ccc(F)c([C@]34CN(C(C)=O)C[C@H]3CSC(N)=N4)c2)cn1,CHEMBL5769564,7.45,7.45
C#CCOc1cnc(/C(F)=C/c2ccc(F)c([C@]34CN(C(=O)CC(F)(F)F)C[C@H]3CSC(N)=N4)c2)cn1,CHEMBL6016673,9.45,9.45
C#CCOc1cnc(/C(F)=C/c2ccc(F)c([C@]34CN(c5ncccn5)C[C@H]3CSC(N)=N4)c2)cn1,CHEMBL6009196,0.186,0.186
C#CCOc1cnc(/C(F)=C/c2ccc(F)c([C@]34CN(C(=O)OC)C[C@H]3CSC(N)=N4)c2)cn1,CHEMBL5840128,1.59,1.59
C#CCOc1cnc(/C(F)=C/c2ccc(F)c([C@]34CN(C(=O)CC)C[C@H]3CSC(N)=N4)c2)cn1,CHEMBL5891292,2.36,2.36
C#CCOc1cnc(/C(F)=C/c2ccc(F)c([C@]34CN(C(=O)OCC)C[C@H]3CSC(N)=N4)c2)cn1,CHEMBL5870452,4.5,4.5
C#CCOc1cnc(/C(F)=C/c2ccc(F)c([C@]34CN(C(=O)OC(C)C)C[C@H]3CSC(N)=N4)c2)cn1,CHEMBL5905447,2.62,2.62
N#Cc1ccc(/C(F)=C/c2ccc(F)c([C@@]34CO[C@@H](C(F)(F)F)[C@@H]3CSC(N)=N4)c2)nc1,CHEMBL6005885,2540.0,2540.0
N#Cc1ccc(/C(F)=C/c2ccc(F)c([C@]34CO[C@H](C(F)(F)F)[C@H]3CSC(N)=N4)c2)nc1,CHEMBL5876664,20.1,20.1
C#CCOc1cnc(/C(F)=C/c2ccc(F)c([C@]34CO[C@H](C(F)(F)F)[C@H]3CSC(N)=N4)c2)cn1,CHEMBL5898826,103.0,103.0
N#Cc1cnc(/C(F)=C/c2ccc(F)c([C@]34CO[C@H](C(F)(F)F)[C@H]3CSC(N)=N4)c2)cn1,CHEMBL5871539,15.3,15.3
NC1=N[C@@]2(c3cc(/C=C(\F)c4ccc(OC(F)(F)F)cn4)ccc3F)CO[C@H](C(F)(F)F)[C@H]2CS1,CHEMBL5919992,108.0,108.0
COc1nc(N2C[C@H]3CSC(N)=N[C@@]3(c3cc(/C=C(\F)c4ccc(C#N)cn4)ccc3F)C2)nc(C)c1F,CHEMBL5817550,0.405,0.405
N#Cc1ccc(/C(F)=C/c2ccc(F)c([C@]34CO[C@H](CF)[C@H]3CSC(N)=N4)c2)nc1,CHEMBL5959464,3.83,3.83
NC1=N[C@@]2(c3cc(/C=C(\F)c4ccc(F)cn4)ccc3F)CO[C@H](C(F)(F)F)[C@H]2CS1,CHEMBL5813044,426.0,426.0
N#Cc1ccc(/C(F)=C/c2ccc(F)c([C@@]34CO[C@@H](CF)[C@@H]3CSC(N)=N4)c2)nc1,CHEMBL5746038,1215.0,1215.0
COc1nc(N2C[C@H]3CSC(N)=N[C@@]3(c3cc(/C=C(\F)c4ccc(C#N)cn4)ccc3F)C2)ncc1F,CHEMBL5961660,1.4,1.4
N#Cc1ccc(/C(F)=C/c2ccc(F)c([C@]34CN(c5ncccn5)C[C@H]3CSC(N)=N4)c2)nc1,CHEMBL5911160,4.3,4.3
COc1cnc(/C(F)=C/c2ccc(F)c([C@]34CO[C@H](C(F)(F)F)[C@H]3CSC(N)=N4)c2)cn1,CHEMBL5829579,622.0,622.0
NC1=N[C@@]2(c3cc(/C=C(\F)c4ncc(C(F)(F)F)cc4Cl)ccc3F)CO[C@H](C(F)(F)F)[C@H]2CS1,CHEMBL6011926,15.0,15.0
Cc1cc(C#N)cnc1/C(F)=C/c1ccc(F)c([C@]23CO[C@H](C(F)(F)F)[C@H]2CSC(N)=N3)c1,CHEMBL5951335,27.2,27.2
NC1=N[C@@]2(c3cc(/C=C(\F)c4ccc(C(F)(F)F)cn4)ccc3F)CO[C@H](C(F)(F)F)[C@H]2CS1,CHEMBL5885746,15.8,15.8
N#Cc1cnc(/C(F)=C/c2ccc(F)c([C@]34CO[C@H](C(F)(F)F)[C@H]3CSC(N)=N4)c2)c(Cl)c1,CHEMBL5820882,8.7,8.7
N#Cc1ccc(/C(F)=C/c2ccc(F)c([C@]34CO[C@H](C(F)(F)F)[C@H]3COC(N)=N4)c2)nc1,CHEMBL5791696,86.2,86.2
N#Cc1ccc(/C(F)=C/c2ccc(F)c([C@@]34CO[C@@H](C(F)(F)F)[C@@H]3COC(N)=N4)c2)nc1,CHEMBL6036862,9010.0,9010.0
N#Cc1ccc(/C(F)=C/c2ccc(F)c([C@]34CO[C@H](C(F)F)[C@H]3CSC(N)=N4)c2)nc1,CHEMBL5853142,21.6,21.6
N#Cc1ccc(/C(F)=C/c2ccc(F)c([C@@]34CO[C@@H](C(F)F)[C@@H]3CSC(N)=N4)c2)nc1,CHEMBL5755290,48.5,48.5
NC1=N[C@](CF)(c2cc(NC(=O)c3cnc(OCF)cn3)ccc2F)[C@H]2COCC[C@H]2O1,CHEMBL5849620,7.4,7.4
C[C@@H]1C[C@H]2OC(N)=N[C@](CF)(c3cc(NC(=O)c4cnc(OCF)cn4)ccc3F)[C@H]2CO1,CHEMBL5933363,14.8,14.8
CC[C@@H]1OCC[C@H]2OC(N)=N[C@](CF)(c3cc(NC(=O)c4cnc(OCF)cn4)ccc3F)[C@@H]12,CHEMBL5802667,15.5,15.5
NC1=N[C@](CF)(c2cc(NC(=O)c3cnc(OCF)cn3)ccc2F)[C@H]2[C@H](CF)OCC[C@H]2O1,CHEMBL6034413,10.7,10.7
C[C@@H]1OCC[C@H]2OC(N)=N[C@](CF)(c3cc(NC(=O)c4cnc(OCF)cn4)ccc3F)[C@@H]12,CHEMBL5963811,13.2,13.2
NC1=N[C@](CF)(c2cc(NC(=O)c3cnc(-n4cncn4)cn3)ccc2F)[C@H]2COCC[C@H]2O1,CHEMBL5750929,17.0,17.0
C[C@@H]1C[C@H]2OC(N)=N[C@](CF)(c3cc(NC(=O)c4cnc(-n5cncn5)cn4)ccc3F)[C@H]2CO1,CHEMBL6019589,8.7,8.7
C[C@@H]1C[C@H]2OC(N)=N[C@](CF)(c3cc(NC(=O)c4cnc(OCF)cn4)cc(F)c3F)[C@H]2CO1,CHEMBL5825745,17.4,17.4
C[C@@H]1C[C@H]2OC(N)=N[C@](CF)(c3cc(NC(=O)c4cnc(OCF)cn4)ccc3Cl)[C@H]2CO1,CHEMBL5982918,9.5,9.5
COc1cnc(C(=O)Nc2ccc(F)c([C@@]3(CF)N=C(N)O[C@@H]4CCOC[C@@H]43)c2)cn1,CHEMBL5763486,8.9,8.9
COc1cnc(C(=O)Nc2ccc(Cl)c([C@@]3(CF)N=C(N)O[C@@H]4C[C@@H](C)OC[C@@H]43)c2)cn1,CHEMBL5864114,11.2,11.2
COc1cnc(C(=O)Nc2ccc(F)c([C@@]3(CF)N=C(N)O[C@@H]4C[C@@H](C)OC[C@@H]43)c2)cn1,CHEMBL5937378,11.7,11.7
C[C@H]1COC[C@H]2[C@@H]1OC(N)=N[C@]2(CF)c1cc(NC(=O)c2cnc(OCF)cn2)ccc1F,CHEMBL5845861,4.3,4.3
C[C@@H]1COC[C@H]2[C@@H]1OC(N)=N[C@]2(CF)c1cc(NC(=O)c2cnc(OCF)cn2)ccc1F,CHEMBL6064050,26.0,26.0
NC1=N[C@](CF)(c2cc(NC(=O)c3cnc(OC(F)F)cn3)ccc2F)[C@H]2COCC[C@H]2O1,CHEMBL5929016,2.8,2.8
NC1=N[C@](CF)(c2cc(NC(=O)c3cnc(OCC(F)(F)F)cn3)ccc2F)[C@H]2COCC[C@H]2O1,CHEMBL5920661,8.1,8.1
NC1=N[C@](CF)(c2cc(NC(=O)c3ccc(OC(F)F)cn3)ccc2F)[C@H]2COCC[C@H]2O1,CHEMBL5886665,9.8,9.8
NC1=N[C@](CF)(c2cc(NC(=O)c3cnc(OCC(F)F)cn3)ccc2F)[C@H]2COCC[C@H]2O1,CHEMBL5807587,18.6,18.6
NC1=N[C@](CF)(c2cc(NC(=O)c3cnc(OCC4(F)CC4)cn3)ccc2F)[C@H]2COCC[C@H]2O1,CHEMBL5807385,10.0,10.0
C[C@@H]1C[C@H]2OC(N)=N[C@](CF)(c3cc(NC(=O)c4cnc(C(F)F)cn4)ccc3F)[C@H]2CO1,CHEMBL5984696,55.0,55.0
C[C@@H]1C[C@H]2OC(N)=N[C@](CF)(c3cc(NC(=O)c4cnc(OC(F)F)cn4)ccc3F)[C@H]2CO1,CHEMBL5912771,9.8,9.8
CC[C@@H]1OCC[C@H]2OC(N)=N[C@](CF)(c3cc(NC(=O)c4cnc(OC(F)F)cn4)ccc3F)[C@@H]12,CHEMBL5875042,5.9,5.9
C[C@@H]1C[C@H]2OC(N)=N[C@](CF)(c3cc(NC(=O)c4ccc(C(F)(F)F)cn4)ccc3F)[C@H]2CO1,CHEMBL5937764,19.1,19.1
Cc1cc(C(F)(F)F)cnc1C(=O)Nc1ccc(F)c([C@@]2(CF)N=C(N)O[C@@H]3C[C@@H](C)OC[C@@H]32)c1,CHEMBL5762501,16.6,16.6
C[C@@H]1C[C@H]2OC(N)=N[C@](CF)(c3cc(NC(=O)c4ncc(C(F)(F)F)cc4Cl)ccc3F)[C@H]2CO1,CHEMBL6024403,28.2,28.2
NC1=N[C@](CF)(c2cc(NC(=O)c3cnc(C(F)(F)F)cn3)ccc2F)[C@H]2COCC[C@H]2O1,CHEMBL5814149,33.9,33.9
NC1=N[C@](CF)(c2cc(NC(=O)c3cnc(C(F)F)cn3)ccc2F)[C@H]2COCC[C@H]2O1,CHEMBL6006870,21.9,21.9
NC1=N[C@](CF)(c2cc(NC(=O)c3ccc(C(F)(F)F)cn3)ccc2F)[C@H]2COCC[C@H]2O1,CHEMBL5822347,17.0,17.0
Cc1cc(C(F)(F)F)cnc1C(=O)Nc1ccc(F)c([C@@]2(CF)N=C(N)O[C@@H]3CCOC[C@@H]32)c1,CHEMBL5954331,14.2,14.2
NC1=N[C@](CF)(c2cc(NC(=O)c3ncc(C(F)(F)F)cc3Cl)ccc2F)[C@H]2COCC[C@H]2O1,CHEMBL5800358,20.0,20.0
CCOc1cnc(C(=O)Nc2ccc(F)c([C@@]3(CF)N=C(N)O[C@@H]4CCOC[C@@H]43)c2)cn1,CHEMBL5849252,22.4,22.4
NC1=N[C@](CF)(c2cc(NC(=O)c3cnc(OCF)cn3)ccc2F)[C@H]2COC3(CC3)C[C@H]2O1,CHEMBL5838055,21.9,21.9
O=C(O)c1cc2ccc(=O)oc2cc1O,CHEMBL6146623,340.0,0.34
COc1cc2ccc(=O)oc2cc1O,CHEMBL71851,159300.0,159.3
COc1cc2oc(=O)ccc2cc1O,CHEMBL390320,146400.0,146.4
Cc1cc(=O)oc2cc(Oc3ccc(Nc4c5c(nc6cc(Cl)ccc46)CCC5)cc3)ccc12,CHEMBL6170111,7990.0,7.99
COc1cccc2cc(C(=O)NCc3cnnn3Cc3ccccc3Cl)c(=O)oc12,CHEMBL6145969,96130.0,96.13
O=C(NCCCN1CCOCC1)c1cc2ccc(OCc3cn(Cc4cccc(Cl)c4Cl)nn3)cc2oc1=O,CHEMBL6152881,21130.0,21.13
COc1cc(Cn2cc(COc3ccc4ccc(=O)oc4c3C(C)=O)nn2)cc(OC)c1,CHEMBL6091955,10650.0,10.65
O=C(CN1C(=O)S/C(=C\c2c[nH]c3ccccc23)C1=O)Nc1nc2ccccc2s1,CHEMBL6160940,910.0,0.91
O=C(CN1C(=O)S/C(=C\c2c[nH]c3ccccc23)C1=O)Nc1nccs1,CHEMBL6120693,1180.0,1.18
O=C1S/C(=C\c2c[nH]c3ccccc23)C(=O)N1CNc1nc(-c2ccccc2)cs1,CHEMBL6143056,760.0,0.76
O=C1S/C(=C\c2ccccc2)C(=O)N1CNc1nc(-c2cc(Cl)cs2)c(Nc2ccccc2)s1,CHEMBL6134104,490.0,0.49
C/C=C1\SC(=O)N(CNc2nc(-c3cc(Cl)cs3)c(Nc3ccc(S(N)(=O)=O)cc3)s2)C1=O,CHEMBL6142321,510.0,0.51
COc1cc(/C=C/C(=O)Nc2ccc3sc(NCN4C(=O)CSC4=O)nc3c2)ccc1O,CHEMBL6149620,2420.0,2.42
O=C1S/C(=C\c2ccccc2)C(=O)N1c1csc(Nc2ccccc2)n1,CHEMBL6167518,10160.0,10.16
O=C1S/C(=C\c2c[nH]c3ccccc23)C(=O)N1c1csc(Nc2ccccc2)n1,CHEMBL6167102,19210.0,19.21
COc1cccc(-c2csc(NC(=O)CSc3nc(N)cc(N)n3)n2)c1,CHEMBL6151114,1400.0,1.4
N=C(N)N1C[C@H](OCc2cccc(-c3ccccc3)c2)C[C@H]1C(=O)Nc1cccc(-c2ccccc2)c1,CHEMBL6170459,432000.0,432.0
N=C(N)N1C[C@H](OCc2cccc(-c3ccccc3)c2)C[C@H]1C(=O)Nc1cccc2ccccc12,CHEMBL6161125,751000.0,751.0
N=C(N)N1C[C@H](OCc2ccc3ccccc3c2)C[C@H]1C(=O)Nc1cccc(-c2ccccc2)c1,CHEMBL6142113,613000.0,613.0
N=C(N)N1C[C@H](OCc2ccc3ccccc3c2)C[C@H]1C(=O)Nc1cccc2ccccc12,CHEMBL6149888,764000.0,764.0
Cc1ccccc1-c1cccc(CO[C@@H]2C[C@@H](C(=O)Nc3cccc(-c4ccccc4)c3)N(C(=N)N)C2)c1,CHEMBL6149498,165000.0,165.0
Cc1cccc(-c2cccc(CO[C@@H]3C[C@@H](C(=O)Nc4cccc(-c5ccccc5)c4)N(C(=N)N)C3)c2)c1,CHEMBL6175189,113000.0,113.0
Cc1ccc(-c2cccc(CO[C@@H]3C[C@@H](C(=O)Nc4cccc(-c5ccccc5)c4)N(C(=N)N)C3)c2)cc1,CHEMBL6170039,157000.0,157.0
CC(C)c1cccc(-c2cccc(CO[C@@H]3C[C@@H](C(=O)Nc4cccc(-c5ccccc5)c4)N(C(=N)N)C3)c2)c1,CHEMBL6148764,101000.0,101.0
COc1cccc(-c2cccc(CO[C@@H]3C[C@@H](C(=O)Nc4cccc(-c5ccccc5)c4)N(C(=N)N)C3)c2)c1,CHEMBL6150099,229000.0,229.0
N=C(N)N1C[C@H](OCc2cccc(-c3cccc(Br)c3)c2)C[C@H]1C(=O)Nc1cccc(-c2ccccc2)c1,CHEMBL6170003,61000.0,61.0
N=C(N)N1C[C@H](OCc2cccc(-c3cccc(F)c3)c2)C[C@H]1C(=O)Nc1cccc(-c2ccccc2)c1,CHEMBL6160204,144000.0,144.0
N#Cc1cccc(-c2cccc(CO[C@@H]3C[C@@H](C(=O)Nc4cccc(-c5ccccc5)c4)N(C(=N)N)C3)c2)c1,CHEMBL6145808,300000.0,300.0
Cc1cc(C)cc(-c2cccc(CO[C@@H]3C[C@@H](C(=O)Nc4cccc(-c5ccccc5)c4)N(C(=N)N)C3)c2)c1,CHEMBL6172317,109000.0,109.0
Cc1cc(-c2cccc(CO[C@@H]3C[C@@H](C(=O)Nc4cccc(-c5ccccc5)c4)N(C(=N)N)C3)c2)ccn1,CHEMBL6149650,1500000.0,1500.0
Cc1cncc(-c2cccc(CO[C@@H]3C[C@@H](C(=O)Nc4cccc(-c5ccccc5)c4)N(C(=N)N)C3)c2)c1,CHEMBL6146845,885000.0,885.0
Cn1cc(-c2cccc(CO[C@@H]3C[C@@H](C(=O)Nc4cccc(-c5ccccc5)c4)N(C(=N)N)C3)c2)cn1,CHEMBL6146038,686000.0,686.0
Cc1cccc(-c2cccc(CO[C@@H]3C[C@H](C(=O)Nc4cccc(-c5ccccc5)c4)N(C(=N)N)C3)c2)c1,CHEMBL6150263,400000.0,400.0
Cc1cccc(-c2cccc(CO[C@H]3C[C@@H](C(=O)Nc4cccc(-c5ccccc5)c4)N(C(=N)N)C3)c2)c1,CHEMBL6144801,241000.0,241.0
Cc1cccc(-c2cccc(CO[C@H]3C[C@H](C(=O)Nc4cccc(-c5ccccc5)c4)N(C(=N)N)C3)c2)c1,CHEMBL6167386,161000.0,161.0
Cc1ccccc1-c1cccc(NC(=O)[C@@H]2C[C@@H](OCc3cccc(-c4ccccc4)c3)CN2C(=N)N)c1,CHEMBL6148549,175000.0,175.0
Cc1cccc(-c2cccc(NC(=O)[C@@H]3C[C@@H](OCc4cccc(-c5ccccc5)c4)CN3C(=N)N)c2)c1,CHEMBL6169459,135000.0,135.0
Cc1ccc(-c2cccc(NC(=O)[C@@H]3C[C@@H](OCc4cccc(-c5ccccc5)c4)CN3C(=N)N)c2)cc1,CHEMBL6162883,117000.0,117.0
CC(C)c1ccc(-c2cccc(NC(=O)[C@@H]3C[C@@H](OCc4cccc(-c5ccccc5)c4)CN3C(=N)N)c2)cc1,CHEMBL6172599,124000.0,124.0
COc1ccc(-c2cccc(NC(=O)[C@@H]3C[C@@H](OCc4cccc(-c5ccccc5)c4)CN3C(=N)N)c2)cc1,CHEMBL6152914,192000.0,192.0
N=C(N)N1C[C@H](OCc2cccc(-c3ccccc3)c2)C[C@H]1C(=O)Nc1cccc(-c2ccc(F)cc2)c1,CHEMBL6150264,140000.0,140.0
N#Cc1ccc(-c2cccc(NC(=O)[C@@H]3C[C@@H](OCc4cccc(-c5ccccc5)c4)CN3C(=N)N)c2)cc1,CHEMBL6141919,139000.0,139.0
N=C(N)N1C[C@H](OCc2cccc(-c3ccccc3)c2)C[C@H]1C(=O)Nc1cccc(-c2ccc(C(F)(F)F)cc2)c1,CHEMBL6167878,107000.0,107.0
Cc1ccc(-c2cccc(NC(=O)[C@@H]3C[C@@H](OCc4cccc(-c5ccccc5)c4)CN3C(=N)N)c2)c(C)c1,CHEMBL6171051,150000.0,150.0
Cc1ccc(-c2cccc(NC(=O)[C@@H]3C[C@@H](OCc4cccc(-c5cccc(C)c5)c4)CN3C(=N)N)c2)cc1,CHEMBL6166885,94000.0,94.0
Nc1ccccc1C(=O)/C=C/c1cccc(Cl)c1Cl,CHEMBL6168950,2710.0,2.71
Nc1ccccc1C(=O)/C=C/c1cnc2ccccc2c1,CHEMBL6166087,16930.0,16.93
Nc1ccccc1C(=O)/C=C/c1ccc(Cl)nc1,CHEMBL6150674,8340.0,8.34
COc1ccc(NC(=O)C2CCN(Cc3ccccc3)CC2)cc1OC,CHEMBL6161618,243.0,243.0
COc1ccccc1NC(=O)C1CCN(Cc2ccccc2)CC1,CHEMBL6144349,277.0,277.0
COc1ccc(NC(=O)C2CCN(Cc3ccccc3)CC2)cc1,CHEMBL6173795,253.0,253.0
c1ccc2oc(CNCCCCCCCNc3c4c(cc5ccccc35)CCCC4)cc2c1,CHEMBL6170750,1350.0,1.35
COc1ccc2c(c1)C/C(=C/c1ccccc1-c1ccc3ccccc3c1)C2=O,CHEMBL4242359,101.0,101.0
CN(Cc1ccccc1)Cc1ccc(/C=C2/Cc3ccc(OCCCCCN4CCN(C(c5ccc(F)cc5)c5ccc(F)cc5)CC4)cc3C2=O)cc1,CHEMBL6151669,341.0,341.0
COc1ccc2c(c1)C/C(=C/c1ccccc1-c1ccccc1)C2=O,CHEMBL4243474,125.0,125.0
COc1ccc(-c2ccccc2/C=C2/Cc3cc(OC)ccc3C2=O)cc1,CHEMBL4244803,99.4,99.4
COc1ccc2c(c1)C/C(=C/c1ccccc1-c1ccc3nc(N)ccc3c1)C2=O,CHEMBL4240861,13.1,13.1
O=C(N/N=C/c1ccc([N+](=O)[O-])cc1)c1ccc(Cl)nc1,CHEMBL6141819,200.0,0.2
COc1ccc(/C=N/NC(=O)c2ccc(Cl)nc2)cc1OC,CHEMBL6152572,400.0,0.4
CCOc1cc(/C=N/NC(=O)c2ccc(Cl)nc2)ccc1O,CHEMBL6173905,700.0,0.7
COC(=O)c1ccc(/C=N/NC(=O)c2ccc(Cl)nc2)cc1,CHEMBL6172404,2800.0,2.8
COc1cc(/C=N/NC(=O)c2ccc(Cl)nc2)ccc1O,CHEMBL6165462,600.0,0.6
Clc1ccc(-c2nnc(CNC3CCN(Cc4ccccc4)CC3)o2)c(Cl)c1,CHEMBL6161637,250.0,0.25
Nc1c2c(nc3c1C(c1cccc([N+](=O)[O-])c1)C1=C(O3)C(=O)c3ccccc3C1=O)CCCC2,CHEMBL6188525,19600.0,19.6
COC(=O)c1cc(C)cc2sc3cccc(OC)c3c12,CHEMBL6190250,600.0,0.6
