Molecule ChEMBL ID,Smiles,Standard Value,Standard Units,pIC50
CHEMBL4216412,Cc1cc(C#N)cnc1C(=O)Nc1ccc(F)c([C@]2(C)C=C(C(F)F)OC(N)=N2)c1,63.9,nM,7.19
CHEMBL4204742,Cc1cc(C#N)cnc1C(=O)Nc1ccc(F)c([C@]2(C)C=C(CF)OC(N)=N2)c1,66.6,nM,7.18
CHEMBL1644466,COc1ccc(C2NC(=O)c3cc(cc(N(C)S(C)(=O)=O)c3)C(=O)N[C@H]([C@@H](O)C[C@H](C(=O)NCC(C)C)C(C)C)COCc3cccc2c3)cc1,3100.0,nM,5.51
CHEMBL4062699,[2H]C1([2H])OC(N)=N[C@]12c1cc(-c3cc(Cl)cc(C#N)c3)ccc1C[C@]21CC[C@@H](OC)CC1,4.8,nM,8.32
CHEMBL522778,CCCCNC(=O)[C@H](C)C[C@H](O)[C@@H]1CCCCCCCCCC(=O)N[C@@H](C)C(=O)N1,7600.0,nM,5.12
CHEMBL461603,CCCCNC(=O)[C@H](C)C[C@H](O)[C@@H]1C[C@H](C)CCCCCCCC(=O)N(C)[C@@H](C)C(=O)N1,2500.0,nM,5.6
CHEMBL3640258,COc1nc(N2C[C@H]3C(=O)N(C)C(N)=N[C@@]3(c3c(F)cccc3F)C2)nc(C)c1F,49.0,nM,7.31
CHEMBL3640263,COc1nc(N2C[C@H]3C(=O)N(C)C(N)=N[C@@]3(c3ccc(F)cc3)C2)nc(C)c1F,16.0,nM,7.8
CHEMBL3683807,NC1=N[C@@](CF)(c2cc(NC(=O)c3nn(C(F)F)cc3Cl)cc(F)c2F)[C@@H]2C[C@@H]2O1,21150.0,nM,4.67
CHEMBL3683814,Cc1ncc(Cl)nc1C(=O)Nc1ccc(F)c([C@]2(C(F)F)N=C(N)O[C@H]3C[C@H]32)c1,2510.0,nM,5.6
CHEMBL3683826,COc1cnc(C(=O)Nc2ccc(F)c([C@@]3(C(F)F)N=C(N)O[C@@H]4C[C@@H]43)c2)c(Cl)c1,56.8,nM,7.25
CHEMBL3683828,COc1cnc(C(=O)Nc2ccc(F)c([C@@]3(C(F)F)N=C(N)O[C@@H]4C[C@@H]43)c2)cn1,76.3,nM,7.12
CHEMBL3683830,NC1=N[C@@](c2cc(NC(=O)c3ccc(Br)cn3)ccc2F)(C(F)F)[C@H]2C[C@H]2O1,24.7,nM,7.61
CHEMBL3688818,CC(C)c1cc(C#N)cnc1C(=O)Nc1ccc(F)c([C@@]2(C(F)F)N=C(N)O[C@@H]3C[C@@H]32)c1,134.0,nM,6.87
CHEMBL3688821,COc1cc(C#N)cnc1C(=O)Nc1ccc(Cl)c([C@@]2(CF)N=C(N)O[C@@H]3C[C@@H]32)c1,81.0,nM,7.09
CHEMBL3688825,[C-]#[N+]c1cnc2c(c1)CC[C@H]2Nc1ccc(F)c([C@@]2(C(F)F)N=C(N)O[C@@H]3C[C@@H]32)c1,108.1,nM,6.97
CHEMBL3693250,NC1=N[C@@](c2cc(-n3cc(C#CC4CC4)cn3)ccc2F)(C(F)F)[C@H]2C[C@H]2O1,8625.0,nM,5.06
CHEMBL3703231,COc1cccnc1Nc1ccc2c(c1)C1(COC(N)=N1)C1(COC1)CO2,3750.0,nM,5.43
CHEMBL3703258,NC1=NC2(CO1)c1cc(-c3cncc(C4CC4)c3)ccc1OCC21CC1,3690.0,nM,5.43
CHEMBL3703253,CC1(C)Oc2ccc(-c3cncnc3)cc2C2(COC(N)=N2)C12COC2,397.0,nM,6.4
CHEMBL3703269,NC1=NC2(CO1)c1cc(-c3cncc(F)c3)ccc1OC1(CCC1)C21COC1,1750.0,nM,5.76
CHEMBL3703228,C#Cc1cncc(-c2ccc3c(c2)C2(COC(N)=N2)C2(COC2)CO3)c1,519.0,nM,6.29
CHEMBL3654216,Cn1ccc([C@H]2C[C@H]3CSC(N)=N[C@@]3(c3ccc(F)cc3F)CO2)n1,183.0,nM,6.74
CHEMBL3691366,NC1=N[C@@]2(c3ccccc3)COCC[C@H]2CS1,10400.0,nM,4.98
CHEMBL3691374,NC1=N[C@@]2(c3ccccc3F)CO[C@@H](COc3ncccn3)C[C@H]2CS1,8030.0,nM,5.09
CHEMBL3691364,NC1=N[C@@]2(c3ccccc3F)COCC[C@H]2CS1,7950.0,nM,5.1
CHEMBL3672695,CC1=N[C@]2(N=C1N)c1cc(OCCCF)ccc1C[C@]21CC[C@@H](OC(F)F)CC1,3.0,nM,8.52
CHEMBL4077530,CC(=O)N[C@@H](Cc1cc(F)cc(F)c1)[C@H](O)[C@H]1CO[C@@H](OCC(C)(C)C)[C@H](C)N1.Cl,79.0,nM,7.1
CHEMBL4085364,[2H]C1([2H])OC(N)=N[C@]12c1cc(-c3cncnc3)ccc1C[C@@]21C[C@@H](C)[C@H](OC)[C@@H](C)C1,1.5,nM,8.82
CHEMBL3673194,NC1=N[C@@]2(c3cc(CNCC(F)(F)F)c(F)cc3F)CO[C@@H](CF)C[C@H]2CS1,77.0,nM,7.11
CHEMBL4095483,Fc1ccc(-c2cnc(-c3cccc(-c4cnc(-c5c[nH]c6cc(OC(F)(F)F)ccc56)[nH]4)c3)[nH]2)cc1,180.0,nM,6.75
CHEMBL1221977,CN(C(=O)CCCn1c(N)nc2cc(Cl)ccc21)C1CCCCC1,26000.0,nM,4.58
CHEMBL1222238,CC[C@@H](CC(=O)NCC1CC1)n1c(N)nc2cc(Cl)ccc21,243000.0,nM,3.61
CHEMBL1222301,CC[C@@H](CC(=O)NCCC(C)(C)C)n1c(N)nc2cc(Cl)ccc21,95000.0,nM,4.02
CHEMBL1222368,CC[C@@H](CC(=O)N[C@@H](COC(C)(C)C)C(=O)O)n1c(N)nc2cc(Cl)ccc21,87000.0,nM,4.06
CHEMBL1221454,CC(C)C[C@@H](CC(=O)NCc1cccc(F)c1)n1c(N)nc2cc(Cl)ccc21,54000.0,nM,4.27
CHEMBL508791,Oc1cc(O)cc(Oc2c(O)cc(O)c3c2Oc2c(O)cc(Oc4c(O)cc(Oc5c(O)cc(O)c6c5Oc5c(O)cc(O)cc5O6)cc4O)cc2O3)c1,2210.0,nM,5.66
CHEMBL1092475,CN1C(=O)C(c2ccncc2)(c2cccc(-c3cccc(C#N)c3)c2)N=C1N,40.0,nM,7.4
CHEMBL1092787,CN1C(=O)C(c2ccncc2)(c2cccc(-c3cc(F)ccc3F)c2)N=C1N,50.0,nM,7.3
CHEMBL4066885,C[C@@]1(c2cc(CNCC(F)F)c(F)cc2F)CCSC(N)=N1,5890.0,nM,5.23
CHEMBL4091480,Cc1ccc(NCc2cc([C@]3(C)CCSC(N)=N3)c(F)cc2F)nc1,73500.0,nM,4.13
CHEMBL585286,CCCCOc1ccc(C2(C34CC5CC(CC(C5)C3)C4)N=C(N)N(C)C2=O)cc1,870.96,nM,6.06
CHEMBL260834,CC(C)(C)c1cccc(CNC[C@@H](O)[C@H](Cc2ccccc2)NC(=O)[C@@H]2CN(Cc3cc(F)cc(F)c3)C(=O)N2)c1,430.0,nM,6.37
CHEMBL206442,O=C(Nc1cc(Br)ccc1N1CCN(Cc2ccccc2)CC1)c1cc2ccccc2oc1=O,760.0,nM,6.12
CHEMBL3973828,COC1CCC2(CC1)Oc1ccccc1C21N=C(N)N(C)C1=O,1198.0,nM,5.92
CHEMBL3894131,COC1CCC2(CC1)Cc1ccc(-c3cccc(Cl)c3)cc1C21N=C(N)N(C(C)C)C1=O,53.2,nM,7.27
CHEMBL3894277,COC1CCC2(CC1)Cc1ccc(F)cc1C21N=C(N)N(C)C1=O,79.8,nM,7.1
CHEMBL5192629,NC1=N[C@](CF)(c2cc(-c3cnc(OCF)cn3)ccc2F)CCC1(F)F,8.9,nM,8.05
CHEMBL3922254,COC1CCC2(CC1)Cc1ccc(Br)cc1C21NC(=S)N(C2CCOCC2)C1=O,80.5,nM,7.09
CHEMBL3907602,COC1CCC2(CC1)Cc1ccc(-c3cnc(C)s3)cc1C21N=C(N)N(C)C1=O,14.0,nM,7.85
CHEMBL3656227,COCCN1C(=O)C2(N=C1N)c1cc(Cl)ccc1C[C@]21CC[C@@H](OC)CC1,88.0,nM,7.06
CHEMBL3703307,N#Cc1ncccc1-c1ccc2c(c1)C1(COC(N)=N1)C1(COC1)C1(CCC1)O2,1100.0,nM,5.96
CHEMBL3703244,NC1=NC2(c3cc(Br)ccc3OCC23CC3)c2cccc(F)c21,46900.0,nM,4.33
CHEMBL3703255,CC#Cc1cncc(-c2ccc3c(c2)C2(COC(N)=N2)C2(COC2)CO3)c1,157.0,nM,6.8
CHEMBL3703268,CC#Cc1cncc(-c2ccc3c(c2)C2(CSC(N)=N2)C2(COC2)CO3)c1,345.0,nM,6.46
CHEMBL3650779,CC1(C)Oc2ccc(-c3cc(F)cc(F)c3)cc2C2(COC(N)=N2)C12COC2,621.0,nM,6.21
CHEMBL3650785,CC1(C)Oc2ccc(-c3cc(F)cnc3Cl)cc2C2(COC(N)=N2)C12COC2,1130.0,nM,5.95
CHEMBL3650789,Cc1cc(-c2ccc3c(c2)C2(COC(N)=N2)C2(COC2)C(C)(C)O3)cnc1F,2800.0,nM,5.55
CHEMBL3650809,CC1(C)Oc2ccc(-c3ccc4nonc4c3)cc2C2(COC(N)=N2)C12COC2,1150.0,nM,5.94
CHEMBL3650826,Cc1cc(Cl)cnc1C(=O)Nc1ccc2c(c1)C1(COC(N)=N1)C1(COC1)C(C)(C)O2,109.0,nM,6.96
CHEMBL3650827,N#Cc1ccc(C(=O)Nc2ccc3c(c2)C2(COC(N)=N2)C2(CC2)CO3)nc1,380.0,nM,6.42
CHEMBL3962090,COC1CCC2(CC1)Cc1ccc(N3CCCC3)cc1C21N=C(N)N(C)C1=O,144.7,nM,6.84
CHEMBL3920879,COC1CCC2(CC1)Cc1ccc(OC(F)(F)C(F)F)cc1[C@@]21N=C(N)N(C)C1=O,495.6,nM,6.3
CHEMBL3981217,COC1CCC2(CC1)Cc1ccc(OC(F)F)cc1C21N=C(N)N(C)C1=O,55.4,nM,7.26
CHEMBL3893673,[C-]#[N+]c1ccc2c(c1)[C@@]1(N=C(C)C(N)=N1)[C@@]1(C2)C[C@@H](C)[C@H](O)[C@@H](C)C1,37.0,nM,7.43
CHEMBL3927865,CC#Cc1cncc(-c2ccc3c(c2)[C@@]2(N=C(C)C(N)=N2)[C@@]2(C3)C[C@@H](C)[C@H](OC)[C@@H](C)C2)c1,8.2,nM,8.09
CHEMBL3703233,CC1(C)Oc2ccc(NC(=O)c3ccc(F)cn3)cc2C2(COC(N)=N2)C12COC2,154.0,nM,6.81
CHEMBL4473740,CN(C)C(=O)[C@]12C[C@H]1[C@@](C)(c1cc(NC(=O)c3ccc(Cl)cn3)cc(F)c1F)N=C(N)S2,0.4,nM,9.4
CHEMBL373533,CCCN(CCC)C(=O)c1cc(C)cc(C(=O)N[C@@H](Cc2cc(F)cc(F)c2)[C@H](O)CNCc2cccc(I)c2)c1,5.0,nM,8.3
CHEMBL253165,CCCCN(CCCC)S(=O)(=O)CCC(=O)N[C@@H](Cc1ccccc1)[C@H](O)CNCc1cccc(OC)c1,130.0,nM,6.89
CHEMBL190644,CCOCCCNC(=O)c1cc(NC(=O)Nc2cccc(Cl)c2)ccc1N(C)C,97.0,nM,7.01
CHEMBL1770312,CC(C)=CCc1c(-c2ccc(O)c3c2OC(C)(C)C=C3)oc2cc(O)cc(O)c2c1=O,5300.0,nM,5.28
CHEMBL566415,CN1C(=O)C(c2cccc(-c3cccnc3)c2)(c2ccc3c(c2)OCO3)N=C1N,250.0,nM,6.6
CHEMBL461660,CS(=O)(=O)Nc1cc(Nc2cc(-c3ccccc3)ncn2)ccc1Cl,16000.0,nM,4.8
CHEMBL511187,CS(=O)(=O)Nc1cc(Nc2cc(-c3ccccc3)ncn2)ccc1Br,30000.0,nM,4.52
CHEMBL5184228,C[C@@]1(c2cc(-c3cc4c(cn3)OC(F)(F)O4)ccc2F)CC[C@@](C)(S(=O)(=O)C(F)(F)F)C(N)=N1,5.9,nM,8.23
CHEMBL1088138,CC(C)CNC(=O)[C@H](C)C[C@H](O)[C@H](CC(C)C)NC(=O)[C@H](Cc1ccccc1)NC(=O)c1ccc2c(c1)OCO2,8070.0,nM,5.09
CHEMBL411711,CC(C)[C@H](NC(=O)[C@@H](N)CNC(=O)c1nn[nH]n1)C(=O)N[C@@H](CC1CCCCC1)C(=O)N[C@@H](Cc1ccccc1)[C@@H](O)C(=O)Nc1cccc(-c2nn[nH]n2)c1,3.3,nM,8.48
CHEMBL1917906,CCCOc1cccc2c1CNC([C@@H](O)[C@H](Cc1cc(F)cc(F)c1)NC(=O)[C@H](CCc1ccccc1)N1CC[C@](NC(C)=O)(C(C)CC)C1=O)C2,17.0,nM,7.77
CHEMBL1917907,CCC(C)[C@@]1(NC(C)=O)CCN([C@@H](CCc2ccccc2)C(=O)N[C@@H](Cc2cc(F)cc(F)c2)[C@H](O)C2Cc3cccc(OC)c3CN2)C1=O,4.0,nM,8.4
CHEMBL1917910,CCCN(CCC)C(=O)c1cccc(C(=O)N[C@@H](Cc2cc(F)cc(F)c2)[C@H](O)[C@H]2Cc3ccccc3CN2)c1,1100.0,nM,5.96
CHEMBL1916165,CCC(C)[C@@]1(NC(C)=O)CCN([C@@H](CCc2ccccc2)C(=O)N[C@@H](Cc2cc(F)cc(F)c2)[C@H](O)[C@H]2C[C@@H](OCc3ccccc3)CN2)C1=O,12.0,nM,7.92
CHEMBL1916315,C[C@H](CC(=O)[C@@]1([C@H](C)C(=O)O)CO1)[C@H]1CC[C@@]2(C)C3=C(CC[C@]12C)[C@@]1(C)CC[C@@H](OC(=O)CC(=O)O)C(C)(C)[C@@H]1CC3,14200.0,nM,4.85
CHEMBL1915980,CCCC[C@H]1CCN([C@@H](C)C(=O)N[C@@H](Cc2cc(F)cc(F)c2)[C@H](O)CNCc2cccc(OC)c2)C1=O,60.0,nM,7.22
CHEMBL1915981,COc1cccc(CNC[C@@H](O)[C@H](Cc2cc(F)cc(F)c2)NC(=O)[C@H](C)N2CC[C@H](C(C)C)C2=O)c1,170.0,nM,6.77
CHEMBL2047892,CC(C)(C)c1cccc(CN[C@H]2CS(=O)(=O)C[C@@H](Cc3ccc(N)c(OC(F)(F)F)c3)[C@@H]2O)c1,1120.0,nM,5.95
CHEMBL2047898,CC(C)(C)c1cccc(CN[C@H]2CS(=O)(=O)C[C@@H](Cc3ccc4[nH]cc(CC(F)F)c4c3)[C@@H]2O)c1,55.0,nM,7.26
CHEMBL2047899,CC(C)(C)c1cccc(CN[C@H]2CS(=O)(=O)C[C@@H](Cc3ccc4[nH]cc(CC(F)(F)F)c4c3)[C@@H]2O)c1,2060.0,nM,5.69
CHEMBL1817734,CC(C)[C@H](NC(=O)[C@@H](N)CNC(=O)c1[nH]c(=O)[nH]c(=O)c1F)C(=O)N[C@@H](CC1CCCCC1)C(=O)N[C@@H](Cc1ccccc1)[C@@H](O)C(=O)N[C@H](C)c1ccccc1,39.6,nM,7.4
CHEMBL3653341,C[C@@]1(c2cccc(NC(=O)c3ccc(Br)cn3)c2)COCC(N)=N1,70.0,nM,7.16
CHEMBL510269,C[C@@H](NC(=O)c1cc(C(=O)N[C@@H](Cc2ccccc2)[C@H](O)CNCCC2CCN(Cc3ccccc3)CC2)cc(N(C)S(C)(=O)=O)c1)c1ccccc1,567.0,nM,6.25
CHEMBL2408787,CO[C@H]1CC[C@]2(CC1)Cc1ccc(-c3cncnc3)cc1C21C=C(F)C(N)=N1,1.1,nM,8.96
CHEMBL2059329,OC(CSc1ccc2ccccc2c1)Cn1ccc2ccccc21,10500.0,nM,4.98
CHEMBL2403767,CN1CC(N)=NC(C)(c2cccc(NC(=O)c3ccc(Cl)cn3)c2)C1,32.0,nM,7.5
CHEMBL264322,CCNc1cc(C(=O)N[C@@H](Cc2ccccc2)[C@H](O)CNCc2cccc(OC)c2)c(F)c(N2CCCCS2(=O)=O)c1,14.0,nM,7.85
CHEMBL409766,CCNc1cc(C(=O)N[C@@H](Cc2cc(F)cc(F)c2)[C@H](O)CNCc2cccc(OC)c2)cc(N2CCCCS2(=O)=O)c1,26.0,nM,7.58
CHEMBL401474,CC(C)Nc1cc(C(=O)N[C@@H](Cc2ccccc2)[C@H](O)CNCc2cccc(C(F)(F)F)c2)cc(N2CCCCS2(=O)=O)c1,58.0,nM,7.24
CHEMBL219601,C[C@@H](NC(=O)c1cc(-c2nnc([C@](C)(N)Cc3ccccc3)o2)cc(N(C)S(C)(=O)=O)c1)c1ccc(F)cc1,9.0,nM,8.05
CHEMBL442238,CC(C)N1CCCCc2cccc(c2)C[C@@](C)(N)C(=O)OCc2cc1nc(N(C)S(C)(=O)=O)c2,22000.0,nM,4.66
CHEMBL264321,CCCc1cc(C(=O)N[C@@H](Cc2ccccc2)[C@H](O)CNCc2cccc(C(F)(F)F)c2)cc(N2CCCCS2(=O)=O)c1,366.0,nM,6.44
CHEMBL3127106,CN1C(=O)[C@]2(N=C1N)c1cc(-c3cccnc3F)ccc1O[C@H]1CCOC[C@@H]12,9.9,nM,8.0
CHEMBL3127104,CN1C(=O)[C@]2(N=C1N)c1cc(-c3cccc(C#N)c3)ccc1O[C@H]1CCOC[C@@H]12,7.3,nM,8.14
CHEMBL3127094,NC1=N[C@@]2(CO1)c1cc(-c3cccnc3F)ccc1O[C@@H]1CCOC[C@H]12,830.0,nM,6.08
CHEMBL251862,CCNc1cc(C(=O)N[C@@H](Cc2ccccc2)[C@H](O)CN[C@@H](C)C(=O)NC2CCCCC2)cc(N2CCCC2=O)c1,13.0,nM,7.89
CHEMBL253060,CCNc1cc(C(=O)N[C@@H](Cc2ccccc2)[C@H](O)CN[C@H]2CCc3ccccc32)cc(N2CCCC2=O)c1,160.0,nM,6.8
CHEMBL1909684,O=C(c1ccc(Cl)cc1)N(CC(O)Cn1c2ccccc2c2ccccc21)c1ccccc1,4700.0,nM,5.33
CHEMBL1909685,COc1ccc(C(=O)N(CC(O)Cn2c3ccccc3c3ccccc32)c2ccccc2)cc1,3800.0,nM,5.42
CHEMBL248699,CCCN(c1cc2cc(c1)C(=O)N[C@@H](c1ccccc1)CCc1cccc(c1)C[C@@](C)(N)COC2)S(C)(=O)=O,17.0,nM,7.77
CHEMBL566200,COc1ccc(C2(c3cccc(-c4cccnc4)c3)N=C(N)N(C)C2=O)cc1C,40.0,nM,7.4
CHEMBL1824351,CN1C(=O)C(c2cccc(-c3cncnc3)c2)(c2csc(Cl)c2)N=C1N,80.0,nM,7.1
CHEMBL1817733,CC(C)C[C@H](NC(=O)[C@@H](NC(=O)[C@@H](N)CNC(=O)c1[nH]c(=O)[nH]c(=O)c1F)C(C)C)C(=O)N[C@@H](Cc1ccccc1)[C@@H](O)C(=O)N[C@H](C)c1ccccc1,34.8,nM,7.46
CHEMBL570762,CC(=O)N[C@@H](Cc1cc(F)cc(F)c1)[C@H](O)CN[C@@]1(c2cccc(C(C)(C)C)c2)CC[C@H](C(F)(F)F)NC1,33.0,nM,7.48
CHEMBL571432,COC(=O)N[C@H]1CC[C@@](NC[C@@H](O)[C@H](Cc2cc(F)cc(F)c2)NC(C)=O)(c2cccc(C(C)(C)C)c2)CN1,240.0,nM,6.62
CHEMBL1821812,Cc1ccccc1-c1ccc2nc(N)c(CCC(=O)NCC3CCCCC3)cc2c1,34.0,nM,7.47
CHEMBL1821819,CCCC(Cc1cc2cc(-c3ccccc3C)ccc2nc1N)C(=O)NCC1CCCCC1,11.0,nM,7.96
CHEMBL1821825,Cc1ccccc1-c1ccc2nc(N)c(C[C@@H](C)C(=O)NCC3CCOCC3)cc2c1,10.0,nM,8.0
CHEMBL3656159,CN1OC2(N=C1N)c1cc(-c3cccc(C#N)c3)ccc1CC21Cc2ccccc2C1,160.0,nM,6.8
CHEMBL3656163,CN1OC2(N=C1N)c1cc(-c3cccc(C#N)c3)ccc1CC21CCC(F)(F)CC1,189.0,nM,6.72
CHEMBL3656135,COC1CCC2(CC1)Cc1ccc(-c3cc(F)cc(Cl)c3)cc1C21N=C(N)N(C)C1=O,11.1,nM,7.96
CHEMBL3656184,COC1CCC2(CC1)Cc1ccc(C#CC3CC3)cc1C21N=C(N)N(C)C1=O,2.1,nM,8.68
CHEMBL3899749,COC1CCC2(CC1)Cc1ccc(Br)cc1C21N=C(N)N(C)O1,137.0,nM,6.86
CHEMBL254058,COc1ccc(-c2ccc(-c3ccc(Oc4ccc(C(C)=O)cc4)cc3)n2CC(=O)NC(=N)N)cc1,600.0,nM,6.22
CHEMBL252025,N=C(N)NC(=O)Cn1c(-c2ccc(F)cc2)ccc1-c1ccc(Oc2ccccc2)cc1,1400.0,nM,5.85
CHEMBL2059330,CCc1cccc2ccn(CC(O)CSc3ccccc3Cl)c12,7520.0,nM,5.12
CHEMBL2059594,COc1ccc(SCC(O)Cn2c3c(c4ccccc42)CCCC3)cc1,15200.0,nM,4.82
CHEMBL217068,N=C(N)NC(=O)Cn1c(-c2ccccc2)ccc1-c1ccccc1,3700.0,nM,5.43
CHEMBL393559,NC(N)=NC(=O)Cc1c(-c2ccccc2Cl)csc1-c1ccc(OCCc2cn[nH]c2)cc1,6900.0,nM,5.16
CHEMBL1645523,CC(C)C[C@H](NC(=O)[C@@H](NC(=O)[C@@H](N)CNC(=O)c1nn[nH]n1)C(C)C)C(=O)NCCC(=O)Nc1cccc(C(=O)O)c1,870.0,nM,6.06
CHEMBL3943551,COC1CCC2(CC1)Cc1ccc(CCC3CC3)cc1C21N=C(N)N(Cc2ccc(C(F)(F)F)cn2)C1=O,24.3,nM,7.61
CHEMBL3935889,COC1CCC2(CC1)Cc1ccc(CCC3CC3)cc1C21N=C(N)N(CCC(F)(F)F)C1=O,24.3,nM,7.61
CHEMBL5912717,C=CCN1C2(COS1(=O)=O)c1cc(Br)ccc1CC21CCC(OC)CC1,2336.0,nM,5.63
CHEMBL4860825,CC(C)(C)c1cccc(CNCC(O)CNCCC(c2ccccc2)c2ccccc2)c1,41000.0,nM,4.39
CHEMBL3086250,O=C(N[C@H](C(=O)Nc1cccc([C@@H](O)CN[C@H](CO)Cc2ccccc2)c1)c1ccccc1)OCc1ccccc1,7500.0,nM,5.12
CHEMBL3086245,CC(C)(C)OC(=O)N(Cc1ccccc1)C[C@H](O)c1ccc(C(=O)c2ccccc2)c(NC(=O)[C@H](NC(=O)OCc2ccccc2)c2ccccc2)c1,18100.0,nM,4.74
CHEMBL2347883,O=C(Nc1cc(Br)ccc1N1CCN(C(=O)c2cccs2)CC1)c1cc2ccccc2o/c1=N\c1ccccc1,3550.0,nM,5.45
CHEMBL541736,C=CCO/N=C(/C)c1cc(C(=O)N[C@@H](Cc2cc(F)cc(F)c2)[C@H](O)CNCc2cccc(OC)c2)cc(C(=O)N(CCC)CCC)c1,10.0,nM,8.0
CHEMBL539972,CCCN(CCC)C(=O)c1cc(C(=O)N[C@@H](Cc2cc(F)cc(F)c2)[C@H](O)CNCc2cccc(OC)c2)cc(/C(C)=N\OCc2ccccc2)c1,67.0,nM,7.17
CHEMBL550643,COc1cccc(CNC[C@@H](O)[C@H](Cc2cc(F)cc(F)c2)NC(=O)c2cccc(N3CCCCS3(=O)=O)c2)c1,74.0,nM,7.13
CHEMBL558894,CCCO/N=C(/C)c1cc(C(=O)N[C@@H](Cc2cc(F)cc(F)c2)[C@H](O)CNCc2cccc(OC)c2)cc(N(C)S(C)(=O)=O)c1,59.0,nM,7.23
CHEMBL555916,COc1cccc(CNC[C@@H](O)[C@H](Cc2cc(F)cc(F)c2)NC(=O)c2cc(/C(C)=N\OCc3ccccc3)cc(N(c3ccccc3)S(C)(=O)=O)c2)c1,12.0,nM,7.92
CHEMBL539975,CO/N=C(\C)c1cc(C(=O)N[C@@H](Cc2cc(F)cc(F)c2)[C@H](O)CNCc2cccc(OC)c2)cc(N(c2ccccc2)S(C)(=O)=O)c1,86.0,nM,7.07
CHEMBL541739,CCCO/N=C(/C)c1cc(C(=O)N[C@@H](Cc2cc(F)cc(F)c2)[C@H](O)CNCc2cccc(OC)c2)cc(N(c2ccccc2)S(C)(=O)=O)c1,184.0,nM,6.74
CHEMBL3354689,CC(C)(C)C#Cc1ccc2c(c1)[C@]1(COC(N)=N1)c1cc(-c3cncnc3)ccc1O2,2.0,nM,8.7
CHEMBL4085715,C[C@@]1(c2cc(CNC3CC3)c(F)cc2F)CCSC(N)=N1,20600.0,nM,4.69
CHEMBL4092406,COCCNCc1cc([C@]2(C)CCSC(N)=N2)c(F)cc1F,6.0,nM,8.22
CHEMBL2346802,CC1(C)Cc2cc(Cl)ccc2C(N[C@@H](Cc2ccccc2)c2ncc(C#N)c(=O)[nH]2)=N1,470.0,nM,6.33
CHEMBL3752684,NC1=NC(c2ccc(F)cc2)NC(=O)N1,18000.0,nM,4.75
CHEMBL4100140,CN(C)Cc1cc([C@]2(C)CCSC(N)=N2)c(F)cc1F,22.0,nM,7.66
CHEMBL1083183,C[C@@H](NC(=O)c1cc(CNC[C@](N)(CO)Cc2ccccc2)cc(N(C)S(C)(=O)=O)c1)c1ccc(F)cc1,10100.0,nM,5.0
CHEMBL1086788,C[C@@H](NC(=O)c1cc(COC[C@](N)(CO)Cc2ccccc2)cc(N(C)S(C)(=O)=O)c1)c1ccc(F)cc1,1370.0,nM,5.86
CHEMBL3357669,C[C@]12CCCO[C@@H]1[C@]1(COC(N)=N1)c1cc(-c3cccc(C#N)c3)ccc1O2,98.0,nM,7.01
CHEMBL2322538,NCc1ccc(CNC(=O)C(Cc2ccccc2)c2ccc(-c3ccccc3)cc2)cc1,26900.0,nM,4.57
CHEMBL361977,CC(C)C[C@H](NC(=O)[C@@H]1CC(=O)NCCCCCOC(=O)N[C@@H](C(C)C)C(=O)N1)[C@@H](O)C[C@@H](C)C(=O)N[C@H](C(=O)NCc1ccccc1)C(C)C,3900.0,nM,5.41
CHEMBL3354688,CC(C)(C)COc1ccc2c(c1)[C@]1(COC(N)=N1)c1cc(-c3cncnc3)ccc1O2,2.0,nM,8.7
CHEMBL595016,CCCS(=O)(=O)N(C)c1cc2cc(c1)C(=O)N[C@H]([C@H](O)CNCc1cccc(C(C)C)c1)Cc1cccc(c1)OCCCCN2,1.0,nM,9.0
CHEMBL595100,CC(C)c1cccc(C2(NC[C@@H](O)[C@@H]3Cc4cccc(c4)OCCCCOc4cc(cc(N5CCCC5=O)c4)C(=O)N3)CC2)c1,1.0,nM,9.0
CHEMBL3422244,Cc1coc([C@H]2C[C@H]3[C@@H](CF)SC(N)=N[C@@]3(c3ccc(F)cc3F)CO2)n1,116.0,nM,6.94
CHEMBL38830,CC(C)C[C@H](NC(=O)[C@@H](NC(=O)[C@@H](N)CNC(=O)O)C(C)C)C(=O)N[C@@H](Cc1ccccc1)[C@@H](O)C(=O)Nc1cccc(C(=O)O)c1,16.0,nM,7.8
CHEMBL257099,N/C(=N/C(=O)Cn1c(-c2ccccc2)ccc1C12CC3CC(CC(C3)C1)C2)NCc1cccc(N)c1,744.0,nM,6.13
CHEMBL403195,COC[C@H]1CCCN1C(=O)c1cc(C)cc(C(=O)N[C@@H](Cc2cc(F)cc(F)c2)[C@H](O)[C@H]2C[C@@H](Oc3ccccc3)CN2)c1,21.0,nM,7.68
CHEMBL1817741,CC(C)C[C@H](NC(=O)[C@@H](NC(=O)[C@@H](N)CNC(=O)c1[nH]c(=O)[nH]c(=O)c1F)C(C)C)C(=O)N[C@@H](Cc1ccccc1)[C@@H](O)C(=O)NC(C)(C)c1ccccc1,27.0,nM,7.57
CHEMBL1817746,CC(C)[C@H](NC(=O)[C@@H](N)CNC(=O)c1[nH]c(=O)[nH]c(=O)c1F)C(=O)N[C@@H](CC1CCCCC1)C(=O)N[C@@H](Cc1ccccc1)[C@@H](O)C(=O)NC1(c2ccccc2)CCCC1,29.0,nM,7.54
CHEMBL401181,C[C@@]1(N)Cc2cccc(c2F)CC[C@H](c2ccc(F)cc2)NC(=O)c2cc(cc(-c3ccccc3C#N)c2)COC1=O,78.0,nM,7.11
CHEMBL427884,CN(C)S(=O)(=O)N(C)c1cc2cc(c1)C(=O)N[C@@H](c1ccccc1)CCc1cccc(c1)C[C@@](C)(N)C(=O)OC2,4.0,nM,8.4
CHEMBL250918,CN(c1cc2cc(c1)C(=O)N[C@@H](c1ccccc1)CCc1cccc(c1)C[C@@](C)(N)C(=O)OC2)S(=O)(=O)C(F)(F)F,38.0,nM,7.42
CHEMBL250712,CCCN(c1cc2cc(c1)C(=O)N[C@@H](C(C)C)CCc1cccc(c1)C[C@@](C)(N)COC2)S(C)(=O)=O,175.0,nM,6.76
CHEMBL429666,CCCN(c1cc2cc(c1)C(=O)N[C@@H](c1ccc(F)cc1)CCc1cccc(c1)C[C@@](C)(N)COC2)S(C)(=O)=O,10.0,nM,8.0
CHEMBL1270780,O=C(CSc1nc2ccc(Nc3nc(N4CCCC4)nc(N4CCCC4)n3)cc2s1)NCc1ccccc1,1700.0,nM,5.77
CHEMBL560092,CCc1cn2c3c(cc(C(=O)N[C@@H](Cc4ccccc4)[C@H](O)CNCCC(F)(F)F)cc13)N(C)S(=O)(=O)CC2,8.0,nM,8.1
CHEMBL514310,Cc1cc2c(C(=O)N[C@H](C)c3ccccc3)cc(C(=O)N[C@@H](Cc3ccccc3)[C@H](O)CNC3CC3)cc2o1,524.0,nM,6.28
CHEMBL449578,C[C@@H](NC(=O)c1cc(C(=O)N[C@@H](Cc2ccccc2)[C@H](O)CNC2CC2)cc(-c2cn(Cc3ccccc3)nn2)c1)c1ccccc1,1256.0,nM,5.9
CHEMBL482371,C[C@@H](NC(=O)c1cc(O)cc(C(=O)N[C@@H](Cc2ccccc2)[C@H](O)CNC2CC2)c1)c1ccccc1,1581.0,nM,5.8
CHEMBL338988,O=C(O[C@H]1Cc2c(O)cc(O)cc2O[C@H]1c1cc(O)c(O)c(O)c1)c1cc(O)c(O)c(O)c1,1600.0,nM,5.8
CHEMBL406146,CC(C)C[C@H](NC(=O)[C@@H](NC(=O)[C@@H](N)CCC(=O)O)C(C)C)C(=O)N[C@@H](Cc1ccccc1)[C@@H](O)C(=O)N[C@@H](CC(=O)O)C(=O)N[C@@H](C)C(=O)N[C@@H](CCC(=O)O)C(=O)N[C@@H](Cc1ccccc1)C(=O)O,413.0,nM,6.38
CHEMBL1208905,COc1ccc([C@@H]2CC(=O)c3c(cc(OC)c(C)c3O)O2)cc1-c1c(O)cc(O)c2c(=O)cc(-c3ccc(O)cc3)oc12,350.0,nM,6.46
CHEMBL1209418,CC(=O)N[C@@H](Cc1cc(F)cc(F)c1)[C@H](O)CNC1(c2cccc(C3COCCO3)c2)CC1,4000.0,nM,5.4
CHEMBL1209355,CC(=O)N[C@@H](Cc1cc(F)cc(F)c1)[C@H](O)CNC1(c2cccc(N3CCCOCC3)c2)CCCCC1,700.0,nM,6.16
CHEMBL1209286,CC(=O)N[C@@H](Cc1cc(F)cc(F)c1)[C@H](O)CNC1(c2cccc(C3CCOCOC3)c2)CCCCC1,560.0,nM,6.25
CHEMBL253800,CCCC(CCC)S(=O)(=O)CC(NC(=O)OCc1ccccc1)C(=O)N[C@@H](Cc1ccccc1)[C@H](O)CNCc1cccc(OC)c1,112.0,nM,6.95
CHEMBL3422240,COC[C@H]1C[C@H]2[C@@H](C)SC(N)=N[C@@]2(c2ccc(F)cc2F)CO1,737.0,nM,6.13
CHEMBL3927467,NC1=NC2(CCS1)c1cc(Br)ccc1CC21CCc2ccccc2CC1,19460.0,nM,4.71
CHEMBL3981150,COC1CCC2(CC1)Cc1ccc(Br)cc1C21CSC(N)=N1,1446.0,nM,5.84
CHEMBL3961810,CN1OC2(N=C1N)c1cc(-c3cccc(C#N)c3)ccc1CC21CCS(=O)(=O)CC1,693.3,nM,6.16
CHEMBL3972700,Cc1onc2c1CC1(CC2)Cc2ccc(Br)cc2C12N=C(N)N(C)C2=O,16.7,nM,7.78
CHEMBL4109522,Cc1nn(C)c2c1CC1(CC2)Cc2ccc(-c3cc(F)cc(Cl)c3)cc2C12N=C(N)N(C)O2,67.0,nM,7.17
CHEMBL3656186,CCC(C)N1C(=O)C2(N=C1N)c1cc(C#N)ccc1C[C@]21CC[C@@H](OC)CC1,273.6,nM,6.56
CHEMBL3979180,CO[C@H]1CC[C@]2(CC1)Cc1ccc(C#CC3CC3)cc1C21N=C(N)N(CC(=O)O)C1=O,5.0,nM,8.3
CHEMBL3941308,COC1CCC2(CC1)Cc1ccc(OCC3CC3)cc1C21NC(N)N(CCF)C1=O,6.8,nM,8.17
CHEMBL3956802,CO[C@H]1CC[C@]2(CC1)Cc1ccc(CN3CCC(F)(F)C3)cc1C21N=C(N)N(C)C1=O,108.3,nM,6.96
CHEMBL3951352,CO[C@H]1CC[C@]2(CC1)Cc1ccc(Br)cc1[C@@]21N=C(N)N(C)C1=O,4509.3,nM,5.35
CHEMBL3703241,NC1=NC2(CO1)c1cc(-c3cncnc3)ccc1OCC21COC1,810.0,nM,6.09
CHEMBL3703308,Cc1cnc(F)c(-c2ccc3c(c2)C2(COC(N)=N2)C2(COC2)C2(CCC2)O3)c1,700.0,nM,6.16
CHEMBL3650761,CCOc1cc(-c2ccc3c(c2)C2(COC(N)=N2)C2(COC2)C2(CCC2)O3)cc(C(F)(F)F)c1,7300.0,nM,5.14
CHEMBL3650812,COC/C=C/c1ccc2c(c1)C1(COC(N)=N1)C1(COC1)C(C)(C)O2,820.0,nM,6.09
CHEMBL3650849,CC1(C)Oc2ccc(NC(=O)c3ccc(F)cn3)cc2[C@@]2(COC(N)=N2)C12CC2,0.62,nM,9.21
CHEMBL3650851,CC1(C)Oc2ccc(NC(=O)c3cnc(C(F)F)cn3)cc2[C@@]2(COC(N)=N2)C12CC2,0.63,nM,9.2
CHEMBL3703250,CC(C)Cc1ccc2c(c1)C1(COC(N)=N1)C1(COC1)C1(CCC1)O2,8940.0,nM,5.05
CHEMBL3703251,CCC(CC)Cc1ccc2c(c1)C1(COC(N)=N1)C1(COC1)C1(CCC1)O2,2330.0,nM,5.63
CHEMBL3703314,COc1cc(-c2ccc3c(c2)C2(COC(N)=N2)C2(COC2)C2(CCC2)O3)c(F)cn1,2740.0,nM,5.56
CHEMBL4113779,COC1CCC2(CC1)Cc1ccc(C#CCC(C)C)cc1[C@]21N=C(N)N(C)C1=O,5.1,nM,8.29
CHEMBL3897128,CC(C)N1C(=O)C2(N=C1N)c1cc(-c3cncc(C(F)(F)F)c3)ccc1C[C@]21CC[C@@H](OC(N)F)CC1,18.2,nM,7.74
CHEMBL3965440,CC(C)N1C(=O)C2(N=C1N)c1cc(-c3cncc(F)c3)ccc1CC21CCC(OC(F)F)CC1,14.8,nM,7.83
CHEMBL3897669,CN1C(=O)C2(N=C1N)c1cc(Br)ccc1CC21CCC(F)(F)CC1,1357.0,nM,5.87
CHEMBL3950163,COC1CCC2(CC1)Cc1ccc(C#CC3CC3)cc1C21NC(N)N(CCC(=O)O)C1=O,15.6,nM,7.81
CHEMBL3929245,COC1CCC2(CC1)Cc1ccc(-c3cncc(F)c3)cc1C21N=C(N)N(CC2CCO2)C1=O,13.7,nM,7.86
CHEMBL3919180,COC1CCC2(CC1)Cc1ccc(C#CC3CC3)cc1C21N=C(N)N(CCN(C)C)C1=O,14.0,nM,7.85
CHEMBL3927824,COC1CCC2(CC1)Cc1ccc(C#CC3CC3)cc1C21N=C(N)N(CCC(F)(F)F)C1=O,16.1,nM,7.79
CHEMBL3650838,NC1=NC2(CO1)c1cc(-c3cncc4ccccc34)ccc1OC1(CCC1)C21COC1,4950.0,nM,5.3
CHEMBL3703207,NC1=NC2(CO1)c1cc(Br)ccc1OC1(CCC1)C21COC1,33800.0,nM,4.47
CHEMBL3703215,NC1=NC2(CO1)c1cc(Br)ccc1OC1(CCCC1)C21COC1,7210.0,nM,5.14
CHEMBL4539909,C[C@]1(c2cc(NC(=O)c3ccc(Cl)cn3)cc(F)c2F)N=C(N)S[C@@]2(CF)C[C@H]21,2.4,nM,8.62
CHEMBL4575413,CCCOc1cnc(C(=O)Nc2cc(F)c(F)c([C@@]3(C)N=C(N)S[C@@]4(COC)C[C@H]43)c2)cn1,1.1,nM,8.96
CHEMBL4459222,COC[C@]12C[C@H]1[C@@](C)(c1cc(NC(=O)c3cnc(OCc4ncco4)cn3)cc(F)c1F)N=C(N)S2,1.2,nM,8.92
CHEMBL394595,CCCN(CCC)C(=O)c1cc(C(=O)O)cc(C(=O)N[C@@H](Cc2ccccc2)[C@H](O)CNCc2cccc(OC)c2)c1,30.0,nM,7.52
CHEMBL1092000,Nc1cccc(Cn2c(-c3ccc(Oc4cnccn4)cc3)ccc2-c2ccccc2Cl)n1,460.0,nM,6.34
CHEMBL1093152,COc1ccc(-c2ccc(-c3ccccc3Cl)n2Cc2cccc(N)n2)cc1,2450.0,nM,5.61
CHEMBL1076902,CC(C)[C@H](NC(=O)[C@H](C)C[C@H](O)[C@H](COCc1cc(F)cc(F)c1)NC(=O)c1cc(C(=O)N[C@H](C)c2ccccc2)cc(N(C)S(C)(=O)=O)c1)C(=O)NCc1ccccc1,6.6,nM,8.18
CHEMBL1076906,CC(C)[C@H](NC(=O)[C@@H](C)C[C@H](O)[C@H](COc1cc(F)cc(F)c1)NC(=O)c1cc(C(=O)N[C@H](C)c2ccccc2)cc(N(C)S(C)(=O)=O)c1)C(=O)NCc1ccccc1,10.0,nM,8.0
CHEMBL1093066,CN1C(=O)[C@](c2ccncc2)(c2cccc(-c3cc(F)ccc3F)c2)N=C1N,3810.0,nM,5.42
CHEMBL1090025,CN1C(=O)C(c2ccncc2)(c2cccc(-c3ccoc3)c2)N=C1N,630.0,nM,6.2
CHEMBL236852,CCCOc1ccc(-c2scc(-c3ccccc3)c2CC(=O)N=C(N)N)cc1,680.0,nM,6.17
CHEMBL200715,Oc1cc(O)c2c(c1)O[C@@H](c1ccc(O)c(O)c1)[C@H](O)C2,30000.0,nM,4.52
CHEMBL1917905,CC(=O)N[C@]1(CC(C)C)CCN([C@@H](CCc2ccccc2)C(=O)N[C@@H](Cc2cc(F)cc(F)c2)[C@H](O)C2Cc3ccccc3CN2)C1=O,8.0,nM,8.1
CHEMBL3640286,COc1nc(N2C[C@H]3C(=O)N(C)C(N)=N[C@@]3(c3c(F)ccc(F)c3F)C2)nc(C)c1F,234.0,nM,6.63
CHEMBL3798199,COc1nc(N2C[C@H]3C(=O)N(C)C(=N)N[C@@]3(c3ccc(Cl)s3)C2)nc(C)c1F,51.0,nM,7.29
CHEMBL453805,CC(C)=CCOc1c2occc2cc2ccc(=O)oc12,91800.0,nM,4.04
CHEMBL3127070,COc1cccc(-c2ccc3c(c2)[C@@]2(CC(C)(C)O3)N=C(N)N(C)C2=O)c1,68.0,nM,7.17
CHEMBL3656148,CN1C(=O)C2(N=C1N)c1cc(-c3cccc(C#N)c3)ccc1CC21CCc2ccccc2CC1,5.3,nM,8.28
CHEMBL3656149,CN1OC2(N=C1N)c1cc(Cl)ccc1CC21CCc2ccccc2CC1,61.6,nM,7.21
CHEMBL3656150,CN1OC2(N=C1N)c1cc(Br)ccc1CC21CCc2ccccc2CC1,64.0,nM,7.19
CHEMBL3656154,CN1OC2(N=C1N)c1ccccc1CC21CCc2ccccc2CC1,104.6,nM,6.98
CHEMBL3656156,COC1CCC2(CC1)Cc1ccc(-c3ccc4cc[nH]c4c3)cc1C21N=C(N)N(C)O1,125.6,nM,6.9
CHEMBL3656160,CC1=C(C)CC2(CC1)Cc1ccc(-c3cccc(C#N)c3)cc1C21N=C(N)N(C)O1,161.1,nM,6.79
CHEMBL3656171,COC1CCC2(CCc3ccc(-c4cccc(C#N)c4)cc3C23N=C(N)N(C)O3)CC1,505.8,nM,6.3
CHEMBL3968267,CO[C@H]1CC[C@]2(CC1)Cc1ccc(-c3cccc(C#N)c3)cc1C21CC(=O)N(C)C(N)=N1,969.7,nM,6.01
CHEMBL3656183,CN1OC2(CC3(CCOCC3)c3ccc(-c4cccc(C#N)c4)cc32)N=C1N,4702.2,nM,5.33
CHEMBL3656129,COC1CCC2(CC1)Cc1ccc(-c3cc(F)cc(C#N)c3)cc1C21N=C(N)N(C)O1,5.9,nM,8.23
CHEMBL3642620,CC1(c2cccc(OCC(=O)Nc3ccc(F)cc3)c2)CCSC(N)=N1,5700.0,nM,5.24
CHEMBL3642617,CC1(c2cccc(OCCCc3ccccc3)c2)CCSC(N)=N1,2800.0,nM,5.55
CHEMBL3642619,CC1(c2cc(Br)cc(NC(=O)c3ccccn3)c2)CCSC(N)=N1,720.0,nM,6.14
CHEMBL3642607,CC1(c2cc(Br)cc(NC(=O)c3nc4ccccc4s3)c2)CCSC(N)=N1,149.0,nM,6.83
CHEMBL3642632,COCc1cc(NC(=O)c2ccc(Br)cc2)cc(C2(C)CCSC(N)=N2)c1,912.0,nM,6.04
CHEMBL3642633,COCc1cc(NC(=O)c2ccc(Cl)cc2)cc(C2(C)CCSC(N)=N2)c1,1500.0,nM,5.82
CHEMBL3642637,COCc1cc(NC(=O)c2ccco2)cc(C2(C)CCSC(N)=N2)c1,1479.0,nM,5.83
CHEMBL1241481,COc1cc(-c2nn(C(C)C)c3ncnc(N)c23)ccc1NC(=O)OC(C)(C)C,229.0,nM,6.64
CHEMBL584726,CC(C)(C)c1cc(NC(=O)Nc2ccc(Cl)cc2)n(-c2c(Cl)cc(C(F)(F)F)cc2Cl)n1,2278.0,nM,5.64
CHEMBL3645171,CC1(c2cc(NC(=O)c3ccc(Cl)cn3)ccc2F)CCSC(N)=N1,27.0,nM,7.57
CHEMBL3645174,CC1(c2cccc(NC(=O)c3ncc(Cl)cc3Cl)c2)CCSC(N)=N1,54.0,nM,7.27
CHEMBL3645177,COc1cc(NC(=O)c2ccc(Cl)cn2)cc(C2(C)CCSC(N)=N2)c1,174.0,nM,6.76
CHEMBL375540,CCCN(CCC)C(=O)c1cccc(C(=O)N[C@@H](Cc2cc(F)cc(F)c2)[C@H](O)CN[C@@H](C)C(=O)NCC(C)C)c1,130.0,nM,6.89
CHEMBL3953528,C[C@H]1C[C@H]2CSC(N)=N[C@@]2(c2nc(NC(=O)C3CCC3)cs2)CO1,376.0,nM,6.42
CHEMBL3924736,C[C@H]1C[C@H]2CSC(N)=N[C@@]2(c2nc(NC(=O)c3ncc(OC(F)F)cc3Cl)cs2)CO1,25.0,nM,7.6
CHEMBL363783,CC(C)C[C@H](NC(=O)[C@H](CC(N)=O)NC(=O)[C@@H](NC(=O)[C@@H](N)CCC(=O)O)C(C)C)[C@@H](O)[C@@H]1CCC[C@H]1C(=O)N[C@@H](C)C(=O)N[C@@H](CCC(=O)O)C(=O)O,40.0,nM,7.4
CHEMBL3973534,NC1=N[C@@]2(c3cc(NC(=O)c4ccc(OC(F)F)cn4)ccc3F)COCC[C@H]2CS1,9.0,nM,8.05
CHEMBL1915977,COC[C@H]1CCN([C@@H](CCc2ccccc2)C(=O)N[C@@H](Cc2cc(F)cc(F)c2)[C@H](O)CNCc2cccc(OC)c2)C1=O,210.0,nM,6.68
CHEMBL1915978,CCC[C@@H](O)[C@H]1CCN([C@@H](CCc2ccccc2)C(=O)N[C@@H](Cc2cc(F)cc(F)c2)[C@H](O)CNCc2cccc(OC)c2)C1=O,90.0,nM,7.05
CHEMBL1915983,COC[C@H]1CCN([C@@H](C)C(=O)N[C@@H](Cc2cc(F)cc(F)c2)[C@H](O)CNCc2cccc(OC)c2)C1=O,400.0,nM,6.4
CHEMBL1915987,CCCC[C@H]1CCN([C@@H](CCc2ccccc2)C(=O)N[C@@H](Cc2cc(F)cc(F)c2)[C@H](O)[C@H]2Cc3ccccc3CN2)C1=O,1400.0,nM,5.85
CHEMBL1915990,CCCO[C@H]1CN[C@@H]([C@@H](O)[C@H](Cc2cc(F)cc(F)c2)NC(=O)[C@H](CCc2ccccc2)N2CC[C@@](CC(C)C)(NC(C)=O)C2=O)C1,2.0,nM,8.7
CHEMBL1915995,CCCO[C@H]1CN[C@@H]([C@@H](O)[C@H](Cc2cc(F)cc(F)c2)NC(=O)[C@H](CCc2ccccc2)N2CC[C@H](COC)C2=O)C1,89.0,nM,7.05
CHEMBL1916157,CCC(C)[C@@]1(NC(C)=O)CCN([C@@H](CCc2ccccc2)C(=O)N[C@@H](Cc2cc(F)cc(F)c2)[C@H](O)[C@H]2C[C@@H](Oc3ccccc3)CN2)C1=O,1.4,nM,8.85
CHEMBL1916169,CCC(C)[C@@]1(NC(C)=O)CCN([C@@H](CCc2ccccc2)C(=O)N[C@@H](Cc2cc(F)cc(F)c2)[C@H](O)[C@H]2C[C@@H](OCc3ccccn3)CN2)C1=O,1.3,nM,8.89
CHEMBL3966376,C[C@H]1C[C@H]2CSC(N)=N[C@@]2(c2nc(NC(=O)c3cnc(CF)cn3)cs2)CO1,315.0,nM,6.5
CHEMBL3986265,C[C@H]1C[C@H]2CSC(N)=N[C@@]2(c2nc(NC(=O)c3cnc(C(F)F)cn3)cs2)CO1,145.0,nM,6.84
CHEMBL3967113,C[C@H]1C[C@H]2CSC(N)=N[C@@]2(c2nc(NC(=O)c3ccc(OC(F)F)cc3)cs2)CO1,106.0,nM,6.97
CHEMBL3964867,Cc1cc(C(=O)Nc2csc([C@]34CO[C@@H](C)C[C@H]3CSC(N)=N4)n2)n(C)n1,364.0,nM,6.44
CHEMBL3911716,C[C@H]1C[C@H]2CSC(N)=N[C@@]2(c2nc(NC(=O)c3coc(C(F)(F)F)n3)cs2)CO1,189.0,nM,6.72
CHEMBL4114074,C[C@@H](F)COc1cnc(C(=O)Nc2csc([C@]34CO[C@@H](C)C[C@H]3CSC(N)=N4)n2)cn1,360.0,nM,6.44
CHEMBL3968526,CC(C)Cc1cc(C(=O)Nc2csc(C34CO[C@@H](C)C[C@H]3CSC(N)=N4)n2)nn1C,51000.0,nM,4.29
CHEMBL3893396,Cc1cnc(C(=O)Nc2csc(C34CO[C@@H](C)C[C@H]3CSC(N)=N4)n2)cn1,2110.0,nM,5.68
CHEMBL3948431,C[C@H]1C[C@H]2CSC(N)=NC2(c2nc(NC(=O)c3ccn(C(F)F)n3)cs2)CO1,19.0,nM,7.72
CHEMBL3656131,CN1OC2(N=C1N)c1cc(-c3cc(Cl)cc(C#N)c3)ccc1CC21CCc2ccccc2CC1,7.4,nM,8.13
CHEMBL3656136,CN1OC2(N=C1N)c1cc(-c3cc(F)cc(Cl)c3)ccc1CC21CCc2ccccc2CC1,11.2,nM,7.95
CHEMBL2178151,CC(C)Oc1cccc(N2C[C@H]3C(=O)N(C)C(=N)N[C@@]3(c3cc(-c4cccc(C#N)c4)cs3)C2)c1,308.0,nM,6.51
CHEMBL51003,CC(C)CC(NC(=O)CCCOc1ccccc1)[C@@H](O)CC(=O)N[C@@H](C(=O)N[C@H](C)C(=O)N[C@H](CCC(=O)O)C(=O)N[C@H](Cc1ccccc1)C(=O)O)C(C)C,25000.0,nM,4.6
CHEMBL1934292,O=C([C@@H]1CNC[C@]12CCCc1ccccc12)N1CC[C@@H](c2ccccc2)C[C@H]1c1ccccc1,150.0,nM,6.82
CHEMBL1934295,O=C([C@@H]1CNC[C@]12CCCc1nc(Cl)ccc12)N1CC[C@@H](c2ccccc2)C[C@H]1C1CCCCC1,29.0,nM,7.54
CHEMBL373255,CC(C)[C@H](NC(=O)CC[C@H](O)[C@@H]1CCCCCC[C@H](NC(=O)OC(C)(C)C)C(=O)N[C@@H](C)C(=O)N1)C(=O)NCc1ccccc1,9704.0,nM,5.01
CHEMBL1923295,CN1CC(N)=NC(C)(c2cccc(NC(=O)c3ccc(C(F)(F)F)cn3)c2)C1=O,1380.0,nM,5.86
CHEMBL1923296,Cc1cnc(C(=O)Nc2cccc(C3(C)N=C(N)CN(C)C3=O)c2)cn1,7079.0,nM,5.15
CHEMBL1921816,CN1CC(C)(c2cccc(NC(=O)c3ccc(Cl)cn3)c2)N=C(N)C1=O,295.0,nM,6.53
CHEMBL1923294,CN1CC(N)=NC(C)(c2cccc(NC(=O)c3ccc(C#N)cn3)c2)C1=O,151.0,nM,6.82
CHEMBL5932566,CN1C(=O)C2(N=C1NC(=O)OC(C)(C)C)c1cc(C#CC3CC3)ccc1CC21CCC(OC(=O)[C@H](Cc2ccc(OC(=O)OC(C)(C)C)cc2)NC(=O)OC(C)(C)C)CC1,640.0,nM,6.19
CHEMBL3236218,O=C(NCc1ccco1)c1c[nH]c2ccc(S(=O)(=O)Nc3ccc(C(F)(F)F)cc3)cc2c1=O,1610.0,nM,5.79
CHEMBL1916004,CCCC[C@H]1CCN([C@@H](CCc2ccccc2)C(=O)N[C@@H](Cc2cc(F)cc(F)c2)[C@H](O)[C@H]2C[C@H](O)CN2)C1=O,720.0,nM,6.14
CHEMBL1916159,CCC(C)[C@@]1(NC(C)=O)CCN([C@@H](CCc2ccccc2)C(=O)N[C@@H](Cc2cc(F)cc(F)c2)[C@H](O)[C@H]2C[C@@H](Oc3cccnc3)CN2)C1=O,2.5,nM,8.6
CHEMBL3357662,C[C@@]12CCCO[C@H]1[C@]1(COC(N)=N1)c1cc(-c3cccnc3F)ccc1O2,210.0,nM,6.68
CHEMBL3357668,C[C@]12CCCO[C@@H]1[C@]1(CSC(N)=N1)c1cc(-c3cc(F)cc(Cl)c3)ccc1O2,41.0,nM,7.39
CHEMBL3357672,C[C@]12CCCO[C@@H]1[C@]1(CSC(N)=N1)c1cc(-c3cncnc3)ccc1O2,56.0,nM,7.25
CHEMBL3357667,C[C@]12CCCO[C@@H]1[C@]1(COC(N)=N1)c1cc(-c3cc(F)cc(Cl)c3)ccc1O2,93.0,nM,7.03
CHEMBL2047891,CC(F)(F)c1cccc(CN[C@H]2CS(=O)(=O)C[C@@H](Cc3cc(F)c(N)c(Br)c3)[C@@H]2O)c1,1370.0,nM,5.86
CHEMBL3672399,O=C(/C=C/c1ccc(O)cc1)CC(=O)/C=C/c1ccc(O)c(Cl)c1,730.0,nM,6.14
CHEMBL3672415,COc1cc(/C=C/C(=O)CC(=O)/C=C/c2ccc(O)cc2)ccc1F,1600.0,nM,5.8
CHEMBL3672446,O=C(/C=C/c1ccc(O)cc1Cl)CC(=O)/C=C/c1ccc(O)cc1Cl,720.0,nM,6.14
CHEMBL558946,CCCO/N=C(/C)c1cc(C(=O)N[C@@H](Cc2cc(F)cc(F)c2)[C@H](O)CNCc2cccc(OC)c2)cc(N2CCCCS2(=O)=O)c1,25.0,nM,7.6
CHEMBL541738,COc1cccc(CNC[C@@H](O)[C@H](Cc2cc(F)cc(F)c2)NC(=O)c2cc(/C(C)=N\OCc3ccccc3)cc(N3CCCCS3(=O)=O)c2)c1,31.0,nM,7.51
CHEMBL553458,COc1cccc(CNC[C@@H](O)[C@H](Cc2cc(F)cc(F)c2)NC(=O)c2cc(/C(C)=N\O)cc(N(c3ccccc3)S(C)(=O)=O)c2)c1,9.0,nM,8.05
CHEMBL539468,COc1cccc(CNC[C@@H](O)[C@H](Cc2cc(F)cc(F)c2)NC(=O)c2cc(/C(C)=N/OCC(C)C)cc(N(c3ccccc3)S(C)(=O)=O)c2)c1,242.0,nM,6.62
CHEMBL553571,CCCN(CCC)C(=O)c1cc(Sc2ccc(OC)cc2)cc(C(=O)N[C@@H](Cc2cc(F)cc(F)c2)[C@H](O)CNCc2cccc(OC)c2)c1,27.0,nM,7.57
CHEMBL568960,NC1=NC(c2ccc(OC(F)(F)F)cc2)(c2cccc(-c3cccnc3F)c2)/C2=N/CCCCCN12,130.0,nM,6.89
CHEMBL3642604,Cc1cc(C(=O)Nc2cc(Br)cc(C3(C)CCSC(N)=N3)c2)c(C)o1,278.0,nM,6.56
CHEMBL3642627,CC1(c2cccc(NC(=O)c3ccc(Cl)cn3)c2)CCSC(N)=N1,61.0,nM,7.21
CHEMBL1376633,COc1ccc(C2C(C#N)=C(N)N3C(=C2C#N)Sc2ccccc23)cc1,3239.0,nM,5.49
CHEMBL3937030,CC(C)N1CNc2c(NCc3ccc(N)cc3)nc(N3CCCCC3CCO)nc21,130.0,nM,6.89
CHEMBL3645162,C[C@@H](NC(=O)c1ccc(C2(C)CCSC(N)=N2)s1)c1ccccc1,10000.0,nM,5.0
CHEMBL3645164,CC1(c2cc(Cl)cc(NC(=O)c3nc4ccccc4s3)c2)CCSC(N)=N1,163.0,nM,6.79
CHEMBL3645165,CC1(c2cc(Cl)cc(NC(=O)c3ccco3)c2)CCSC(N)=N1,243.0,nM,6.61
CHEMBL3645176,CC(C)Oc1cc(NC(=O)c2ccc(Cl)cn2)cc(C2(C)CCSC(N)=N2)c1,2296.0,nM,5.64
CHEMBL3670325,C[C@@]1(c2cc(NC(=O)c3cnc(-n4nccn4)cn3)ccc2F)C=CSC(N)=N1,234.0,nM,6.63
CHEMBL3670332,C=C1C[C@@](C)(c2cc(NC(=O)c3cnc(OC)cn3)cnc2C)N=C(N)S1,36.0,nM,7.44
CHEMBL3901695,NC1=N[C@](CF)(c2cccc(NC(=O)c3ccc(Cl)cn3)c2)C[C@@H](C(F)(F)F)O1,154.0,nM,6.81
CHEMBL3983509,C[C@H]1C[C@H]2CSC(N)=N[C@@]2(c2cc(NC(=O)c3ccc(Cl)cn3)ccc2F)CO1,1.0,nM,9.0
CHEMBL3952932,CC#CCn1ccc(C(=O)Nc2csc([C@]34CO[C@@H](C)C[C@H]3CSC(N)=N4)n2)n1,82.0,nM,7.09
CHEMBL3980484,Cc1cn(C(F)F)nc1C(=O)Nc1csc([C@]23CO[C@@H](C)C[C@H]2CSC(N)=N3)n1,2.0,nM,8.7
CHEMBL3394043,NC1=N[C@@]2(CO1)c1cc(-c3cccnc3F)ccc1Oc1cnc(C3CCCOC3)cc12,11.3,nM,7.95
CHEMBL3394053,NC1=N[C@@]2(CO1)c1cc(-c3cccnc3F)ccc1Oc1cnc(-c3ccccn3)cc12,3.8,nM,8.42
CHEMBL3394054,NC1=N[C@@]2(CO1)c1cc(-c3cccnc3F)ccc1Oc1cnc(-c3cccnc3)cc12,2.5,nM,8.6
CHEMBL3394040,CC1(C)C=C(c2cc3c(cn2)Oc2ccc(-c4cccnc4F)cc2[C@@]32COC(N)=N2)CCO1,7.4,nM,8.13
CHEMBL3394044,NC1=N[C@@]2(CO1)c1cc(-c3cccnc3F)ccc1Oc1cnc([C@@H]3CCCCO3)cc12,112.0,nM,6.95
CHEMBL3394045,NC1=N[C@@]2(CO1)c1cc(-c3cccnc3F)ccc1Oc1cnc([C@H]3CCCCO3)cc12,14.3,nM,7.84
CHEMBL1163421,COc1cccc(CNC[C@@H](O)[C@H](Cc2ccccc2)NC(=O)C2=CN(CC(=O)OC(C)C)C(C)=C(C(C)=O)C2C)c1,26100.0,nM,4.58
CHEMBL50827,CSCC[C@H](NC(=O)[C@@H](NC(=O)OC(C)(C)C)C(C)C)C(=O)NC(CC(C)C)[C@@H](O)CC(=O)N[C@@H](C(=O)NO)C(C)C,94000.0,nM,4.03
CHEMBL1278188,O=S(=O)(c1ccccc1)N(CCc1ccccc1)C[C@@H](O)CN1CCN(C(c2ccccc2)c2ccccc2)CC1,6900.0,nM,5.16
CHEMBL51188,CSCC[C@H](NC(=O)[C@@H](NC(=O)OC(C)(C)C)C(C)C)C(=O)NC(CC(C)C)[C@@H](O)CC(=O)N[C@@H](C(=O)NCc1cccc(OCC(=O)O)c1)C(C)C,5000.0,nM,5.3
CHEMBL3586131,Cl.NC1=N[C@]23CC[C@H](NC(=O)c4cccc(Cl)c4)C[C@@H]2[C@@H](COC3)S1,2250.0,nM,5.65
CHEMBL1504056,CCc1nnc(NC(=O)CSc2nc(-c3ccc(F)cc3)cc(-c3ccccc3)c2C#N)s1,50000.0,nM,4.3
CHEMBL584288,NC1=NC(c2ccc(OC(F)(F)F)cc2)(c2cccc(-c3cccnc3F)c2)C2=NCCCN12,60.0,nM,7.22
CHEMBL556143,CC(CP(=O)(O)C1CCCCCC[C@H](NC(=O)[C@@H](N)CCC(=O)O)C(=O)N[C@@H](CC(=O)O)C(=O)N1)C(=O)N[C@H](C(=O)N[C@@H](CCC(=O)O)C(=O)N[C@@H](Cc1ccccc1)C(=O)O)C(C)C,47.0,nM,7.33
CHEMBL78946,CC(C)C[C@H](NC(=O)[C@H](CC(N)=O)NC(=O)[C@@H](NC(=O)[C@@H](N)CCC(=O)O)C(C)C)[C@@H](O)C[C@@H](C)C(=O)N[C@@H](C)C(=O)N[C@@H](CCC(=O)O)C(=O)N[C@@H](Cc1ccccc1)C(=O)O,71.0,nM,7.15
CHEMBL3394041,NC1=N[C@@]2(CO1)c1cc(-c3cccnc3F)ccc1Oc1cnc(C3=CCCOC3)cc12,0.5,nM,9.3
CHEMBL3394050,NC1=N[C@@]2(CO1)c1cc(-c3cccnc3F)ccc1Oc1cnc(N3CC[C@H](F)C3)cc12,2.7,nM,8.57
CHEMBL3652430,COC1CCC2(CC1)Cc1ccc(-c3cc(F)cc(Cl)c3)cc1C21N=C(N)N(C)O1,2.6,nM,8.59
CHEMBL3427250,Cc1noc(C)c1[C@@H]1C[C@@H](c2cc(NC(=O)c3ccc(Br)cn3)ccc2F)N=C(N)S1,22.0,nM,7.66
CHEMBL3427251,Cc1noc(C)c1[C@@H]1C[C@@](C)(c2cc(-c3cncnc3)c(F)cc2F)N=C(N)S1,8.0,nM,8.1
CHEMBL3414701,NC1=N[C@@]2(c3ccc(F)cc3F)CO[C@@H](CF)C[C@H]2CS1,61.0,nM,7.21
CHEMBL3422236,Cc1coc([C@H]2C[C@H]3CSC(N)=N[C@@]3(c3ccc(F)cc3F)CO2)n1,84.0,nM,7.08
CHEMBL3989948,CC#Cc1cncc(-c2ccc3c(c2)[C@@]2(N=C(C)C(N)=N2)[C@]2(CC[C@H](OC)CC2)C3)c1,0.6,nM,9.22
CHEMBL5739747,COC1CCC2(CC1)Cc1ccc(CCC3CC3)cc1C21N=C(SCc2ccc(F)cn2)N(Cc2ccc(F)cn2)C1=O,12.5,nM,7.9
CHEMBL3925456,CO[C@H]1CC[C@]2(CC1)Cc1ccc(NC(=O)c3ccc(Cl)cn3)cc1C21N=C(C)C(N)=N1,20.0,nM,7.7
CHEMBL2425618,COC[C@@H](Oc1cc(C[C@@H]2C[S@@+]([O-])C[C@H](NCc3cccc(C(C)C)c3)[C@H]2O)cc(F)c1N)C(F)(F)F,18.0,nM,7.75
CHEMBL2425614,CC(C)(C)c1cccc(CN[C@H]2C[S@+]([O-])C[C@@H](Cc3cc(O)c(N)c(F)c3)[C@@H]2O)c1,530.0,nM,6.28
CHEMBL3653721,CCC1=NC2(N=C1N)c1cc(Br)ccc1C[C@]21CC[C@@H](OC)CC1,401.0,nM,6.4
CHEMBL3653722,CCC1=NC2(N=C1N)c1cc(-c3cncc(Cl)c3)ccc1C[C@]21CC[C@@H](OC)CC1,2.9,nM,8.54
CHEMBL2177476,CC(C)Oc1cccc(CN2CC[C@@]3(C[C@@H]2C)CN(c2ccncc2)S(=O)(=O)N3c2cccc(F)c2)c1,3000.0,nM,5.52
CHEMBL2177475,CC(C)Oc1cccc(CN2CC[C@@]3(C[C@@H]2C)CN(C(C)C)S(=O)(=O)N3c2cccc(F)c2)c1,1400.0,nM,5.85
CHEMBL2177488,CC(C)Oc1cccc(CN2CC[C@]3(CNS(=O)(=O)N3c3cccc(F)c3)C[C@@H]2C)c1,2900.0,nM,5.54
CHEMBL2177490,CC(C)COc1cccc(CN2CC[C@]3(CNS(=O)(=O)N3c3cccc(F)c3)C[C@@H]2C)c1,11200.0,nM,4.95
CHEMBL82352,CSCC[C@H](NC(=O)[C@@H](O)C(C)C)C(=O)N[C@@H](Cc1ccccc1)[C@@H](O)C[C@@H](C)C(=O)N[C@H](C(=O)NCc1ccncc1)C(C)C,350.0,nM,6.46
CHEMBL4473647,C[C@@]1(c2cc(NC(=O)c3ccc(C#N)cn3)ccc2F)Cn2cnnc2C(N)=N1,6.607,nM,8.18
CHEMBL81218,CC(C)[C@H](NC(=O)[C@H](C)C[C@H](O)[C@H](Cc1ccccc1)NC(=O)[C@H](C)NC(=O)[C@H](CN(C)C)NC(=O)OC(C)(C)C)C(=O)NCc1ccncc1,2530.0,nM,5.6
CHEMBL1790594,CC[C@@H](C)[C@H](NC(=O)OC(C)(C)C)C(=O)N[C@@H](C)C(=O)N[C@@H](Cc1ccccc1)[C@@H](O)C[C@@H](C)C(=O)N[C@H](C(=O)NCc1ccncc1)C(C)C,42.0,nM,7.38
CHEMBL4284039,CN(C)Cc1ccccc1-c1ccc(NCCCN2CCCCC2)c(OCCCN2CCCCC2)c1,2000.0,nM,5.7
CHEMBL5861715,COC[C@]12C[C@H]1[C@@](C)(c1cc(/C=C(\F)c3cnc(OCC(F)F)cn3)ccc1F)N=C(N)S2,590.0,nM,6.23
CHEMBL5839385,C[C@]1(c2cc(/C=C(\F)c3ccc(C#C[Si](C)(C)C)cn3)ccc2F)N=C(N)S[C@@]2(C(=O)N3CCOCC3)C[C@H]21,13.0,nM,7.89
CHEMBL2048050,C[C@@H](Oc1cc(C[C@@H]2CS(=O)(=O)C[C@H](NCc3cccc(C(C)(C)C)c3)[C@H]2O)cc(F)c1N)C(F)(F)F,105.0,nM,6.98
CHEMBL5952088,C#C[C@H](C)Oc1cnc(/C(F)=C/c2ccc(F)c([C@@]3(C)N=C(N)S[C@@]4(C(C)=O)C[C@H]43)c2)cn1,3.2,nM,8.49
CHEMBL5788834,C#CCOc1cnc(/C(F)=C/c2ccc(F)c([C@@]3(C)N=C(N)S[C@@]4(C#N)C[C@H]43)c2)cn1,1.2,nM,8.92
CHEMBL5874332,Cc1noc(COc2cnc(/C(F)=C/c3ccc(F)c([C@@]4(C)N=C(N)S[C@@]5(C(=O)N(C)C)C[C@H]54)c3)cn2)n1,2.0,nM,8.7
CHEMBL3656189,COCCOc1ccc2c(c1)C1(N=C(N)N(C(C)C)C1=O)C1(CCC(OC)CC1)C2,87.1,nM,7.06
CHEMBL5955639,COC1CCC2(CC1)Cc1ccc(B3OC(C)(C)C(C)(C)O3)cc1C21NC(=O)N(C(C)C)C1=O,21.2,nM,7.67
CHEMBL3910301,CO[C@H]1CC[C@]2(CC1)Cc1ccc(CC3CCCCC3)cc1C21N=C(N)N(C)O1,76.3,nM,7.12
CHEMBL3924654,CO[C@H]1CC[C@]2(CC1)Cc1ccc(CCc3ccccc3)cc1C21N=C(N)N(C)O1,403.0,nM,6.39
CHEMBL4452566,COc1cnc(C(=O)Nc2ccc(F)c([C@]34CN(c5ncc(F)cn5)C[C@H]3CSC(N)=N4)c2)cn1,0.615,nM,9.21
CHEMBL3667413,NC1=N[C@@]2(c3cccc(NC(=O)c4ncc(F)cc4F)c3)CN(c3ncc(F)cn3)C[C@H]2CS1,0.739,nM,9.13
CHEMBL3667415,NC1=N[C@@]2(c3cc(NC(=O)c4ncc(F)cc4F)ccc3F)CN(c3ncc(F)cn3)C[C@H]2CS1,0.78,nM,9.11
CHEMBL2177468,C[C@H]1C[C@]2(CCN1Cc1ccc(O)c(Cl)c1)CN(C)S(=O)(=O)N2c1cccc(F)c1,350.0,nM,6.46
CHEMBL2177484,C[C@H]1C[C@]2(CCN1Cc1ccc(O)cc1)CN(C)S(=O)(=O)N2c1cccc(F)c1,240.0,nM,6.62
CHEMBL2177473,CC(C)Oc1cccc(CN2CC[C@@]3(C[C@@H]2C)CN(C)S(=O)(=O)N3c2cccc(F)c2)c1,1800.0,nM,5.75
CHEMBL2177483,CCc1n[nH]c2ccc(CN3CC[C@@]4(C[C@@H]3C)CN(C)S(=O)(=O)N4c3cccc(F)c3)cc12,1100.0,nM,5.96
CHEMBL2177481,CC(=O)Nc1ccc(CN2CC[C@@]3(C[C@@H]2C)CN(C)S(=O)(=O)N3c2cccc(F)c2)cc1,6400.0,nM,5.19
CHEMBL3971782,COC1CCC2(CC1)Cc1ccc(Br)cc1C21CCSC(N)=N1,2357.0,nM,5.63
CHEMBL3956888,Cc1noc2c1CC1(CC2)Cc2ccc(-c3cccc(C#N)c3)cc2C12N=C(N)N(C)O2,8.4,nM,8.08
CHEMBL2181980,N#Cc1ccc(COC(=O)[C@H]2C[C@]3(CN2)C(=O)Nc2ccccc23)cc1,12200.0,nM,4.91
CHEMBL3975135,CO[C@H]1CC[C@]2(CC1)Cc1ccc(CCC(C)C)cc1C21N=C(N)N(C(C)C)C1=O,27.1,nM,7.57
CHEMBL3915238,CO[C@H]1CC[C@]2(CC1)Cc1ccc(C#CC3CC3)cc1C21N=C(N)N(CC(N)=O)C1=O,11.0,nM,7.96
CHEMBL3909616,CO[C@H]1CC[C@]2(CC1)Cc1ccc(CC(C)(C)C)cc1C21N=C(N)N(C(C)C)C1=O,267.0,nM,6.57
CHEMBL6046905,COC[C@@H]1CCCN1C(=O)[C@]12C[C@H]1[C@@](C)(c1cc(/C=C(\F)c3ccc(Cl)cn3)ccc1F)N=C(N)S2,5.87,nM,8.23
CHEMBL5925631,CNC(=O)[C@]12C[C@H]1[C@@](C)(c1cc(/C=C(\F)c3cnc(OCc4ncco4)cn3)ccc1F)N=C(N)S2,17.3,nM,7.76
CHEMBL5815028,COc1ccc(/C(F)=C/c2ccc(F)c([C@@]3(C)N=C(N)S[C@@]4(C(=O)N5CCCC5)C[C@H]43)c2)nc1,22.6,nM,7.65
CHEMBL6021441,CN(C)C(=O)[C@]12C[C@H]1[C@@](C)(c1cc(/C=C(\F)c3ccc(C#CC4CC4)cn3)ccc1F)N=C(N)S2,8.49,nM,8.07
CHEMBL5794253,C[C@]1(c2cc(/C=C(\F)c3ccc(C#N)cn3)ccc2F)N=C(N)S[C@@]2(C(=O)N3CCCC(C#N)C3)C[C@H]21,1.23,nM,8.91
CHEMBL1824134,CCn1cc(C2(c3cccc(-c4cncnc4)c3)N=C(N)N(C)C2=O)cn1,80.0,nM,7.1
CHEMBL1790644,CC[C@H](C)[C@H](O)C(=O)N[C@@H](C)C(=O)N[C@@H](Cc1ccccc1)[C@@H](O)C[C@@H](C)C(=O)N[C@H](C(=O)NCc1ccncc1)C(C)C,35.0,nM,7.46
CHEMBL3653711,CC#Cc1cncc(-c2ccc3c(c2)C2(CCC3)N=C(C)C(N)=N2)c1,62.0,nM,7.21
CHEMBL3943546,COC1CCC2(CC1)Cc1ccc(-c3cncc(C#N)c3)cc1C21N=C(N)N(C(C)C)C1=O,12.2,nM,7.91
CHEMBL3925677,COC1CCC2(CC1)Cc1ccc(-c3cccc(S(C)(=O)=O)c3)cc1C21N=C(N)N(C(C)C)C1=O,83.9,nM,7.08
CHEMBL3658356,COCCN1C(=O)[C@]2(N=C1N)c1cc(C#N)ccc1C[C@@]21CC[C@H](OC)[C@@H](C)C1,2.0,nM,8.7
CHEMBL3966668,COC1CCC2(CC1)Cc1ccc(C(=O)N3CCCC3)cc1C21N=C(N)N(C)C1=O,814.0,nM,6.09
CHEMBL3938713,COC1CCC2(CC1)Cc1ccc(C#N)cc1[C@@]21N=C(N)N(C)C1=O,1814.0,nM,5.74
CHEMBL3971821,CO[C@H]1CC[C@]2(CC1)Cc1ccc(Br)cc1C21N=C(N)N(C)C1=O,32.3,nM,7.49
CHEMBL5863924,COC1CCC2(CC1)Cc1ccc(-c3cccc(C#N)c3)cc1C21N=C(N)N(C2CC2)C1=O,12.0,nM,7.92
CHEMBL5887150,COC1CCC2(CC1)Cc1ccc(N3CCCC3)cc1C21N=C(SC)N(C)C1=O,145.0,nM,6.84
CHEMBL5746106,COC1CCC2(CC1)Cc1ccc(OCCN(C)C)cc1C21NC(=O)N(C)C1=O,368.0,nM,6.43
CHEMBL5803118,COCCOc1ccc2c(c1)C1(NC(=S)N(C)C1=O)C1(CCC(OC)CC1)C2,10.6,nM,7.97
CHEMBL4112850,COC1CCC2(CC1)Cc1ccc(OCC3CC3)cc1[C@]21N=C(N)N(C)C1=O,423.0,nM,6.37
CHEMBL3962901,CN1C(=O)C2(NC1=S)c1cc(Br)ccc1C[C@]21CC[C@@H](OC(F)F)CC1,8.4,nM,8.08
CHEMBL3965121,CN1C(=O)C2(N=C1N)c1cc(C3CC3)ccc1C[C@]21CC[C@@H](OC(F)F)CC1,177.0,nM,6.75
CHEMBL3900970,CC(C)N1C(=O)C2(N=C1N)c1cc(Br)ccc1C[C@]21CC[C@@H](OC(F)F)CC1,265.0,nM,6.58
CHEMBL5928929,COC1CCC2(CC1)C(C)(C)c1ccc(C#N)cc1C21N=C(N)N(C)C1=O,3156.0,nM,5.5
CHEMBL3966722,COc1cccc(-c2ccc3c(c2)C2(N=C(N)N(C)C2=O)C2(CCC(OC)CC2)O3)c1,28.2,nM,7.55
CHEMBL378225,C[C@@H](NC(=O)c1cc(C(=O)N[C@@H](Cc2ccccc2)[C@H](O)CNC2CC2)cc(N(C)S(C)(=O)=O)c1)c1ccccc1,15.0,nM,7.82
CHEMBL3918546,CC1=N[C@@](c2cc(Nc3nccn4ccnc34)ccc2F)(C(F)F)COC1,1400.0,nM,5.85
CHEMBL3977060,C[C@@]1(c2nc(Nc3ncccc3C#N)ccc2F)CO[C@@](C)(C(F)(F)F)C(N)=N1,1500.0,nM,5.82
CHEMBL3670309,C[C@@]1(c2cc(NC(=O)c3ccc(-c4ccc[nH]4)cn3)ccc2F)C=CSC(N)=N1,97.0,nM,7.01
CHEMBL1762558,COc1cccc2c1C(=O)C(c1ccc(O)cc1)=CC2=O,10310.0,nM,4.99
CHEMBL1782316,O=S(=O)(c1ccc(Br)cc1)N(c1cnn(Cc2ccc(Cl)c(Cl)c2)c1)S(=O)(=O)c1ccc(Br)cc1,90000.0,nM,4.05
CHEMBL3683845,COc1cnc(C(=O)Nc2cc(Cl)c(F)c([C@@]3(CF)N=C(N)O[C@@H]4C[C@@H]43)c2)c(C)n1,73.1,nM,7.14
CHEMBL3966080,Cc1nc(OCC(F)(F)F)cnc1C(=O)Nc1ccc(F)c([C@]2(CF)C[C@@H](C(F)(F)F)OC(N)=N2)c1,49.0,nM,7.31
CHEMBL3926914,NC1=N[C@](CF)(c2cc(NC(=O)c3ncc(Cl)cc3F)cc(F)c2F)C[C@@H](C(F)(F)F)O1,29.0,nM,7.54
CHEMBL2349489,CC1(C)Cc2ccc(-c3cncc(Cl)c3)cc2C2(CCSC(N)=N2)C1,5738.0,nM,5.24
CHEMBL6029626,C[C@@]1(c2cc(/C=C/c3ccc(F)cc3)ccc2F)CC2(CCC(F)(F)CC2)OC(N)=N1,13100.0,nM,4.88
CHEMBL4109090,CO[C@H]1[C@H](C)C[C@@]2(Cc3ccc(C#N)cc3[C@]23N=C(N)N(CC2(F)CCOCC2)C3=O)C[C@@H]1C,12.0,nM,7.92
CHEMBL3670331,C=C1C[C@@](C)(c2cc(NC(=O)c3ncc(C#N)cc3F)cnc2Cl)N=C(N)S1,22.0,nM,7.66
CHEMBL3677273,NC1=N[C@]2(c3cc(-c4cccnc4F)ccc3Oc3c(F)cc(C4=CCCOC4)cc32)c2nccn21,0.4,nM,9.4
CHEMBL3688742,NC1=N[C@](CF)(c2cc(NC(=O)c3ncc(Cl)cc3F)ccc2Cl)[C@H]2C[C@H]2O1,54.4,nM,7.26
CHEMBL4749943,COC[C@]12C[C@H]1[C@@](CF)(c1cc(/C=C(\F)c3ccc(Cl)cn3)ccc1F)N=C(N)S2,22.8,nM,7.64
CHEMBL3688612,NC1=N[C@@](c2cc(NC(=O)c3ccc(OCF)cn3)ccc2F)(C(F)F)[C@H]2C[C@H]2O1,91.8,nM,7.04
CHEMBL5890871,CN(C)C(=O)[C@]12C[C@H]1[C@@](C)(c1cc(/C=C(\F)c3cnc(Br)cn3)ccc1F)N=C(N)S2,12.7,nM,7.9
CHEMBL6032650,COC[C@]12C[C@H]1[C@@](C)(c1cc(/C=C(\F)c3cnc(OC(C)C(F)(F)F)cn3)ccc1F)N=C(N)S2,3505.0,nM,5.46
CHEMBL5833469,C#CCOc1cnc(/C(F)=C/c2cnc(F)c([C@@]3(C)N=C(N)S[C@@]4(C(=O)N5CC[C@H](F)C5)C[C@H]43)c2)cn1,1.3,nM,8.89
CHEMBL5969023,CN(C)C(=O)[C@]12C[C@H]1[C@@](C)(c1cc(/C=C(\F)c3cnc(OCC(F)(F)F)cn3)cnc1F)N=C(N)S2,44.1,nM,7.36
CHEMBL5870063,CC(O)CCNC(=O)[C@]12C[C@H]1[C@@](C)(c1cc(/C=C(\F)c3ccc(Cl)cn3)ccc1F)N=C(N)S2,8.28,nM,8.08
CHEMBL221597,CCCN(CCC)C(=O)c1cc(C)cc(C(=O)N[C@@H](Cc2cc(F)cc(F)c2)[C@H](O)CNCc2cccc(OC)c2)c1,15.0,nM,7.82
CHEMBL1824339,CC(C)n1cc(C2(c3ccc(F)c(-c4cccnc4F)c3)N=C(N)N(C)C2=O)cn1,40.0,nM,7.4
CHEMBL3752685,Cl.Cl.c1ccc2c(NCCCCCCCNc3c4c(nc5ccccc35)CCCC4)c3c(nc2c1)CCCC3,7500.0,nM,5.12
CHEMBL1278005,O=S(=O)(c1ccc(Cl)cc1)N(Cc1ccccc1)C[C@@H](O)CN1CCN(C(c2ccccc2)c2ccccc2)CC1,5400.0,nM,5.27
CHEMBL51779,CC(C)CC(NC(=O)C(O)c1ccccc1Oc1ccccc1)[C@@H](O)CC(=O)N[C@@H](C(=O)N[C@H](C)C(=O)N[C@H](CCC(=O)O)C(=O)N[C@H](Cc1ccccc1)C(=O)O)C(C)C,14000.0,nM,4.85
CHEMBL3670378,Cc1cc(C#N)cnc1C(=O)Nc1cc([C@]2(C)COC(CF)(CF)C(N)=N2)c(F)cn1,380.0,nM,6.42
CHEMBL301153,CO[C@H](C(=O)NC(CC(C)C)[C@@H](O)CC(=O)N[C@@H](C(=O)N[C@H](C)C(=O)N[C@H](CCC(=O)O)C(=O)N[C@H](Cc1ccccc1)C(=O)O)C(C)C)c1ccccc1,28000.0,nM,4.55
CHEMBL6050928,CNC(=O)[C@@]12C[C@@H]1[C@](C)(c1cc(/C=C(\F)c3ncc(C#CCO)cn3)ccc1F)N=C(N)S2,4.0,nM,8.4
CHEMBL364446,CSCC[C@H](NC(=O)[C@H](CC(C)C)NC(C)=O)C(=O)N[C@@H](CC(C)C)[C@@H](O)[C@@H]1CCC[C@H]1C(=O)N[C@H](C(=O)O)C(C)C,190.0,nM,6.72
CHEMBL3656165,CN1OC2(N=C1N)c1cc(-c3cccc(C#N)c3)ccc1CC21CCCc2ccccc2C1,293.0,nM,6.53
CHEMBL3927975,COC1CCC2(CC1)Oc1ccc(Br)cc1C21N=C(N)N(C)C1=O,1198.0,nM,5.92
CHEMBL5852618,COC1CCC2(CC1)Cc1ccc(Br)cc1C21NC(=S)N(Cc2ccccc2)C1=O,13.6,nM,7.87
CHEMBL3922032,COC1CCC2(CC1)Cc1ccc(C#CC3CC3)cc1C21N=C(N)N(Cc2ccccc2)C1=O,2.0,nM,8.7
CHEMBL3656146,COc1cc(Cl)cc(-c2ccc3c(c2)C2(N=C(N)N(C)O2)C2(CCc4ccccc4CC2)C3)c1,38.3,nM,7.42
CHEMBL5929686,CC[C@@H]1C[C@]2(CC[C@H]1OC)Cc1ccc(C#N)cc1[C@]21N=C(N)N(Cc2ncccn2)C1=O,11.0,nM,7.96
CHEMBL3891377,COC1CCC2(CC1)Cc1ccc(C#Cc3ccccc3)cc1C21N=C(N)N(C)O1,80.4,nM,7.09
CHEMBL376504,Cc1nc(CNC(=O)c2cc(C(=O)N[C@@H](CC(C)C)[C@@H](O)C[C@@H](C)C(=O)N[C@H](C(=O)NC(C)C)C(C)C)cc(N(C)S(C)(=O)=O)c2)c(C)o1,1800.0,nM,5.75
CHEMBL3981595,COc1cnc(C(=O)Nc2ccc3c(c2)C2(CCOC(N)=N2)c2cc(C4=CCCOC4)ncc2O3)cn1,9.4,nM,8.03
CHEMBL3947870,COC1CCC2(CC1)Cc1ccc(-c3cncc(C(F)(F)F)c3)cc1C21N=C(N)N(C)C1=O,2.8,nM,8.55
CHEMBL3893517,COC1CCC2(CC1)Cc1ccc(C3CC3)cc1C21N=C(N)N(C)C1=O,101.7,nM,6.99
CHEMBL3976045,Cc1cc(Cl)cnc1C(=O)Nc1ccc(F)c([C@]2(C)C[C@@H](C(F)(F)F)OC(N)=N2)c1,16.5,nM,7.78
CHEMBL3954148,N#Cc1cnc(C(=O)Nc2ccc(F)c([C@]3(CF)C[C@@H](C(F)(F)F)OC(N)=N3)c2)c(Cl)c1,28.5,nM,7.54
CHEMBL3929456,C[C@@]1(c2cc(NC(=O)c3ccc(Cl)cn3)ccc2F)C[C@@H](C(F)(F)F)OC(N)=N1,52.8,nM,7.28
CHEMBL3903960,N#Cc1cnc2c(Nc3ccc(F)c([C@]4(CF)C[C@@H](C(F)(F)F)OC(N)=N4)c3)ncc(F)c2c1,10.1,nM,8.0
CHEMBL3952727,Cc1cc(Cl)cnc1C(=S)Nc1ccc(F)c([C@]2(CF)C[C@@H](C(F)(F)F)OC(N)=N2)c1,1760.0,nM,5.75
CHEMBL3906965,CC#Cc1cncc(-c2ccc(F)c([C@]3(CF)C[C@@H](C(F)(F)F)OC(N)=N3)c2)c1,1250.0,nM,5.9
CHEMBL3109548,COc1ccc(C2(c3ccc(OC)cc3)NC(=N)N(C3CCN(C(=O)OC(C)(C)C)CC3)C2=O)cc1,6010.0,nM,5.22
CHEMBL455548,COC(=O)c1ccc(CNC(=O)[C@@H](NC(=O)C[C@H](O)[C@H](COc2cc(F)cc(F)c2)NC(=O)c2cc(C(=O)N[C@H](C)c3ccccc3)cc(N(C)S(C)(=O)=O)c2)C(C)C)cc1,200.0,nM,6.7
CHEMBL3934135,C[C@H]1C[C@H]2CSC(N)=NC2(c2nc(NC(=O)c3ccc(Cl)cn3)cs2)CO1,19.0,nM,7.72
CHEMBL3971961,C[C@H]1C[C@H]2CSC(N)=N[C@@]2(c2nc(NC(=O)C3CC3)cs2)CO1,475.0,nM,6.32
CHEMBL1645505,CC(C)C[C@H](NC(=O)[C@@H](NC(=O)[C@@H](N)CNC(=O)c1nn[nH]n1)C(C)C)C(=O)NCC(O)(CCc1ccccc1)C(=O)Nc1cccc(C(=O)O)c1,400.0,nM,6.4
CHEMBL3945526,Cc1ccccc1[C@H]1C[C@H]2CSC(N)=N[C@@]2(c2ccc(F)cc2F)CO1,970.0,nM,6.01
CHEMBL4113560,CC1=C[C@@H]2Cc3nc4cc(Cl)ccc4c(NCCCCCCCCCNC(=O)c4cc(O)c5c(c4)C(=O)c4cccc(O)c4C5=O)c3[C@H](C1)C2,80.0,nM,7.1
CHEMBL3304241,CC1=CC2Cc3nc4cc(Cl)ccc4c(NCCCCCCCCCCCNC(=O)c4cc(O)c5c(c4)C(=O)c4cccc(O)c4C5=O)c3C(C1)C2,1200.0,nM,5.92
CHEMBL3943095,NC1=N[C@@]2(c3ccc(F)cc3F)CO[C@@H](c3ccc(F)c(F)c3)C[C@H]2CS1,10.0,nM,8.0
CHEMBL3967066,Cc1ccc([C@H]2C[C@H]3CSC(N)=N[C@@]3(c3ccc(F)cc3F)CO2)cc1F,13.0,nM,7.89
CHEMBL5897590,CC1=N[C@]2(CC([C@@H]3CCOC(C)(C)C3)Oc3ccc(-c4cccc(Cl)c4)cc32)N=C1N,100.0,nM,7.0
CHEMBL444121,CC(C)[C@H](NC(=O)C[C@H](O)[C@H](COc1ccccc1)NC(=O)c1cc(C(=O)N[C@H](C)c2ccccc2)cc(N(C)S(C)(=O)=O)c1)C(=O)NCc1ccc(C(=O)O)cc1,14.0,nM,7.85
CHEMBL3972463,CO[C@H]1CC[C@]2(CC1)Cc1ccc(-c3cncc(C)c3)cc1[C@@]21N=C(C)C(N)=N1,21.0,nM,7.68
CHEMBL3928162,CO[C@H]1CC[C@]2(CC1)Cc1ccc(-c3ccccc3)cc1[C@@]21N=C(C)C(N)=N1,13.0,nM,7.89
CHEMBL3414710,NC1=N[C@@]2(c3ccc(F)cc3F)CO[C@@H](C3CC3)C[C@H]2CS1,281.0,nM,6.55
CHEMBL3926276,CC1([C@H]2C[C@H]3CSC(N)=N[C@@]3(c3ccc(F)cc3F)CO2)CC1,484.0,nM,6.32
CHEMBL6064521,CO[C@H]1CC[C@@]2(CC1)Cc1ccc(C#CC3CC3)cc1C21N=C(C)C(N)=N1,2.2,nM,8.66
CHEMBL1824141,CCCCn1cc(C2(c3cccc(-c4cncnc4)c3)N=C(N)N(C)C2=O)cn1,8.0,nM,8.1
CHEMBL598258,Cc1cc(C2(c3cccc(-c4cncnc4)c3)N=C(N)N(C)C2=O)ccn1,79.98,nM,7.1
CHEMBL2048057,CC(C)(C)c1ccnc(CN[C@H]2CS(=O)(=O)C[C@@H](Cc3cc(F)c(N)c(OC(C(F)(F)F)C(F)(F)F)c3)[C@@H]2O)c1,68.0,nM,7.17
CHEMBL379067,O=C(Nc1cc(-c2ccccc2)ccc1N1CCN(CCCCCN2C(=O)c3ccccc3C2=O)CC1)c1cccc2ccccc12,100.0,nM,7.0
CHEMBL137101,CC(=O)N[C@@H](CC(C)C)C(=O)N[C@@H](C)C(=O)N[C@@H](CC(C)C)[C@@H](O)CC(=O)N[C@H](C(=O)NCc1cccc(C(=O)O)c1)C(C)C,520.0,nM,6.28
CHEMBL211563,CCC[C@H](NC[C@H](Cc1ccccc1)NC(=O)c1cc(C(=O)N[C@H](C)c2ccc(F)cc2)cc(N(C)S(C)(=O)=O)c1)C(=O)NCC(C)C,4.0,nM,8.4
CHEMBL3261082,COc1nc(N2C[C@H]3C(=O)N(C)C(N)=N[C@@]3(c3cc(F)ccc3F)C2)nc(C)c1F,28.0,nM,7.55
CHEMBL3688746,COc1cnc(C(=O)Nc2ccc(F)c([C@]3(C)N=C(N)O[C@H]4C[C@H]43)c2)cn1,12000.0,nM,4.92
CHEMBL3693257,COc1cnc(C(=O)Nc2ccc(F)c([C@@]3(C)N=C(N)O[C@H]4C[C@H]43)c2)cn1,370.0,nM,6.43
CHEMBL3680895,C[C@]1(c2cc(NC(=O)c3ccc(Cl)cn3)ccc2F)N=C(N)OC[C@@H]1OCC(F)(F)F,1.0,nM,9.0
CHEMBL82607,CC(C)[C@H](NC(=O)[C@H](C)C[C@H](O)[C@H](Cc1ccccc1)NC(=O)[C@H](C)NC(=O)[C@H](CC(F)(F)C(F)F)NC(=O)OC(C)(C)C)C(=O)NCc1ccncc1,281.0,nM,6.55
CHEMBL4281005,CN(C)Cc1ccccc1-c1cccc(OCCN2CCCCC2)c1,1200.0,nM,5.92
CHEMBL4287410,COc1cc2c(cn1)Oc1ccc(NC(=O)c3ccc(Cl)cn3)cc1[C@@]21COC(N)=N1,52.0,nM,7.28
CHEMBL3915571,CO[C@H]1CC[C@]2(CC1)Cc1ccc(C3CCCC3)cc1C21N=C(N)N(C(C)C)C1=O,128.0,nM,6.89
CHEMBL51386,CSCC[C@H](NC(=O)[C@@H](NC(C)=O)C(C)C)C(=O)N[C@@H](CC(C)C)[C@@H](O)CC(=O)N[C@H](C(=O)N[C@@H](C)C(=O)N[C@@H](CCC(=O)O)C(=O)N[C@@H](Cc1ccccc1)C(=O)O)C(C)C,300.0,nM,6.52
CHEMBL4291976,CN1CCN(Cc2ccccc2-c2ccc(NCCCN3CCCCC3)c(OCCN3CCCCC3)c2)CC1,2600.0,nM,5.58
CHEMBL4279482,c1ccc(-c2ccc(NCCCN3CCCCC3)c(OCCN3CCCCC3)c2)cc1,4000.0,nM,5.4
CHEMBL4280656,CC#Cc1cncc(-c2ccc3c(c2)[C@@]2(COC(N)=N2)c2cc(Cl)ncc2O3)c1,13.0,nM,7.89
CHEMBL4294221,NC1=N[C@@]2(CO1)c1cc(NC(=O)c3ccc(Cl)cn3)ccc1Oc1cnc(C3=CCCOC3)cc12,0.62,nM,9.21
CHEMBL382233,CCC(=O)c1cc(C(=O)N[C@@H](Cc2ccccc2)[C@H](O)CNC2CC2)cc(N(C)S(C)(=O)=O)c1,1500.0,nM,5.82
CHEMBL309296,CC(C)[C@H](NC(=O)[C@H](C)C[C@H](O)[C@H](Cc1ccccc1)NC(=O)[C@H](C)NC(=O)[C@H](CCCC(F)(F)F)NC(=O)OC(C)(C)C)C(=O)NCc1ccncc1,419.0,nM,6.38
CHEMBL534410,CCNC[C@@H](O)[C@H](Cc1ccccc1)NC(=O)c1cc2c3c(c1)c(CC)cn3CCS(=O)(=O)N2C,48.0,nM,7.32
CHEMBL555435,COc1cccc(CNC[C@@H](O)[C@H](Cc2cc(F)cc(F)c2)NC(=O)c2cccc(C(=O)NC(C)c3ccc(F)cc3)c2)c1,166.0,nM,6.78
CHEMBL539465,CCCN(CCC)C(=O)c1cc(CCO)cc(C(=O)N[C@@H](Cc2cc(F)cc(F)c2)[C@H](O)CNCc2cccc(OC)c2)c1,10.0,nM,8.0
CHEMBL538637,COc1cccc(CNC[C@@H](O)[C@H](Cc2cc(F)cc(F)c2)NC(=O)c2cc(C(C)=O)cc(C(=O)N[C@H](C)c3ccccc3)c2)c1,20.0,nM,7.7
CHEMBL550753,COc1cccc(CNC[C@@H](O)[C@H](Cc2cc(F)cc(F)c2)NC(=O)c2cc(C(C)=O)cc(N(C)S(C)(=O)=O)c2)c1,124.0,nM,6.91
CHEMBL5745659,COC1CCC2(CC1)Cc1ccc(OCC3CC3)cc1C21NC(=S)N(C(C)C)C1=O,23.5,nM,7.63
CHEMBL3968202,COC1CCC2(CC1)Cc1ccc(-c3ccc(F)c(Cl)c3)cc1C21N=C(N)N(C)C1=O,0.6,nM,9.22
CHEMBL3656167,CN1OC2(N=C1N)c1cc(-c3cccc(C#N)c3)ccc1CC21CCc2c(ccc(F)c2F)C1,378.0,nM,6.42
CHEMBL3656169,CN1OC2(N=C1N)c1cc(-c3cccc(C#N)c3)ccc1CC21CCCC1,443.0,nM,6.35
CHEMBL3904483,CN1OC2(N=C1N)c1cc(-c3cc(F)cc(Cl)c3)ccc1OC21CCc2ccccc2CC1,14.7,nM,7.83
CHEMBL3656145,COC1CCC2(CC1)Cc1ccc(-c3cccc(C#N)c3)cc1C21N=C(N)N(C)O1,46.0,nM,7.34
CHEMBL5998899,COC1CCC2(CC1)Cc1ccc(C#Cc3ccccc3)cc1C21N=C(SC)N(C)C1=O,16.2,nM,7.79
CHEMBL5815763,COC1CCC2(CC1)Cc1ccc(C#CC3CCCC3)cc1C21N=C(SC)N(C)C1=O,2.2,nM,8.66
CHEMBL442847,O=C(N[C@@H](Cc1cc(F)cc(F)c1)[C@H](O)[C@@H]1NCCN(Cc2ccccc2)C1=O)C1CC(=O)N(Cc2ccccc2)C1,22.0,nM,7.66
CHEMBL490463,CCCN1CC(C(=O)N[C@@H](Cc2cc(F)cc(F)c2)[C@H](O)[C@@H]2NCCN(Cc3ccccc3)C2=O)CC1=O,9.0,nM,8.05
CHEMBL509210,CCCN(CCC)C(=O)c1cc(C)cc(C(=O)N[C@@H](Cc2cc(F)cc(F)c2)[C@H](O)[C@@H]2NCCN(Cc3ccccc3)C2=O)c1,3.0,nM,8.52
CHEMBL129795,O=C(/C=C/c1ccc(O)cc1)c1ccc(O)cc1O,51500.0,nM,4.29
CHEMBL563114,CCn1cc2c3c(cc(C(=O)N[C@@H](Cc4ccccc4)[C@H](O)CNCC(F)(F)C(F)(F)F)cc31)N(C)S(=O)(=O)CC2,4427.0,nM,5.35
CHEMBL550208,CCn1cc2c3c(cc(C(=O)N[C@@H](Cc4ccccc4)[C@H](O)CNC4CC4)cc31)N(C)S(=O)(=O)CC2,14.0,nM,7.85
CHEMBL554281,C#CCNC[C@@H](O)[C@H](Cc1ccccc1)NC(=O)c1cc2c3c(cn(CC)c3c1)CCS(=O)(=O)N2C,26.0,nM,7.58
CHEMBL556453,CC[C@@H](C)NC[C@@H](O)[C@H](Cc1ccccc1)NC(=O)c1cc2c3c(cn(CC)c3c1)CCS(=O)(=O)N2C,10.0,nM,8.0
CHEMBL2047912,CC(C)(C)c1cccc(CN[C@H]2CS(=O)(=O)C[C@@H](Cc3cc(F)c(N)c(C[C@H](O)C(F)(F)F)c3)[C@@H]2O)c1,49.0,nM,7.31
CHEMBL2048041,CC(C)(C)c1cccc(CN[C@H]2CS(=O)(=O)C[C@@H](Cc3cc(F)c(N)c(OC4COC4)c3)[C@@H]2O)c1,25.0,nM,7.6
CHEMBL2048043,CC(C)(C)c1cccc(CN[C@H]2CS(=O)(=O)C[C@@H](Cc3cc(F)c(N)c(OCCF)c3)[C@@H]2O)c1,43.0,nM,7.37
CHEMBL3653697,COC1CCC2(CC1)Oc1ccc(-c3cccc(Cl)c3)cc1C21N=C(C)C(N)=N1,5.3,nM,8.28
CHEMBL3657452,CC1=NC2(CCOc3ccc(-c4cc(C)cc(C)c4)cc32)N=C1N,3200.0,nM,5.5
CHEMBL3653706,CC1=N[C@]2(C[C@@H]([C@H]3CCCOC3)Oc3ccc(-c4cccc(Cl)c4)cc32)N=C1N,2030.0,nM,5.69
CHEMBL3653705,CC1=N[C@]2(C[C@H]([C@@H]3CCCOC3)Oc3ccc(-c4cccc(Cl)c4)cc32)N=C1N,7040.0,nM,5.15
CHEMBL3979334,CO[C@H]1CC[C@]2(CC1)Cc1ccc(CC3CCCCC3)cc1C21N=C(N)N(C(C)C)C1=O,693.0,nM,6.16
CHEMBL5962656,CSC1=NC2(C(=O)N1C)c1cc(Br)ccc1CC21CCc2noc(C)c2C1,16.7,nM,7.78
CHEMBL5778169,COC1CCC2(CC1)Cc1ccc(CCC3CC3)cc1C21N=C(SCc2ccccc2F)N(Cc2ccccc2F)C1=O,47.7,nM,7.32
CHEMBL2407492,CC(C)(C)Cc1cnc2c(c1)[C@@H](NC[C@@H](O)[C@@H]1Cc3cccc(c3)CCCn3cc(ccc3=O)C(=O)N1)CC1(CCC1)O2,7.8,nM,8.11
CHEMBL2407490,CCc1ccc2c(c1)[C@@H](NC[C@@H](O)[C@@H]1Cc3cccc(c3)CCCCn3cc(cc(N4CCCC4)c3=O)C(=O)N1)CC1(CCC1)O2,2.0,nM,8.7
CHEMBL2407339,C=CCCCC(=O)N[C@@H](Cc1cccc(CC=C)c1)[C@H](O)CN[C@H]1CC2(CCC2)Oc2ncc(CC(C)(C)C)cc21,66.0,nM,7.18
CHEMBL2408763,CCCCc1ccc2c(c1)[C@@H](NC[C@@H](O)[C@H](Cc1cc(F)cc(F)c1)NC(C)=O)CCC2,574.0,nM,6.24
CHEMBL2408765,CC(=O)N[C@@H](Cc1cc(F)cc(F)c1)[C@H](O)CN[C@H]1CCCc2ccc(C(C)(C)C)cc21,378.0,nM,6.42
CHEMBL2408744,CC(=O)N[C@@H](Cc1cc(F)cc(F)c1)[C@H](O)CN[C@H]1CCOc2ccc(CC(C)(C)C#N)cc21,60.0,nM,7.22
CHEMBL2047044,Cc1cc2cc(c1)C(=O)N[C@H]([C@H](O)CNCc1cccc(C(C)C)c1)COC/C=C/C[C@@H](c1ccccc1)NC2=O,2300.0,nM,5.64
CHEMBL2047033,CC(C)c1cccc(CNC[C@@H](O)[C@@H]2COC/C=C/CCNC(=O)c3cc(cc(N(C)S(C)(=O)=O)c3)C(=O)N2)c1,2.3,nM,8.64
CHEMBL2047041,CC(C)c1cccc(CNC[C@@H](O)[C@@H]2COC/C=C/C[C@H](c3ccccc3)NC(=O)c3cc(cc(N(C)S(C)(=O)=O)c3)C(=O)N2)c1,3.2,nM,8.49
CHEMBL1164540,O=C(O)c1cc(-c2ccc(/C=N/Nc3nc(Nc4ccc(F)cc4)nc(N4CCOCC4)n3)o2)ccc1Cl,7000.0,nM,5.16
CHEMBL2047040,CC(C)c1cccc(CNC[C@@H](O)[C@@H]2COC/C=C/C[C@@H](c3ccccc3)NC(=O)c3cc(cc(N(C)S(C)(=O)=O)c3)C(=O)N2)c1,400.0,nM,6.4
CHEMBL2048044,CC(C)(C)c1cccc(CN[C@H]2CS(=O)(=O)C[C@@H](Cc3cc(F)c(N)c(OCC(F)F)c3)[C@@H]2O)c1,72.0,nM,7.14
CHEMBL2048213,O=C(N[C@@H](Cc1ccccc1)[C@H](O)C(=O)Nc1cccc(-c2nn[nH]n2)c1)c1cc(C(=O)N2COC[C@@H]2c2ccccc2)cc([N+](=O)[O-])c1,19.0,nM,7.72
CHEMBL2048059,CC(C)(CO)c1cccc(CN[C@H]2CS(=O)(=O)C[C@@H](Cc3cc(F)c(N)c(OC(C(F)(F)F)C(F)(F)F)c3)[C@@H]2O)c1,2.0,nM,8.7
CHEMBL2048063,CC(C)(C)Cc1cc(CN[C@H]2CS(=O)(=O)C[C@@H](Cc3cc(F)c(N)c(OC(C(F)(F)F)C(F)(F)F)c3)[C@@H]2O)no1,470.0,nM,6.33
CHEMBL4279857,CN(C)Cc1ccn(-c2ccc(NCCCN3CCCCC3)c(OCCN3CCCCC3)c2)c1,6500.0,nM,5.19
CHEMBL2314792,O=C(N[C@H](C(=O)Nc1cc(C(O)CNCc2ccccc2)ccc1C(=O)c1ccccc1)c1ccccc1)OCc1ccccc1,2400.0,nM,5.62
CHEMBL2152899,C[C@@]1(c2cc(NC(=O)c3ccc(C#N)cn3)ccc2F)Cn2c(C#N)cnc2C(N)=N1,38.9,nM,7.41
CHEMBL202549,CN(c1cc(C(=O)Cc2ccccc2)cc(C(=O)N[C@@H](Cc2ccccc2)[C@H](O)CNC2CC2)c1)S(C)(=O)=O,1400.0,nM,5.85
CHEMBL3908807,NC1=N[C@](CF)(c2cc(Nc3nccc4cn(C(F)F)nc34)ccc2F)C[C@@H](C(F)(F)F)O1,33000.0,nM,4.48
CHEMBL3935479,Cc1cc(OCC(F)(F)F)cnc1C(=O)Nc1cc(F)c(F)c([C@]2(C)C[C@@H](C(F)(F)F)OC(N)=N2)c1,156.0,nM,6.81
CHEMBL3597554,CN(Cc1ccccc1)Cc1ccc(/C=C2\Cc3ccc(OCCCCCN4CCN(C(c5ccc(F)cc5)c5ccc(F)cc5)CC4)cc3C2=O)cc1,2490.0,nM,5.6
CHEMBL3913544,COc1ccc(C(=O)Nc2cc(F)c(F)c([C@]3(C)C[C@@H](C(F)(F)F)OC(N)=N3)c2)nc1,45.0,nM,7.35
CHEMBL3943009,Cc1cc(NC(=O)c2ccc(Cl)cn2)cc([C@]2(CF)C[C@@H](C(F)(F)F)OC(N)=N2)c1F,13.0,nM,7.89
CHEMBL3940796,Cc1cc(Nc2ncnc3cc(Cl)cnc23)cc([C@]2(CF)C[C@@H](C(F)(F)F)OC(N)=N2)c1F,49.0,nM,7.31
CHEMBL3960890,CC#CCOc1cnc(C(=O)Nc2cc(F)c(F)c([C@]3(C)C[C@@H](C(F)(F)F)OC(N)=N3)c2)c(C)c1,6.0,nM,8.22
CHEMBL3933312,COc1cnc(C(=O)Nc2cc(Cl)c(F)c([C@]3(C)C[C@@H](C(F)(F)F)OC(N)=N3)c2)c(C)n1,48.0,nM,7.32
CHEMBL2048047,CC(C)(C)c1cccc(CN[C@H]2CS(=O)(=O)C[C@@H](Cc3cc(F)c(N)c(OC(C(F)(F)F)C(F)(F)F)c3)[C@@H]2O)c1,2.0,nM,8.7
CHEMBL2047904,CCc1cc(C[C@@H]2CS(=O)(=O)C[C@H](NCc3cccc(C(C)(C)C)c3)[C@H]2O)cc(F)c1N,870.0,nM,6.06
CHEMBL2408784,CC1(C)Cc2ccc(-c3cncnc3)cc2C12C=C(F)C(N)=N2,168.0,nM,6.78
CHEMBL1915986,CCC(C)[C@@]1(NC(C)=O)CCN([C@@H](CCc2ccccc2)C(=O)N[C@@H](Cc2cc(F)cc(F)c2)[C@H](O)[C@H]2Cc3ccccc3CN2)C1=O,54.0,nM,7.27
CHEMBL1917916,CCC(C)[C@@]1(NC(C)=O)CCN([C@@H](CCc2ccccc2)C(=O)N[C@@H](Cc2cc(F)cc(F)c2)[C@H](O)[C@H]2C[C@@H](S(=O)(=O)c3ccccc3)CN2)C1=O,12.0,nM,7.92
CHEMBL540729,CCCN(CCC)C(=O)c1cc(C(=O)N[C@@H](Cc2cc(F)cc(F)c2)[C@H](O)CNCc2cccc(OC)c2)cc(/C(C)=N\O)c1,3.0,nM,8.52
CHEMBL550271,COc1cccc(CNC[C@@H](O)[C@H](Cc2cc(F)cc(F)c2)NC(=O)c2cc(/C(C)=N\OCc3ccccc3)cc(N(C)S(C)(=O)=O)c2)c1,9.0,nM,8.05
CHEMBL541172,COc1cccc(CNC[C@@H](O)[C@H](Cc2cc(F)cc(F)c2)NC(=O)c2cc(C(C)=O)cc(N(c3ccccc3)S(C)(=O)=O)c2)c1,17.0,nM,7.77
CHEMBL555436,CCCN(CCC)C(=O)c1cc(C(=O)N[C@@H](Cc2cc(F)cc(F)c2)[C@H](O)CNCc2cccc(OC)c2)cc(S(=O)(=O)c2ccccc2)c1,11.0,nM,7.96
CHEMBL3670362,C[C@@]1(c2cccc(NC(=O)c3ncc(C#N)cc3Cl)n2)CO[C@@](C)(C(F)(F)F)C(N)=N1,10.0,nM,8.0
CHEMBL3670330,C=C1C[C@@](C)(c2cc(NC(=O)c3cnc(OC)cn3)cnc2Cl)N=C(N)S1,14.0,nM,7.85
CHEMBL3683856,NC1=N[C@@](c2cc(NC(=O)c3cnc(OCc4cocn4)cn3)ccc2Cl)(C(F)F)[C@H]2C[C@H]2O1,35.6,nM,7.45
CHEMBL3688665,Cc1cc(OC(F)F)cnc1C(=O)Nc1ccc(F)c([C@@]2(C(F)F)N=C(N)O[C@@H]3C[C@@H]32)c1,37.7,nM,7.42
CHEMBL3705027,NC1=N[C@@]2(c3ccccc3)CN(c3ncc(F)cn3)C[C@H]2CS1,64.4,nM,7.19
CHEMBL3705030,N#Cc1ccc([C@]23CN(c4ncc(F)cn4)C[C@H]2CSC(N)=N3)s1,110.0,nM,6.96
CHEMBL3703217,NC1=NC2(CO1)c1cc(Br)ccc1OC(C1CC1)C21COC1,38700.0,nM,4.41
CHEMBL3688710,CC#CCOc1cnc(C(=O)Nc2ccc(Cl)c([C@@]3(CF)N=C(N)O[C@@H]4C[C@@H]43)c2)cn1,2.2,nM,8.66
CHEMBL1916002,CCCC[C@H]1CCN([C@@H](CCc2ccccc2)C(=O)N[C@@H](Cc2cc(F)cc(F)c2)[C@H](O)[C@H]2C[C@@H](O)CN2)C1=O,650.0,nM,6.19
CHEMBL403268,COc1cccc(CNC[C@@H](O)[C@H](Cc2ccccc2)NC(=O)c2cc(C(=O)N[C@H](C)c3ccccc3)cc(N(C)S(C)(=O)=O)c2)c1,1.0,nM,9.0
CHEMBL3765061,O=C(/C=C(O)/C=C/c1ccc(OCc2ccccc2)cc1)/C=C/c1ccc(O)cc1,2690.0,nM,5.57
CHEMBL1076901,CC(C)[C@H](NC(=O)[C@H](C)C[C@H](O)[C@H](COCc1ccccc1)NC(=O)c1cc(C(=O)N[C@H](C)c2ccccc2)cc(N(C)S(C)(=O)=O)c1)C(=O)NCc1ccccc1,1000.0,nM,6.0
CHEMBL33417,COC(=O)[C@@H]1CC(NC(=O)[C@H](NC(=O)C[C@H](O)C(CC(C)C)NC(=O)[C@H](CCSC)NC(=O)[C@@H](NC(=O)OC(C)(C)C)C(C)C)C(C)C)C[C@H](C(=O)OC)C1,10000.0,nM,5.0
CHEMBL5079095,CCC[C@@H]1NC(=O)[C@@H](NC(=O)[C@@H](N)CCC(=O)O)C(C)(C)OCCCC[C@@H]([C@H](O)CNc2ccc(CC(=O)O)cc2)NC1=O,1600.0,nM,5.8
CHEMBL1163299,CN(C)c1nc(N/N=C/c2cc(I)cc(I)c2O)nc(N2CCOCC2)n1,100000.0,nM,4.0
CHEMBL1165791,O=C(O)c1cc(-c2ccc(/C=N/Nc3nc(Nc4ccc(F)cc4)nc(N4CCCCC4)n3)o2)ccc1O,27900.0,nM,4.55
CHEMBL1164642,C[C@H](NC(=O)c1cc(OCC(=O)NCCCCCN)cc(OS(=O)(=O)Cc2ccccc2)c1)c1ccccc1,100000.0,nM,4.0
CHEMBL1164405,O=C(NCc1ccccc1)c1ccc(N2CC3CC(C2)c2cccc(=O)n2C3)c(NS(=O)(=O)c2ccc3c(c2)OCCO3)c1,100000.0,nM,4.0
CHEMBL1165526,CCCCCCc1nc2ccccc2c(=O)n1NC(O)c1c(O)c2cccc3c2n(c1=O)CCC3,100000.0,nM,4.0
CHEMBL1164435,CCOc1cc(/C=N\NC(=O)COc2ccc(C)cc2)cc(I)c1O,100000.0,nM,4.0
CHEMBL1164187,Cc1ccc(C(=O)Nc2cccc(NC(=O)C[n+]3cccc(C(=O)NCCc4ccccc4)c3)c2)cc1.[Cl-],2200.0,nM,5.66
CHEMBL3975565,COC1CCC2(CC1)Cc1ccc(-c3cncc(Cl)c3)cc1C21N=C(N)N(C)C1=O,2.6,nM,8.59
CHEMBL3656134,COC1CCC2(CC1)Cc1ccc(-c3ccc(F)c(Cl)c3)cc1C21N=C(N)N(C)O1,8.8,nM,8.06
CHEMBL3656143,CN1OC2(N=C1N)c1cc(-c3cccc(C#N)c3)ccc1CC21CCc2ccccc2CC1,19.3,nM,7.71
CHEMBL5886238,N#CC1(Cc2ccc(Br)cc2I)CCc2ccccc2CC1,5.3,nM,8.28
CHEMBL1165489,CCCC1C(C(C)=O)=C(C)N(CC(=O)OC(C)C)C(C)=C1C(=O)N[C@@H](Cc1ccccc1)[C@H](O)CNCc1cccc(OC)c1,23200.0,nM,4.63
CHEMBL2152914,CC#Cc1cncc(-c2ccc3c(c2)C2(N=C(C)C(N)=N2)[C@]2(CC[C@H](OC)CC2)C3)c1,2.2,nM,8.66
CHEMBL2396989,NC1=N[C@@]2(c3cc(NC(=O)c4ccc(F)cn4)ccc3F)COC[C@H]2CS1,2.3,nM,8.64
CHEMBL5088790,Cl.Cl.NC1=N[C@@]2(c3cccs3)CN(c3ncccn3)C[C@H]2CS1,121.0,nM,6.92
CHEMBL6050397,C[C@@]1(c2cc(NC(=O)c3ccc(F)cn3)ccc2F)CC2(COC2)SC(N)=N1,119.0,nM,6.92
CHEMBL5894030,C[C@@]1(c2cc(/C=C/c3ccc(Cl)cc3)ccc2F)CC2(CCC2)OC(N)=N1,4640.0,nM,5.33
CHEMBL461607,CCCCNC(=O)[C@H](C)C[C@H](O)[C@H](CC(C)C)NC(=O)[C@H](C)NC(=O)CCC(C)C,3700.0,nM,5.43
CHEMBL4108386,CO[C@H]1CC[C@]2(CC1)Cc1ccc(OCCC(F)(F)F)cc1[C@]21N=C(C)C(N)=N1,1600.0,nM,5.8
CHEMBL4111446,CO[C@H]1[C@H](C)C[C@@]2(Cc3ccc(C#N)cc3[C@]23N=C(N)N(Cc2ccncn2)C3=O)C[C@@H]1C,5.0,nM,8.3
CHEMBL5837546,C[C@@]1(c2cc(NC(=O)c3ccc(C(F)(F)F)cn3)ccc2F)CC2(CCC(F)(F)CC2)OC(N)=N1,6.0,nM,8.22
CHEMBL5774044,CC1(c2cc(NC(=O)c3ccc(Cl)cn3)ccc2F)CC2(CCOCC2)SC(N)=N1,9.0,nM,8.05
CHEMBL1405147,COc1ccc(/C=C/C(=O)CC(=O)/C=C/c2cccc(O)c2OC)cc1O,2900.0,nM,5.54
CHEMBL3672438,CCN(CC)c1ccc(/C=C/C(=O)CC(=O)/C=C/c2ccc(O)cc2)c(OCOC)c1,2000.0,nM,5.7
CHEMBL4211913,C[C@H]1C[C@H]2CSC(N)=N[C@@]2(c2nc(NC(=O)c3ccc(C#N)cn3)cs2)CO1,22.0,nM,7.66
CHEMBL3688712,NC1=N[C@@](c2cc(NC(=O)c3cc(Cl)ccn3)ccc2F)(C(F)F)[C@H]2C[C@H]2O1,1930.0,nM,5.71
CHEMBL3900882,Cc1cc(C(=O)Nc2ccc(F)c([C@]3(C)C=CSC(N)=N3)c2)n(C)c1,96.0,nM,7.02
CHEMBL3670322,C[C@@]1(c2cc(NC(=O)c3cnc(NS(C)(=O)=O)cn3)ccc2F)C=CSC(N)=N1,296.0,nM,6.53
CHEMBL43962,CCCN(CCC)C(=O)c1cccc(C(=O)N[C@@H](Cc2cc(F)cc(F)c2)[C@@H](O)C[C@@H](CC)C(=O)NCc2ccccc2)c1,1400.0,nM,5.85
CHEMBL220745,COc1ccc(-c2cc(=O)c3c(O)cc(O)c(-c4cc(-c5cc(=O)c6c(O)cc(O)cc6o5)ccc4O)c3o2)cc1,990.0,nM,6.0
CHEMBL5869406,C[C@@]1(c2cc(Nc3nccc4cc(Cl)cnc34)ccc2F)CS(=O)(=O)CC(N)=N1,4.3,nM,8.37
CHEMBL3932837,COc1ccc(C(=O)Nc2cnc(F)c([C@]3(CF)C[C@@H](C(F)(F)F)OC(N)=N3)c2)nc1,114.0,nM,6.94
CHEMBL3900111,COc1ncc(NC(=O)c2ccc(Cl)cn2)cc1[C@]1(C)C[C@@H](C(F)(F)F)OC(N)=N1,249.0,nM,6.6
CHEMBL3908288,C#CCOc1cnc(C(=O)Nc2ccc(F)c([C@]3(C)C[C@@H](C(F)(F)F)OC(N)=N3)n2)cn1,25.4,nM,7.59
CHEMBL3975793,NC1=N[C@](CF)(c2cc(NC(=O)c3ccc(C#CC4CC4)cn3)ccc2F)C[C@@H](C(F)(F)F)O1,23.0,nM,7.64
CHEMBL3961329,NC1=N[C@](CF)(c2cc(NC(=O)c3ncc(C(F)(F)F)cc3Cl)ccc2F)C[C@@H](C(F)(F)F)O1,74.0,nM,7.13
CHEMBL1209357,CC(=O)N[C@@H](Cc1cc(F)cc(F)c1)[C@H](O)CNC1(c2cccc(C3(C)CCCO3)c2)CC1,580.0,nM,6.24
CHEMBL1209356,CC(=O)N[C@@H](Cc1cc(F)cc(F)c1)[C@H](O)CNC1(c2cccc(C3CCCO3)c2)CC1,580.0,nM,6.24
CHEMBL1209165,CC(=O)N[C@@H](Cc1cc(F)cc(F)c1)[C@H](O)CNC1(c2cccc(N3CCOC3=O)c2)CCCCC1,1300.0,nM,5.89
CHEMBL1209057,CC(=O)N[C@@H](Cc1cc(F)cc(F)c1)[C@H](O)CNC1(c2cccc(-n3nccn3)c2)CCCCC1,7700.0,nM,5.11
CHEMBL1209054,CC(=O)N[C@@H](Cc1cc(F)cc(F)c1)[C@H](O)CNC1(c2cccc(-c3cccs3)c2)CCCCC1,370.0,nM,6.43
CHEMBL572081,CC(=O)N[C@@H](Cc1cc(F)cc(F)c1)[C@H](O)CNC1(c2cccc(-n3cccn3)c2)CCCCC1,59.0,nM,7.23
CHEMBL1208873,CC(=O)N[C@@H](Cc1cc(F)cc(F)c1)[C@H](O)CNC1(c2cccc(CC(C)C)c2)CCCCC1,810.0,nM,6.09
CHEMBL5851425,CC1(C)COc2ccc(-c3cncnc3)cc2C12C=C(F)C(N)=N2,770.0,nM,6.11
CHEMBL3109542,COc1ccc(C2(c3ccc(OC)cc3)NC(=N)N(C3CCCCC3)C2=O)cc1,12000.0,nM,4.92
CHEMBL3930179,COc1ccc(C2(c3ccc(OC)cc3)NC(=N)N(CC34CC5CC(CC(C5)C3)C4)C2=O)cc1,7850.0,nM,5.11
CHEMBL3945996,C[C@@]1(c2cc(NC(=O)c3ccc(Cl)cn3)cc(Cl)c2F)C[C@@H](C(F)(F)F)OC(N)=N1,11.0,nM,7.96
CHEMBL1210353,CS(=O)(=O)N(c1ccncc1)c1cccc(C(=O)N[C@@H](Cc2ccccc2)[C@H](O)CNCc2cccc(C(F)(F)F)c2)c1,210.0,nM,6.68
CHEMBL1210339,C[C@H](NC[C@@H](O)[C@H](Cc1ccccc1)NC(=O)c1cccc(S(=O)(=O)N(C)Cc2ccccc2)c1)C(=O)NC1CCCCC1,41000.0,nM,4.39
CHEMBL1210338,C[C@H](NC[C@@H](O)[C@H](Cc1ccccc1)NC(=O)c1cccc(S(=O)(=O)Cc2ccccc2)c1)C(=O)NC1CCCCC1,50000.0,nM,4.3
CHEMBL1210336,C[C@H](NC[C@@H](O)[C@H](Cc1ccccc1)NC(=O)c1cccc(OS(=O)(=O)Cc2ccccc2)c1)C(=O)NC1CCCCC1,13000.0,nM,4.89
CHEMBL1210329,C[C@H](NC[C@@H](O)[C@H](Cc1ccccc1)NC(=O)c1cccc(N(c2ccccc2)S(C)(=O)=O)c1)C(=O)NC1CCCCC1,15.0,nM,7.82
CHEMBL1210434,CS(=O)(=O)N(c1ccccc1)c1cc(C(=O)N[C@@H](Cc2ccccc2)[C@H](O)CNCc2cccc(C(F)(F)F)c2)cc(C2CCCC2)c1,275.0,nM,6.56
CHEMBL379100,COc1cccc2cc(C(=O)Nc3cc(Br)ccc3N3CCOCC3)c(=O)oc12,10000.0,nM,5.0
CHEMBL1164128,Cc1cc(Br)c(Nc2nc(CN3CCOCC3)nc(N/N=C/c3cc(I)cc(C)c3O)n2)cc1Cl,100000.0,nM,4.0
CHEMBL1164617,COc1cc(/C=N/Nc2nc(Nc3ccccc3)nc(N3CCOCC3)n2)cc(Br)c1O,100000.0,nM,4.0
CHEMBL1163652,Clc1ccc(/C=N/Nc2nc(NCc3ccc(Cl)cc3)nc(N3CCOCC3)n2)cc1,100000.0,nM,4.0
CHEMBL1163704,Clc1ccc(/C=N/Nc2nc(Nc3ccccc3)nc(Nc3ccccc3)n2)cc1Cl,100000.0,nM,4.0
CHEMBL1163251,O=C(NCc1ccc(Cl)cc1)c1ccc(N2CC3CC(C2)c2cccc(=O)n2C3)c(NS(=O)(=O)c2ccc3c(c2)OCCO3)c1,100000.0,nM,4.0
CHEMBL1165364,CCSc1sc(CC)cc1C1C(C(=O)Nc2ccc(C)cn2)=C(C)NC2=C1C(=O)CC(C)(C)C2,100000.0,nM,4.0
CHEMBL1165196,COc1ccc(-n2nc(C(=O)NCC(=O)Nc3cccc(C)n3)c3ccccc3c2=O)cc1Cl,100000.0,nM,4.0
CHEMBL1165812,NNC(=O)CN1C(CN2CCOCC2)=Nc2ccc(Br)cc2C1c1ccccc1,100000.0,nM,4.0
CHEMBL1165202,COc1cc2[nH]c(=O)n(Cc3ccc(C(=O)NCc4ccc(C)cc4)cc3)c(=O)c2cc1OC,100000.0,nM,4.0
CHEMBL1163700,CCOc1cc(C2C(C(=O)OCc3ccccc3)=C(C)NC3=C2C(=O)CC(C)(C)C3)cc(Br)c1O,100000.0,nM,4.0
CHEMBL1164743,O=C(Nc1ccccc1C(=O)NCC(O)CNC(=O)c1ccccc1NC(=O)c1ccccc1)c1ccccc1,100000.0,nM,4.0
CHEMBL1164640,Cc1ccc(C(=O)Nc2cccc(NC(=O)C[n+]3ccccc3)c2)cc1.[Cl-],13000.0,nM,4.89
CHEMBL3910292,COc1cnc(C(=O)Nc2csc([C@]34CO[C@@H](C)C[C@H]3CSC(N)=N4)n2)c(C)n1,320.0,nM,6.5
CHEMBL3910968,Cc1nc(C(=O)Nc2csc([C@]34CO[C@@H](C)C[C@H]3CSC(N)=N4)n2)co1,103.0,nM,6.99
CHEMBL3918155,C[C@H]1C[C@H]2CSC(N)=N[C@@]2(c2nc(NC(=O)c3cnc(OC4CC4)cn3)cs2)CO1,519.0,nM,6.29
CHEMBL5937690,Nc1nc(Nc2ccc(OCCN3CCCC3)cc2)nn1-c1cnccn1,740.0,nM,6.13
CHEMBL5905225,CC1CCCN1CCOc1ccc(Nc2nc(N)n(-c3nc4ccccc4n3C)n2)cc1,6200.0,nM,5.21
CHEMBL4127289,COc1cccc(-c2nc(SC(C(N)=O)c3nc(-c4cccc([N+](=O)[O-])c4)cs3)[nH]c(=O)c2C#N)c1,24300.0,nM,4.61
CHEMBL1097343,COC[C@H]1CCCN1C(=O)CCCC(=O)N[C@@H](Cc1cc(F)cc(F)c1)[C@H](O)[C@H]1CN(S(=O)(=O)c2cccc(C)c2)CCN1,270.0,nM,6.57
CHEMBL1270458,CC(=O)N[C@@H](Cc1cc(F)cc(F)c1)[C@H](O)CNC1(c2cccc(C(C)(C)C)c2)CCC1,610.0,nM,6.21
CHEMBL1257303,CC(=O)N[C@@H](Cc1cc(F)cc(F)c1)[C@H](O)CNC1(c2cccc(C(C)(C)C)c2)CC1,140.0,nM,6.85
CHEMBL3916242,C#CCn1ccc(C(=O)Nc2csc([C@]34CO[C@@H](C)C[C@H]3CSC(N)=N4)n2)n1,17.0,nM,7.77
CHEMBL3903133,[C-]#[N+]c1ccc(C(=O)Nc2cc(F)c(F)c([C@]3(C)C[C@@H](C(F)(F)F)OC(N)=N3)c2)nc1,2860.0,nM,5.54
CHEMBL3898032,NC1=N[C@@](c2cc(Nc3nccc4cc(OCCCl)cnc34)ccc2F)(C(F)F)COC1,1900.0,nM,5.72
CHEMBL3903880,C[C@@]1(c2cc(NC(=O)c3ccc(C#N)cn3)cnc2F)C[C@@H](C(F)(F)F)OC(N)=N1,28.6,nM,7.54
CHEMBL3986646,COc1cnc(C(=O)Nc2ccc(F)c([C@]3(CF)C[C@@H](C(F)(F)F)OC(N)=N3)c2)c(Cl)c1,26.5,nM,7.58
CHEMBL3921965,Cc1cc(C#N)cnc1C(=O)Nc1cnc(F)c([C@]2(C)C[C@@H](C(F)(F)F)OC(N)=N2)c1,23.0,nM,7.64
CHEMBL3945149,C[C@@]1(c2nc(NC(=O)c3ncc(C#N)cc3Cl)ccc2F)C[C@@H](C(F)(F)F)OC(N)=N1,4.5,nM,8.35
CHEMBL3923494,NC1=N[C@](CF)(c2cc(NC(=O)c3ccc(F)cn3)ccc2F)C[C@@H](C(F)(F)F)O1,106.0,nM,6.97
CHEMBL3954714,NC1=N[C@](CF)(c2cc(Oc3cc(Br)ccn3)ccc2F)C[C@@H](C(F)(F)F)O1,1840.0,nM,5.74
CHEMBL3971100,CNC(=O)c1ccnc(Oc2ccc(F)c([C@]3(CF)C[C@@H](C(F)(F)F)OC(N)=N3)c2)c1,3270.0,nM,5.49
CHEMBL3979965,NC1=N[C@](CF)(c2cc(Nc3ccnc(Br)c3)ccc2F)C[C@@H](C(F)(F)F)O1,4340.0,nM,5.36
CHEMBL3968912,NC1=N[C@](CF)(c2cc(NC(=O)c3cnc(OCc4ncco4)cn3)ccc2F)C[C@@H](C(F)(F)F)O1,19.0,nM,7.72
CHEMBL3936327,COc1ccc(C(=O)Nc2cnc(F)c([C@]3(C)C[C@@H](C(F)(F)F)OC(N)=N3)c2)nc1,24.0,nM,7.62
CHEMBL1093450,CCCCCOc1ccc(-c2ccc(-c3ccccc3Cl)n2Cc2cccc(N)n2)cc1,550.0,nM,6.26
CHEMBL205217,CC(C)C[C@H](NC(=O)[C@@H](NC(=O)[C@@H](N)CCC(=O)O)C(C)C)C(=O)N[C@@H](Cc1ccccc1)[C@@H](O)C(=O)Nc1cc(-c2nn[nH]n2)cc(-c2nn[nH]n2)c1,6.4,nM,8.19
CHEMBL1095430,COc1cc2c3cc1Oc1cccc(c1)CCN(C1CCCCC1)C(=O)CC[C@@H](C1CCCCC1)N(C3)C(N)=N2,36.0,nM,7.44
CHEMBL439521,CC(C)C[C@H](NC(=O)[C@@H](NC(=O)[C@@H](N)CNC(=O)c1nn[nH]n1)C(C)C)C(=O)N[C@@H](Cc1ccccc1)[C@@H](O)C(=O)Nc1cc(-c2nn[nH]n2)cc(-c2nn[nH]n2)c1,1.2,nM,8.92
CHEMBL1258119,CC(=O)N[C@@H](Cc1cc(F)cc(F)c1)[C@H](O)CNC1(c2cc(C(C)=O)cc(C(C)(C)C)c2)CCCCC1,160.0,nM,6.8
CHEMBL1258575,C#Cc1csc(C2(NC[C@@H](O)[C@H](Cc3cc(F)cc(F)c3)NC(C)=O)CCCCC2)c1,4316.0,nM,5.37
CHEMBL1230648,CC(=O)N[C@@H](Cc1cc(F)cc(F)c1)[C@H](O)CNC1(c2cc(CC(C)(C)C)cs2)CC1,470.0,nM,6.33
CHEMBL3896483,Cc1onc2c1CC1(CC2)Cc2ccc(-c3cccc(C#N)c3)cc2C12N=C(N)N(C)C2=O,1.4,nM,8.85
CHEMBL3922583,COC1CCC2(CC1)Cc1ccc(O)cc1C21N=C(N)N(C)O1,5158.0,nM,5.29
CHEMBL3965844,CO[C@H]1CC[C@]2(CC1)Cc1ccc(-c3cncc(Cl)c3)cc1C21N=C(C)C(N)=N1,1.1,nM,8.96
CHEMBL2152916,CO[C@H]1CC[C@]2(CC1)Cc1ccc(C#CC3CC3)cc1C21N=C(C)C(N)=N1,4.8,nM,8.32
CHEMBL3913558,CO[C@H]1CC[C@]2(CC1)Cc1ccc(NC(=O)c3ncc(Br)cn3)cc1C21N=C(C)C(N)=N1,47.0,nM,7.33
CHEMBL5873209,CCCSc1ccc2c(c1)C1(N=C(N)N(C)C1=O)C1(CCC(OC)CC1)C2,4.0,nM,8.4
CHEMBL3916361,CO[C@H]1CC[C@]2(CC1)Cc1ccc(C#CC3CC3)cc1C21N=C(N)N(CC(=O)OC(C)C)C1=O,4.5,nM,8.35
CHEMBL5948790,CO[C@H]1CC[C@]2(CC1)Cc1ccc(Oc3cccc(C#N)c3)cc1[C@@]21N=C(N)N(C)C1=O,7.0,nM,8.15
CHEMBL3639551,CN1C(=O)C2(N=C1N)c1cc(-c3cccc(C#N)c3)ccc1O[C@]21CC[C@@H](OC(F)F)CC1,177.0,nM,6.75
CHEMBL6042053,COC1CCC2(CC1)Cc1ccc(CCC3CC3)cc1C21N=C(N)N(Cc2cccc(S(C)(=O)=O)c2)C1=O,15.4,nM,7.81
CHEMBL5820169,CN1C(=O)C2(NC1=S)c1cc(OCC(F)(F)F)ccc1OC21CCc2ccccc2CC1,7.0,nM,8.15
CHEMBL6055269,CN1C(=O)C2(N=C1NC(=O)OC(C)(C)C)c1cc(Br)ccc1CC21CCc2ccccc2CC1,43.0,nM,7.37
CHEMBL3953152,CN1C(=O)C2(N=C1N)c1cc(-c3cccc(C#N)c3)ccc1OC21CCc2ccccc2CC1,135.0,nM,6.87
CHEMBL3947036,CN1C(=O)C2(N=C1N)c1cc(Br)ccc1OC21CCc2ccccc2CC1,23.1,nM,7.64
CHEMBL3895059,N#Cc1ccc(C(=O)Nc2ccc3c(c2)C2(CCOC(N)=N2)c2cc(C4=CCCOC4)nc(F)c2O3)nc1,2.0,nM,8.7
CHEMBL3962730,C[C@@]1(c2cc(NCC3CC3)ccc2F)COCC(N)=N1,130.0,nM,6.89
CHEMBL3980524,C[C@@]1(c2cc(Nc3cc(F)cc4cc(OCC5CC5)cnc34)ccc2F)COCC(N)=N1,6900.0,nM,5.16
CHEMBL3975662,C[C@@]1(c2cc(Nc3ccon3)ccc2F)COCC(N)=N1,580.0,nM,6.24
CHEMBL4111354,Cn1nc(Nc2ccc(F)c([C@@]3(C)COCC(N)=N3)c2)c2ccc(Cl)cc21,1040.0,nM,5.98
CHEMBL4114125,C[C@]1(c2cc(NC3CCc4cc(Cl)ccc43)ccc2F)COCC(N)=N1,100.0,nM,7.0
CHEMBL2407344,CCc1ccc2c(c1)[C@@H](NC[C@@H](O)[C@@H]1Cc3cccc(c3)CCCCCCC(=O)N1)CC1(CCC1)O2,17.0,nM,7.77
CHEMBL2407342,C=CCc1cccc(C[C@H](NC(=O)c2cc(N3CCCC3)c(=O)n(CC=C)c2)[C@H](O)CN[C@H]2CC3(CCC3)Oc3ccc(CC)cc32)c1,10.0,nM,8.0
CHEMBL3958391,C[C@@]1(c2cc(NC(=O)c3ncc(C#N)cc3Cl)cnc2F)C[C@@H](C(F)(F)F)OC(N)=N1,60.5,nM,7.22
CHEMBL3896202,NC1=N[C@](CF)(c2cc(NC(=O)c3ccc(Cl)cn3)ccc2F)C[C@@H](C(F)(F)F)O1,32.0,nM,7.5
CHEMBL3923890,Cc1cc(C#N)cnc1C(=O)Nc1cnc(F)c([C@]2(CF)C[C@@H](C(F)(F)F)OC(N)=N2)c1,338.0,nM,6.47
CHEMBL3939817,C[C@@]1(c2nc(NC(=O)c3nn(C(F)F)cc3Cl)ccc2F)C[C@@H](C(F)(F)F)OC(N)=N1,10.0,nM,8.0
CHEMBL3926258,C[C@@]1(c2cc(NC(=O)c3ccc(C#N)cn3)cc(F)c2Cl)C[C@@H](C(F)(F)F)OC(N)=N1,6.0,nM,8.22
CHEMBL2408748,CC(=O)N[C@@H](Cc1cc(F)cc(F)c1)[C@H](O)CN[C@H]1CCOc2ccc(OC3CCCO3)cc21,1325.0,nM,5.88
CHEMBL3934414,COc1cnc(C(=O)Nc2ccc(F)c([C@]3(C)C[C@@H](C(F)(F)F)OC(N)=N3)n2)c(Cl)c1,254.0,nM,6.59
CHEMBL2408747,CC(=O)N[C@@H](Cc1cc(F)cc(F)c1)[C@H](O)CN[C@H]1CCOc2ccc(OC3CCCC3)cc21,221.0,nM,6.66
CHEMBL3952431,NC1=N[C@](CF)(c2cc(C#Cc3ccc4cc[nH]c4c3)ccc2F)C[C@@H](C(F)(F)F)O1,2200.0,nM,5.66
CHEMBL2408743,CC(=O)N[C@@H](Cc1cc(F)cc(F)c1)[C@H](O)CN[C@H]1CCOc2ccc(CC(C)(F)F)cc21,186.0,nM,6.73
CHEMBL3929911,C[C@@]1(c2cc(NC(=O)c3ncc(C(F)(F)F)cc3Cl)cc(F)c2F)C[C@@H](C(F)(F)F)OC(N)=N1,75.0,nM,7.12
CHEMBL2407494,O=C(N[C@@H](Cc1ccccc1)[C@H](O)CNCc1cccc(C(F)(F)F)c1)c1cc(N2CCCC2=O)c(=O)n(C2CCCC2)c1,76.0,nM,7.12
CHEMBL2151149,CCc1ccc2c(c1)[C@@H](NC[C@@H](O)[C@H](Cc1ccccc1)NC(C)=O)CC1(CCC1)O2,110.0,nM,6.96
CHEMBL2407495,C=CCCC(=O)N[C@@H](Cc1cccc(CC=C)c1)[C@H](O)CN[C@H]1CC2(CCC2)Oc2ccc(CC)cc21,110.0,nM,6.96
CHEMBL384678,CC(C)CNC(=O)CNC[C@H](Cc1ccccc1)NC(=O)c1cc(C(=O)N[C@H](C)c2ccc(F)cc2)cc(N(C)S(C)(=O)=O)c1,3710.0,nM,5.43
CHEMBL4128824,Cc1cc(C#N)cnc1C(=O)Nc1ccc(F)c([C@]2(C(F)F)COC(CF)(CF)C(N)=N2)c1,663.0,nM,6.18
CHEMBL3951035,COc1ccc(C(=O)OCC(=O)CNC(=O)C(Cc2ccccc2)NC(=O)OCc2ccccc2)cc1,1479.0,nM,5.83
CHEMBL3645167,CC1(c2cc(Cl)cc(NC(=O)c3cc4ccccc4s3)c2)CCSC(N)=N1,222.0,nM,6.65
CHEMBL4107226,CC[C@@H]1C[C@]2(CC[C@H]1OC)Cc1ccc(C#N)cc1[C@]21N=C(N)N(CC2CCOCC2)C1=O,8.0,nM,8.1
CHEMBL4127572,Cc1cc(C#N)cnc1C(=O)Nc1ccc(F)c([C@]2(C)COC(CF)(CF)C(N)=N2)c1,3.0,nM,8.52
CHEMBL4127426,Cc1cc(C#N)cnc1C(=O)Nc1ccc(F)c([C@]2(CF)COC(CF)(CF)C(N)=N2)c1,13.0,nM,7.89
CHEMBL498456,COC1Oc2cc(O)ccc2-c2c1oc1cc(O)c(C)c(O)c1c2=O,4770.0,nM,5.32
CHEMBL272320,CCCN(CCC)C(=O)c1cc(C)cc(C(=O)N[C@@H](Cc2cc(F)cc(F)c2)[C@H](O)[C@H]2CCN2)c1,2800.0,nM,5.55
CHEMBL257278,CCCN(CCC)C(=O)c1cc(C)cc(C(=O)N[C@@H](Cc2cc(F)cc(F)c2)[C@H](O)[C@H]2C[C@@H](OCC)CCN2)c1,8.0,nM,8.1
CHEMBL257907,CCCN(CCC)C(=O)c1cc(C)cc(C(=O)N[C@@H](Cc2cc(F)cc(F)c2)[C@H](O)[C@H]2C[C@@H](Cc3cccc(OC)c3)CCN2)c1,330.0,nM,6.48
CHEMBL256676,CCCN(CCC)C(=O)c1cc(C)cc(C(=O)N[C@@H](Cc2cc(F)cc(F)c2)[C@H](O)[C@H]2C[C@@H](OC(C)=O)CCN2)c1,3000.0,nM,5.52
CHEMBL404680,CCCN(CCC)C(=O)c1cc(C)cc(C(=O)N[C@@H](Cc2cc(F)cc(F)c2)[C@H](O)[C@H]2C[C@@H](O)CN2)c1,1450.0,nM,5.84
CHEMBL386445,C[C@@H](NC(=O)c1cc(COC[C@@](N)(CO)Cc2ccccc2)cc(N(C)S(C)(=O)=O)c1)c1ccc(F)cc1,1370.0,nM,5.86
CHEMBL3657431,CC1=NC2(N=C1N)c1cc(-c3cc(F)cc(F)c3)ccc1C[C@]21CC[C@@H](OC(F)F)CC1,21.0,nM,7.68
CHEMBL5943346,COC1CCC2(CC1)Cc1ccc(Sc3ccccc3)cc1C21N=C(N)N(C)C1=O,40.0,nM,7.4
CHEMBL3656226,COCCN1C(=O)C2(N=C1N)c1cc(C3CC3)ccc1C[C@]21CC[C@@H](OC)CC1,172.0,nM,6.76
CHEMBL376072,CCNC[C@@H](O)[C@H](Cc1ccccc1)NC(=O)c1cc(C(=O)N[C@H](C)c2ccc(F)cc2)cc(N(C)S(C)(=O)=O)c1,396.0,nM,6.4
CHEMBL3683850,N#Cc1ccc(C(=O)Nc2ccc(Cl)c([C@]3(C(F)F)N=C(N)O[C@H]4C[C@H]43)c2)nc1,31911.0,nM,4.5
CHEMBL4862716,CC1=CC2Cc3nc4cc(Cl)ccc4c(NCCCCCCCCCNS(=O)(=O)c4cn[nH]c4)c3C(C1)C2,10800.0,nM,4.97
CHEMBL2408786,CC#Cc1cncc(-c2ccc3c(c2)C2(C=C(F)C(N)=N2)[C@]2(CC[C@H](OC)CC2)C3)c1,18.0,nM,7.75
CHEMBL221170,COc1cccc(-c2cccc(CCc3cccc(N)n3)c2)c1,25000.0,nM,4.6
CHEMBL220826,Nc1ncccc1NCc1cc(-c2ccc3cc[nH]c3c2)ccc1OCc1ccccc1,690.0,nM,6.16
CHEMBL3127093,NC1=N[C@@]2(CO1)c1cc(-c3cccnc3F)ccc1O[C@H]1CCOC[C@@H]12,670.0,nM,6.17
CHEMBL4085945,CC(C)=CCC/C(=C/CC/C(C)=C/CCC1(C)C=Cc2cc(O)cc(C)c2O1)C(=O)O,7000.0,nM,5.16
CHEMBL2380821,CCCc1scc(-c2cn[nH]c2)c1CC(NC1=NC(C)(C)Cc2cc(Cl)ccc21)C(=O)O,8.0,nM,8.1
CHEMBL2380808,CC1(C)Cc2cc(Cl)ccc2C(NC(Cc2ccsc2Br)C(=O)O)=N1,9500.0,nM,5.02
CHEMBL5206612,Cn1c(N/N=C/c2cccc(Cl)c2Cl)nc2ccccc2c1=O,3700.0,nM,5.43
CHEMBL5205303,CCNC1=NC(c2ccc(F)cc2)NC(=O)N1,16050.0,nM,4.79
CHEMBL3127091,NC1=N[C@@]2(CO1)c1cc(-c3cncc(Cl)c3)ccc1O[C@H]1CCOC[C@@H]12,760.0,nM,6.12
CHEMBL3127098,NC1=N[C@@]2(CS1)c1cc(-c3cccnc3F)ccc1O[C@@H]1CCOC[C@H]12,330.0,nM,6.48
CHEMBL3127083,CN1C(=O)[C@]2(N=C1N)c1cc(-c3cccc(OC(F)F)c3)c(F)cc1O[C@H]1CCOC[C@@H]12,61.0,nM,7.21
CHEMBL3127081,CN1C(=O)[C@]2(N=C1N)c1cc(-c3cncnc3)ccc1O[C@H]1CCOC[C@@]12C,33.0,nM,7.48
CHEMBL5197842,C[C@@]1(C(F)F)C(=N)N[C@](C)(c2nc(NC(=O)c3ccc(C#N)cn3)ccc2F)CS1(=O)=O,78.0,nM,7.11
CHEMBL3688651,C#CCOc1cnc(C(=O)Nc2ccc(Cl)c([C@@]3(C(F)F)N=C(N)O[C@@H]4C[C@@H]43)c2)cn1,2.7,nM,8.57
CHEMBL3688650,NC1=N[C@](c2cc(NC(=O)c3nn(C(F)F)cc3Cl)ccc2Cl)(C(F)F)[C@@H]2C[C@@H]2O1,8270.0,nM,5.08
CHEMBL3688663,NC1=N[C@](CF)(c2cc(NC(=O)c3ccc(Br)cn3)cnc2F)[C@H]2C[C@H]2O1,126.0,nM,6.9
CHEMBL2380452,C[C@]1(c2cccc(-c3cncc(F)c3)c2)N=C(N)[C@@H]2CCCCN21,4000.0,nM,5.4
CHEMBL2380447,COc1cccc(-c2cccc(C3(C)COCC(N)=N3)c2)c1,3200.0,nM,5.5
CHEMBL5410627,CCCN1CCCCCc2cccc(c2)C[C@@H]([C@H](O)CNC(C)(C)c2cccc(OC)c2)NC(=O)c2cccc(c2)C1=O,2030.0,nM,5.69
CHEMBL5864388,NC1=N[C@@](c2cc(NC(=O)c3cnc(Cl)cn3)ccc2F)(C(F)F)[C@H]2CC2O1,37.0,nM,7.43
CHEMBL2380442,CC1(c2cccc(-c3cncnc3)c2)N=C(N)c2ccccc2S1,320.0,nM,6.5
CHEMBL2380451,COc1ccc(C2(c3cccc(-c4cncnc4)c3)N=C(N)n3nc(C)cc32)cc1,320.0,nM,6.5
CHEMBL2380445,CC1(c2cccc(-c3cncnc3)c2)N=C(N)CCS1,40.0,nM,7.4
CHEMBL4080380,C[C@@]1(c2cc(CNC3(C(F)(F)F)COC3)c(F)cc2F)CCSC(N)=N1,17.0,nM,7.77
CHEMBL5743934,C[C@]1(c2cc(/C=C(\F)c3ccc(C#N)cn3)ccc2F)N=C(N)S[C@@]2(C(=O)N3CCN(c4ccccc4)CC3)C[C@H]21,3.22,nM,8.49
CHEMBL5929147,C[C@]1(c2cc(/C=C(\F)c3ccc(C#N)cn3)ccc2F)N=C(N)S[C@@]2(C(=O)NC3CC3)C[C@H]21,9.32,nM,8.03
CHEMBL3216778,CC1=CC2Cc3nc4cc(Cl)ccc4c(NCCCCCCCCCNc4c5c(nc6cc(Cl)ccc46)CCCC5)c3C(C1)C2.Cl.Cl.Cl.Cl,5800.0,nM,5.24
CHEMBL1076905,CC(C)[C@H](NC(=O)[C@H](C)C[C@H](O)[C@H](COc1cc(F)cc(F)c1)NC(=O)c1cc(C(=O)N[C@H](C)c2ccccc2)cc(N(C)S(C)(=O)=O)c1)C(=O)NCc1ccccc1,3.1,nM,8.51
CHEMBL4209354,COc1ccccc1[C@]12CO[C@@H](C)C[C@H]1CSC(N)=N2,6060.0,nM,5.22
CHEMBL4207711,C[C@H]1C[C@H]2CSC(N)=N[C@@]2(c2ccccc2)CO1,1330.0,nM,5.88
CHEMBL4100832,[2H]C1([2H])OC(N)=N[C@]12c1cc(-c3cc(C#N)cc(OC)c3)ccc1C[C@]21CC[C@@H](OC)CC1,2.9,nM,8.54
CHEMBL4074071,[2H]C1([2H])OC(N)=N[C@]12c1cc(-c3cccnc3)ccc1C[C@]21CC[C@@H](OC)CC1,7.0,nM,8.15
CHEMBL4065448,[2H]C1([2H])OC(N)=N[C@]12c1cc(-c3cncnc3)ccc1C[C@]21CC[C@@H](OC)CC1,7.0,nM,8.15
CHEMBL4103296,[2H]C1([2H])OC(N)=N[C@]12c1cc(-c3cncnc3)ccc1C[C@]21CC[C@@H](OC)[C@H](C)C1,0.9,nM,9.05
CHEMBL4066788,CCCCCC(=O)Oc1ccc2c(=O)c(C3C(OC(=O)CC)=C(C)NC(C)=C3OC(=O)CC)coc2c1,6840.0,nM,5.17
CHEMBL3753360,c1ccc2oc(CN(CCCCCCCNc3c4c(nc5ccccc35)CCCC4)Cc3cc4ccccc4o3)cc2c1,620.0,nM,6.21
CHEMBL2386723,C[C@]1(c2nc(NC(=O)c3ncc(C(F)(F)F)cc3Cl)ccc2F)N=C(N)OCC1(F)F,35.0,nM,7.46
CHEMBL4078427,Fc1ccc2nc(-c3cccc(-c4cnc(-c5c[nH]c6cc(OC(F)(F)F)ccc56)[nH]4)c3)[nH]c2c1,120.0,nM,6.92
CHEMBL3354710,CC(C)(C)COc1ccc2c(c1)[C@]1(COC(N)=N1)c1cc(-c3c(F)ccnc3F)ccc1O2,0.5,nM,9.3
CHEMBL3354713,CC1(COc2cc(F)c3c(c2)[C@]2(COC(N)=N2)c2cc(-c4cccnc4)ccc2O3)COC1,1.0,nM,9.0
CHEMBL4159574,COCCOc1cnc(C(=O)Nc2ccc(F)c([C@@]3(C)N=C(N)CO[C@H]3C(F)(F)F)c2)cn1,40.7,nM,7.39
CHEMBL4175758,C[C@@]1(c2cc(N/C=C/c3ccc(C#N)cn3)ccc2F)COCC(N)=N1,2344.0,nM,5.63
CHEMBL4175845,C[C@]1(c2cc(NC(=O)c3ncc(C#N)cc3F)ccc2F)N=C(N)CO[C@@H]1F,12.2,nM,7.91
CHEMBL2011993,CN1C(=N)NC(CC2CC2)(c2cccc(-c3cccc(Cl)c3)c2)C1=O,9500.0,nM,5.02
CHEMBL2011997,CN1C(=N)NC(c2cncnc2)(c2cccc(-c3cccc(Cl)c3)c2)C1=O,21000.0,nM,4.68
CHEMBL5079271,C[C@H]1SC(N)=N[C@](C)(c2cc(NC(=O)c3cc4c(cn3)CCCO4)ccc2F)[C@H]1F,18.0,nM,7.75
CHEMBL2011986,CCC1(c2cccc(-c3cccc(Cl)c3)c2)NC(=N)N(C)C1=O,5300.0,nM,5.28
CHEMBL2011989,CN1C(=N)NC(c2cccc(-c3cccc(Cl)c3)c2)(C2CCC2)C1=O,2800.0,nM,5.55
CHEMBL4089395,CC(=O)N[C@@H](Cc1cc(F)cc(F)c1)[C@H](O)[C@H]1CO[C@@H](OCC2CCCCC2)CN1.O=C(O)C(F)(F)F,480.0,nM,6.32
CHEMBL2346801,CC1(C)Cc2cc(Cl)ccc2C(N[C@@H](Cc2ccccc2)c2ncc(Cl)c(=O)[nH]2)=N1,560.0,nM,6.25
CHEMBL1791020,CC[C@H](C)[C@H](NC(C)=O)C(=O)N[C@@H](C)C(=O)N[C@@H](CC(C)C)[C@@H](O)CC(=O)N[C@H](C(=O)NCc1cccc(C(=O)O)c1)C(C)C,250.0,nM,6.6
CHEMBL3394213,Cc1ccc(-c2cc3c(c(F)n2)Oc2ccc(-c4cccnc4F)cc2[C@@]32COC(N)=N2)cn1,0.4,nM,9.4
CHEMBL3394214,Cc1cc(-c2cc3c(c(F)n2)Oc2ccc(-c4cccnc4F)cc2[C@@]32COC(N)=N2)ccn1,0.8,nM,9.1
CHEMBL3394216,NC1=N[C@@]2(CO1)c1cc(-c3cccnc3F)ccc1Oc1c2cc(-c2ccc(F)nc2)nc1F,0.3,nM,9.52
CHEMBL3394223,NC1=N[C@@]2(CO1)c1cc(-c3cccnc3F)ccc1Oc1c2cc(C2CCOCC2)nc1F,0.7,nM,9.15
CHEMBL3394212,NC1=N[C@@]2(CO1)c1cc(-c3cccnc3F)ccc1Oc1c2cc(-c2ccncc2)nc1F,6.0,nM,8.22
CHEMBL3394215,NC1=N[C@@]2(CO1)c1cc(-c3cccnc3F)ccc1Oc1c2cc(-c2cccnc2F)nc1F,26.0,nM,7.58
CHEMBL3394221,NC1=N[C@@]2(CO1)c1cc(-c3cccnc3F)ccc1Oc1c2cc(C2=CCOCC2)nc1F,4.0,nM,8.4
CHEMBL1092786,CN1C(=O)C(c2ccncc2)(c2cccc(-c3cccc(F)c3F)c2)N=C1N,40.0,nM,7.4
CHEMBL1092147,C[C@@H](NC(=O)c1cc(-c2n[nH]c([C@](C)(N)Cc3ccccc3)n2)cc(N(C)S(C)(=O)=O)c1)c1ccc(F)cc1,822.0,nM,6.08
CHEMBL3680887,C[C@]1(c2cc(NC(=O)c3ncc(C(F)(F)F)cc3Cl)ccc2F)N=C(N)OC[C@H]1F,140.0,nM,6.85
CHEMBL2047910,CC(C)(C)c1cccc(CN[C@H]2CS(=O)(=O)C[C@@H](Cc3cc(F)c(N)c(-c4ccoc4)c3)[C@@H]2O)c1,2350.0,nM,5.63
CHEMBL2048046,CC(C)(C)c1cccc(CN[C@H]2CS(=O)(=O)C[C@@H](Cc3cc(F)c(N)c(OCCC(F)(F)F)c3)[C@@H]2O)c1,75.0,nM,7.12
CHEMBL2058779,Cc1ccc(OCC(=O)N[C@@H]2c3cc(NC(=O)COc4ccc(C#N)cc4C)ccc3C[C@H]2O)cc1,13600.0,nM,4.87
CHEMBL3974233,COCCCc1ccc2c(c1)C1(N=C(N)N(C)C1=O)C1(CCC(OC)CC1)C2,23.2,nM,7.63
CHEMBL3939252,COC1CCC2(CC1)Cc1ccc(-c3cncc(C(F)(F)F)c3)cc1C21N=C(N)N(C2CC2)C1=O,72.4,nM,7.14
CHEMBL3970029,COC1CCC2(CC1)Cc1ccc(C#CC3CC3)cc1C21N=C(N)N(C2CCC2)C1=O,37.8,nM,7.42
CHEMBL3945667,COCCOc1ccc2c(c1)C1(N=C(N)N(C)C1=O)C1(CCC(OC)CC1)C2,10.6,nM,7.97
CHEMBL3980812,[C-]#[N+]c1cccc(-c2ccc3c(c2)C2(CCSC(N)=N2)C2(CCc4ccccc4CC2)C3)c1,1166.5,nM,5.93
CHEMBL3703264,CCc1cncc(-c2ccc3c(c2)C2(COC(N)=N2)C2(CC2)CO3)c1,3300.0,nM,5.48
CHEMBL3985071,CN(C)C(=O)C1=CCC2(CC1)Cc1ccc(-c3cccc(C#N)c3)cc1C21N=C(N)N(C)O1,3702.8,nM,5.43
CHEMBL3961222,Cc1onc2c1CC1(CC2)Cc2ccc(C#CC3CC3)cc2C12N=C(N)N(C)O2,16.7,nM,7.78
CHEMBL3907808,CO[C@H]1CC[C@]2(CC1)Cc1ccc(C(C)C)cc1C21N=C(N)N(C(C)C)C1=O,148.9,nM,6.83
CHEMBL3650833,NC1=NC2(CO1)c1cc(-c3cncnc3)ccc1OC(CC1CC1)C21COC1,388.0,nM,6.41
CHEMBL3650796,COc1cc(-c2ccc3c(c2)C2(COC(N)=N2)C2(COC2)C(C)(C)O3)ccn1,2314.0,nM,5.64
CHEMBL3656157,CN1OC2(N=C1N)c1cc(-c3cccc(OC(F)(F)F)c3)ccc1CC21CCc2ccccc2CC1,130.4,nM,6.88
CHEMBL3918596,CN1OC2(C=C1N)c1cc(-c3cccc(C#N)c3)ccc1CC21CCCc2ccccc2C1,292.9,nM,6.53
CHEMBL2349475,CN1C(=O)C2(CC(C)(C)Cc3ccc(-c4cccc(C#N)c4)cc32)N=C1N,23.0,nM,7.64
CHEMBL2349485,COCCN1C(=O)C2(CC(C)(C)Oc3ccc(-c4cccc(Cl)c4)cc32)N=C1N,123.0,nM,6.91
CHEMBL2349500,CN1C(=O)C2(CC(C)(C)Oc3ccc(N4CCCCC4)cc32)N=C1N,8661.0,nM,5.06
CHEMBL332260,CC(=O)N[C@@H](CC(C)C)C(=O)N[C@@H](Cc1ccccc1)[C@@H](O)CC(=O)N[C@@H](CC1CCCCC1)[C@@H](O)CC(=O)N[C@H](C(=O)NCc1ccc(C(=O)O)cc1)C(C)C,50.0,nM,7.3
CHEMBL1644462,CC(C)S[C@H](NC(=O)[C@@H](C[C@H](O)[C@@H]1COCc2cccc(c2)C(C)NC(=O)c2cc(cc(N(C)S(C)(=O)=O)c2)C(=O)N1)C(C)C)C(=O)NCc1ccccc1,50.0,nM,7.3
CHEMBL2181830,COCC(=O)N[C@@H](Cc1ccc2c(c1)OCO2)[C@H](O)CN[C@H]1CC2(CCC2)Oc2ncc(CC(C)(C)C)cc21,16.8,nM,7.78
CHEMBL2181827,CC(C)(C)Cc1cnc2c(c1)[C@@H](NC[C@@H](O)[C@H](Cc1ccc3c(c1)OCO3)NC(=O)c1cccnc1)CC1(CCC1)O2,26.1,nM,7.58
CHEMBL2181883,CC(C)(C)Cc1cnc2c(c1)[C@@H](NC[C@@H](O)[C@H](Cc1ccc3c(c1)OCO3)NC(=O)c1ccccc1F)CC1(CCC1)O2,76.6,nM,7.12
CHEMBL2181886,CC(=O)N[C@@H](Cc1ccc(OC(F)F)c(OC(F)F)c1)[C@H](O)CN[C@H]1CC2(CCC2)Oc2ncc(CC(C)(C)C)cc21,238.4,nM,6.62
CHEMBL593979,CCCCCCN1C(=O)C(c2ccccc2)(C2CCCCC2)N=C1N,1389.95,nM,5.86
CHEMBL2047888,CC(C)(C)c1cccc(CN[C@H]2CS(=O)(=O)C[C@@H](Cc3ccc(N)c(F)c3)[C@@H]2O)c1,350.0,nM,6.46
CHEMBL2047890,CC(C)(C)c1cccc(CN[C@H]2CS(=O)(=O)C[C@@H](Cc3ccc(N)c(Br)c3)[C@@H]2O)c1,140.0,nM,6.85
CHEMBL2047902,CC(C)(C)c1cccc(CN[C@H]2CS(=O)(=O)C[C@@H](Cc3cc(F)c4c(c3)C3(CCC3)CN4)[C@@H]2O)c1,80.0,nM,7.1
CHEMBL3978446,CO[C@H]1CC[C@]2(CC1)Cc1ccc(Br)cc1[C@@]21N=C(N)N([C@@H](C)CO)C1=O,13500.0,nM,4.87
CHEMBL3979493,CO[C@H]1CC[C@]2(CC1)Cc1ccc(Br)cc1[C@@]21N=C(N)N([C@H](C)CO)C1=O,19370.0,nM,4.71
CHEMBL3930955,COC1CCC2(CC1)Cc1ccc(C#Cc3ccccc3)cc1C21N=C(N)N(C)C1=O,16.2,nM,7.79
CHEMBL3703287,CC(C)CC1Oc2ccc(-c3cncnc3)cc2C2(COC(N)=N2)C12COC2,629.0,nM,6.2
CHEMBL3703300,CCOc1cncc(-c2ccc3c(c2)C2(COC(N)=N2)C2(CC2)CO3)c1,1830.0,nM,5.74
CHEMBL3703304,CC#Cc1cncc(-c2cc3c(cc2F)OCC2(CC2)C32COC(N)=N2)c1,400.0,nM,6.4
CHEMBL3650774,COc1cccc(-c2ccc3c(c2)C2(COC(N)=N2)C2(COC2)C(C)(C)O3)c1,401.0,nM,6.4
CHEMBL3963820,[C-]#[N+]c1cccc(-c2ccc3c(c2)C2(N=C(N)N(C)C2=O)C2(CCC(OC)CC2)C3(C)C)c1,3156.5,nM,5.5
CHEMBL3932723,COC1CCC2(CC1)Cc1ccc(C#CC3CC3)cc1C21N=C(N)N(Cc2nccs2)C1=O,17.4,nM,7.76
CHEMBL3974127,COCC(C)N1C(=O)C2(N=C1N)c1cc(C#N)ccc1CC21CCC(OC)CC1,333.2,nM,6.48
CHEMBL5957753,CNC(=O)[C@]12C[C@H]1[C@@](C)(c1cc(/C=C(\F)c3cc4c(cn3)OCCO4)ccc1F)N=C(N)S2,293.0,nM,6.53
CHEMBL2347869,O=C(Nc1cc(Br)ccc1N1CCNCC1)c1cc2ccccc2o/c1=N\c1ccccc1,9267.0,nM,5.03
CHEMBL3904430,CN1C(=O)[C@@]2(N=C1N)c1cc(C#CC3CC3)ccc1C[C@]21CC[C@@H](OC(F)F)CC1,2.4,nM,8.62
CHEMBL5910800,COC1CCC2(CC1)Cc1ccc(OCC3CC3)cc1C21N=C(N)N(CCF)C1=O,6.8,nM,8.17
CHEMBL3923021,CO[C@H]1CC[C@]2(CC1)Cc1ccc(C#N)cc1C21N=C(N)N(C)O1,157.0,nM,6.8
CHEMBL3688702,N#Cc1ccc(C(=O)Nc2ccc(Cl)c([C@@]3(CF)N=C(N)O[C@@H]4C[C@@H]43)c2)nc1,56.8,nM,7.25
CHEMBL3688704,C#CCOc1cnc(C(=O)Nc2ccc(Cl)c([C@@]3(CF)N=C(N)O[C@@H]4C[C@@H]43)c2)cn1,5.6,nM,8.25
CHEMBL3688707,COc1ccc(C(=O)Nc2ccc(Cl)c([C@@]3(CF)N=C(N)O[C@@H]4C[C@@H]43)c2)nc1,195.5,nM,6.71
CHEMBL3639876,N#Cc1cnc(C(=O)Nc2ccc(F)c([C@@]3(C(F)F)N=C(N)O[C@@H]4C[C@@H]43)c2)c(F)c1,35.2,nM,7.45
CHEMBL3683831,N#Cc1ccc(C(=O)Nc2cnc(F)c([C@]3(C(F)F)N=C(N)O[C@H]4C[C@H]43)c2)nc1,165.0,nM,6.78
CHEMBL3683843,Cc1cc(OC(F)F)cnc1C(=O)Nc1cc(Cl)c(F)c([C@@]2(CF)N=C(N)O[C@@H]3C[C@@H]32)c1,32.3,nM,7.49
CHEMBL3683849,N#Cc1ccc(C(=O)Nc2ccc(Cl)c([C@@]3(C(F)F)N=C(N)O[C@@H]4C[C@@H]43)c2)nc1,44.3,nM,7.35
CHEMBL3683864,C#CCOc1cnc(C(=O)Nc2cc(F)c(F)c([C@@]3(C(F)F)N=C(N)O[C@@H]4C[C@@H]43)c2)cn1,2.1,nM,8.68
CHEMBL3683880,NC1=N[C@@](c2cc(NC(=O)c3ncc(Cl)cc3F)ccc2F)(C(F)F)[C@H]2C[C@H]2O1,38.9,nM,7.41
CHEMBL3688718,COc1cnc(C(=O)Nc2ccc(C)c([C@@]3(C(F)F)N=C(N)O[C@@H]4C[C@@H]43)c2)cn1,313.5,nM,6.5
CHEMBL3688740,C#CCOc1cnc(C(=O)Nc2cc(F)c(Cl)c([C@]3(CF)N=C(N)O[C@H]4C[C@H]43)c2)cn1,4070.0,nM,5.39
CHEMBL3683866,N#Cc1ccc(C(=O)Nc2cc(F)c(F)c([C@@]3(C(F)F)N=C(N)O[C@@H]4C[C@@H]43)c2)nc1,27.5,nM,7.56
CHEMBL3683897,C#C[C@@H](C)Oc1cnc(C(=O)Nc2ccc(F)c([C@@]3(C(F)F)N=C(N)O[C@@H]4C[C@@H]43)c2)cn1,195.0,nM,6.71
CHEMBL3683903,Cn1nc(C(F)F)cc1C(=O)Nc1ccc(F)c([C@@]2(C(F)F)N=C(N)O[C@@H]3C[C@@H]32)c1,240.0,nM,6.62
CHEMBL1821828,COc1cccnc1-c1ccc2nc(N)c(CC(C)C(=O)NCCC(C)(C)C)cc2c1,97.0,nM,7.01
CHEMBL3680878,C[C@]1(c2cc(NC(=O)c3cnc(Cl)s3)ccc2F)N=C(N)OC[C@@H]1F,81.0,nM,7.09
CHEMBL2347211,C[C@@]1(c2cc(NC(=O)c3ccc(Cl)cn3)ccc2F)CCSC(N)=N1,6.7,nM,8.17
CHEMBL2347203,C[C@@]1(c2cc(NC(=O)c3ccc(C#N)cn3)ccc2F)CCOC(N)=N1,118.0,nM,6.93
CHEMBL4203079,COc1cc(C#N)cnc1C(=O)Nc1ccc(F)c([C@]2(C)C=C(CF)OC(N)=N2)c1,56.0,nM,7.25
CHEMBL4207430,C[C@@]1(c2cc(NC(=O)c3coc(CF)n3)ccc2F)C=C(CF)OC(N)=N1,5.8,nM,8.24
CHEMBL3972432,C[C@H]1C[C@H]2CSC(N)=N[C@@]2(c2nc(NC(=O)c3cc4ccccn4n3)cs2)CO1,1000.0,nM,6.0
CHEMBL4579155,COC[C@]12C[C@H]1[C@@](C)(c1cc(NC(=O)c3cnc(OCC(F)(F)F)cn3)cc(F)c1F)N=C(N)S2,0.8,nM,9.1
CHEMBL4560579,C#CCOc1cnc(C(=O)Nc2cc(F)c(F)c([C@@]3(C)N=C(N)S[C@@]4(COC)C[C@H]43)c2)cn1,0.4,nM,9.4
CHEMBL4544525,COC[C@]12C[C@H]1[C@@](C)(c1cc(NC(=O)c3cnc(OCCC(F)(F)F)cn3)cc(F)c1F)N=C(N)S2,16.0,nM,7.8
CHEMBL4475533,CNC(=O)[C@]12C[C@H]1[C@@](C)(c1cc(NC(=O)c3ccc(Cl)cn3)cc(F)c1F)N=C(N)S2,0.4,nM,9.4
CHEMBL5843384,Cc1cc(OCC#CC(C)(C)O)cnc1C(=O)Nc1ccc(F)c([C@]2(C)N=C(N)O[C@H]3C[C@H]32)c1,206.0,nM,6.69
CHEMBL3683798,N#Cc1ccc(C(=O)Nc2cc(F)c(F)c([C@]3(CF)N=C(N)O[C@H]4C[C@H]43)c2)nc1,16500.0,nM,4.78
CHEMBL49989,CC(C)Cc1ccc(C(=O)NC(CC(C)C)[C@@H](O)CC(=O)N[C@@H](C(=O)N[C@H](C)C(=O)N[C@H](CCC(=O)O)C(=O)N[C@H](Cc2ccccc2)C(=O)O)C(C)C)cc1,28000.0,nM,4.55
CHEMBL6010658,C#CCOc1cnc(/C(F)=C/c2cnc(F)c([C@@]3(C)N=C(N)S[C@@]4(C(=O)OC)C[C@H]43)c2)cn1,8.9,nM,8.05
CHEMBL6029934,C#CCOc1cnc(/C(F)=C/c2cnc(F)c([C@@]3(C)N=C(N)S[C@@]4(C(=O)N5CC[C@@H](F)C5)C[C@H]43)c2)cn1,0.8,nM,9.1
CHEMBL5919055,CN(C)C(=O)[C@]12C[C@H]1[C@@](C)(c1cc(/C=C(\F)c3cnc(OCC(F)F)cn3)ccc1F)N=C(N)S2,21.0,nM,7.68
CHEMBL5762814,CN(C)C(=O)[C@]12C[C@H]1[C@@](C)(c1cc(/C=C(\F)c3ncc(C#N)s3)ccc1F)N=C(N)S2,4.0,nM,8.4
CHEMBL6050497,CNC(=O)[C@]12C[C@H]1[C@@](C)(c1cc(/C=C(\F)c3ncc(C#N)cc3C)ccc1F)N=C(N)S2,27.0,nM,7.57
CHEMBL5842402,COC(=O)[C@]12C[C@H]1[C@@](C)(c1cc(/C=C(\F)c3ccc(Cl)cn3)cc(F)c1F)N=C(N)S2,62.5,nM,7.2
CHEMBL5853121,CN(C)C(=O)[C@]12C[C@H]1[C@@](C)(c1cc(/C=C(\F)c3ncc4c(n3)OCCO4)ccc1F)N=C(N)S2,29.0,nM,7.54
CHEMBL5913417,C[C@]1(O)CCN(C(=O)[C@]23C[C@H]2[C@@](C)(c2cc(/C=C(\F)c4ccc(C#N)cn4)ccc2F)N=C(N)S3)C1,0.9,nM,9.05
CHEMBL5778794,C[C@]1(c2cc(/C=C(\F)c3ccc(C#N)cn3)ccc2F)N=C(N)S[C@@]2(C(=O)N3CC4(CCOCC4)C3)C[C@H]21,2.5,nM,8.6
CHEMBL5972270,C[C@]1(c2cc(/C=C(\F)c3ccc(C#N)cn3)ccc2F)N=C(N)S[C@@]2(C(=O)N3CCC(F)(F)CC3)C[C@H]21,1.9,nM,8.72
CHEMBL6037454,CC[C@H]1COCCN1C(=O)[C@]12C[C@H]1[C@@](C)(c1cc(/C=C(\F)c3ccc(C#N)cn3)ccc1F)N=C(N)S2,2.8,nM,8.55
CHEMBL5809970,C[C@]1(c2cc(/C=C(\F)c3ccc(Br)cn3)ccc2F)N=C(N)S[C@@]2(C(=O)N3CCOCC3)C[C@H]21,1.1,nM,8.96
CHEMBL6030687,C#CCOc1cnc(/C(F)=C/c2ccc(F)c([C@@]3(C)N=C(N)S[C@@]4(c5ncc(C)o5)C[C@@H]34)c2)cn1,6.3,nM,8.2
CHEMBL4561732,COc1cnc(C(=O)Nc2ccc(F)c([C@]3(C)CCSC(N)=N3)c2)cn1,11.0,nM,7.96
CHEMBL4583340,C[C@]1(c2cc(NC(=O)c3cnc(OCF)cn3)ccc2F)N=C(N)SCC12CCOCC2,6.8,nM,8.17
CHEMBL3357666,C[C@]12CCCO[C@@H]1[C@]1(CSC(N)=N1)c1cc(-c3cncc(Cl)c3)ccc1O2,51.0,nM,7.29
CHEMBL3357659,CN1C(=O)[C@]2(N=C1N)c1cc(-c3cccnc3F)ccc1O[C@]1(C)CCCO[C@H]12,26.0,nM,7.58
CHEMBL3357657,CN1C(=O)[C@]2(N=C1N)c1cc(-c3cccnc3F)ccc1O[C@@H]1CCCO[C@H]12,700.0,nM,6.16
CHEMBL6005361,Cc1noc2c1CC1(CC2)Oc2ccc(Br)cc2C12N=C(N)N(C)O2,207.0,nM,6.68
CHEMBL6016095,NC(=S)c1ccc(C(=O)Nc2cccc(C3(CF)COCC(N)=N3)n2)nc1.O=C(O)C(F)(F)F,2100.0,nM,5.68
CHEMBL3670354,C[C@]1(c2cccc(NC(=O)c3ccc(C#N)cn3)n2)CO[C@@](C)(C(F)(F)F)C(N)=N1,6200.0,nM,5.21
CHEMBL5756387,Cc1cc(Cl)cnc1C(=O)Nc1cc(C2(CF)COCC(N)=N2)ccn1,3700.0,nM,5.43
CHEMBL3670376,C[C@@]1(c2cc(NC(=O)c3ncc(C#N)cc3Cl)ncc2F)CO[C@@](C)(C(F)(F)F)C(N)=N1,150.0,nM,6.82
CHEMBL3653512,Cc1cc(C#N)cnc1C(=O)Nc1ccc(F)c([C@]2(C(F)F)COCC(N)=N2)c1,79.0,nM,7.1
CHEMBL3394219,NC1=N[C@@]2(CO1)c1cc(-c3cccnc3F)ccc1Oc1c2cc(C2=CCCCO2)nc1F,0.4,nM,9.4
CHEMBL2425598,[2H]C([2H])(N[C@H]1C[S@+]([O-])C[C@@H](Cc2cc(F)c(N)c(O[C@H](COC)C(F)(F)F)c2)[C@@H]1O)c1cccc(C(C)C)c1,31.0,nM,7.51
CHEMBL2425611,CC(C)(C)c1cccc(CN[C@H]2C[S@+]([O-])C[C@@H](Cc3cc(F)c(N)c(OCC(F)(F)F)c3)[C@@H]2O)c1,8.0,nM,8.1
CHEMBL3915277,COc1cnc(C(=O)Nc2cnc(F)c([C@]3(C)C[C@@H](C(F)(F)F)OC(N)=N3)c2)c(Cl)c1,48.5,nM,7.31
CHEMBL3981436,NC1=N[C@](CF)(c2cc(NC(=O)c3ncc(Cl)cc3Cl)ccc2F)C[C@@H](C(F)(F)F)O1,23.0,nM,7.64
CHEMBL3961673,C[C@@]1(c2nc(NC(=O)c3ccc(Cl)cn3)ccc2F)C[C@@H](C(F)(F)F)OC(N)=N1,103.0,nM,6.99
CHEMBL3917490,COc1cccc(-c2cccc(C3(c4ccccc4)NC(=N)N(C4CCCCC4)C3=O)c2)c1,9000.0,nM,5.05
CHEMBL3936611,COc1cccc(-c2cccc(C3(c4ccccc4)NC(=N)N(C4CCOCC4)C3=O)c2)c1,2460.0,nM,5.61
CHEMBL1099022,CC(C)CNC(=O)[C@H](C)C[C@H](O)[C@H](CC(C)C)NC(=O)[C@H](Cc1ccc([N+](=O)[O-])cc1)NC(=O)c1ccc([N+](=O)[O-])cc1,2640.0,nM,5.58
CHEMBL3672416,COc1cc(/C=C/C(=O)CC(=O)/C=C/c2ccc(F)c(OC)c2)ccc1O,2200.0,nM,5.66
CHEMBL3672421,COc1cc(/C=C/C(=O)CC(=O)/C=C/c2ccc3[nH]ccc3c2)ccc1O,1900.0,nM,5.72
CHEMBL3672435,COc1ccc(O)c(/C=C/C(=O)CC(=O)/C=C/c2ccc(O)cc2)c1,960.0,nM,6.02
CHEMBL3672436,COc1ccc(/C=C/C(=O)CC(=O)/C=C/c2ccc(O)c(OC)c2)c(O)c1,1200.0,nM,5.92
CHEMBL3672439,COc1cc(/C=C/C(=O)CC(=O)/C=C/c2c(O)cccc2OC)ccc1O,1400.0,nM,5.85
CHEMBL3672437,COCOc1cccc(O)c1/C=C/C(=O)CC(=O)/C=C/c1ccc(O)c(OC)c1,1200.0,nM,5.92
CHEMBL3683887,N#Cc1ccc(C(=O)Nc2cc(F)c(Cl)c([C@]3(CF)N=C(N)O[C@H]4C[C@H]43)c2)nc1,119.5,nM,6.92
CHEMBL3688696,NC1=N[C@](CF)(c2cc(NC(=O)c3ccc(Cl)cn3)ccc2Cl)[C@H]2C[C@H]2O1,66.9,nM,7.17
CHEMBL3640243,Cc1cnc(C(=O)Nc2ccc(F)c([C@@]3(C)N=C(N)SCC34CC4)c2)cn1,10.0,nM,8.0
CHEMBL3703305,CC#Cc1cncc(-c2ccc3c(c2)C2(COC(N)=N2)C2(CCC2)CO3)c1,1110.0,nM,5.96
CHEMBL3905256,C[C@@]1(c2cc(Nc3nc4cc(Cl)ccc4o3)ccc2F)C[C@@H](C(F)(F)F)OC(N)=N1,26800.0,nM,4.57
CHEMBL3894342,NC1=N[C@](CF)(c2cc(Nc3cc(Cl)ccn3)ccc2F)C[C@@H](C(F)(F)F)O1,23700.0,nM,4.62
CHEMBL2403760,CC1(c2cccc(NC(=O)c3ccccn3)c2)CSC(N)=N1,1720.0,nM,5.76
CHEMBL2403775,CC1(c2cc(NC(=O)c3ccc(Cl)cn3)ccc2F)N=C(N)c2ccccc2O1,120.0,nM,6.92
CHEMBL2403769,C[C@@]1(c2cc(NC(=O)c3ccc(Cl)cn3)ccc2F)COCC(N)=N1,31.0,nM,7.51
CHEMBL2403766,CN1CC[C@@](C)(c2cc(NC(=O)c3ccc(Cl)cn3)ccc2F)N=C1N,12.0,nM,7.92
CHEMBL3394224,NC1=N[C@@]2(CO1)c1cc(-c3cccnc3F)ccc1Oc1c2cc(N2CCOCC2)nc1F,0.3,nM,9.52
CHEMBL1644467,COCCCC1NC(=O)c2cc(cc(N(C)S(C)(=O)=O)c2)C(=O)N[C@H]([C@@H](O)C[C@H](C(=O)NCC(C)C)C(C)C)COCc2cccc1c2,1900.0,nM,5.72
CHEMBL1269608,COc1ccc(CCNC(=O)CSc2nc3ccc(Nc4nc(N5CCCCC5)nc(N5CCCCC5)n4)cc3s2)cc1OC,2800.0,nM,5.55
CHEMBL1269610,COc1ccc(OC)c(NC(=O)CSc2nc3ccc(Nc4nc(N5CCCCC5)nc(N5CCCCC5)n4)cc3s2)c1,18000.0,nM,4.75
CHEMBL3683894,COc1c(F)cc(NC(=O)c2ccc(Cl)cn2)cc1[C@@]1(CF)N=C(N)O[C@@H]2C[C@@H]21,153.0,nM,6.82
CHEMBL3683899,NC1=N[C@@](c2cc(NC(=O)c3coc(C(F)F)n3)ccc2F)(C(F)F)[C@H]2C[C@H]2O1,32.2,nM,7.49
CHEMBL3688630,CC#CCOc1cnc(C(=O)Nc2ccc(F)c([C@@]3(CF)N=C(N)O[C@@H]4C[C@@H]43)c2)cn1,2.2,nM,8.66
CHEMBL26125,CCN(Cc1ccccc1)Cc1ccc(-c2cc3ccc(OCCNC(=O)Cc4cc(F)cc(F)c4)cc3oc2=O)cc1,150.0,nM,6.82
CHEMBL272700,CCN(Cc1ccccc1)Cc1ccc(-c2cc3cc(OCCNC(=O)Cc4cc(F)cc(F)c4)ccc3oc2=O)cc1,149.0,nM,6.83
CHEMBL3672426,CN(C)c1ccc(/C=C/C(=O)CC(=O)/C=C/c2ccc(O)cc2)c(Cl)c1,1200.0,nM,5.92
CHEMBL3672431,COc1ccc(/C=C/C(=O)CC(=O)/C=C/c2cc(OC)c(OC)c(OC)c2)cc1O,3000.0,nM,5.52
CHEMBL429505,CCCCN1C[C@@H](C(=O)N[C@@H](Cc2cc(F)cc(F)c2)[C@H](O)[C@H]2C[C@@H](OCc3ccccc3)CN2)CC1=O,370.0,nM,6.43
CHEMBL253867,CCOc1cc(C(=O)N[C@@H](Cc2ccccc2)[C@H](O)CNCc2cccc(C(F)(F)F)c2)cc(N2CCCCS2(=O)=O)c1,6.0,nM,8.22
CHEMBL252861,CCNc1cc(C(=O)N[C@@H](Cc2ccccc2)[C@H](O)CNc2ccccc2)cc(N2CCCC2=O)c1,1700.0,nM,5.77
CHEMBL404500,CCNc1cc(C(=O)N[C@@H](Cc2ccccc2)[C@H](O)CNCc2ccc(OC)cc2)cc(N2CCCC2=O)c1,2090.0,nM,5.68
CHEMBL84834,CCC[C@H](NC(=O)[C@@H](O)C(C)C)C(=O)N[C@@H](Cc1ccccc1)[C@@H](O)C[C@@H](C)C(=O)N[C@H](C(=O)NCc1ccncc1)C(C)C,550.0,nM,6.26
CHEMBL3653476,C[C@@]1(c2cc(NC(=O)c3ncc(Cl)cc3N)ccc2F)CO[C@@](C)(C(F)(F)F)C(N)=N1,8.0,nM,8.1
CHEMBL3653479,CC1(c2cc(NC(=O)c3ccc(C#N)cn3)ccc2F)N=C(N)COCC1(F)F,34.0,nM,7.47
CHEMBL316181,CC(C)[C@H](O)C(=O)N[C@@H](C)C(=O)N[C@@H](Cc1ccccc1)[C@@H](O)C[C@@H](C)C(=O)N[C@H](C(=O)NCc1ccccc1)C(C)C,37.0,nM,7.43
CHEMBL1163658,Oc1c(I)cc(I)cc1/C=N/Nc1nc(NCc2ccccc2)nc(N2CCOCC2)n1,100000.0,nM,4.0
CHEMBL1165394,CC1=C(C(=O)NOCc2ccccc2)C(C(C)C)C(C(=O)N[C@@H](Cc2ccccc2)[C@H](O)CNC2CC2)=C(C)N1S(C)(=O)=O,11000.0,nM,4.96
CHEMBL1163425,CC1=C(C(=O)N[C@@H](Cc2ccccc2)[C@H](O)CNC2CC2)C(C)C(C(=O)OCc2ccccc2)=C(C)N1CC(=O)N(C)C(C)C,28200.0,nM,4.55
CHEMBL3672721,CO[C@H]1CC[C@@]2(CCc3ccc(Br)cc3C23N=C(C)C(N)=N3)CC1,411.0,nM,6.39
CHEMBL3672727,CC#Cc1cncc(-c2ccc3c(c2)C2(N=C(C)C(N)=N2)[C@]2(CC3)CC[C@H](OC)CC2)c1,212.0,nM,6.67
CHEMBL3672729,CC1=NC2(N=C1N)c1cc(-c3cc(Cl)cc(C#N)c3)ccc1CCC21CC1,15.0,nM,7.82
CHEMBL3672730,COC1CCC2(CCc3ccc(-c4cc(Cl)cc(C#N)c4)cc3C23N=C(C)C(N)=N3)CC1,5.7,nM,8.24
CHEMBL2347876,O=C(Nc1cc(Br)ccc1N1CCN(CCCCN2C(=O)c3ccccc3C2=O)CC1)c1cc2ccccc2o/c1=N\c1ccccc1,854.0,nM,6.07
CHEMBL2347875,O=C(Nc1cc(Br)ccc1N1CCN(CCCN2C(=O)c3ccccc3C2=O)CC1)c1cc2ccccc2o/c1=N\c1ccccc1,326.0,nM,6.49
CHEMBL2347867,O=C(Nc1cc(Br)ccc1N1CCN(Cc2ccccc2)CC1)c1cc2ccccc2o/c1=N\c1ccccc1,503.0,nM,6.3
CHEMBL4112809,C[C@@H]1C[C@@]2(Cc3ccc(-c4cncnc4)cc3[C@]23N=C(N)N(CC(C)(C)F)C3=O)C[C@H](C)[C@H]1O,2.6,nM,8.59
CHEMBL3921904,C[C@H]1C[C@@]2(CC[C@@H]1O)Cc1ccc(-c3cccnc3)cc1[C@]21N=C(N)N(Cc2ncccn2)C1=O,6.8,nM,8.17
CHEMBL253421,N#Cc1ccc(COc2ccc(-c3ccc(-c4ccccc4)n3CC(=O)NC(=N)N)cc2)cc1,1900.0,nM,5.72
CHEMBL254092,COc1cccc(-c2ccc(-c3ccc(Oc4ccc(C(C)=O)cc4)cc3)n2CC(=O)NC(=N)N)c1,1300.0,nM,5.89
CHEMBL254891,N=C(N)NC(=O)Cn1c(-c2ccc(Oc3ccccc3)cc2)ccc1-c1csc2ccccc12,700.0,nM,6.16
CHEMBL251828,N=C(N)NC(=O)Cn1c(-c2ccc(F)cc2)ccc1-c1cc(Cl)ccc1Cl,2000.0,nM,5.7
CHEMBL252189,N=C(N)NC(=O)Cn1c(-c2ccccc2)ccc1-c1ccc(NC(=O)c2cccc(Br)c2)cc1,5600.0,nM,5.25
CHEMBL399837,N=C(N)NC(=O)Cn1c(-c2ccccc2)ccc1-c1cc(Cl)ccc1Cl,3500.0,nM,5.46
CHEMBL2152910,NC1=N[C@@]2(COCC1)c1cc(-c3cccnc3F)ccc1Oc1cnc(-c3ccnc(F)c3)cc12,0.5,nM,9.3
CHEMBL3958034,NC1=N[C@@]2(COCC1)c1cc(Br)ccc1Oc1cnc(Cl)cc12,3826.0,nM,5.42
CHEMBL2349472,CN1C(=O)C2(CC(C)(C)Sc3ccc(-c4cc(F)cc(Cl)c4)cc32)N=C1N,23.0,nM,7.64
CHEMBL3645154,CC#CC(=O)Nc1cccc([C@]2(C)CCSC(N)=N2)c1,720.0,nM,6.14
CHEMBL3640237,C[C@]1(c2cc(NC(=O)c3ncccc3F)ccc2F)N=C(N)SCC1(F)F,110.0,nM,6.96
CHEMBL3920625,NC1=N[C@@]2(c3ccc(F)cc3F)CO[C@@H](c3ccc(F)cc3F)C[C@H]2CS1,39.0,nM,7.41
CHEMBL3958680,COCc1ccc([C@H]2C[C@H]3CSC(N)=N[C@@]3(c3ccc(F)cc3F)CO2)cc1,22.0,nM,7.66
CHEMBL3942431,N#Cc1ccc([C@H]2C[C@H]3CSC(N)=N[C@@]3(c3ccc(F)cc3F)CO2)cc1,42.0,nM,7.38
CHEMBL3672414,COc1ccc(/C=C/C(=O)CC(=O)/C=C/c2cc(O)ccc2[N+](=O)[O-])cc1O,630.0,nM,6.2
CHEMBL3677230,CSc1ccccc1/C=C/C(=O)CC(=O)/C=C/c1ccc(O)cc1,950.0,nM,6.02
CHEMBL3677241,O=C(/C=C/c1ccc(O)cc1)CC(=O)/C=C/c1cc(O)ccc1Br,330.0,nM,6.48
CHEMBL3677276,NC1=N[C@@]2(c3cc(-c4cccnc4F)ccc3Oc3c(F)cc(N4CCOCC4)cc32)c2nccn21,0.7,nM,9.15
CHEMBL1210357,CS(=O)(=O)N(c1ccncc1)c1cccc(C(=O)N[C@@H](Cc2ccccc2)[C@H](O)CNCc2cccc(C(F)(F)F)c2)c1.Cl,15.0,nM,7.82
CHEMBL1210348,C[C@H](NC[C@@H](O)[C@H](Cc1ccccc1)NC(=O)c1cccc(N(c2ccc(C#N)cc2)S(C)(=O)=O)c1)C(=O)NC1CCCCC1,190.0,nM,6.72
CHEMBL1209221,CC(=O)N[C@@H](Cc1cc(F)cc(F)c1)[C@H](O)CNC1(c2cccc(N3C(=O)C4CCC3C4)c2)CCCCC1,340.0,nM,6.47
CHEMBL1208936,CC(=O)N[C@@H](Cc1cc(F)cc(F)c1)[C@H](O)CNC1(c2cccc(S(C)(=O)=O)c2)CCCCC1,720.0,nM,6.14
CHEMBL1208872,CCC(C)(C)c1cccc(C2(NC[C@@H](O)[C@H](Cc3cc(F)cc(F)c3)NC(C)=O)CCCCC2)c1,130.0,nM,6.89
CHEMBL3939686,COc1ccnc(Nc2ccc(F)c([C@]3(C(F)F)COCC(N)=N3)c2)n1,1800.0,nM,5.75
CHEMBL473159,Oc1cc(O)cc(O)c1,36470.0,nM,4.44
CHEMBL3921212,NC1=N[C@](CF)(c2cc(C#Cc3ccc4[nH]ccc4c3)ccc2F)C[C@@H](C(F)(F)F)O1,577.0,nM,6.24
CHEMBL3911798,COc1cnc(C(=O)Nc2ccc(F)c([C@]3(CF)C[C@@H](C(F)(F)F)OC(N)=N3)c2)cn1,21.0,nM,7.68
CHEMBL247043,CCCC[C@H](N)[C@H](Cc1cc(F)cc(F)c1)NC(=O)c1cc(NCC2CC2C)nc(N(C)S(C)(=O)=O)c1,9.0,nM,8.05
CHEMBL258068,CCOc1cc(C(=O)N[C@@H](Cc2ccccc2)[C@H](O)CN[C@@H](C)C(=O)NC2CCCCC2)cc(N2CCCC2=O)c1,59.0,nM,7.23
CHEMBL404078,CCCN(CCC)C(=O)c1cc(C)cc(C(=O)N[C@@H](Cc2cc(F)cc(F)c2)[C@H](O)[C@H]2C[C@@H](OCC3CC3)CCN2)c1,121.0,nM,6.92
CHEMBL3422246,Cn1cc([C@H]2C[C@H]3[C@@H](CF)SC(N)=N[C@@]3(c3ccc(F)cc3F)CO2)cn1,7.0,nM,8.15
CHEMBL412852,CCCC(CCC)S(=O)(=O)C[C@@H](NC(=O)c1ccc(C)cc1)C(=O)N[C@@H](Cc1cc(F)cc(F)c1)[C@H](O)CNCc1cccc(CC)c1,4.0,nM,8.4
CHEMBL567485,COc1ccc(C2(C34CC5CC(CC(C5)C3)C4)N=C(N)N(C)C2=O)cc1OC,269.77,nM,6.57
CHEMBL584926,COc1ccc(C2(c3ccc(F)c(-c4cccnc4F)c3)N=C(N)N(C)C2=O)cc1C,10.0,nM,8.0
CHEMBL567688,COc1ccc(C2(c3ccc(F)c(-c4cncnc4)c3)N=C(N)N(C)C2=O)cc1C,20.0,nM,7.7
CHEMBL597233,CN1C(=O)C(c2ccccc2)(c2ccncc2)N=C1N,2679.17,nM,5.57
CHEMBL604590,CN1C(=O)C(c2ccncc2)(c2cccc(-c3cccnc3)c2)N=C1N,59.98,nM,7.22
CHEMBL603664,CCc1cc(C2(c3cccc(-c4cncnc4)c3)N=C(N)N(C)C2=O)cc(C)n1,150.0,nM,6.82
CHEMBL2425604,COC[C@@H](Oc1cc(C[C@@H]2C[S@@+]([O-])C[C@H](NCc3cccc(OC(F)(F)F)c3)[C@H]2O)cc(F)c1N)C(F)(F)F,382.0,nM,6.42
CHEMBL2425601,COC[C@@H](Oc1cc(C[C@@H]2C[S@@+]([O-])C[C@H](NCc3cccc(C(C)(C)CO)c3)[C@H]2O)cc(F)c1N)C(F)(F)F,12.0,nM,7.92
CHEMBL3653339,CC1(c2cccc(NC(=O)c3ccco3)c2)COCC(N)=N1,1300.0,nM,5.89
CHEMBL3653347,CC1(c2cccc(NC(=O)c3ncccc3F)c2)COCC(N)=N1,2300.0,nM,5.64
CHEMBL3653352,CC1(c2cccc(NC(=O)c3ccc(C#N)cn3)c2)COCC(N)=N1,160.0,nM,6.8
CHEMBL3653358,CC1(c2cccc(NC(=O)c3cc(Br)co3)c2)COCC(N)=N1,350.0,nM,6.46
CHEMBL3653365,CC1(c2cccc(NC(=O)c3cccnc3)c2)COCC(N)=N1,60000.0,nM,4.22
CHEMBL3653382,COc1ccc(C(=O)Nc2ccc(F)c([C@]3(C(F)F)COCC(N)=N3)c2)nc1,50.0,nM,7.3
CHEMBL3653388,Cc1cc(Br)cnc1C(=O)Nc1cc(Br)cc([C@]2(C)COCC(N)=N2)c1,84.0,nM,7.08
CHEMBL3653398,CC1(c2cc(NC(=O)c3ccc(C(N)=O)cn3)ccc2F)COCC(N)=N1,1200.0,nM,5.92
CHEMBL3653400,COc1ccc(C(=O)Nc2cccc([C@]3(C)CO[C@@](C)(C(F)(F)F)C(N)=N3)c2)nc1,100.0,nM,7.0
CHEMBL3653407,C[C@H]1OC[C@](c2cc(NC(=O)c3ccc(C#N)cn3)ccc2F)(C(F)F)N=C1N,130.0,nM,6.89
CHEMBL3653408,C[C@@H]1OC[C@](c2cc(NC(=O)c3ccc(C#N)cn3)ccc2F)(C(F)F)N=C1N,46.0,nM,7.34
CHEMBL3653420,NC1=NC(CF)(c2cc(NC(=O)c3ncc(Cl)cc3Cl)ccc2F)COC1,33.0,nM,7.48
CHEMBL3653421,N#Cc1ccc(C(=O)Nc2ccc(F)c(C3(CF)COCC(N)=N3)c2)nc1,94.0,nM,7.03
CHEMBL3653432,NC1=NC(c2cccc(NC(=O)c3cc(Br)co3)c2)(C(F)F)COC1,890.0,nM,6.05
CHEMBL3261074,N#Cc1ccc(C(=O)Nc2ccc(F)c([C@]3(C(F)F)COCC(N)=N3)c2)nc1,42.0,nM,7.38
CHEMBL3653446,NC1=N[C@@](c2cc(NC(=O)c3ncc(Br)cc3O)ccc2F)(C(F)F)COC1,10.0,nM,8.0
CHEMBL3653452,NC1=N[C@@](c2cc(NC(=O)c3cc(Br)co3)ccc2F)(C(F)F)COC1,78.0,nM,7.11
CHEMBL3653467,NC1=N[C@@](c2cc(NC(=O)c3ncc(Cl)cc3F)ccc2F)(C(F)F)COC1,43.0,nM,7.37
CHEMBL3653474,Cn1ccc(C(=O)Nc2ccc(F)c([C@]3(C(F)F)COCC(N)=N3)c2)n1,290.0,nM,6.54
CHEMBL3653478,COc1cc(Br)cnc1C(=O)Nc1ccc(F)c(C2(C)N=C(N)COCC2(F)F)c1,180.0,nM,6.75
CHEMBL3109522,N=C1NC(c2ccccc2)(c2cccc(-c3cccnc3)c2)C(=O)N1C1CCCCC1,1680.0,nM,5.78
CHEMBL3902541,C[C@H]1C[C@H]2CSC(N)=NC2(c2nc(NC(=O)c3ccc(OC(F)F)cn3)cs2)CO1,31.0,nM,7.51
CHEMBL3906153,C[C@H]1C[C@H]2CSC(N)=NC2(c2nc(NC(=O)c3coc(C(F)F)n3)cs2)CO1,11.0,nM,7.96
CHEMBL247416,CC1CC1CNc1cc(C(=O)N[C@@H](Cc2ccccc2)[C@@H](N)CCC(F)(F)F)cc(N(C)S(C)(=O)=O)n1,2.0,nM,8.7
CHEMBL429477,COCCN(C[C@H]1C[C@@H]1C)c1cc(C(=O)N[C@@H](Cc2ccccc2)[C@@H](N)COC)cc(N(C)S(=O)(=O)C(C)C)n1,66.0,nM,7.18
CHEMBL393850,CC1CC1CNc1cc(C(=O)N[C@H](CN)Cc2ccccc2)cc(N(C)S(C)(=O)=O)n1,279.0,nM,6.55
CHEMBL2152908,NC1=N[C@@]2(CO1)c1cc(-c3cncc(Cl)c3)ccc1OC1OC[C@H](OCC3CC3)C[C@@H]12,7.8,nM,8.11
CHEMBL2047043,Cc1cc2cc(c1)C(=O)N[C@H]([C@H](O)CNCc1cccc(C(C)C)c1)COC/C=C/CCNC2=O,500.0,nM,6.3
CHEMBL298147,CC(C)CC(NC(=O)C(O)c1cccc(Oc2ccccc2)c1)[C@@H](O)CC(=O)N[C@@H](C(=O)N[C@H](C)C(=O)N[C@H](CCC(=O)O)C(=O)N[C@H](Cc1ccccc1)C(=O)O)C(C)C,6000.0,nM,5.22
CHEMBL2152915,CO[C@H]1CC[C@]2(CC1)Cc1ccc(-c3cc(Cl)cc(C#N)c3)cc1C21N=C(C)C(N)=N1,1.6,nM,8.8
CHEMBL2152918,CO[C@H]1CC[C@]2(CC1)Cc1ccc(-c3cncc(Br)c3)cc1C21N=C(C)C(N)=N1,1.6,nM,8.8
CHEMBL162970,CC(C)S(=O)(=O)N(C)c1cc(C(=O)N[C@@H](Cc2ccccc2)[C@H](O)CNC2CC2)cc(C(=O)N[C@H](C)c2ccccc2)c1,41.0,nM,7.39
CHEMBL2365642,COc1ccc(C2(C)CCSC(N)=N2)cc1,41200.0,nM,4.38
CHEMBL2403771,NC1=NC2(c3cccc(NC(=O)c4ccc(Cl)cn4)c3)CC2CS1,760.0,nM,6.12
CHEMBL2347209,C[C@@]1(c2cc(NC(=O)c3ccc(Cl)cn3)ccc2F)CCOC(N)=N1,10.0,nM,8.0
CHEMBL2347213,C[C@]1(c2cc(NC(=O)c3ccccn3)ccc2F)N=C(N)OCC1(F)F,294.0,nM,6.53
CHEMBL1923703,C[C@H](NC(=O)c1cc(-c2ncc(-c3ccccc3)[nH]2)cc(N(C)S(C)(=O)=O)c1)c1ccccc1,315.0,nM,6.5
CHEMBL1923706,CC(C)(C)Nc1c(-c2ccc(-c3nc4ccccc4[nH]3)cc2)nc2ccccn12,5511.0,nM,5.26
CHEMBL1940612,CCN(CCCCCCNC1=CC(=O)c2ccccc2C1=O)Cc1ccccc1OC,3000.0,nM,5.52
CHEMBL138002,CSCC[C@H](NC(=O)[C@H](CC(C)C)NC(C)=O)C(=O)N[C@@H](CC(C)C)[C@@H](O)CC(=O)N[C@H](C(=O)NCc1cccc(C(=O)O)c1)C(C)C,890.0,nM,6.05
CHEMBL138386,CC(C)[C@H](N)C(=O)N[C@@H](C)C(=O)N[C@@H](Cc1ccccc1)[C@@H](O)C[C@@H](C)C(=O)N[C@H](C(=O)NCc1ccncc1)C(C)C,190.0,nM,6.72
CHEMBL2408751,CCC[C@@]1(C)C[C@H](NC[C@@H](O)[C@H](Cc2cc(F)cc(F)c2)NC(C)=O)c2cc(CC(C)(C)C)ccc2O1,6.0,nM,8.22
CHEMBL33724,CC(C)[C@H](O)C(=O)N[C@@H](CO)C(=O)N[C@@H](Cc1ccccc1)[C@@H](O)C[C@@H](C)C(=O)N[C@H](C(=O)NCc1ccncc1)C(C)C,350.0,nM,6.46
CHEMBL589369,Cc1cc2cc(n1)OCCCCOc1cccc(c1)C[C@@H]([C@H](O)CNCc1cccc(C(C)C)c1)NC2=O,42.0,nM,7.38
CHEMBL591546,COCc1cc2cc(c1)C(=O)N[C@H]([C@H](O)CNCc1cccc(C(C)C)c1)Cc1cccc(c1)OCCCCN2,60.0,nM,7.22
CHEMBL594709,COCc1cc2cc(c1)C(=O)N[C@H]([C@H](O)CNC(CF)c1cccc(C(C)(C)C)c1)Cc1cccc(c1)OCCCCN2,177.0,nM,6.75
CHEMBL230190,CCCN(CCC)C(=O)c1cc(CC#N)cc(C(=O)N[C@@H](Cc2ccccc2)[C@H](O)CNCc2cccc(OC)c2)c1,360.0,nM,6.44
CHEMBL599965,CN1C(=O)C(c2ccccc2)(C2CCCCC2)N=C1N,990.0,nM,6.0
CHEMBL2114169,CC(C)[C@H](NC(=O)OC(C)(C)C)C(=O)N[C@H](C)C(=O)N[C@@H](Cc1ccccc1)[C@@H](O)C[C@@H](C)C(=O)N[C@H](C(=O)NCc1ccncc1)C(C)C,1058.0,nM,5.98
CHEMBL2177326,COc1ccc2c(c1)C1(COC(N)=N1)c1cc(-c3ccc(Cl)cc3)ccc1O2,2420.0,nM,5.62
CHEMBL2177477,CC(C)Oc1cccc(CN2CC[C@@]3(C[C@@H]2C)CN(c2cccnc2)S(=O)(=O)N3c2cccc(F)c2)c1,3100.0,nM,5.51
CHEMBL2181010,COC(=O)[C@@H]1CCCN1C(=O)[C@@H](Cc1ccccc1)N(C)C(=O)[C@H](C)NC(=O)[C@H](CC(C)C)NC(=O)C[C@H](O)[C@H](Cc1ccccc1)NC(=O)c1cc(NS(C)(=O)=O)cc(C(=O)N[C@H](C)c2ccccc2)c1,128.0,nM,6.89
CHEMBL1258352,CC(=O)N[C@@H](Cc1cc(F)cc(F)c1)[C@H](O)CNC1(c2csc(C(C)C)c2)CCCCC1,320.0,nM,6.5
CHEMBL1258466,CC(=O)N[C@@H](Cc1cc(F)cc(F)c1)[C@H](O)CNC1(c2cc(C(C)(C)C)cs2)CCCCC1,104.0,nM,6.98
CHEMBL2331709,N#Cc1ccc(C(=O)Nc2ccc(F)c(C34CC3CCSC(N)=N4)c2)nc1,52.0,nM,7.28
CHEMBL1097355,COC[C@H]1CCCN1C(=O)c1cc(C)cc(C(=O)N[C@@H](Cc2cc(F)cc(F)c2)[C@H](O)[C@H]2CN(S(C)(=O)=O)CCN2)c1,220.0,nM,6.66
CHEMBL523193,CCc1cn2c3c(cc(C(=O)N[C@@H](Cc4ccccc4)[C@H](O)CNC4CC4)cc13)N(C)S(=O)(=O)CC2,16.32,nM,7.79
CHEMBL446972,CCc1cn2c3c(cc(C(=O)N[C@@H](Cc4ccccc4)[C@H](O)CNCc4cccc(C(F)(F)F)c4)cc13)N(C)S(=O)(=O)CC2.O=CO,10.19,nM,7.99
CHEMBL1957474,NC1=NC(c2ccc(OC(F)F)cc2)(c2cccc(-c3cncnc3)c2)C2=NCC(F)(F)CN12,19.5,nM,7.71
CHEMBL252961,CCCN(CCC)S(=O)(=O)CCC(=O)N[C@@H](Cc1ccccc1)[C@H](O)CNCc1cccc(OC)c1,1090.0,nM,5.96
CHEMBL401338,COc1cccc(CNC[C@@H](O)[C@H](Cc2ccccc2)NC(=O)CCS(=O)(=O)NCCC(C)C)c1,5015.0,nM,5.3
CHEMBL252960,COc1cccc(CNC[C@@H](O)[C@H](Cc2ccccc2)NC(=O)CCS(=O)(=O)N2CCCCC2)c1,3785.0,nM,5.42
CHEMBL2177913,NC1=N[C@@](c2cccc(-c3cncnc3)c2)(c2ccnc(C(F)F)c2)c2cccc(F)c21,16.7,nM,7.78
CHEMBL2177919,Cc1cc(C2(c3cccc(-c4cncnc4)c3)N=C(N)c3c(F)cccc32)cn(C)c1=O,60.8,nM,7.22
CHEMBL2177910,Cc1cc(C2(c3cccc(-c4cncnc4)c3)N=C(N)c3c(F)cccc32)cc(C)n1,1380.0,nM,5.86
CHEMBL2181887,CC(=O)N[C@@H](Cc1ccc2c(c1)OCO2)[C@H](O)CN[C@H]1CC2(CCC2)Oc2ncc(CC(C)(C)C)cc21,8.0,nM,8.1
CHEMBL1824336,CCn1cc(C2(c3ccc(F)c(-c4cccnc4F)c3)N=C(N)N(C)C2=O)cn1,30.0,nM,7.52
CHEMBL251309,C[C@@]1(N)Cc2cc(F)cc(c2)CC[C@H](c2ccc(F)cc2)NC(=O)c2cc(cc(-c3ccccc3C#N)c2)COC1=O,130.0,nM,6.89
CHEMBL402921,CN(c1cc2cc(c1)C(=O)N[C@@H](c1ccccc1)CCc1cccc(c1)C[C@@](C)(N)C(=O)OC2)S(=O)(=O)CC(F)(F)F,16.0,nM,7.8
CHEMBL401180,C[C@@]1(N)Cc2cccc(c2)CC[C@H](c2ccccc2)NC(=O)c2cc(cc(-c3ccccc3C#N)c2)COC1=O,68.0,nM,7.17
CHEMBL1412710,CC(C)=CCC/C(C)=C/COc1c2occc2cc2ccc(=O)oc12,20400.0,nM,4.69
CHEMBL2047889,CC(C)(C)c1cccc(CN[C@H]2CS(=O)(=O)C[C@@H](Cc3cc(F)c(N)c(Br)c3)[C@@H]2O)c1,55.0,nM,7.26
CHEMBL2058780,Cc1ccc(OCC(=O)N[C@@H]2c3cc(NC(=O)COc4ccc(C#N)cc4C)ccc3C[C@@H]2O)cc1,45600.0,nM,4.34
CHEMBL1782321,N#Cc1c(NC(=O)C(F)(F)C(F)(F)C(F)(F)C(F)(F)C(=O)Nc2sc3c(c2C#N)CCCCCC3)sc2c1CCCCCC2,12200.0,nM,4.91
CHEMBL3642638,COCc1cc(NC(=O)c2ccc(Cl)cn2)cc(C2(C)CCSC(N)=N2)c1,229.0,nM,6.64
CHEMBL3969309,CO[C@H]1CC[C@]2(CC1)Cc1cc(F)c(-c3cncc(Cl)c3)cc1C21N=C(C)C(N)=N1,36.0,nM,7.44
CHEMBL3943188,CO[C@H]1CC[C@]2(CC1)Cc1cc(F)c(-c3cc(F)cc(C#N)c3)cc1C21N=C(C)C(N)=N1,23.0,nM,7.64
CHEMBL3672720,CC1=NC2(N=C1N)c1cc(-c3cncc(Cl)c3)ccc1CCC21CC1,30.0,nM,7.52
CHEMBL3642630,CC1(c2cccc(NC(=O)c3ccc(C(F)(F)F)cc3)c2)CCSC(N)=N1,1977.0,nM,5.7
CHEMBL3642634,COCc1cc(NC(=O)c2ccc(F)cc2)cc(C2(C)CCSC(N)=N2)c1,8497.0,nM,5.07
CHEMBL3642613,CC1(c2cc(NC(=O)c3ccc(C(F)(F)F)cn3)cc(C(F)(F)F)c2)CCSC(N)=N1,816.0,nM,6.09
CHEMBL4561901,C[C@H]1OC[C@]2(c3cc(NC(=O)c4ccc(C#N)cn4)ccc3F)N=C(N)[C@](C)(C#N)C[C@H]12,1.26,nM,8.9
CHEMBL3291021,C#CCN(C)Cc1ccc(O)c2ncccc12,1600.0,nM,5.8
CHEMBL56002,NC1=NC(c2ccccc2)(c2ccccc2)C(=O)N1,19998.62,nM,4.7
CHEMBL566414,CN1C(=O)C(c2cccc(-c3cccnc3)c2)(c2ccc3c(c2)CCO3)N=C1N,119.95,nM,6.92
CHEMBL291784,CN1C(=O)C(c2ccccc2)(c2ccccc2)N=C1N,3440.0,nM,5.46
CHEMBL1271450,CN1C(=O)[C@@](c2ccc(OCCF)cc2)(c2cccc(-c3cccnc3F)c2)N=C1N,30.0,nM,7.52
CHEMBL453642,C=C(C)[C@H](CC=C(C)C)Cc1c(O)cc(O)c2c1O[C@H](c1ccc(O)cc1OC)CC2=O,8400.0,nM,5.08
CHEMBL560151,CCn1cc2c3c(cc(C(=O)N[C@@H](Cc4ccccc4)[C@H](O)CNc4ccccc4)cc31)N(C)S(=O)(=O)CC2,5.0,nM,8.3
CHEMBL554349,CCc1cn2c3c(cc(C(=O)N[C@@H](Cc4ccccc4)[C@H](O)CNCc4cccc(C(F)(F)F)c4)cc13)N(C)S(=O)(=O)CC2,2.0,nM,8.7
CHEMBL552323,C=CCO/N=C(/C)c1cc(C(=O)N[C@@H](Cc2cc(F)cc(F)c2)[C@H](O)CNCc2cccc(OC)c2)cc(N(C)S(C)(=O)=O)c1,151.0,nM,6.82
CHEMBL4174503,Oc1ccc(/C=N/CCn2ccc3ccccc32)c(O)c1,4400.0,nM,5.36
CHEMBL539397,C[C@@H](NC(=O)c1cc(NC(=O)CC[C@](O)(Cc2ccccc2)C(=O)N[C@H]2c3ccccc3C[C@H]2O)cc(N(C)S(C)(=O)=O)c1)c1ccccc1,2500.0,nM,5.6
CHEMBL3952064,C[C@H]1C[C@H]2CSC(N)=N[C@@]2(c2nc(NC(=O)c3ccc(OC(F)F)cn3)cs2)CO1,36.9,nM,7.43
CHEMBL3917530,C[C@H]1C[C@H]2CSC(N)=N[C@@]2(c2nc(NC(=O)c3ccc(C(F)(F)F)cn3)cs2)CO1,60.2,nM,7.22
CHEMBL4203347,C[C@H]1C[C@H]2CSC(N)=N[C@@]2(c2ccsc2)CO1,5170.0,nM,5.29
CHEMBL1645528,CC(C)C[C@H](NC(=O)[C@@H](NC(=O)[C@@H](N)CNC(=O)c1nn[nH]n1)C(C)C)C(=O)O,4400.0,nM,5.36
CHEMBL502172,C[C@@H](NC(=O)c1cc(C(=O)N[C@@H](Cc2ccccc2)[C@H](O)CNC2CCN(Cc3ccccc3)CC2)cc(N(C)S(C)(=O)=O)c1)c1ccccc1,511.0,nM,6.29
CHEMBL1821824,Cc1ccccc1-c1ccc2nc(N)c(C[C@@H](C)C(=O)NCc3cnccn3)cc2c1,50.0,nM,7.3
CHEMBL1923708,COc1ccc2nc(-c3ccc(-c4nc5ccccn5c4NC(C)(C)C)cc3)[nH]c2c1,2241.0,nM,5.65
CHEMBL4869613,O=C(CC(c1ccccc1)c1ccccc1)N[C@@H](Cc1ccccc1)[C@H](O)CNCc1ccccc1,35400.0,nM,4.45
CHEMBL4873410,CC(C)(NC[C@@H](O)[C@H](Cc1ccccc1)NC(=O)CC(c1ccccc1)c1ccccc1)c1ccccc1,8900.0,nM,5.05
CHEMBL1934290,O=C([C@@H]1CNC[C@H]1c1ccccc1)N1CCC(c2ccccc2)CC1,19000.0,nM,4.72
CHEMBL1257775,CC(=O)N[C@@H](Cc1cc(F)cc(F)c1)[C@H](O)CNC1(c2nc(C(C)(C)C)co2)CC1,42880.0,nM,4.37
CHEMBL1257893,CC(=O)N[C@@H](Cc1cc(F)cc(F)c1)[C@H](O)CNC1(c2nc(CC(C)(C)C)cs2)CC1,9360.0,nM,5.03
CHEMBL582044,NC1=NC(c2ccccc2)(c2ccccc2)C2=NCCCN12,38000.0,nM,4.42
CHEMBL5291027,C[C@@]1(c2cc(NC(=O)c3ccn(C(F)F)n3)ccc2F)C=C(CF)OC(N)=N1,82.3,nM,7.08
CHEMBL2370117,CC(C)C[C@H](NC(=O)[C@H](CC(N)=O)NC(=O)[C@H](C)NC(=O)[C@@H](N)CCC(=O)O)C(O)CC(=O)N[C@H](C(=O)N[C@@H](C)C(=O)N[C@@H](CCC(=O)O)C(=O)N[C@@H](Cc1ccccc1)C(=O)O)C(C)C,2500.0,nM,5.6
CHEMBL4747041,COc1cc2c(cc1OCc1ccccc1)CCC(C)(CC(=O)NCCCCCCCNc1c3c(nc4cc(Cl)ccc14)CCCC3)O2,12500.0,nM,4.9
CHEMBL595246,COCc1cc2cc(c1)C(=O)N[C@H]([C@H](O)CNC1(c3cccc(C(C)(C)C)c3)CCC1)Cc1cccc(c1)OCCCCN2,67.0,nM,7.17
CHEMBL595267,COCc1cc2cc(n1)OCCCCOc1cccc(c1)C[C@@H]([C@H](O)CNC1(c3cccc(C(C)C)c3)CC1)NC2=O,9.0,nM,8.05
CHEMBL3703220,NC1=NC2(CO1)c1cc(Br)ccc1OC(Cc1ccccc1)C21COC1,440.0,nM,6.36
CHEMBL3650801,CC1(C)Oc2ccc(-c3cc(C#N)ccc3F)cc2C2(COC(N)=N2)C12COC2,1000.0,nM,6.0
CHEMBL3650804,CC1(C)Oc2ccc(-c3cncc(Cl)c3)cc2C2(COC(N)=N2)C12COC2,401.0,nM,6.4
CHEMBL1270459,CC(=O)N[C@@H](Cc1cc(F)cc(F)c1)[C@H](O)CN[C@]1(c2cccc(C(C)(C)C(F)F)c2)C[C@H]1C,1700.0,nM,5.77
CHEMBL1270263,CC(=O)N[C@@H](Cc1cc(F)cc(F)c1)[C@H](O)CNC1(c2cccc(C(C)(C)CF)c2)CC1,290.0,nM,6.54
CHEMBL1258002,CC(=O)N[C@@H](Cc1cc(F)cc(F)c1)[C@H](O)CNC1(c2cnn(CC(C)(C)C)c2)CC1,350.0,nM,6.46
CHEMBL1270835,CN1C(=O)[C@@](c2ccc(OC(F)F)cc2)(c2ccc(F)c(C#CCCCF)c2)N=C1N,32.0,nM,7.5
CHEMBL1257894,CC(=O)N[C@@H](Cc1cc(F)cc(F)c1)[C@H](O)CNC1(c2csc(CC(C)(C)C)n2)CC1,3050.0,nM,5.52
CHEMBL2011995,CN1C(=N)NC(c2cccnc2)(c2cccc(-c3cccc(Cl)c3)c2)C1=O,4400.0,nM,5.36
CHEMBL2012069,CN1C(=N)NC(c2cccc(-c3cncc(Cl)c3)c2)(C2CC2)C1=O,380.0,nM,6.42
CHEMBL3949804,CC#Cc1ccc2c(c1)C1(N=C(N)N(C(C)C)C1=O)C1(CCc3ccccc3CC1)O2,293.2,nM,6.53
CHEMBL3947739,Cc1onc2c1CC1(CC2)Cc2ccc(Br)cc2C12N=C(N)N(C)O2,6.2,nM,8.21
CHEMBL3656260,CN1C(=O)C2(N=C1N)c1cc(C#CC3CC3)ccc1O[C@]21CC[C@@H](OC(F)F)CC1,1351.28,nM,5.87
CHEMBL3889964,CO[C@H]1CC[C@]2(CC1)Cc1ccc(C(C)C)cc1C21N=C(N)N(C)O1,144.3,nM,6.84
CHEMBL3982045,CO[C@H]1CC[C@]2(CC1)Cc1ccc(OCC3CCC3)cc1C21N=C(N)N(C(C)C)C1=O,34.3,nM,7.46
CHEMBL3889795,CO[C@H]1CC[C@]2(CC1)Cc1ccc(-c3nccs3)cc1C21N=C(N)N(CCF)C1=O,115.0,nM,6.94
CHEMBL3939788,CO[C@H]1CC[C@]2(CC1)Cc1ccc(Cl)cc1C21N=C(N)N(CC(F)F)C1=O,138.0,nM,6.86
CHEMBL3981271,CO[C@H]1CC[C@]2(CC1)Cc1ccc(OCC(F)(F)F)cc1C21N=C(N)N(CC(F)(F)F)C1=O,34.0,nM,7.47
CHEMBL3977470,CN1C(=O)C2(N=C1N)c1cc(CCC3CC3)ccc1C[C@]21CC[C@@H](OC(F)F)CC1,149.0,nM,6.83
CHEMBL3967914,CO[C@H]1CC[C@]2(CC1)Cc1ccc(OCC(C)C)cc1C21N=C(N)N(CC(F)(F)F)C1=O,11.7,nM,7.93
CHEMBL3703252,NC1=NC2(CO1)c1cc(-c3cncc(C#CC4CC4)c3)ccc1OC1(CCC1)C21COC1,690.0,nM,6.16
CHEMBL3703271,COc1cncc(-c2ccc3c(c2)C2(COC(N)=N2)C2(COC2)C2(CCC2)O3)c1,68.0,nM,7.17
CHEMBL3703302,CC#Cc1cncc(-c2ccc3c(c2)C2(COC(N)=N2)C2(COC2)C2(CCC2)O3)c1,48.0,nM,7.32
CHEMBL3650763,CCOc1cccc(-c2ccc3c(c2)C2(COC(N)=N2)C2(COC2)C2(CCC2)O3)c1,3200.0,nM,5.5
CHEMBL3650776,CCOc1cccc(-c2ccc3c(c2)C2(COC(N)=N2)C2(COC2)C(C)(C)O3)c1,460.0,nM,6.34
CHEMBL3650783,Cc1cnc(Cl)c(-c2ccc3c(c2)C2(COC(N)=N2)C2(COC2)C(C)(C)O3)c1,280.0,nM,6.55
CHEMBL3650784,CC1(C)Oc2ccc(-c3cc(Cl)cnc3Cl)cc2C2(COC(N)=N2)C12COC2,110.0,nM,6.96
CHEMBL3703274,Cc1cncc(-c2ccc3c(c2)C2(COC(N)=N2)C2(COC2)C2(CCC2)O3)c1,3670.0,nM,5.43
CHEMBL3703297,NC1=NC2(CO1)c1cc(-c3cccnc3F)ccc1OCC21CC1,2190.0,nM,5.66
CHEMBL3703303,CC#Cc1cncc(-c2ccc3c(c2)C2(COC(N)=N2)C2(COC2)C(C)(C)O3)c1,137.0,nM,6.86
CHEMBL3703311,NC1=NC2(CO1)c1cc(-c3ccc(F)nc3)ccc1OC1(CCC1)C21COC1,3560.0,nM,5.45
CHEMBL3650830,NC1=NC2(c3cc(-c4cncnc4)ccc3OCC23CC3)c2cccc(F)c21,736.0,nM,6.13
CHEMBL3976065,COC1CCC2(CC1)Cc1ccc(-c3cncc(F)c3)cc1C21N=C(N)N(C(C)C)C1=O,8.9,nM,8.05
CHEMBL3960538,COC1CCC2(CC1)Cc1ccc(-c3nc(Br)cs3)cc1C21N=C(N)N(C(C)C)C1=O,89.7,nM,7.05
CHEMBL3971649,CC#Cc1cncc(-c2ccc3c(c2)C2(N=C(N)N(C)C2=O)C2(CCC(OC)CC2)C3)c1,7.3,nM,8.14
CHEMBL3911938,COC1CCC2(CC1)Cc1ccc(C#CCC(C)C)cc1[C@@]21N=C(N)N(C)C1=O,137.9,nM,6.86
CHEMBL3890022,CO[C@H]1CC[C@]2(CC1)Cc1c(F)ccc(Br)c1C21N=C(N)N(C)C1=O,2010.0,nM,5.7
CHEMBL3894862,COC1CCC2(CC1)Cc1ccc(C(O)(O)C(F)(F)F)cc1C21N=C(N)N(C)C1=O,2543.0,nM,5.59
CHEMBL3935652,COC1CCC2(CC1)Cc1ccc(C#CC3CC3)cc1C21N=C(N)N(CC2CCN(C)C2)C1=O,24.0,nM,7.62
CHEMBL3961892,CC#Cc1ccc2c(c1)C1(N=C(N)N(C)C1=O)C1(CCc3ccccc3CC1)O2,14.8,nM,7.83
CHEMBL3656138,CN1OC2(N=C1N)c1cc(-c3cccc(Cl)c3)ccc1CC21CCc2ccccc2CC1,12.1,nM,7.92
CHEMBL3639550,CN1OC2(N=C1N)c1cc(-c3ccc(F)c(Cl)c3)ccc1CC21CCc2ccccc2CC1,20.7,nM,7.68
CHEMBL3650834,CC#Cc1cncc(-c2ccc3c(c2)C2(COC(N)=N2)C2(COC2)C(CC2CC2)O3)c1,126.0,nM,6.9
CHEMBL3650837,NC1=NC2(CO1)c1cc(-c3cccnc3)ccc1OC1(CCC1)C21COC1,2000.0,nM,5.7
CHEMBL3650845,CC1(C)Oc2ccc(NC(=O)c3ccc(Cl)cn3)cc2[C@@]2(COC(N)=N2)C12COC2,44.7,nM,7.35
CHEMBL3909450,CO[C@H]1CC[C@]2(CC1)Cc1ccc(OCCOC(C)C)cc1C21N=C(N)N(C(C)C)C1=O,390.0,nM,6.41
CHEMBL3670926,COc1ccc(Nc2ccc(F)c([C@@]3(C)N=C(N)COC(C)(C)C3(F)F)c2)cn1,410.0,nM,6.39
CHEMBL3808967,CC(C)(C)CCNC(=O)CCc1cc2cc(-c3ccccc3C#CC3CC(NC(=O)c4ccc(F)cc4)C3)ccc2nc1N,28.0,nM,7.55
CHEMBL4456863,COC[C@]12C[C@H]1[C@@](C)(c1cc(NC(=O)c3ccc(Cl)cn3)cc(F)c1F)N=C(N)S2,2.1,nM,8.68
CHEMBL4452318,C#CCOc1cnc(C(=O)Nc2cc(F)c(F)c([C@@]3(C)N=C(N)S[C@@]4(COC)C[C@H]43)c2)c(C)c1,1.8,nM,8.74
CHEMBL4437161,C#CCOc1cnc(C(=O)Nc2cc(F)c(F)c([C@@]3(C)N=C(N)S[C@@]4(CF)C[C@H]43)c2)cn1,0.2,nM,9.7
CHEMBL4577527,C#CCOc1cnc(C(=O)Nc2cc(F)c(F)c([C@@]3(C)N=C(N)S[C@@]4(C(F)F)C[C@@H]34)c2)cn1,0.2,nM,9.7
CHEMBL4593414,CCOc1cnc(C(=O)Nc2cc(F)c(F)c([C@@]3(C)N=C(N)S[C@@]4(COC)C[C@H]43)c2)cn1,4.2,nM,8.38
CHEMBL3688802,C=C1CC(CNc2ccc(F)c([C@@]3(C(F)F)N=C(N)O[C@@H]4C[C@@H]43)c2)C1,5995.0,nM,5.22
CHEMBL3693228,NC1=N[C@@](c2cc(NC(=O)c3cnc(OCC4CCOCC4)cn3)ccc2F)(C(F)F)[C@H]2C[C@H]2O1,128.5,nM,6.89
CHEMBL3683872,Cc1nc(OCC(F)(F)F)cnc1C(=O)Nc1ccc(F)c([C@@]2(C(F)F)N=C(N)O[C@@H]3C[C@@H]32)c1,50.0,nM,7.3
CHEMBL3216557,CC1=C[C@H]2Cc3nc4cc(Cl)ccc4c(NCCCCCCCNc4c5c(nc6cc(Cl)ccc46)CCCC5)c3[C@@H](C1)C2.Cl.Cl.Cl.Cl,5900.0,nM,5.23
CHEMBL3656139,COC1CCC2(CC1)Cc1ccc(-c3cccnc3)cc1C21N=C(N)N(C)O1,16.8,nM,7.78
CHEMBL3912104,COC1CCC2(CC1)Cc1ccc(-c3cncc(C(F)(F)F)c3)cc1C21N=C(N)N(C(C)C)C1=O,12.2,nM,7.91
CHEMBL5981369,COC1CCC2(CC1)Cc1ccc(-c3nc(Br)cs3)cc1C21NC(=S)N(C(C)C)C1=O,89.7,nM,7.05
CHEMBL2152911,CC(C)(C)COc1cc(F)c2c(c1)[C@]1(COCCC(N)=N1)c1cc(-c3cccnc3F)ccc1O2,7.0,nM,8.15
CHEMBL5783975,COC1CCC2(CC1)Cc1ccc(CCC3CC3)cc1C21N=C(SCc2cccc(C#N)c2)N(Cc2cccc(C#N)c2)C1=O,62.3,nM,7.21
CHEMBL3908263,COC1CCC2(CC1)Cc1ccc(CCC3CC3)cc1C21N=C(N)N(Cc2ccc3nccnc3c2)C1=O,18.1,nM,7.74
CHEMBL3910708,CO[C@H]1CC[C@]2(CC1)Cc1ccc(Br)cc1C21NC(=O)N(C(C)c2cccnn2)C1=O,353.0,nM,6.45
CHEMBL6052715,CO[C@H]1CC[C@]2(CC1)Cc1ccc(Br)cc1C21N=C(N)N(C(C)c2cccnn2)C1=O,17.0,nM,7.77
CHEMBL1934197,COc1c2ccoc2c(OC/C=C(\C)CCC=C(C)C)c2oc(=O)ccc12,11100.0,nM,4.96
CHEMBL2177479,CC(C)Oc1cccc(CN2CC[C@@]3(C[C@@H]2C)CN(c2nccs2)S(=O)(=O)N3c2cccc(F)c2)c1,2200.0,nM,5.66
CHEMBL1934291,O=C([C@@H]1CNC[C@]12CCCc1ccccc12)N1CCC(c2ccccc2)CC1,4000.0,nM,5.4
CHEMBL1934294,O=C([C@@H]1CNC[C@]12CCCc1cc(Br)ccc12)N1CC[C@@H](c2ccccc2)C[C@H]1C1CCCCC1,1700.0,nM,5.77
CHEMBL2181979,O=C(OCc1ccccc1)[C@H]1C[C@]2(CN1)C(=O)Nc1ccccc12,85700.0,nM,4.07
CHEMBL2172803,COCc1cccc(-c2ccc([C@@H]3C[C@@H]3c3cc(=O)n(C)c(N)n3)cc2)c1,24300.0,nM,4.61
CHEMBL2172798,Cn1c(N)nc([C@H]2C[C@H]2c2ccc(-c3cccc(OCC4CC4)c3)cc2)cc1=O,34100.0,nM,4.47
CHEMBL2172796,CCCOc1cccc(-c2ccc([C@@H]3C[C@@H]3c3cc(=O)n(C)c(N)n3)cc2)c1,14000.0,nM,4.85
CHEMBL2169947,COc1cccc(-c2ccc([C@@H]3C[C@@H]3c3cc(=O)n(C)c(N)n3)cc2)n1,53300.0,nM,4.27
CHEMBL2169944,Cn1c(N)nc([C@H]2C[C@H]2c2ccc(-c3ccco3)cc2)cc1=O,59000.0,nM,4.23
CHEMBL3891777,CO[C@H]1CC[C@]2(CC1)Cc1ccc(C#CC3CCC3)cc1[C@@]21N=C(C)C(N)=N1,4.2,nM,8.38
CHEMBL3945110,CO[C@H]1CC[C@]2(CC1)Cc1ccc(C#CC(C)C)cc1C21N=C(C)C(N)=N1,3600.0,nM,5.44
CHEMBL3642601,CC1(c2cccc(OCC(=O)Nc3ccc(Cl)cc3)c2)CCSC(N)=N1,2900.0,nM,5.54
CHEMBL3980807,COC1CCC2(CC1)Cc1ccc(-c3cc(F)cc(Cl)c3)cc1C21C=C(N)N(C)C1=O,11.1,nM,7.96
CHEMBL3703219,NC1=NC2(CO1)c1cc(Br)ccc1OC(CCC(F)(F)F)C21COC1,19000.0,nM,4.72
CHEMBL3982593,C[C@@]1(c2cc(NC(=O)c3ccc(C#N)cn3)ccc2F)CSCC(N)=N1,0.011,nM,10.96
CHEMBL142715,c1ccc(-c2ccc(COc3ccc4c(c3)CCC(CCN3CCCCC3)C4)cc2)cc1,350.0,nM,6.46
CHEMBL32823,c1ccc2c(NCCCCCCCNc3c4c(nc5ccccc35)CCCC4)c3c(nc2c1)CCCC3,7500.0,nM,5.12
CHEMBL1824340,CC(C)Cn1cc(C2(c3cccc(-c4cccnc4F)c3)N=C(N)N(C)C2=O)cn1,20.0,nM,7.7
CHEMBL1824346,CN1C(=O)C(c2ccsc2)(c2cccc(-c3cncnc3)c2)N=C1N,70.0,nM,7.16
CHEMBL1824348,Cc1sccc1C1(c2cccc(-c3cncnc3)c2)N=C(N)N(C)C1=O,370.0,nM,6.43
CHEMBL183546,CC(C)C[C@H](NC(=O)[C@@H](NC(=O)[C@@H](N)CNC(=O)c1nn[nH]n1)C(C)C)C(=O)N[C@@H](Cc1ccccc1)[C@@H](O)C(=O)Nc1cc(C(=O)O)cc(C(=O)O)c1,3.9,nM,8.41
CHEMBL1817742,CC(C)[C@H](NC(=O)[C@@H](N)CNC(=O)c1[nH]c(=O)[nH]c(=O)c1F)C(=O)N[C@@H](CC1CCCCC1)C(=O)N[C@@H](Cc1ccccc1)[C@@H](O)C(=O)NC(C)(C)c1ccccc1,31.9,nM,7.5
CHEMBL1824356,CN1C(=O)C(c2ccsc2)(c2ccc(F)c(-c3cccnc3)c2)N=C1N,90.0,nM,7.05
CHEMBL1824338,CN1C(=O)[C@](c2cccc(-c3cccnc3F)c2)(c2cnn(CC(F)(F)F)c2)N=C1N,30.0,nM,7.52
CHEMBL469117,Cc1ccc(Nc2cc(-c3ccccc3)ncn2)cc1NS(C)(=O)=O,24000.0,nM,4.62
CHEMBL446879,C[C@@H](NC(=O)c1cc(C(=O)N[C@@H](Cc2ccccc2)[C@H](O)CNC2CC2)cc2c1CCCCO2)c1ccc(F)cc1,262.0,nM,6.58
CHEMBL600326,Cc1cc2cc(n1)OCCCCOc1cccc(c1)C[C@@H]([C@H](O)CNC1(c3cccc(C(C)C)c3)CC1)NC2=O,70.0,nM,7.16
CHEMBL2181904,C#Cc1cccc(C[C@H](NC(=O)COC)[C@H](O)CN[C@H]2CC3(CCC3)Oc3ncc(CC(C)(C)C)cc32)c1F,144.0,nM,6.84
CHEMBL2181911,CO[C@H](C)C(=O)N[C@@H](Cc1cccc(-c2nccs2)c1)[C@H](O)CN[C@H]1CC2(CCC2)Oc2ncc(CC(C)(C)C)cc21,5.5,nM,8.26
CHEMBL2181890,COCC(=O)N[C@@H](Cc1cccc(-c2ncco2)c1)[C@H](O)CN[C@H]1CC2(CCC2)Oc2ncc(CC(C)(C)C)cc21,9.6,nM,8.02
CHEMBL4537971,COc1cc(OC)cc(-c2cccc(C3(c4ccccc4)N=C(N)N(C)C3=O)c2)c1,851.2,nM,6.07
CHEMBL4443833,COc1cccc(-c2cccc(C3(c4ccccc4)N=C(N)N(C)C3=O)c2)c1OC,1109.0,nM,5.96
CHEMBL4202984,COc1ccc(S(=O)(=O)N(CC(O)Cn2c3ccccc3c3ccccc32)c2ccccc2)cc1,2400.0,nM,5.62
CHEMBL1915985,CC(=O)N[C@]1(CC(C)C)CCN([C@@H](CCc2ccccc2)C(=O)N[C@@H](Cc2cc(F)cc(F)c2)[C@H](O)[C@H]2Cc3ccccc3CN2)C1=O,9.5,nM,8.02
CHEMBL2151180,CC#Cc1cncc(-c2cc([C@]3(C)CC(=O)N(C)C(=N)N3)cs2)c1,110.0,nM,6.96
CHEMBL2380459,COc1ccc(C2(c3cccc(-c4cccnc4)c3)CC(OC)C(N)=N2)cc1,320.0,nM,6.5
CHEMBL2380810,CC1(C)Cc2cc(Cl)ccc2C(NC(Cc2cscc2-c2ccncc2)C(=O)O)=N1,1850.0,nM,5.73
CHEMBL2380809,CC1(C)Cc2cc(Cl)ccc2C(NC(Cc2sccc2Br)C(=O)O)=N1,710.0,nM,6.15
CHEMBL2380806,CC1(C)Cc2cc(Cl)ccc2C(NC(Cc2ccsc2)C(=O)O)=N1,2900.0,nM,5.54
CHEMBL2177487,CCOc1cccc(CN2CC[C@]3(CNS(=O)(=O)N3c3cccc(F)c3)C[C@@H]2C)c1,9500.0,nM,5.02
CHEMBL1824138,CC(C)Cn1cc(C2(c3cccc(-c4cncnc4)c3)N=C(N)N(C)C2=O)cn1,30.0,nM,7.52
CHEMBL2181828,CC(C)(C)Cc1cnc2c(c1)[C@@H](NC[C@@H](O)[C@H](Cc1ccc3c(c1)OCO3)NC(=O)c1ccc(F)nc1)CC1(CCC1)O2,69.5,nM,7.16
CHEMBL2177302,CCn1cc(C2(c3cccc(-c4cncc(C#N)c4)c3)N=C(N)c3c(F)cccc32)cc(C)c1=O,1.84,nM,8.73
CHEMBL2177916,COc1ccc(C2(c3cccc(-c4cncnc4)c3)N=C(N)c3c(F)cccc32)cc1,12.5,nM,7.9
CHEMBL1270027,CCCCCc1cccc([C@@]2(c3ccc(OC(F)F)cc3)N=C(N)N(C)C2=O)c1,90.0,nM,7.05
CHEMBL1270433,CN1C(=O)[C@@](c2ccc(OC(F)F)cc2)(c2cccc(/C=C/CC(F)F)c2)N=C1N,30.0,nM,7.52
CHEMBL1270629,COCC/C=C/c1cccc([C@@]2(c3ccc(OC(F)F)cc3)N=C(N)N(C)C2=O)c1,20.0,nM,7.7
CHEMBL1271037,CN1C(=O)[C@@](c2ccc(OC(F)F)cc2)(c2cccc(C#CCF)c2)N=C1N,10.0,nM,8.0
CHEMBL1270135,CN1C(=O)[C@@](c2ccc(OC(F)F)cc2)(c2ccc(F)c(OCCCCF)c2)N=C1N,100.0,nM,7.0
CHEMBL1270530,Cc1cc([C@]2(c3ccc(F)c(OCC(F)F)c3)N=C(N)N(C)C2=O)ccc1OC(F)F,70.0,nM,7.16
CHEMBL78459,CC[C@H](NC(=O)OC(C)(C)C)C(=O)N[C@@H](C)C(=O)N[C@@H](Cc1ccccc1)[C@@H](O)C[C@@H](C)C(=O)N[C@H](C(=O)NCc1ccncc1)C(C)C,75.0,nM,7.12
CHEMBL81671,CC(C)[C@H](NC(=O)OC(C)(C)C)C(=O)N[C@@H](C)C(=O)N[C@@H](Cc1ccccc1)[C@@H](O)C[C@@H](C)C(=O)N[C@H](C(=O)NCc1ccncc1)C(C)C,82.0,nM,7.09
CHEMBL1762560,O=C1C=C(c2ccc(C(F)(F)F)cc2)C(=O)C=C1c1ccccc1,6520.0,nM,5.19
CHEMBL1762554,O=C1C(c2ccccc2)=CC(=O)c2c(O)cccc21,12560.0,nM,4.9
CHEMBL4096411,O=C1NC(=O)C2C=CNC2N1,30300.0,nM,4.52
CHEMBL584509,NC1=N[C@@](c2ccc(OC(F)(F)F)cc2)(c2cccc(-c3cccnc3F)c2)C2=NCCCN12,370.0,nM,6.43
CHEMBL583608,NC1=NC(c2cccc(-c3cccnc3F)c2)(c2ccc3c(c2)OCO3)C2=NCCCN12,160.0,nM,6.8
CHEMBL583887,CCCc1cccc(C2(c3ccc(OC(F)(F)F)cc3)N=C(N)N3CCCN=C32)c1,1430.0,nM,5.84
CHEMBL565250,NC1=NC(c2ccccc2)(c2cccc(C(F)(F)F)c2)C2=NCCCN12,21900.0,nM,4.66
CHEMBL566968,NC1=NC(c2cccc(-c3cccnc3F)c2)(c2ccc3c(c2)OCCO3)C2=NCCCN12,190.0,nM,6.72
CHEMBL4747836,COc1cc2c(cc1OCc1ccccc1)CCC(C)(CC(=O)NCCCCCCCCNc1c3c(nc4cc(Cl)ccc14)CCCC3)O2,8310.0,nM,5.08
CHEMBL443447,C[C@@H](NC(=O)c1cc(C(=O)N[C@@H](Cc2ccccc2)[C@H](O)CNC2CC2)cc(-c2ccc(Cl)cc2)c1)c1ccccc1,811.0,nM,6.09
CHEMBL2331713,N#Cc1ccc(C(=O)Nc2ccc(F)c([C@]34C[C@H]3CCSC(N)=N4)c2)nc1,60.0,nM,7.22
CHEMBL82594,COC[C@H](NC(=O)OC(C)(C)C)C(=O)N[C@@H](C)C(=O)N[C@@H](Cc1ccccc1)[C@@H](O)C[C@@H](C)C(=O)N[C@H](C(=O)NCc1ccncc1)C(C)C,118.0,nM,6.93
CHEMBL564010,CC(C)c1cccc(CNC[C@@H](O)[C@@H]2C[C@H](C)CCCCCCCCC(=O)N(C)[C@@H](C)C(=O)N2)c1,27.0,nM,7.57
CHEMBL3359748,CC(C)(C)COc1cnc2c(c1)[C@]1(COC(N)=N1)c1cc(-c3cccnc3)ccc1O2,0.6,nM,9.22
CHEMBL3354690,CC(C)(C)CCc1ccc2c(c1)[C@]1(COC(N)=N1)c1cc(-c3cncnc3)ccc1O2,3.1,nM,8.51
CHEMBL3354704,CC(C)(C)COc1ccc2c(c1)[C@]1(COC(N)=N1)c1cc(-c3cccnc3)ccc1O2,4.0,nM,8.4
CHEMBL553938,CCc1cn2c3c(cc(C(=O)N[C@@H](Cc4ccccc4)[C@H](O)CNc4ccc(OC)cc4)cc13)NS(=O)(=O)CCC2,28.0,nM,7.55
CHEMBL562554,CCc1cn2c3c(cc(C(=O)N[C@@H](Cc4ccccc4)[C@H](O)CNC)cc13)N(C)S(=O)(=O)CC2,15.0,nM,7.82
CHEMBL4575752,C[C@]1(c2cc(NC(=O)c3ccc(Cl)cn3)cc(F)c2F)N=C(N)S[C@@]2(CO)C[C@H]21,2.4,nM,8.62
CHEMBL324122,CC(=O)N[C@@H](CCC(=O)O)C(=O)N[C@@H](Cc1ccccc1)[C@@H](O)CC(=O)N[C@@H](CC1CCCCC1)[C@@H](O)CC(=O)N[C@H](C(=O)NCc1ccc(C(=O)O)cc1)C(C)C,42000.0,nM,4.38
CHEMBL2347195,COc1cnc(C(=O)Nc2ccc(F)c([C@@]3(C)N=C(N)OCC3(F)F)c2)cn1,22.0,nM,7.66
CHEMBL2347194,C[C@]1(c2cc(NC(=O)c3ncc(Cl)cn3)ccc2F)N=C(N)OCC1(F)F,23.0,nM,7.64
CHEMBL2403778,C[C@@]1(c2cc(NC(=O)c3ccc(Cl)cn3)ccc2F)COCCC(N)=N1,11.0,nM,7.96
CHEMBL2403763,NC1=NC2(CCc3ccc(NC(=O)c4ccc(Cl)cn4)cc32)CO1,1300.0,nM,5.89
CHEMBL2403761,CN1C(=O)C(C)(c2cccc(NC(=O)c3ccc(Cl)cn3)c2)N=C1N,1020.0,nM,5.99
CHEMBL2403759,C[C@@]1(c2cccc(NC(=O)c3ccc(Cl)cn3)c2)COC(N)=N1,200.0,nM,6.7
CHEMBL2403773,C[C@@]1(c2cc(NC(=O)c3ccc(Cl)cn3)ccc2F)C[C@@H]2C[C@@H]2C(N)=N1,96.0,nM,7.02
CHEMBL2403770,C[C@@]1(c2cc(NC(=O)c3ncc(Cl)cc3Cl)ccc2F)COCC(N)=N1,45.0,nM,7.35
CHEMBL553456,CCCN(CCC)C(=O)c1cc(C(=O)N[C@@H](Cc2cc(F)cc(F)c2)[C@H](O)CNCc2cccc(OC)c2)cc(C(C)N)c1,123.0,nM,6.91
CHEMBL552744,C=CCO/N=C(/C)c1cc(C(=O)N[C@@H](Cc2cc(F)cc(F)c2)[C@H](O)CNCc2cccc(OC)c2)cc(N2CCCCS2(=O)=O)c1,1232.0,nM,5.91
CHEMBL505154,C[C@@H](NC(=O)c1cc(C(=O)N[C@@H](Cc2ccccc2)[C@H](O)CNCCC2CCN(Cc3ccccc3)CC2)cc([N+](=O)[O-])c1)c1ccc(F)cc1,2682.0,nM,5.57
CHEMBL1080295,Cc1ccc(NC(=O)CN2C(=O)/C(=N\NC(=O)c3cc([N+](=O)[O-])ccc3O)c3ccccc32)cc1,2400.0,nM,5.62
CHEMBL230355,CC(C)S(=O)(=O)N(C)c1cc(C(=O)N[C@@H](Cc2cc(F)cc(F)c2)[C@@H](N)CF)cc(N(C)C[C@H]2C[C@@H]2C)n1,18.0,nM,7.75
CHEMBL3808441,CC(C)(C)CCNC(=O)CCc1cc2cc(-c3ccccc3C#CCC3(NC(=O)c4ccc(F)cc4)CC3)ccc2nc1N,191.0,nM,6.72
CHEMBL3809870,CC(C)(C)CCNC(=O)CCc1cc2cc(-c3ccccc3CCc3ccc(NC(=O)c4ccc(F)cc4)cn3)ccc2nc1N,16.0,nM,7.8
CHEMBL269943,CCCOc1ccc(-c2ccc(-c3ccccc3Cl)n2CC(=O)/N=C(/N)NCc2ccc(F)c(F)c2F)cc1,203.0,nM,6.69
CHEMBL270820,CCCOc1ccc(-c2ccc(-c3ccccc3Cl)n2CC(=O)/N=C(/N)NCCC(=O)O)cc1,278.0,nM,6.56
CHEMBL404897,N/C(=N/C(=O)Cn1c(-c2ccccc2)ccc1C12CC3CC(CC(C3)C1)C2)NCCCCO,255.0,nM,6.59
CHEMBL428870,CCCCCN1C[C@@H](C(=O)N[C@@H](Cc2cc(F)cc(F)c2)[C@H](O)[C@H]2C[C@@H](OCc3ccccc3)CN2)CC1=O,45.0,nM,7.35
CHEMBL399656,CCNc1cc(C(=O)N[C@@H](Cc2ccccc2)[C@H](O)CNCc2cnn(CC)c2)cc(N2CCCCS2(=O)=O)c1,12.0,nM,7.92
CHEMBL4560473,CC#CC(=O)Nc1ccc(F)c(C2(C)Cc3c(F)cncc3C(N)=N2)c1,54.0,nM,7.27
CHEMBL4546682,N#Cc1ccc(C(=O)Nc2ccc(F)c([C@]34COC[C@@]3(F)CSC(N)=N4)c2)nc1,6.66,nM,8.18
CHEMBL3981834,COc1cnc(C(=O)Nc2ccc3c(c2)C2(CCOC(N)=N2)c2cc(Br)cnc2O3)cn1,47.6,nM,7.32
CHEMBL3948764,NC1=NC2(CCO1)c1cc(NC(=O)c3ccc(Cl)cn3)ccc1Oc1c2cc(Cl)nc1F,6.8,nM,8.17
CHEMBL3906344,NC1=NC2(CCO1)c1cc(NC(=O)c3cnc(Cl)cn3)ccc1Oc1c2cc(Cl)nc1F,16.1,nM,7.79
CHEMBL3947677,NC1=NC2(CCO1)c1cc(NC(=O)c3ccc(Cl)cn3)ccc1Oc1ncc(C3=CCOCC3)cc12,2.7,nM,8.57
CHEMBL3899000,NC1=NC2(CCO1)c1cc(NC(=O)c3ccc(Cl)cn3)ccc1Oc1cnc(C3=CCCOC3)cc12,3.0,nM,8.52
CHEMBL3640274,Cc1nc(N2C[C@H]3C(=O)N(C)C(N)=N[C@@]3(c3ccc(F)cc3)C2)nc(C)c1F,114.0,nM,6.94
CHEMBL248056,CCCC[C@H](N)[C@H](Cc1ccccc1)NC(=O)c1cc(N(C)C[C@H]2C[C@@H]2C)nc(N(CCC)S(C)(=O)=O)c1,39.0,nM,7.41
CHEMBL227053,CC(C)Nc1cc(C(=O)N[C@@H](Cc2ccccc2)[C@H](O)CN[C@@H](C)C(=O)NC2CCCCC2)cc(N2CCCC2=O)c1,330.0,nM,6.48
CHEMBL255194,CCCN(CCC)C(=O)c1cc(C)cc(C(=O)N[C@@H](Cc2cc(F)cc(F)c2)[C@H](O)[C@H]2C[C@@H](Cc3ccccc3)CCN2)c1,14.0,nM,7.85
CHEMBL403727,CCCN(CCC)C(=O)c1cc(C)cc(C(=O)N[C@@H](Cc2cc(F)cc(F)c2)[C@H](O)[C@H]2C[C@@H](Oc3ccccc3)CN2)c1,3.0,nM,8.52
CHEMBL402276,CCCN(CCC)C(=O)c1cc(C)cc(C(=O)N[C@@H](Cc2cc(F)cc(F)c2)[C@H](O)[C@H]2C[C@@H](OCC3CCCCC3)CCN2)c1,567.0,nM,6.25
CHEMBL401527,CCCN(CCC)C(=O)c1cc(C)cc(C(=O)N[C@@H](Cc2cc(F)cc(F)c2)[C@H](O)[C@H]2C[C@@H](OC(C)C)CCN2)c1,858.0,nM,6.07
CHEMBL255372,CCCN(CCC)C(=O)c1cc(C)cc(C(=O)N[C@@H](Cc2cc(F)cc(F)c2)[C@H](O)[C@H]2C[C@@H](OC)CN2)c1,780.0,nM,6.11
CHEMBL2333941,C[C@@]1(c2cc(-c3cncnc3)c(F)cc2F)CCSC(N)=N1,173.0,nM,6.76
CHEMBL4166192,Cl.Oc1ccc(/C=N/CCNCCn2cnc3ccccc32)c(O)c1,15600.0,nM,4.81
CHEMBL3680901,[C-]#[N+]c1ccc(C(=O)Nc2ccc(F)c([C@@]3(CF)N=C(N)OC[C@@H]3F)c2)nc1,25.0,nM,7.6
CHEMBL391145,CCCCS(=O)(=O)C[C@@H](NC(=O)OCCNC(C)=O)C(=O)N[C@@H](Cc1cc(F)cc(F)c1)[C@H](O)CNCc1cccc(CC)c1,27.0,nM,7.57
CHEMBL235853,CC1CCc2cccc(c2)C[C@@](C)(N)C(=O)OCc2cc(nc(N(C)S(C)(=O)=O)c2)CC1,1800.0,nM,5.75
CHEMBL231865,CCCCS(=O)(=O)C[C@@H](NC(=O)OCC(F)(F)F)C(=O)N[C@@H](Cc1cc(F)cc(F)c1)[C@H](O)CNCc1cccc(CC)c1,4.0,nM,8.4
CHEMBL409947,CCCCS(=O)(=O)C[C@@H](NC(=O)c1cc(C)[nH]n1)C(=O)N[C@@H](Cc1cc(F)cc(F)c1)[C@H](O)CNCc1cccc(CC)c1,4.0,nM,8.4
CHEMBL254625,CCCN(CCC)C(=O)c1cccc(C(=O)N[C@@H](Cc2ccccc2)[C@H](O)CNCc2cccc(I)c2)c1,310.0,nM,6.51
CHEMBL4205912,NC1=N[C@@]2(c3cc(NC(=O)c4ccc(F)cn4)ccc3F)CCC[C@H]2CS1,20.3,nM,7.69
CHEMBL4205130,CC1=COC(N)=N[C@]1(C)c1cc(NC(=O)c2ccc(C#N)cn2)ccc1F,408.0,nM,6.39
CHEMBL541757,CCc1cn2c3c(cc(C(=O)N[C@@H](Cc4ccccc4)[C@H](O)CNC(C)(C)CCCC(C)C)cc13)N(C)S(=O)(=O)CC2,72.0,nM,7.14
CHEMBL3683879,COCc1cc(Cl)cnc1C(=O)Nc1ccc(Cl)c([C@@]2(CF)N=C(N)O[C@@H]3C[C@@H]32)c1,50.8,nM,7.29
CHEMBL3898686,CO[C@H]1CC[C@]2(CC1)Cc1ccc(NC(=O)c3ncc(Cl)cc3Cl)cc1C21N=C(C)C(N)=N1,28.0,nM,7.55
CHEMBL3653690,CC1=NC2(N=C1N)c1cc(-c3cccc(Cl)c3)ccc1CC21CCOCC1,100.0,nM,7.0
CHEMBL3653702,CC1=NC2(CC(C3CCCOC3)Oc3ccc(-c4cccc(Cl)c4)cc32)N=C1N,2570.0,nM,5.59
CHEMBL3653708,CC1=NC2(CC(C3CCOC(C)(C)C3)Oc3ccc(-c4cccc(Cl)c4)cc32)N=C1N,5.0,nM,8.3
CHEMBL455237,CCCN(CCC)C(=O)c1cc(C)cc(C(=O)N[C@@H](Cc2cc(F)cc(F)c2)[C@H](O)[C@H]2CN(Cc3ccccc3C#N)CCN2)c1,970.0,nM,6.01
CHEMBL445721,CCCN(CCC)C(=O)c1cc(C)cc(C(=O)N[C@@H](Cc2cc(F)cc(F)c2)[C@H](O)[C@@H]2NCCN(Cc3ccccc3OC)C2=O)c1,550.0,nM,6.26
CHEMBL521794,COCCN1CC(C(=O)N[C@@H](Cc2cc(F)cc(F)c2)[C@H](O)[C@@H]2NCCN(Cc3ccccc3)C2=O)CC1=O,1500.0,nM,5.82
CHEMBL445693,CCCCN1CC(C(=O)N[C@@H](Cc2cc(F)cc(F)c2)[C@H](O)[C@@H]2NCCN(Cc3ccccc3)C2=O)[C@@H](Cc2ccccc2)C1=O,960.0,nM,6.02
CHEMBL428074,CCCN(CCC)C(=O)c1cc(C)cc(C(=O)N[C@@H](Cc2cc(F)cc(F)c2)[C@H](O)[C@H]2C[C@@H](Cc3ccc(OC)cc3)CCN2)c1,440.0,nM,6.36
CHEMBL258083,CCC[C@H]1CCN[C@@H]([C@@H](O)[C@H](Cc2cc(F)cc(F)c2)NC(=O)c2cc(C)cc(C(=O)N(CCC)CCC)c2)C1,1200.0,nM,5.92
CHEMBL256434,CCCN(CCC)C(=O)c1cc(C)cc(C(=O)N[C@@H](Cc2cc(F)cc(F)c2)[C@H](O)[C@H]2CCCN2)c1,330.0,nM,6.48
CHEMBL3683889,Cc1cc(C#N)cnc1C(=O)Nc1cc(F)c(Cl)c([C@@]2(CF)N=C(N)O[C@@H]3C[C@@H]32)c1,36.2,nM,7.44
CHEMBL3683905,Cc1cc(OC(F)F)cnc1C(=O)Nc1cc(F)c(Cl)c([C@@]2(CF)N=C(N)O[C@@H]3C[C@@H]32)c1,40.3,nM,7.39
CHEMBL3683909,NC1=N[C@@](c2cc(NC(=O)c3nn(C(F)F)cc3Cl)ccc2F)(C(F)F)[C@H]2C[C@H]2O1,13.7,nM,7.86
CHEMBL3688653,NC1=N[C@@](c2cc(NC(=O)c3nn(C(F)F)cc3Cl)ccc2Cl)(C(F)F)[C@H]2C[C@H]2O1,10.5,nM,7.98
CHEMBL3683823,N#Cc1cnc(C(=O)Nc2ccc(F)c([C@@]3(C(F)F)N=C(N)O[C@@H]4C[C@@H]43)c2)c(Cl)c1,15.3,nM,7.82
CHEMBL3683824,C[C@]1(c2cc(NC(=O)c3ccc(Cl)cn3)ccc2F)N=C(N)O[C@@H]2C[C@@H]21,65.0,nM,7.19
CHEMBL3683854,COc1ccc(C(=O)Nc2ccc(Cl)c([C@@]3(C(F)F)N=C(N)O[C@@H]4C[C@@H]43)c2)nc1,61.1,nM,7.21
CHEMBL3683855,COc1cnc(C(=O)Nc2ccc(Cl)c([C@@]3(C(F)F)N=C(N)O[C@@H]4C[C@@H]43)c2)c(C)c1,97.1,nM,7.01
CHEMBL3683859,NC1=N[C@@](CF)(c2nc(NC(=O)c3ccc(Cl)cn3)ccc2F)[C@@H]2C[C@@H]2O1,39340.0,nM,4.41
CHEMBL3683877,Cc1cc(OC(F)F)cnc1C(=O)Nc1ccc(Cl)c([C@@]2(CF)N=C(N)O[C@@H]3C[C@@H]32)c1,83.5,nM,7.08
CHEMBL3677243,O=C(/C=C/c1ccc(O)cc1)CC(=O)/C=C/c1cc(O)c(Br)cc1Br,870.0,nM,6.06
CHEMBL3677272,NC1=N[C@@]2(c3cc(-c4cccnc4F)ccc3Oc3c(F)cc(C4=CCCOC4)cc32)c2nccn21,23.0,nM,7.64
CHEMBL3672406,O=C(/C=C/c1ccc(O)cc1)CC(=O)/C=C/c1c[nH]c2ccccc12,1700.0,nM,5.77
CHEMBL3672410,COc1cc(/C=C/C(=O)CC(=O)/C=C/c2ccc(O)cc2Cl)ccc1O,810.0,nM,6.09
CHEMBL3672418,COc1cc(/C=C/C(=O)CC(=O)/C=C/c2cccc3ccccc23)ccc1O,2000.0,nM,5.7
CHEMBL3672420,COc1ccc(/C=C/C(=O)CC(=O)/C=C/c2ccc(N(C)C)c3ccccc23)cc1O,1800.0,nM,5.75
CHEMBL3672424,COc1ccc(/C=C/C(=O)CC(=O)/C=C/c2ccc3[nH]ccc3c2)cc1O,2300.0,nM,5.64
CHEMBL3677210,CC(C)(C)[Si](C)(C)OCc1ccccc1/C=C/C(=O)CC(=O)/C=C/c1ccc(O)cc1,1200.0,nM,5.92
CHEMBL3677225,CCCN(CCC)C(=O)c1cccc(/C=C/C(=O)CC(=O)/C=C/c2ccc(O)cc2)c1,3300.0,nM,5.48
CHEMBL3677229,COc1ccc([N+](=O)[O-])c(/C=C/C(=O)CC(=O)/C=C/c2ccc(O)cc2)c1,3400.0,nM,5.47
CHEMBL3677232,O=C(/C=C/c1ccc(O)cc1Cl)CC(=O)CCc1ccc(O)cc1,1100.0,nM,5.96
CHEMBL3653441,NC1=N[C@@](c2cc(NC(=O)c3ncc(Cl)cc3Cl)ccc2F)(C(F)F)COC1,25.0,nM,7.6
CHEMBL3653459,NC1=N[C@@](c2cc(NC(=O)c3ccc(C(F)F)cn3)ccc2F)(C(F)F)COC1,87.0,nM,7.06
CHEMBL3653464,NC1=N[C@@](c2cc(NC(=O)c3ccc(Cl)cn3)ccc2F)(C(F)F)COC1,30.0,nM,7.52
CHEMBL3642599,CC1(c2cccc(/C=C/c3ccc(Cl)cc3)c2)CCSC(N)=N1,7700.0,nM,5.11
CHEMBL3642608,CC1(c2cccc(/C=C/c3ccc(Cl)cn3)c2)CCSC(N)=N1,5900.0,nM,5.23
CHEMBL1570219,CCOc1ccc(N2Cc3ccccc3C2)cc1,1977.0,nM,5.7
CHEMBL3909033,NC1=N[C@](CF)(c2cccc(Nc3nccc4cc(Cl)cnc34)c2)C[C@@H](C(F)(F)F)O1,119.0,nM,6.92
CHEMBL3928092,Cn1cc(NC(=O)c2ccc(Cl)cn2)cc([C@]2(C)C[C@@H](C(F)(F)F)OC(N)=N2)c1=O,12.7,nM,7.9
CHEMBL3974975,Cc1cc(OCC2CC2)cnc1C(=O)Nc1ccc(F)c([C@]2(CF)C[C@@H](C(F)(F)F)OC(N)=N2)c1,487.0,nM,6.31
CHEMBL3951840,C#CCOC1CCN(C(=O)Nc2ccc(F)c([C@]3(C)C[C@@H](C(F)(F)F)OC(N)=N3)c2)CC1,1140.0,nM,5.94
CHEMBL3916872,C[C@@]1(c2cc(NC(=O)c3ncc(C#N)cc3Cl)cc(F)c2F)C[C@@H](C(F)(F)F)OC(N)=N1,5.7,nM,8.24
CHEMBL3972152,Cc1cc(OC(F)F)cnc1C(=O)Nc1cc(F)c(F)c([C@]2(C)C[C@@H](C(F)(F)F)OC(N)=N2)c1,26.0,nM,7.58
CHEMBL3956483,C[C@@]1(c2cc(NC(=O)c3ncc(C(F)F)cc3Cl)cc(F)c2F)C[C@@H](C(F)(F)F)OC(N)=N1,15.0,nM,7.82
CHEMBL5764411,N#Cc1ccc(C(=O)Nc2cccc(C3(C(F)(F)F)CCSC(N)=N3)c2)nc1,91.0,nM,7.04
CHEMBL3670315,C=C1C[C@@](C)(c2cc(NC(=O)c3cnc(C)cn3)ccc2F)N=C(N)S1,76.0,nM,7.12
CHEMBL3670319,Cn1ccnc1COc1cnc(C(=O)Nc2ccc(F)c([C@]3(C)C=CSC(N)=N3)c2)cn1,243.0,nM,6.61
CHEMBL3653503,COCCOc1ccc(C(=O)Nc2ccc(F)c([C@]3(C(F)F)COCC(N)=N3)c2)nc1,340.0,nM,6.47
CHEMBL3703213,NC1=NC2(CO1)c1cc(Br)ccc1OCC21CCC1,61300.0,nM,4.21
CHEMBL3650842,NC1=NC2(COC1)c1cc(Br)ccc1OCC21CC1,40300.0,nM,4.39
CHEMBL3650846,CC1(C)Oc2ccc(NC(=O)c3ccc(Br)cn3)cc2[C@@]2(COC(N)=N2)C12COC2,44.4,nM,7.35
CHEMBL2437454,CN1C(=O)C[C@@](C)([C@@H]2C[C@H]2c2ccccc2)N=C1N.O=C(O)C(F)(F)F,18000.0,nM,4.75
CHEMBL126079,O=C(O[C@H]1Cc2c(O)cc(O)cc2O[C@@H]1c1cc(O)c(O)c(O)c1)c1cc(O)c(O)c(O)c1,1800.0,nM,5.75
CHEMBL212102,CCCCNC(=O)[C@H](C)C[C@H](O)[C@@H]1COC/C=C/CSC[C@H](NC(C)=O)C(=O)N[C@@H](C)C(=O)N1,1120.0,nM,5.95
CHEMBL255838,CC(C)[C@H](NC(=O)[C@@H](N)CNC(=O)c1[nH]c(=O)[nH]c(=O)c1F)C(=O)N[C@@H](CC1CCCCC1)C(=O)N[C@@H](Cc1ccccc1)[C@@H](O)C(=O)Nc1cccc(-c2nn[nH]n2)c1,5.6,nM,8.25
CHEMBL453211,O=C(N[C@@H](Cc1ccccc1)[C@H](O)C(=O)Nc1cccc(-c2nn[nH]n2)c1)c1cc(Br)cc(C(=O)N2COC[C@@H]2c2ccc(F)cc2)n1,9.0,nM,8.05
CHEMBL504917,O=C(N[C@@H](Cc1ccccc1)[C@H](O)C(=O)Nc1cccc(-c2nn[nH]n2)c1)c1cc(I)cc(C(=O)N2COC[C@@H]2c2ccccc2)n1,24.0,nM,7.62
CHEMBL5975467,COC1CCC2(CC1)Cc1cc(F)c(-c3cccc(C#N)c3)cc1C21NC(=S)N(C)C1=O,20.4,nM,7.69
CHEMBL3969425,COC1CCC2(CC1)Cc1ccc(C(C)C(F)(F)F)cc1C21N=C(N)N(C)C1=O,716.0,nM,6.14
CHEMBL5775907,COC1CCC2(CC1)Cc1ccc(C#CC3CC3)cc1C21NC(=S)N(Cc2ncco2)C1=O,14.8,nM,7.83
CHEMBL5789150,COC1CCC2(CC1)Cc1ccc(C#CC3CC3)cc1C21NC(=S)N(CCN(C)S(C)(=O)=O)C1=O,9.3,nM,8.03
CHEMBL5788962,CN1OC2(N=C1N)c1cc(-c3cccc(C#N)c3)ccc1CC21CCC(NCC(F)(F)F)CC1,3881.0,nM,5.41
CHEMBL5933780,COCCCSC1=NC2(C(=O)N1CCCOC)c1cc(CCC3CC3)ccc1CC21CCC(OC)CC1,7.4,nM,8.13
CHEMBL3911980,COC1CCC2(CC1)Cc1ccc(-c3cncc(Cl)c3)cc1C21N=C(N)N(C(C)C)C1=O,8.9,nM,8.05
CHEMBL5961261,COC1CCC2(CC1)Cc1ccc(-c3cc(C#N)cc(C#N)c3)cc1C21N=C(N)N(C)C1=O,1.1,nM,8.96
CHEMBL3902558,COC1CCC2(CC1)Cc1ccc(-c3cc(Cl)cc(Cl)c3)cc1C21N=C(N)N(C)C1=O,57.1,nM,7.24
CHEMBL3977859,COc1cc(-c2ccc3c(c2)C2(N=C(N)N(C)C2=O)C2(CCC(OC)CC2)C3)ccn1,10.5,nM,7.98
CHEMBL3960694,COC1CCC2(CC1)Cc1ccc(Br)cc1C21N=C(N)N(C)C1=O,102.0,nM,6.99
CHEMBL6051523,COC1CCC2(CC1)Cc1ccc(C#N)cc1C21N=C(N)N(C)C1=O,9.9,nM,8.0
CHEMBL3959669,COCC#Cc1ccc2c(c1)C1(N=C(N)N(C)C1=O)C1(CCC(OC)CC1)C2,11.2,nM,7.95
CHEMBL205333,CC(C)C[C@H](NC(=O)[C@@H](NC(=O)[C@@H](N)CNC(=O)c1nn[nH]n1)C(C)C)C(=O)N[C@@H](Cc1ccccc1)[C@@H](O)C(=O)Nc1cccc(-c2noc(O)n2)c1,6.6,nM,8.18
CHEMBL260722,CN(C)c1cccc(CNC[C@@H](O)[C@H](Cc2ccccc2)NC(=O)[C@@H]2CN(Cc3ccccc3C(F)(F)F)C(=O)N2)c1,3120.0,nM,5.51
CHEMBL468168,CCC(C)C1NC(=O)C(SCc2cccc(C(F)(F)F)c2)=C1O,60000.0,nM,4.22
CHEMBL3265331,NC1=N[C@@]2(CO1)c1cc(-c3cccnc3F)ccc1O[C@@H]1COCC[C@H]12,80.0,nM,7.1
CHEMBL3683789,COc1cc(Cl)cnc1C(=O)Nc1ccc(F)c([C@@]2(C(F)F)N=C(N)O[C@@H]3C[C@@H]32)c1,117.5,nM,6.93
CHEMBL3688754,C[C@]1(c2nc(NC(=O)c3ncc(Cl)cc3Cl)ccc2F)N=C(N)O[C@@H]2C[C@@H]21,103.4,nM,6.99
CHEMBL3688773,N#Cc1cnc2c(Nc3ccc(Cl)c([C@]4(C(F)F)N=C(N)O[C@H]5C[C@H]54)c3)ncc(F)c2c1,82.9,nM,7.08
CHEMBL3683867,NC1=N[C@@](c2cc(NC(=O)c3nn(C(F)F)cc3Cl)cc(F)c2F)(C(F)F)[C@H]2C[C@H]2O1,9.8,nM,8.01
CHEMBL3688789,N#Cc1cnc2c(Nc3ccc(F)c([C@@]4(C(F)F)N=C(N)O[C@@H]5C[C@@H]54)c3)nccc2c1,55.85,nM,7.25
CHEMBL1270779,O=C(CSc1nc2ccc(Nc3nc(N4CCCC4)nc(N4CCCC4)n3)cc2s1)c1ccccc1,20000.0,nM,4.7
CHEMBL381618,CC(C)(C)OC(=O)N1CCN(c2ccc(Br)cc2NC(=O)c2cccc3ccccc23)CC1,1700.0,nM,5.77
CHEMBL206665,CC(C)(C)OC(=O)N1CCN(c2ccc(Br)cc2NC(=O)c2cc(=O)c3ccccc3o2)CC1,1900.0,nM,5.72
CHEMBL3703275,Cc1cnnc(-c2ccc3c(c2)C2(COC(N)=N2)C2(COC2)C2(CCC2)O3)c1,13400.0,nM,4.87
CHEMBL3650828,CC1(C)Oc2ccc(NC(=O)c3ccc(C#N)cn3)cc2C2(COC(N)=N2)C12COC2,118.0,nM,6.93
CHEMBL4865090,CC1(c2cc(NC(=O)c3ccc(C#N)cn3)ccc2F)Cc2c(ccnc2F)C(N)=N1,14.0,nM,7.85
CHEMBL3695746,CN1C(=O)C[C@]2(N=C1N)c1cc(-c3cccnc3F)ccc1Oc1c2cc(Cl)nc1F,33.2,nM,7.48
CHEMBL3983157,COC1CCC2(CC1)Cc1ccc(C#CC3CC3)cc1C21N=C(N)N(C2CC2)C1=O,20.0,nM,7.7
CHEMBL3914214,COC1CCC2(CC1)Cc1ccc(OCC3CCCC3)cc1C21N=C(N)N(C)C1=O,8.9,nM,8.05
CHEMBL3916104,CN1C(=O)C2(N=C1N)c1cc(-c3cccnc3F)ccc1CC21CCc2ccccc2CC1,6.7,nM,8.17
CHEMBL3903963,CC#Cc1ccc2c(c1)C1(NC(N)N(C(C)C)C1=O)C1(CCc3ccccc3CC1)C2,91.4,nM,7.04
CHEMBL3922042,CCOc1ccc2c(c1)C1(NC(N)N(C(C)C)C1=O)C1(CCc3ccccc3CC1)C2,48.3,nM,7.32
CHEMBL3955763,CN1C(=O)C2(NC1N)c1cc(OCC3CC3)ccc1OC21CCc2ccccc2CC1,4.1,nM,8.39
CHEMBL3940250,COC1CCC2(CC1)Cc1ccc(Br)cc1C21NC(=S)N(N(C)C)C1=O,575.2,nM,6.24
CHEMBL3897461,COC1CCC2(CC1)Cc1ccc(Br)cc1C21NC(=S)N(C2CCN(C)CC2)C1=O,532.7,nM,6.27
CHEMBL3955360,[C-]#[N+]c1cccc(-c2ccc3c(c2)C2(CCSC(N)=N2)C2(CCC(OC)CC2)O3)c1,730.2,nM,6.14
CHEMBL3947174,Cc1onc2c1CC1(CC2)Cc2ccc(-c3cccnc3)cc2C12N=C(N)N(C)C2=O,7.9,nM,8.1
CHEMBL3650808,CC1(C)Oc2ccc(-c3ccc4[nH]ncc4c3)cc2C2(COC(N)=N2)C12COC2,1500.0,nM,5.82
CHEMBL3650822,Cc1cc(C#N)cnc1C(=O)Nc1ccc2c(c1)C1(COC(N)=N1)C1(CC1)CO2,27.0,nM,7.57
CHEMBL3650824,COc1cnc(C(=O)Nc2ccc3c(c2)C2(COC(N)=N2)C2(CC2)CO3)cn1,81.0,nM,7.09
CHEMBL3650850,COc1cnc(C(=O)Nc2ccc3c(c2)[C@@]2(COC(N)=N2)C2(CC2)C(C)(C)O3)cn1,3.1,nM,8.51
CHEMBL3983050,COCCN1C(=O)C2(C=C1N)c1cc(C3CC3)ccc1C[C@]21CC[C@@H](OC)CC1,172.0,nM,6.76
CHEMBL3930777,COCCO[C@H]1CC[C@]2(CC1)Cc1ccc(Cl)cc1C21N=C(N)N(C)C1=O,614.0,nM,6.21
CHEMBL4115521,CO[C@H]1CC[C@]2(CC1)Cc1ccc(OCC3CC3)cc1[C@]21N=C(N)N(CC(F)(F)F)C1=O,7.0,nM,8.15
CHEMBL3656246,CN1C(=O)[C@]2(N=C1N)c1ccccc1CC21CCc2ccccc2CC1,168.7,nM,6.77
CHEMBL379820,NCCCCCN1CCN(c2ccc(-c3ccccc3)cc2NC(=O)c2cccc3ccccc23)CC1,68.0,nM,7.17
CHEMBL377581,O=C(Nc1cc(-c2ccccc2)ccc1N1CCN(CCO)CC1)c1cccc2ccccc12,110.0,nM,6.96
CHEMBL3982284,CO[C@H]1CC[C@]2(CC1)Cc1ccc(Oc3cccc(C#N)c3)cc1C21N=C(N)N(C)C1=O,7.0,nM,8.15
CHEMBL3670308,C[C@@]1(c2cc(NC(=O)c3cnc(-c4ncco4)cn3)ccc2F)C=CSC(N)=N1,304.0,nM,6.52
CHEMBL585952,CN1C(=O)C(c2ccccc2)(C23CC4CC(CC(C4)C2)C3)N=C1N,1531.09,nM,5.82
CHEMBL584694,COc1ccc(C2(C34CC5CC(CC(C5)C3)C4)N=C(N)N(C)C2=O)cc1,279.9,nM,6.55
CHEMBL3354694,NC1=N[C@@]2(CO1)c1cc(-c3cncnc3)ccc1Oc1ccc(N3CCOCC3)cc12,48.0,nM,7.32
CHEMBL3354708,COc1cncc(-c2ccc3c(c2)[C@@]2(COC(N)=N2)c2cc(OCC(C)(C)C)ccc2O3)c1,80.0,nM,7.1
CHEMBL3354715,CC1(COc2cc(F)c3c(c2)[C@]2(COC(N)=N2)c2cc(-c4cccnc4F)ccc2O3)COC1,3.0,nM,8.52
CHEMBL3652434,COC1CCC2(CC1)Cc1ccc(-c3cccc(Cl)c3)cc1C21N=C(N)N(C)O1,4.5,nM,8.35
CHEMBL4114995,C[C@]1(c2nc(NC(=O)c3ncc(OCCCF)nc3N)ccc2F)N=C(N)OCC1(F)F,1200.0,nM,5.92
CHEMBL3359762,CC(C)(O)C#Cc1cnc2c(c1)[C@]1(COC(N)=N1)c1cc(-c3cccnc3F)ccc1O2,5.6,nM,8.25
CHEMBL3359756,NC1=N[C@@]2(CO1)c1cc(-c3cccnc3F)ccc1Oc1ncc(N3CCOCC3)cc12,16.0,nM,7.8
CHEMBL3359761,COC(C)(C)C#Cc1cnc2c(c1)[C@]1(COC(N)=N1)c1cc(-c3cccnc3F)ccc1O2,4.6,nM,8.34
CHEMBL3359760,CC(C)(C)C#Cc1cnc2c(c1)[C@]1(COC(N)=N1)c1cc(-c3cccnc3F)ccc1O2,4.7,nM,8.33
CHEMBL3359758,N#Cc1ccc(-c2cnc3c(c2)[C@]2(COC(N)=N2)c2cc(-c4cccnc4F)ccc2O3)cc1,0.8,nM,9.1
CHEMBL495292,O=C1N=C(NC2CCCCC2)C2(CCN(Cc3ccccc3)CC2)N1c1ccccc1,22000.0,nM,4.66
CHEMBL502,COc1cc2c(cc1OC)C(=O)C(CC1CCN(Cc3ccccc3)CC1)C2,3200.0,nM,5.5
CHEMBL2047375,c1ccc(CN2CCC(Nc3nccc(NCc4ccc5c(c4)OCO5)n3)CC2)cc1,1400.0,nM,5.85
CHEMBL3394225,NC1=N[C@@]2(CO1)c1cc(-c3cccnc3F)ccc1Oc1c2cc(N2CCC(F)(F)CC2)nc1F,0.3,nM,9.52
CHEMBL3394210,NC1=N[C@@]2(CO1)c1cc(-c3cccnc3F)ccc1Oc1c2cc(-c2ccccc2)nc1F,8.0,nM,8.1
CHEMBL2047660,CC(C)C[C@H](NC(=O)[C@@H](NC(=O)[C@@H](N)CNC(=O)c1[nH]c(=O)[nH]c(=O)c1F)C(C)C)C(=O)N[C@@H](Cc1ccccc1)C(=O)N[C@H](CC(N)=O)C(=O)O,86.0,nM,7.07
CHEMBL81037,CCC[C@H](NC(=O)OC(C)(C)C)C(=O)N[C@@H](CCSC)C(=O)N[C@@H](Cc1ccccc1)[C@@H](O)C[C@@H](C)C(=O)N[C@H](C(=O)NCc1ccncc1)C(C)C,60.0,nM,7.22
CHEMBL2058867,c1ccc2cc(SCCCn3c4ccccc4c4ccccc43)ccc2c1,7520.0,nM,5.12
CHEMBL2058875,OC(CCSc1ccc2ccccc2c1)Cn1c2ccccc2c2ccccc21,6740.0,nM,5.17
CHEMBL2047894,CC(C)(C)c1cccc(CN[C@H]2CS(=O)(=O)C[C@@H](Cc3ccc(N)nc3)[C@@H]2O)c1,1360.0,nM,5.87
CHEMBL3695750,CN1C(=O)CC2(N=C1N)c1cc(-c3cccnc3F)ccc1Oc1c2cc(-c2cccnc2F)nc1F,22.8,nM,7.64
CHEMBL3640291,COc1nc(N2C[C@H]3C(=O)N(C)C(=N)N[C@@]3(c3cc(F)ccc3Cl)C2)nc(C)c1F,42.0,nM,7.38
CHEMBL3640292,COc1nc(N2C[C@H]3C(=O)N(C)C(=N)N[C@@]3(c3cc(Cl)ccc3F)C2)nc(C)c1F,109.0,nM,6.96
CHEMBL3691377,C[C@H]1SC(N)=N[C@@]2(c3ccccc3F)COCC[C@@H]12,6720.0,nM,5.17
CHEMBL3691378,C[C@@H]1SC(N)=N[C@@]2(c3ccccc3F)COCC[C@@H]12,11200.0,nM,4.95
CHEMBL3691381,C[C@H]1SC(N)=N[C@@]2(c3cc(-c4cncnc4)ccc3F)COCC[C@@H]12,3000.0,nM,5.52
CHEMBL2380453,C[C@]1(c2cccc(-c3cncc(F)c3)c2)N=C(N)[C@H]2CCCCN21,16000.0,nM,4.8
CHEMBL2380458,COc1ccc(C2(c3cccc(-c4cncnc4)c3)CCC(N)=N2)cc1,7900.0,nM,5.1
CHEMBL2380454,COc1cccc(-c2cccc(C3(C)N=C(N)CS3)c2)c1,7900.0,nM,5.1
CHEMBL2380444,CC1(c2cccc(-c3cccc(Cl)c3)c2)N=C(N)CCO1,6300.0,nM,5.2
CHEMBL2380448,COc1cccc(-c2cccc(C3(C)CSCC(N)=N3)c2)c1,2000.0,nM,5.7
CHEMBL1165427,CC1=C(C(=O)NOCc2ccccc2)C(C)C(C(=O)N[C@@H](Cc2ccccc2)[C@H](O)CNC2CC2)=C(C)N1CC(=O)OC(C)C,9000.0,nM,5.05
CHEMBL1165491,CC1=C(C(=O)N[C@@H](Cc2ccccc2)[C@H](O)CNC2CC2)C(C)C(C(=O)OCc2ccccc2)=C(C)N1CC(=O)N1CCOCC1,28400.0,nM,4.55
CHEMBL1164568,CC(C)OC(=O)CN1C=C(C(=O)N[C@@H](Cc2ccccc2)[C@H](O)CNC2CC2)C(C)C(C(=O)OC(C)(C)C)=C1,31900.0,nM,4.5
CHEMBL1165107,CCCC1C(C(=O)N[C@@H](Cc2ccccc2)[C@H](O)CNC2CC2)=CN(CC(=O)OC(C)C)C=C1C(=O)OC(C)(C)C,24600.0,nM,4.61
CHEMBL1163426,CCCC1C(C(=O)N[C@@H](Cc2ccccc2)[C@H](O)CNc2cccc(OC)c2)=CN(CC(=O)OC(C)C)C=C1C(=O)OC(C)(C)C,30400.0,nM,4.52
CHEMBL144630,COc1ccc(-c2cc(=O)c3c(O)cc(O)c(-c4cc(-c5cc(=O)c6c(O)cc(OC)cc6o5)ccc4O)c3o2)cc1,4210.0,nM,5.38
CHEMBL5274016,COc1ccccc1NCC1CCN(Cc2ccccc2)CC1,277.0,nM,6.56
CHEMBL5267312,C/C(=C\C1=CCN(C(=O)CCc2ccccc2)C(=O)C1)N1C(=O)c2ccccc2C1=O,2.07,nM,8.68
CHEMBL5273380,O=c1c(/C=N/Nc2ccc(C(F)(F)F)cc2)coc2c1ccc1oc(-c3cccc(F)c3)cc12,15800.0,nM,4.8
CHEMBL5280671,COc1cc(O)cc(-c2cc3ccc(O)c(C/C=C(\C)CCC=C(C)C)c3o2)c1CC=C(C)C,5640.0,nM,5.25
CHEMBL5287353,CC(C)=CCCC1(C)C=Cc2c(ccc3cc(-c4cc(O)cc(O)c4CC=C(C)C)oc23)O1,730.0,nM,6.14
CHEMBL249448,O=C(/C=C/c1ccc(O)c(O)c1)O[C@@H]1[C@H](O)C[C@@](O)(C(=O)O)C[C@H]1OC(=O)/C=C/c1ccc(O)c(O)c1,3310.0,nM,5.48
CHEMBL5275941,COc1cc(O)c(C(=O)/C=C/c2ccc(F)cc2)cc1I,25.07,nM,7.6
CHEMBL5274465,O=c1c(O)c(-c2ccc(Cl)cc2)oc2cc(F)c(I)cc12,16.69,nM,7.78
CHEMBL1165583,COc1cccc2cc(C(=O)Nc3cc(Br)ccc3N3CCNCC3)c(=O)oc12,5000.0,nM,5.3
CHEMBL212578,O=C(Nc1cc(-c2ccccc2)ccc1N1CCN(Cc2ccccc2)CC1)c1cc2ccccc2oc1=O,151.0,nM,6.82
CHEMBL1210363,CS(=O)(=O)N(c1ccccc1)c1cc(C(=O)N[C@@H](Cc2ccccc2)[C@H](O)CNCc2cccc(C(F)(F)F)c2)cc(N2CCCC2=O)c1,6.0,nM,8.22
CHEMBL1210364,CCS(=O)(=O)c1cc(C(=O)N[C@@H](Cc2ccccc2)[C@H](O)CNCc2cccc(C(F)(F)F)c2)cc(N(c2ccccc2)S(C)(=O)=O)c1,14.0,nM,7.85
CHEMBL566406,CCOc1cc(C2(c3cccc(-c4cccnc4)c3)N=C(N)N(C)C2=O)ccc1OC,50.0,nM,7.3
CHEMBL584917,CN1C(=O)C(c2cccc(-c3cccnc3)c2)(c2ccc3c(c2)OCCO3)N=C1N,90.0,nM,7.05
CHEMBL565995,COc1ccc(C2(c3ccc(C)c(-c4cccnc4)c3)N=C(N)N(C)C2=O)cc1C,130.0,nM,6.89
CHEMBL584695,COc1ccc([C@]2(c3ccc(F)c(-c4cccnc4F)c3)N=C(N)N(C)C2=O)cc1C,560.0,nM,6.25
CHEMBL1760853,Cc1cccc(Cc2cc(C[C@@H]3CS(=O)(=O)C[C@H](NCc4cccc(C(C)C)c4)[C@H]3O)ccc2O)c1,6200.0,nM,5.21
CHEMBL2158255,CC(=O)N[C@@H](Cc1ccccc1)[C@H](O)CNC1CC(C)(C)Cc2[nH]c(CC(C)(C)C)nc21,230.0,nM,6.64
CHEMBL4793365,FC(F)(F)Oc1ccc(-c2nnc(N3CCN(c4ccccn4)CC3)o2)cc1,822.0,nM,6.08
CHEMBL2349606,CN1C(=O)C2(CC(C)(C)Oc3ccc(-c4cncc(F)c4)cc32)N=C1N,145.0,nM,6.84
CHEMBL2314793,O=C(N[C@@H](C(=O)Nc1cc(C(O)CNCc2ccccc2)ccc1C(=O)c1ccccc1)c1ccccc1)OCc1ccccc1,2600.0,nM,5.58
CHEMBL493984,CCc1cn2c3c(cc(C(=O)N[C@@H](Cc4ccccc4)[C@H](O)CNC)cc13)N(C)S(=O)(=O)CC2.O=CO,15.0,nM,7.82
CHEMBL448945,CCc1cn2c3c(cc(C(=O)N[C@@H](Cc4ccccc4)[C@H](O)CNCc4ccccc4)cc13)N(C)S(=O)(=O)CC2.O=CO,34.0,nM,7.47
CHEMBL493637,CCNc1cc(C(=O)N[C@@H](Cc2ccccc2)[C@H](O)CNC2CC2)cc(N2CCCCS2(=O)=O)c1.O=CO,1262.0,nM,5.9
CHEMBL256679,CCCCCN1C[C@@H](C(=O)N[C@@H](Cc2cc(F)cc(F)c2)[C@H](O)[C@H]2C[C@@H](OCc3ccccc3)CN2)[C@H](CC(C)C)C1=O,365.0,nM,6.44
CHEMBL402373,O=C(N[C@@H](Cc1cc(F)cc(F)c1)[C@H](O)[C@H]1C[C@@H](OCc2ccccc2)CN1)[C@H]1CC(=O)N(Cc2ccc(C(F)(F)F)cc2)C1,46000.0,nM,4.34
CHEMBL402070,O=C(N[C@@H](Cc1cc(F)cc(F)c1)[C@H](O)[C@H]1C[C@@H](OCc2ccccc2)CN1)[C@H]1CC(=O)N(CC2CC2)C1,155.0,nM,6.81
CHEMBL411917,CC(C)c1cccc(CNC[C@@H](O)[C@H](Cc2ccccc2)NC(=O)[C@@H]2CN(Cc3cc(F)cc(F)c3)C(=O)N2)c1,580.0,nM,6.24
CHEMBL461606,CCCCNC(=O)[C@H](C)C[C@H](O)[C@H](CC(C)C)NC(=O)[C@H](CCSC)NC(=O)CCC(C)C,1400.0,nM,5.85
CHEMBL4532096,Clc1ccc2nc(-c3cccc(N4CCc5ccccc5C4)n3)[nH]c2c1,1800.0,nM,5.75
CHEMBL3974459,NC1=NC2(CCO1)c1cc(NC(=O)c3ccc(Cl)cn3)ccc1Oc1cnc(Cl)cc12,38.6,nM,7.41
CHEMBL584267,COc1ccc(C2(c3cccc(-c4cccnc4F)c3)N=C(N)N3CCCN=C32)cc1,70.0,nM,7.16
CHEMBL584521,NC1=NC(c2ccc(OC(F)(F)F)cc2)(c2cccc(-c3cncnc3)c2)C2=NCCCN12,100.0,nM,7.0
CHEMBL2181903,COCC(=O)N[C@@H](Cc1cc(-c2nccs2)ccc1F)[C@H](O)CN[C@H]1CC2(CCC2)Oc2ncc(CC(C)(C)C)cc21,18.0,nM,7.75
CHEMBL2181901,COCC(=O)N[C@@H](Cc1ccc(F)c(-c2nccs2)c1)[C@H](O)CN[C@H]1CC2(CCC2)Oc2ncc(CC(C)(C)C)cc21,6.1,nM,8.21
CHEMBL2181893,COCC(=O)N[C@@H](Cc1cccc(-c2cncs2)c1)[C@H](O)CN[C@H]1CC2(CCC2)Oc2ncc(CC(C)(C)C)cc21,5.2,nM,8.28
CHEMBL2181907,C#Cc1ccc(F)c(C[C@H](NC(=O)COC)[C@H](O)CN[C@H]2CC3(CCC3)Oc3ncc(CC(C)(C)C)cc32)c1,11.0,nM,7.96
CHEMBL2181910,CCOCC(=O)N[C@@H](Cc1cccc(-c2nccs2)c1)[C@H](O)CN[C@H]1CC2(CCC2)Oc2ncc(CC(C)(C)C)cc21,5.7,nM,8.24
CHEMBL2180032,CC1=N[C@@](Cc2ccccc2)(c2cccc(-c3cncnc3)c2)N=C1N,710.0,nM,6.15
CHEMBL2180030,COc1c(C)cc([C@@]2(c3cccc(-c4cncnc4)c3)N=C(C)C(N)=N2)cc1C,24.0,nM,7.62
CHEMBL2180025,COc1ccc(C2(c3cccc(-c4cncnc4)c3)N=C(C)C(N)=N2)cc1,1300.0,nM,5.89
CHEMBL2180023,COc1cccc(-c2cccc(C3(c4ccncc4)N=C(C)C(N)=N3)c2)c1,2800.0,nM,5.55
CHEMBL2180019,CC1=NC(C)(c2cccc(-c3cccnc3)c2)N=C1N,4300.0,nM,5.37
CHEMBL3672943,[C-]#[N+]c1ccc(C(=O)Nc2ccc(F)c([C@]34COC[C@@]3(F)CSC(N)=N4)c2)nc1,6.66,nM,8.18
CHEMBL2181984,O=C(OC1CCS(=O)(=O)c2ccc(Br)cc21)[C@H]1C[C@]2(CN1)C(=O)Nc1ccccc12,1000.0,nM,6.0
CHEMBL2019043,Cl.O=C(NCCCCCCCCCCNc1c2c(nc3ccccc13)CCCC2)c1cc(=O)c2cc(O)ccc2o1,2800.0,nM,5.55
CHEMBL2019046,COc1cc(O)c2c(=O)cc(C(=O)NCCCCCCCCCCNc3c4c(nc5ccccc35)CCCC4)oc2c1.Cl,2900.0,nM,5.54
CHEMBL2019053,Cl.O=C(NCCCCCCCCCCNc1c2c(nc3cc(Cl)ccc13)CCCC2)c1cc(=O)c2cc(O)c(O)cc2o1,13600.0,nM,4.87
CHEMBL2019055,CC(C)C[C@H](NC(=O)[C@H](CC(N)=O)NC(=O)[C@@H](NC(=O)[C@@H](N)CC(=O)O)C(C)C)[C@@H](O)C[C@@H](C)C(=O)N[C@@H](C)C(=O)N[C@@H](CC(=O)O)C(=O)N[C@@H](Cc1ccccc1)C(=O)O,33.0,nM,7.48
CHEMBL4227313,COc1cnc(C(=O)Nc2ccc(F)c([C@@]3(C)N=C(N)O[C@H](CF)[C@@H]3F)c2)cn1,1.6,nM,8.8
CHEMBL247415,CCCC[C@H](N)[C@H](Cc1ccccc1)NC(=O)c1cc(NCC2CC2C)nc(N(C)S(C)(=O)=O)c1,110.0,nM,6.96
CHEMBL402305,CCCCCS(=O)(=O)c1cccc(C(=O)N[C@@H](Cc2ccccc2)[C@H](O)CN[C@@H](C)C(=O)NC2CCCCC2)c1,1800.0,nM,5.75
CHEMBL557127,CC(C)[C@H](NC(=O)CCC(O)(CCc1ccccc1)C(=O)Nc1cc(C(=O)N[C@H](C)c2ccccc2)cc(N(C)S(C)(=O)=O)c1)C(=O)NCc1ccccc1,5600.0,nM,5.25
CHEMBL2151181,CC#Cc1cncc(-c2cc(Cl)c([C@]3(C)CC(=O)N(C)C(=N)N3)s2)c1,11.0,nM,7.96
CHEMBL2151135,CN1C(=N)N[C@](C)(c2cccc(-c3cccnc3)c2)CC1=O,460.0,nM,6.34
CHEMBL116826,CCC(C)C[C@H](NC(=O)[C@H](CC(C)C)NC(C)=O)[C@@H](O)CC(=O)NC(CC[S+](C)[O-])[C@@H](O)CC(=O)N[C@H](C(=O)NCc1ccc(C(=O)O)cc1)C(C)C,34000.0,nM,4.47
CHEMBL51304,CC(C)CC(NC(=O)C(O)c1ccccc1Br)[C@@H](O)CC(=O)N[C@@H](C(=O)N[C@H](C)C(=O)N[C@H](CCC(=O)O)C(=O)N[C@H](Cc1ccccc1)C(=O)O)C(C)C,3000.0,nM,5.52
CHEMBL1082548,C[C@@H](NC(=O)c1cc(COC(=O)C(C)(N)Cc2ccccc2)cc(N(C)S(C)(=O)=O)c1)c1ccc(F)cc1,19.0,nM,7.72
CHEMBL1271343,CN1C(=O)[C@](c2ccccc2)(c2ccc(OC(F)F)cc2)N=C1N,170.0,nM,6.77
CHEMBL1270528,CN1C(=O)[C@@](c2ccc(OC(F)F)cc2)(c2cccc(/C(F)=C/C3CC3)c2)N=C1N,540.0,nM,6.27
CHEMBL1270628,COC/C=C/c1cccc([C@@]2(c3ccc(OC(F)F)cc3)N=C(N)N(C)C2=O)c1,20.0,nM,7.7
CHEMBL1270136,CN1C(=O)[C@@](c2ccc(OC(F)F)cc2)(c2cccc(OCCC(F)(F)F)c2)N=C1N,200.0,nM,6.7
CHEMBL1270435,CN1C(=O)[C@@](c2ccc(OC(F)F)cc2)(c2cccc(OCCC(F)F)c2)N=C1N,10.0,nM,8.0
CHEMBL1270335,CN1C(=O)[C@@](c2ccc(OC(F)F)cc2)(c2ccc(F)c(C#CC3CC3)c2)N=C1N,20.0,nM,7.7
CHEMBL572773,CO[C@@H](COCc1ccccc1)C[C@H](O)[C@H](COc1cc(F)cc(F)c1)NC(=O)c1cc(C(=O)N[C@H](C)c2ccccc2)cc(N(C)S(C)(=O)=O)c1,240.0,nM,6.62
CHEMBL583304,CCc1cn2c3c(ccc(C(=O)N[C@@H](COc4cc(F)cc(F)c4)[C@@H](O)C[C@H](COCc4ccc(OC)cc4)OC)c13)N(C)S(=O)(=O)CC2,1500.0,nM,5.82
CHEMBL566632,CN1C(=O)[C@](c2ccc(OC(F)(F)F)cc2)(c2ccc(F)c(-c3cncnc3)c2)N=C1N,1390.0,nM,5.86
CHEMBL1097321,CCCN(CCC)C(=O)c1cc(C)cc(C(=O)N[C@@H](Cc2cc(F)cc(F)c2)[C@H](O)[C@H]2CN(S(=O)(=O)c3cccc(C)c3)CCN2)c1,48.0,nM,7.32
CHEMBL1097351,COC[C@H]1CCCN1C(=O)c1cc(C)cc(C(=O)N[C@@H](Cc2cc(F)cc(F)c2)[C@H](O)[C@H]2CN(S(=O)(=O)c3ccc(Cl)s3)CCN2)c1,68.0,nM,7.17
CHEMBL1097354,COC[C@H]1CCCN1C(=O)c1cc(C)cc(C(=O)N[C@@H](Cc2cc(F)cc(F)c2)[C@H](O)[C@H]2CN(S(=O)(=O)C3CC3)CCN2)c1,100.0,nM,7.0
CHEMBL1087579,CCCN(CCC)C(=O)c1cc(C)cc(C(=O)N[C@@H](Cc2cc(F)cc(F)c2)[C@H](O)[C@H]2CNCCN2)c1,490.0,nM,6.31
CHEMBL4208552,CC1=C[C@@](CF)(c2cc(NC(=O)c3ccc(C#N)cn3)ccc2F)N=C(N)O1,17.0,nM,7.77
CHEMBL3301601,CN1C(N)=N[C@](C)(c2cc(NC(=O)c3ccc(F)cn3)ccc2F)CS1(=O)=O,0.4,nM,9.4
CHEMBL237282,CCCOc1ccc(-c2scc(-c3ccccc3Cl)c2CC(=O)/N=C(/N)NCCCO)cc1C,1540.0,nM,5.81
CHEMBL4208775,O=S(=O)(c1ccc(Cl)cc1)N(CC(O)Cn1c2ccccc2c2ccccc21)c1ccccc1,2900.0,nM,5.54
CHEMBL5768695,CC#Cc1cncc(-c2ccc(F)c([C@]3(C)CC4(CCC4)OC(N)=N3)c2)c1,3510.0,nM,5.46
CHEMBL48843,COC(=O)CCCCC(=O)NC(CC(C)C)[C@@H](O)CC(=O)N[C@@H](C(=O)N[C@H](C)C(=O)N[C@H](CCC(=O)O)C(=O)N[C@H](Cc1ccccc1)C(=O)O)C(C)C,50000.0,nM,4.3
CHEMBL3670359,Cc1cc(C#N)cnc1C(=O)Nc1cc([C@@]2(C)CO[C@@](C)(C(F)(F)F)C(N)=N2)c(F)cn1,7600.0,nM,5.12
CHEMBL3261068,Cc1cc(C#N)cnc1C(=O)Nc1cc([C@]2(C)CO[C@@](C)(C(F)(F)F)C(N)=N2)c(F)cn1,82.0,nM,7.09
CHEMBL3670371,C[C@@]1(c2nc(NC(=O)c3ncc(OC(F)F)cc3Cl)ccc2F)CO[C@@](C)(C(F)(F)F)C(N)=N1,25.0,nM,7.6
CHEMBL3955255,C[C@@]1(c2cc(NC(=O)c3cnc(OCc4ncco4)cn3)cc(F)c2F)C[C@@H](C(F)(F)F)OC(N)=N1,3.0,nM,8.52
CHEMBL3979143,C#CCOc1cnc(C(=O)Nc2cc(Cl)c(F)c([C@]3(C)C[C@@H](C(F)(F)F)OC(N)=N3)c2)cn1,1.0,nM,9.0
CHEMBL3955707,COc1cnc(C(=O)Nc2cc(F)c(Cl)c([C@]3(C)C[C@@H](C(F)(F)F)OC(N)=N3)c2)cn1,13.0,nM,7.89
CHEMBL3915375,[C-]#[N+]c1ccc2c(c1)[C@@]1(N=C(C)C(N)=N1)[C@]1(CC[C@H](OC)[C@@H](C)C1)C2,1.5,nM,8.82
CHEMBL3899867,CO[C@H]1[C@H](C)C[C@@]2(Cc3ccc(-c4cncc(F)c4)cc3[C@@]23N=C(C)C(N)=N3)C[C@@H]1C,1.5,nM,8.82
CHEMBL3978126,CCO[C@H]1CC[C@]2(CC1)Cc1ccc(-c3cccc(OC)c3)cc1C21N=C(N)N(C)C1=O,15.0,nM,7.82
CHEMBL1824343,CCC(CC)Cn1cc(C2(c3cccc(-c4cccnc4F)c3)N=C(N)N(C)C2=O)cn1,20.0,nM,7.7
CHEMBL3265332,NC1=N[C@@]2(CO1)c1cc(-c3cncc(F)c3)ccc1O[C@@H]1COCC[C@H]12,90.0,nM,7.05
CHEMBL4788256,COC[C@]12C[C@H]1[C@@](CF)(c1cc(/C=C/c3ccc(Cl)cn3)ccc1F)N=C(N)S2,940.0,nM,6.03
CHEMBL3287407,COc1cc2c(c(O)c1C)C(=O)[C@@]1(O)c3cccc(OC)c3OC[C@@H]1O2,62210.0,nM,4.21
CHEMBL3287409,COc1cc2oc3c(c(=O)c2c(O)c1C)-c1ccc(O)cc1OC3O,4240.0,nM,5.37
CHEMBL3357661,C[C@]12CCCO[C@@H]1[C@]1(COC(N)=N1)c1cc(-c3cccnc3F)ccc1O2,76.0,nM,7.12
CHEMBL3357660,NC1=N[C@@]2(CO1)c1cc(-c3cccnc3F)ccc1O[C@@H]1CCCO[C@H]12,1100.0,nM,5.96
CHEMBL3357656,CN1C(=O)[C@]2(N=C1N)c1cc(-c3cccnc3F)ccc1O[C@H]1CCCO[C@@H]12,48.0,nM,7.32
CHEMBL3683802,COCc1cc(Cl)cnc1C(=O)Nc1ccc(F)c([C@@]2(C(F)F)N=C(N)O[C@@H]3C[C@@H]32)c1,27.7,nM,7.56
CHEMBL3688735,NC1=N[C@@](c2cc(NC(=O)c3ccc(OC(F)F)cn3)ccc2F)(C(F)F)[C@H]2C[C@H]2O1,37.7,nM,7.42
CHEMBL3688738,Cc1nc(OCC(F)(F)F)cnc1C(=O)Nc1cc(F)c(Cl)c([C@@]2(CF)N=C(N)O[C@@H]3C[C@@H]32)c1,93.6,nM,7.03
CHEMBL3688788,NC1=N[C@@](c2cc(Nc3nccc4nc(C(F)(F)F)cnc34)ccc2F)(C(F)F)[C@H]2C[C@H]2O1,204.5,nM,6.69
CHEMBL3688676,Cn1cc(C(=O)Nc2ccc(F)c([C@@]3(C(F)F)N=C(N)O[C@@H]4C[C@@H]43)c2)ccc1=O,40486.0,nM,4.39
CHEMBL3688690,NC1=N[C@@](c2cc(NC(=O)C#Cc3ccccc3)ccc2F)(C(F)F)[C@H]2C[C@H]2O1,245.5,nM,6.61
CHEMBL3688697,NC1=N[C@@](CF)(c2cc(NC(=O)c3ccc(Cl)cn3)ccc2Cl)[C@@H]2C[C@@H]2O1,24087.0,nM,4.62
CHEMBL3653657,CC1=NC2(CCOc3ccc(-c4cc(Cl)cc(Cl)c4)cc32)N=C1N,157.0,nM,6.8
CHEMBL3657455,CC1=NC2(CCOc3ccc(-c4cc(C)ccc4C)cc32)N=C1N,6710.0,nM,5.17
CHEMBL3653701,CC1=NC2(CC(C3CCCOC3)Oc3ccc(Br)cc32)N=C1N,8100.0,nM,5.09
CHEMBL3653715,CC1=NC2(N=C1N)c1cc(C#CC3CC3)ccc1CC21CCC1,523.0,nM,6.28
CHEMBL3657436,CC1=NC2(N=C1N)c1cc(-c3cc(F)cc(C#N)c3)ccc1CC21CCC(=O)CC1,632.0,nM,6.2
CHEMBL3394227,NC1=N[C@@]2(CO1)c1cc(-c3cccnc3F)ccc1Oc1c2cc(N2CC[C@@H](F)C2)nc1F,0.2,nM,9.7
CHEMBL3394049,NC1=N[C@@]2(CO1)c1cc(-c3cccnc3F)ccc1Oc1cnc(N3CCC(F)(F)C3)cc12,0.6,nM,9.22
CHEMBL3394058,NC1=N[C@]2(CO1)c1cc(C3=CCOCC3)ccc1Oc1ccc(-c3cccnc3F)cc12,2.6,nM,8.59
CHEMBL3394052,NC1=N[C@@]2(CO1)c1cc(-c3cccnc3F)ccc1Oc1cnc(-c3ccccc3)cc12,25.3,nM,7.6
CHEMBL378052,O=C(Nc1cc(-c2ccccc2)ccc1N1CCN(CC[C@H](O)c2ccccc2)CC1)c1cccc2ccccc12,69.0,nM,7.16
CHEMBL2178161,COc1ccc(-c2nsc(C)c2C(=O)/N=C(\N)NCc2cc(C)c(NC(=O)CNCc3ccccc3)c(Cl)c2)cc1,70.0,nM,7.16
CHEMBL2178188,COc1ccc(-c2noc(C)c2C(=O)/N=C(\N)NCc2cc(Cl)c(NC(=O)C3CC3)c(Cl)c2)cc1,1600.0,nM,5.8
CHEMBL2178186,COc1ccc(-c2noc(C)c2C(=O)/N=C(\N)NCc2cc(C)c(NC(=O)CCSC)c(Cl)c2)cc1,640.0,nM,6.19
CHEMBL3705029,NC1=N[C@@]2(c3ccc(F)s3)CN(c3ncccn3)C[C@H]2CS1,166.0,nM,6.78
CHEMBL3642636,COCc1cc(NC(=O)c2ccc(OC(F)(F)F)cc2)cc(C2(C)CCSC(N)=N2)c1,3642.0,nM,5.44
CHEMBL3645163,CC1(c2cc(Cl)cc(NC(=O)c3ccc(Br)cc3)c2)CCSC(N)=N1,165.0,nM,6.78
CHEMBL3670386,C[C@@]1(c2nc(NC(=O)c3nc4ccn(CC(F)F)c4nc3N)ccc2F)CO[C@@](C)(C(F)(F)F)C(N)=N1,10000.0,nM,5.0
CHEMBL389831,CC(C)C[C@H](NC(=O)[C@@H](N)CCC(=O)O)C(=O)N[C@@H](CC(=O)O)C(=O)N[C@H](CC(C)C)P(=O)(O)CC(C)C(=O)N[C@H](C(=O)N[C@@H](CCC(=O)O)C(=O)N[C@@H](Cc1ccccc1)C(=O)O)C(C)C,2020.0,nM,5.7
CHEMBL502121,CCCN1CC(C(=O)N[C@@H](Cc2cc(F)cc(F)c2)[C@H](O)[C@@H]2NCCN(Cc3ccccc3)C2=O)CN(CCC)C1=O,22.0,nM,7.66
CHEMBL491660,CCCN1CC(C(=O)N[C@@H](Cc2cc(F)cc(F)c2)[C@H](O)[C@@H]2NCCN(Cc3ccccc3)C2=O)N(CC)C1=O,9.0,nM,8.05
CHEMBL522803,CCCCN1CC(C(=O)N[C@@H](Cc2cc(F)cc(F)c2)[C@H](O)[C@@H]2NCN(Cc3ccccc3)C2=O)[C@@H](CC)C1=O,88.0,nM,7.06
CHEMBL485319,CCCN1CC(C(=O)N[C@@H](Cc2cc(F)cc(F)c2)[C@H](O)[C@@H]2NCN(Cc3ccccc3)C2=O)CC1=O,11000.0,nM,4.96
CHEMBL558938,CO/N=C(/C)c1cc(C(=O)N[C@@H](Cc2cc(F)cc(F)c2)[C@H](O)CNCc2cccc(OC)c2)cc(C(=O)N[C@H](C)c2ccccc2)c1,32.0,nM,7.5
CHEMBL555518,C=CCO/N=C(/C)c1cc(C(=O)NC(C)c2ccc(F)cc2)cc(C(=O)N[C@@H](Cc2cc(F)cc(F)c2)[C@H](O)CNCc2cccc(OC)c2)c1,168.0,nM,6.78
CHEMBL555520,COc1cccc(CNC[C@@H](O)[C@H](Cc2cc(F)cc(F)c2)NC(=O)c2cc(/C(C)=N\OCC(C)C)cc(N3CCCCS3(=O)=O)c2)c1,428.0,nM,6.37
CHEMBL3683917,NC1=N[C@@](c2cc(NC(=O)c3cnc(OCc4cnco4)cn3)ccc2F)(C(F)F)[C@H]2C[C@H]2O1,81.1,nM,7.09
CHEMBL255977,CC(C)Oc1cc(C(=O)N[C@@H](Cc2ccccc2)[C@H](O)CN[C@@H](C)C(=O)NC2CCCCC2)cc(N2CCCC2=O)c1,1180.0,nM,5.93
CHEMBL3658614,COc1cnc(C(=O)Nc2ccc(F)c([C@]3(C)CCOC(N)=N3)c2)cn1,240.0,nM,6.62
CHEMBL297453,O=C(O[C@@H]1Cc2c(O)cc(O)cc2O[C@@H]1c1cc(O)c(O)c(O)c1)c1cc(O)c(O)c(O)c1,1600.0,nM,5.8
CHEMBL126142,O=C(O[C@H]1Cc2c(O)cc(O)cc2O[C@H]1c1ccc(O)c(O)c1)c1cc(O)c(O)c(O)c1,2400.0,nM,5.62
CHEMBL3688719,Cc1ccc(NC(=O)c2ccc(Cl)cn2)cc1[C@@]1(C(F)F)N=C(N)O[C@@H]2C[C@@H]21,90.3,nM,7.04
CHEMBL3656276,COCCCOc1ccc2c(c1)C1(N=C(N)N(CC(F)F)C1=O)[C@]1(CC[C@H](OC)CC1)C2,6.2,nM,8.21
CHEMBL2381678,COc1cncc(-c2cccc([C@@H]3C[C@@H]3c3cc(=O)n(C)c(N)n3)c2)n1,84900.0,nM,4.07
CHEMBL2381580,CSc1cccc(-c2cccc([C@@H]3C[C@@H]3c3cc(=O)n(C)c(N)n3)c2)c1,47500.0,nM,4.32
CHEMBL567653,NC1=NC(c2ccccc2)(c2cccc(Cc3ccc(F)cc3)c2)C2=NCCCN12,8200.0,nM,5.09
CHEMBL4226730,C[C@]1(c2cc(NC(=O)c3cnc(C(F)F)cn3)ccc2F)N=C(N)O[C@H](CF)[C@@H]1F,27.4,nM,7.56
CHEMBL2380440,CC1(c2cccc(-c3cncnc3)c2)N=C(N)c2c(F)cccc2O1,5000.0,nM,5.3
CHEMBL2380449,COc1cccc(-c2cccc(C3(C)CCSC(N)=N3)c2)c1,400.0,nM,6.4
CHEMBL2381576,COc1cccc(CCc2cccc([C@@H]3C[C@@H]3c3cc(=O)n(C)c(N)n3)c2)c1,100000.0,nM,4.0
CHEMBL3672398,Cc1cc(/C=C/C(=O)CC(=O)/C=C/c2ccc(O)cc2)ccc1O,720.0,nM,6.14
CHEMBL3672407,COc1ccc2ccccc2c1/C=C/C(=O)CC(=O)/C=C/c1ccc(O)cc1,1600.0,nM,5.8
CHEMBL3672422,O=C(/C=C/c1ccc(O)cc1)CC(=O)/C=C/c1ccc2cc[nH]c2c1,800.0,nM,6.1
CHEMBL3672423,COc1cc(/C=C/C(=O)CC(=O)/C=C/c2ccc(N(C)C)cc2[N+](=O)[O-])ccc1O,1500.0,nM,5.82
CHEMBL3953730,C#CCOc1ccc(C(=O)Nc2cc(F)c(F)c([C@]3(CF)C[C@@H](C(F)(F)F)OC(N)=N3)c2)nc1,13.0,nM,7.89
CHEMBL3944783,COc1cc(C#N)cnc1C(=O)Nc1cc(F)c(F)c([C@]2(C)C[C@@H](C(F)(F)F)OC(N)=N2)c1,51.0,nM,7.29
CHEMBL3677274,Cc1ccc(-c2cc(F)c3c(c2)[C@]2(N=C(N)n4ccnc42)c2cc(-c4cccnc4F)ccc2O3)cc1,114.0,nM,6.94
CHEMBL4109073,NC1=N[C@@]2(c3cc(-c4cccnc4F)ccc3Oc3c(F)cc([N+]4=CCOCC4)cc32)c2nccn21,0.6,nM,9.22
CHEMBL3918452,CC(C)(C)OC(=O)N(C(=O)c1ccccc1)C1=N[C@](CF)(c2cc(Br)cnc2F)C[C@@H](C(F)(F)F)O1,429.0,nM,6.37
CHEMBL3942544,Cc1cc(NC(=O)c2ccc(C(F)F)cn2)cc([C@]2(CF)C[C@@H](C(F)(F)F)OC(N)=N2)c1F,33.0,nM,7.48
CHEMBL4109797,CN(C)/N=C(/C[C@](CF)(N[S@+]([O-])C(C)(C)C)c1cccc(Br)c1)C(F)(F)F,24.0,nM,7.62
CHEMBL3688819,N#Cc1cnc(C(=O)Nc2ccc(F)c([C@@]3(C(F)F)N=C(N)O[C@@H]4C[C@@H]43)c2)c(C(F)F)c1,14.4,nM,7.84
CHEMBL3688736,C#Cc1ccc(C(=O)Nc2ccc(F)c([C@@]3(C(F)F)N=C(N)O[C@@H]4C[C@@H]43)c2)nc1,24.8,nM,7.61
CHEMBL521845,Cc1ccccc1-c1cccc(CN2CCC3(CC2)C(NC2CCCCC2)=NC(=O)N3c2cccc(F)c2)c1,110.0,nM,6.96
CHEMBL495087,CC(=O)Nc1ccc(CN2CCC3(CC2)C(NC2CCCCC2)=NC(=O)N3c2cccc(F)c2)cc1,8200.0,nM,5.09
CHEMBL556529,COC(=O)c1ccc(NC(=O)[C@@H](NC(=O)CCC(O)(Cc2ccccc2)C(=O)Nc2cc(C(=O)N[C@H](C)c3ccc(F)cc3)cc(N(C)S(C)(=O)=O)c2)C(C)C)cc1,4000.0,nM,5.4
CHEMBL540414,CC(C)[C@H](NC(=O)C(O)(CCC(=O)Nc1cc(C(=O)N[C@H](C)c2ccccc2)cc(N(C)S(C)(=O)=O)c1)CCc1ccccc1)C(=O)Nc1ccccc1,230.0,nM,6.64
CHEMBL5992892,CN(C(=O)OC(C)(C)C)c1cnc(C(=O)Nc2ccc(F)c([C@@]3(C(F)F)N=C(N)O[C@@H]4C[C@@H]43)c2)nc1,473.0,nM,6.33
CHEMBL3680861,C[C@]1(c2cc(NC(=O)c3ncc(C(F)(F)F)cc3Cl)ccc2F)N=C(N)OC[C@@H]1F,2.0,nM,8.7
CHEMBL448592,CCn1ncc2c(N3CCCC3=O)cc(C(=O)N[C@@H](Cc3ccccc3)[C@H](O)CNCc3cccc(C(F)(F)F)c3)cc21,28.0,nM,7.55
CHEMBL507330,CCCN(CCC)C(=O)c1cc(C)cc(C(=O)N[C@@H](Cc2cc(F)cc(F)c2)[C@H](O)[C@@H]2NCCN(CC(C)C)C2=O)c1,2000.0,nM,5.7
CHEMBL1084153,CCCCNC(=O)[C@H](C)C[C@H](O)[C@H](Cc1ccccc1)NC(=O)[C@@H]1CCC[C@H](C2(NC(C)=O)CCCC2)C1,2700.0,nM,5.57
CHEMBL3707004,CCN1CCN2CCS(=O)(=O)N(C)c3cc(C(=O)N[C@@H](Cc4ccccc4)[C@H](O)CNC4CC4)cc1c32,550.0,nM,6.26
CHEMBL3604697,CCC[C@H](NC[C@@H](O)[C@H](Cc1cccs1)NC(=O)[C@H](Cc1cccs1)NC(=O)[C@@H](NC(=O)[C@@H](N)CCC(=O)O)[C@@H](C)CC)C(=O)O,9400.0,nM,5.03
CHEMBL4852055,CC[C@H](C)[C@H](NC(=O)[C@@H](N)CCC(=O)O)C(=O)N[C@@H](Cc1cccs1)C(=O)N[C@@H](CC(C)C)[C@H](O)CNc1ccc(C)cc1,4000.0,nM,5.4
CHEMBL3683821,N#Cc1cnc(C(=O)Nc2ccc(F)c([C@]3(C(F)F)N=C(N)O[C@H]4C[C@H]43)c2)c(Cl)c1,26.6,nM,7.58
CHEMBL4279064,NC1=N[C@@]2(CO1)c1cc(NC(=O)c3ccc(Cl)cn3)ccc1Oc1cnc(C3CC3)cc12,3.6,nM,8.44
CHEMBL5194590,C=C1[C@@]23C(=O)O[C@H](C)[C@@]2(O)C(=O)O[C@]1(C)[C@@H](O)C1=C2CO[C@H]4CC(=O)OC(C)(C)[C@@]24CC[C@@]13C,78.0,nM,7.11
CHEMBL2177330,COc1ccc2c(c1)C1(COC(N)=N1)c1cc(-c3ccc(Cl)cc3F)ccc1O2,2240.0,nM,5.65
CHEMBL2047905,CCc1cc(C[C@@H]2CS(=O)(=O)C[C@H](NCc3cccc(C(C)(C)C)c3)[C@H]2O)cc(F)c1NC(C)=O,8.0,nM,8.1
CHEMBL2047907,CC(C)(C)c1cccc(CN[C@H]2CS(=O)(=O)C[C@@H](Cc3cc(F)c(N)c(C4CC4)c3)[C@@H]2O)c1,94.0,nM,7.03
CHEMBL2048048,COCCOc1cc(C[C@@H]2CS(=O)(=O)C[C@H](NCc3cccc(C(C)(C)C)c3)[C@H]2O)cc(F)c1N,100.0,nM,7.0
CHEMBL2048039,CCOc1cc(C[C@@H]2CS(=O)(=O)C[C@H](NCc3cccc(C(C)(C)C)c3)[C@H]2O)cc(F)c1N,150.0,nM,6.82
CHEMBL1760854,CC(C)c1cccc(CN[C@H]2CS(=O)(=O)C[C@@H](Cc3ccc(O)c(CO)c3)[C@@H]2O)c1,1200.0,nM,5.92
CHEMBL309884,CC(C)C[C@H](NC(=O)OC(C)(C)C)C(=O)N[C@@H](C)C(=O)N[C@@H](Cc1ccccc1)[C@@H](O)C[C@@H](C)C(=O)N[C@H](C(=O)NCc1ccncc1)C(C)C,63.0,nM,7.2
CHEMBL2349505,CN1C(=O)C2(CC(C)(C)Oc3ccc(-c4cncc(C(F)(F)F)c4)cc32)N=C1N,63.0,nM,7.2
CHEMBL2349471,CC1(C)Cc2ccc(-c3cncnc3)cc2[C@@]2(COC(N)=N2)C1,1348.0,nM,5.87
CHEMBL2349464,CC1(C)Cc2ccc(-c3cncc(F)c3)cc2C2(COC(N)=N2)C1,5840.0,nM,5.23
CHEMBL2349482,CN1C(=O)C2(CC(C)(C)C(F)(F)c3ccc(-c4cncnc4)cc32)N=C1N,1493.0,nM,5.83
CHEMBL2349481,CN1C(=O)C2(CC(C)(C)C(=O)c3ccc(-c4cncnc4)cc32)N=C1N,703.0,nM,6.15
CHEMBL4578618,Cc1ccccc1-c1ccc2nc(N)c(CC(C)C(=O)N3CC[C@H]4OCCC[C@@]4(Cc4ccccc4)C3)cc2c1,2700.0,nM,5.57
CHEMBL4553709,Cc1ccccc1-c1ccc2nc(N)c(CCC(=O)N3CC[C@H]4OCCC[C@@]4(Cc4ccccc4)C3)cc2c1,3200.0,nM,5.5
CHEMBL4582631,Cc1c(OCc2ccccc2)cccc1N1CCN(CC(=O)NC2CCN(Cc3ccccc3)C2)CC1,33000.0,nM,4.48
CHEMBL237493,N/C(=N/C(=O)Cc1c(-c2ccccc2Cl)csc1-c1ccc(C(=O)NCC2CC2)cc1)NCCCO,140.0,nM,6.85
CHEMBL450469,CNC(=O)c1cc(C(=O)N[C@@H](COCc2cc(F)cc(F)c2)[C@@H](O)CC(=O)N[C@H](C(=O)Nc2cc(C(=O)O)cc(C(=O)O)c2)C(C)C)cc(N(C)S(C)(=O)=O)c1,1600.0,nM,5.8
CHEMBL3670368,C[C@@]1(c2nc(NC(=O)c3ncc(C#N)cc3N)ccc2F)CO[C@@](C)(C(F)(F)F)C(N)=N1,6.0,nM,8.22
CHEMBL570519,CC(=O)N[C@@H](Cc1cc(F)cc(F)c1)[C@H](O)CNC1(c2cccc(C(C)(C)C)c2)CCCN(C(N)=O)C1,330.0,nM,6.48
CHEMBL583875,CCC[C@H]1CN(Cc2ccc(CN3C(=N)NC(CCC4CCCCC4)(CC4CCCCC4)C3=O)cc2)C(=O)N1,27.0,nM,7.57
CHEMBL4086633,C[C@@]1(c2cc(CNCC(F)(F)F)c(F)cc2F)CCSC(N)=N1,60.0,nM,7.22
CHEMBL2152905,CC#Cc1cncc(-c2cccc([C@@]3(c4cc(C(F)F)c(=O)n(CC)c4)N=C(N)c4c(F)cccc43)c2)c1,6.0,nM,8.22
CHEMBL2152909,NC1=N[C@]2(CO1)c1cc(-c3cncc(Cl)c3)ccc1OC1OC[C@H](OCC3CC3)C[C@@H]12,8.9,nM,8.05
CHEMBL2169924,Cn1c(N)nc([C@H]2C[C@H]2c2ccc(-c3cccc(C(N)=O)c3)cc2)cc1=O,59900.0,nM,4.22
CHEMBL2169923,CC(=O)Nc1cccc(-c2ccc([C@@H]3C[C@@H]3c3cc(=O)n(C)c(N)n3)cc2)c1,70000.0,nM,4.16
CHEMBL2169922,Cn1c(N)nc([C@H]2C[C@H]2c2ccc(-c3cccc(CCO)c3)cc2)cc1=O,24500.0,nM,4.61
CHEMBL2169943,Cn1c(N)nc([C@H]2C[C@H]2c2ccc(-c3ccsc3)cc2)cc1=O,46500.0,nM,4.33
CHEMBL2169939,Cc1cccc(-c2ccc([C@@H]3C[C@@H]3c3cc(=O)n(C)c(N)n3)cc2)c1,17100.0,nM,4.77
CHEMBL3670299,COc1cnc(C(=O)Nc2cccc(C3(C4CCCCC4)CSC(N)=N3)c2)cn1,514.0,nM,6.29
CHEMBL3670326,Cc1ncnn1-c1cnc(C(=O)Nc2ccc(F)c([C@]3(C)C=CSC(N)=N3)c2)cn1,697.0,nM,6.16
CHEMBL3677209,CS(=O)(=O)n1ccc2ccc(/C=C/C(=O)CC(=O)/C=C/c3ccc(O)cc3)cc21,3300.0,nM,5.48
CHEMBL2181981,O=C(OCc1ccc(Br)cc1)[C@H]1C[C@]2(CN1)C(=O)Nc1ccccc12,29500.0,nM,4.53
CHEMBL3703208,COCc1cnn(-c2ccc3c(c2)C2(COC(N)=N2)C2(COC2)C2(CCC2)O3)c1,12600.0,nM,4.9
CHEMBL3703282,COc1cncc(-c2ccc3c(c2)C2(COC(N)=N2)C2(COC2)C(C)(C)O3)c1,285.0,nM,6.54
CHEMBL2152919,CC#Cc1cncc(-c2ccc3c(c2)C2(N=C(C)C(N)=N2)C2(CCC(OC)CC2)O3)c1,1.4,nM,8.85
CHEMBL3670379,Cc1cc(C#N)cnc1C(=O)Nc1ccc(F)c([C@]2(C(F)F)COCC(N)=N2)n1,33.0,nM,7.48
CHEMBL3670384,COCCn1ccc2nc(C(=O)Nc3ccc(F)c([C@]4(C)CO[C@@](C)(C(F)(F)F)C(N)=N4)n3)c(N)nc21,1200.0,nM,5.92
CHEMBL3670385,C[C@@]1(c2nc(NC(=O)c3ncc(C(F)(F)F)nc3N)ccc2F)CO[C@@](C)(C(F)(F)F)C(N)=N1,40.0,nM,7.4
CHEMBL1233206,COc1cccc(-c2cccc([C@]3(C)CC(=O)N(C)C(N)=N3)c2)c1,840.0,nM,6.08
CHEMBL3703301,NC1=NC2(CO1)c1cc(-c3cncc(Cl)c3)ccc1OCC21CC1,1060.0,nM,5.97
CHEMBL3650762,NC1=NC2(CO1)c1cc(-c3cc(F)ccc3F)ccc1OC1(CCC1)C21COC1,1870.0,nM,5.73
CHEMBL3650802,CNC(=O)c1cc(F)cc(-c2ccc3c(c2)C2(COC(N)=N2)C2(COC2)C(C)(C)O3)c1,2240.0,nM,5.65
CHEMBL3670347,C[C@@]1(c2cccc(NC(=O)c3ccc(Br)cn3)n2)COCC(N)=N1,390.0,nM,6.41
CHEMBL3688727,Cc1cc(Cl)cnc1C(=O)Nc1cc(C)c(F)c([C@@]2(C(F)F)N=C(N)O[C@@H]3C[C@@H]32)c1,30.0,nM,7.52
CHEMBL3693258,COc1cnc(C(=O)Nc2ccc(F)c([C@@]3(C)N=C(N)O[C@@H]4C[C@@H]43)c2)cn1,56.5,nM,7.25
CHEMBL3688760,COc1cnc(C(=O)Nc2cnc(F)c([C@]3(C)N=C(N)O[C@H]4C[C@H]43)c2)cn1,435.5,nM,6.36
CHEMBL3688769,NC1=N[C@](CF)(c2cc(Nc3nccc4cc(Cl)cnc34)ccc2F)[C@H]2C[C@H]2O1,71.3,nM,7.15
CHEMBL3688797,NC1=N[C@@](c2cc(NCC3(c4ccc(Cl)cc4)CC3)ccc2F)(C(F)F)[C@H]2C[C@H]2O1,13650.0,nM,4.87
CHEMBL3645155,COCCOc1cnc(C(=O)Nc2cccc([C@]3(C)CCSC(N)=N3)c2)cn1,90.0,nM,7.05
CHEMBL3640228,C[C@@]1(c2cc(NC(=O)c3cnc(-c4ccco4)cn3)ccc2F)CCSC(N)=N1,110.0,nM,6.96
CHEMBL1817776,CC(C)C[C@H](NC(=O)[C@@H](NC(=O)[C@@H](N)CNC(=O)c1[nH]c(=O)[nH]c(=O)c1F)C(C)C)C(=O)N[C@@H](Cc1ccccc1)[C@@H](O)C(=O)NC1(c2ccccc2)CCCCC1,24.8,nM,7.61
CHEMBL189197,Nc1ccc2cc(Br)ccc2n1,338000.0,nM,3.47
CHEMBL4129637,CO[C@@]1(C)OC[C@@](C)(c2cc(NC(=O)c3ncc(C#N)cc3C)ccc2F)N=C1N,207.0,nM,6.68
CHEMBL4128145,C[C@]1(C(F)(F)F)OC[C@@](C)(c2cccc(NC(=O)c3ccc(Br)cn3)c2)N=C1N,1077.0,nM,5.97
CHEMBL3653410,C[C@@H]1OC[C@](c2cc(NC(=O)c3ccc(Br)cn3)ccc2F)(C(F)F)N=C1N,5.0,nM,8.3
CHEMBL4115271,COCCOc1cnc(C(=O)Nc2ccc(F)c([C@@]3(C)N=C(N)OCC3(F)F)n2)c(N)n1,120.0,nM,6.92
CHEMBL4108335,C[C@]1(c2nc(NC(=O)c3ncc(OCCF)nc3N)ccc2F)N=C(N)OCC1(F)F,570.0,nM,6.24
CHEMBL4109860,CCOc1cnc(C(=O)Nc2ccc(F)c([C@@]3(C)N=C(N)OCC3(F)F)n2)c(Cl)c1,290.0,nM,6.54
CHEMBL4113786,C[C@]1(c2nc(NC(=O)c3ncc(C#CCO)cc3Cl)ccc2F)N=C(N)OCC1(F)F,60.0,nM,7.22
CHEMBL2386719,C[C@]1(c2nc(NC(=O)c3ccc(C#N)cn3)ccc2F)N=C(N)OCC1(F)F,54.0,nM,7.27
CHEMBL3673210,COC1CCC2(CC1)Cc1ccc(C#CC3CC3)cc1C21N=C(N)N2CCCN=C21,29.0,nM,7.54
CHEMBL1817777,CC(C)[C@H](NC(=O)[C@@H](N)CNC(=O)c1[nH]c(=O)[nH]c(=O)c1F)C(=O)N[C@@H](CC1CCCCC1)C(=O)N[C@@H](Cc1ccccc1)[C@@H](O)C(=O)NC1(c2ccccc2)CCCCC1,40.6,nM,7.39
CHEMBL3923132,CO[C@H]1CC[C@]2(CC1)Cc1ccc(-c3cc(F)cc(C#N)c3)cc1C21N=C(C)C(N)=N1,5.7,nM,8.24
CHEMBL3657420,COCc1cc(C#N)cc(-c2ccc3c(c2)C2(N=C(C)C(N)=N2)[C@]2(CC[C@H](OC)CC2)C3)c1,6.1,nM,8.21
CHEMBL3657428,CC1=N[C@]2(N=C1N)c1cc(-c3cc(F)cc(C#N)c3)ccc1C[C@]21CC[C@@H](OC(F)F)CC1,22.0,nM,7.66
CHEMBL3683885,COc1cc(Cl)cnc1C(=O)Nc1cc(C)c(F)c([C@@]2(C(F)F)N=C(N)O[C@@H]3C[C@@H]32)c1,130.5,nM,6.88
CHEMBL3688645,NC1=N[C@@](c2cc(NC(=O)c3ccc(Br)cn3)ccc2Cl)(C(F)F)[C@H]2C[C@H]2O1,9.3,nM,8.03
CHEMBL3688693,Cc1cnc(C(=O)Nc2ccc(F)c([C@@]3(C(F)F)N=C(N)O[C@@H]4C[C@@H]43)c2)cn1,817.0,nM,6.09
CHEMBL3683819,N#Cc1ccc(C(=O)Nc2ccc(F)c([C@]3(C(F)F)N=C(N)O[C@H]4C[C@H]43)c2)nc1,34.5,nM,7.46
CHEMBL3683829,NC1=N[C@](c2cc(NC(=O)c3ccc(Cl)cn3)cnc2F)(C(F)F)[C@@H]2C[C@@H]2O1,114.5,nM,6.94
CHEMBL3683833,N#Cc1ccc(C(=O)Nc2ccc(F)c([C@@]3(C(F)F)N=C(N)O[C@@H]4C[C@@H]43)c2)nc1,26.8,nM,7.57
CHEMBL3683853,NC1=N[C@@](c2cc(NC(=O)c3ccc(Cl)cn3)ccc2Cl)(C(F)F)[C@H]2C[C@H]2O1,37.1,nM,7.43
CHEMBL3683860,NC1=N[C@](CF)(c2nc(NC(=O)c3ccc(Cl)cn3)ccc2F)[C@H]2C[C@H]2O1,252.0,nM,6.6
CHEMBL3957027,Cc1cc(OC(F)F)cnc1C(=O)Nc1cc(C)c(F)c([C@]2(CF)C[C@@H](C(F)(F)F)OC(N)=N2)c1,28.0,nM,7.55
CHEMBL3924515,CC#CCOc1ccc(C(=O)Nc2cc(F)c(F)c([C@]3(C)C[C@@H](C(F)(F)F)OC(N)=N3)c2)nc1,3.0,nM,8.52
CHEMBL3915529,Cc1cc(OCC2CC2)cnc1C(=O)Nc1cc(F)c(F)c([C@]2(C)C[C@@H](C(F)(F)F)OC(N)=N2)c1,549.0,nM,6.26
CHEMBL3950109,C[C@@]1(c2cc(NC(=O)c3ccc(Br)cn3)cc(Cl)c2F)C[C@@H](C(F)(F)F)OC(N)=N1,31.9,nM,7.5
CHEMBL3919193,C[C@@]1(c2cc(NC(=O)c3ncc(Br)cc3F)cc(F)c2F)C[C@@H](C(F)(F)F)OC(N)=N1,22.0,nM,7.66
CHEMBL4855002,CC[C@H](C)[C@H](NC(=O)[C@@H](N)CCC(=O)O)C(=O)N[C@@H](Cc1cccs1)C(=O)N[C@@H](CC(C)C)[C@@H](O)CNc1ccc(C)cc1,92000.0,nM,4.04
CHEMBL4867976,CC[C@H](C)[C@H](NC(=O)[C@@H](N)CCC(=O)O)C(=O)N[C@@H](Cc1cccs1)C(=O)N[C@@H](CC(C)C)[C@H](O)CNc1ccc(C(=O)O)cc1,33000.0,nM,4.48
CHEMBL4857564,CC[C@H](C)[C@H](NC(=O)[C@@H](N)CCC(=O)O)C(=O)N[C@@H](Cc1cccs1)C(=O)N[C@@H](CC(C)C)[C@H](O)CNc1ccc(C(C)C(=O)O)cc1,590.0,nM,6.23
CHEMBL400043,O=C(N[C@@H](Cc1ccccc1)[C@H](O)C(=O)Nc1cccc(-c2nn[nH]n2)c1)c1cc(=O)cc(C(=O)N2COC[C@@H]2c2ccccc2)o1,50.0,nM,7.3
CHEMBL42908,CCCN(CCC)C(=O)c1cccc(C(=O)N[C@@H](Cc2cc(F)cc(F)c2)[C@@H](O)C[C@@H](C)C(=O)NCC(C)C)c1,30.0,nM,7.52
CHEMBL381826,CC(C)C[C@H](NC(=O)[C@@H](NC(=O)[C@@H](N)CNC(=O)c1nn[nH]n1)C(C)C)C(=O)N[C@@H](Cc1ccccc1)[C@@H](O)C(=O)Nc1cccc(-c2nn[nH]n2)c1,4.8,nM,8.32
CHEMBL82593,COCC[C@H](NC(=O)OC(C)(C)C)C(=O)N[C@@H](C)C(=O)N[C@@H](Cc1ccccc1)[C@@H](O)C[C@@H](C)C(=O)N[C@H](C(=O)NCc1ccncc1)C(C)C,705.0,nM,6.15
CHEMBL2347189,C[C@]1(c2cc(NC(=O)c3ccc(C#N)cn3)ccc2F)N=C(N)O[C@@H](C(F)(F)F)[C@@H]1F,40.0,nM,7.4
CHEMBL2347187,N#Cc1ccc(C(=O)Nc2ccc(F)c([C@]3(CF)C[C@@H](C(F)(F)F)OC(N)=N3)c2)nc1,19.0,nM,7.72
CHEMBL2347186,N#Cc1ccc(C(=O)Nc2ccc(F)c([C@@]3(CF)N=C(N)OC[C@@H]3F)c2)nc1,77.0,nM,7.11
CHEMBL2347207,C[C@@]1(c2cc(NC(=O)c3ccc(C#N)cn3)ccc2F)C[C@H](C(F)(F)F)OC(N)=N1,776.0,nM,6.11
CHEMBL2347200,Cn1cc(Cl)c(C(=O)Nc2ccc(F)c([C@@]3(C)N=C(N)OCC3(F)F)c2)n1,151.0,nM,6.82
CHEMBL2347215,C[C@]1(c2cc(NC(=O)c3ccc(C#N)cn3)ccc2F)N=C(N)OCC1(F)F,23.0,nM,7.64
CHEMBL2347214,C[C@]1(c2cc(NC(=O)c3ccc(F)cn3)ccc2F)N=C(N)OCC1(F)F,66.0,nM,7.18
CHEMBL5831452,C[C@@]1(c2cc(NC(=O)c3ccc(F)cn3)ccc2F)CC2(CCOCC2)SC(N)=N1,29.0,nM,7.54
CHEMBL1098082,CC(C)[C@@H]1CCC(=O)N(C2CCCCC2)CCc2cccc(c2)Oc2ccc3c(c2)CN1C(N)=N3,90.0,nM,7.05
CHEMBL1098735,NC1=Nc2ccc3cc2CN1[C@@H](C1CCCCC1)CCC(=O)N(C1CCCCC1)CCCc1cccc(c1)O3,660.0,nM,6.18
CHEMBL1098733,NC1=Nc2ccc3cc2CN1[C@H](C1CCCCC1)CCC(=O)N(C1CCCCC1)CCc1cccc(c1)O3,17.0,nM,7.77
CHEMBL5092145,CCC[C@@H]1NC(=O)[C@@H](NC(=O)[C@@H](N)CCC(=O)O)C(C)(C)OC/C=C\C[C@@H]([C@H](O)CNc2ccc(C)cc2)NC1=O,3900.0,nM,5.41
CHEMBL3656196,CCCc1ccc2c(c1)C1(N=C(N)N(C(C)C)C1=O)[C@]1(CC[C@H](OC)CC1)C2,54.3,nM,7.26
CHEMBL3933242,CO[C@H]1CC[C@]2(CC1)Cc1ccc(OC(C)C)cc1C21N=C(N)N(C)O1,170.6,nM,6.77
CHEMBL3650778,CC1(C)Oc2ccc(-c3cc(F)cc(Cl)c3)cc2C2(COC(N)=N2)C12COC2,210.0,nM,6.68
CHEMBL2347204,C[C@]1(c2cc(NC(=O)c3ccc(C#N)cn3)ccc2F)N=C(N)OC[C@@H]1F,47.6,nM,7.32
CHEMBL3695739,CN1C(=O)C[C@]2(N=C1N)c1cc(-c3cccnc3F)ccc1Oc1cnc(C3=CCCOC3)cc12,12.1,nM,7.92
CHEMBL2177312,COc1ccc(C2(c3cccc(-c4cccnc4)c3)COC(N)=N2)cc1,7460.0,nM,5.13
CHEMBL2151242,COc1cc(C[C@H](NC(C)=O)[C@H](O)CN[C@H]2CC3(CCC3)Oc3ncc(CC(C)(C)C)cc32)ccc1F,4.5,nM,8.35
CHEMBL2151153,CC(=O)N[C@@H](Cc1ccc(Cl)cc1)[C@H](O)CN[C@H]1CC2(CCC2)Oc2ncc(CC(C)(C)C)cc21,13.0,nM,7.89
CHEMBL2151316,CC(=O)N[C@@H](Cc1ccc(C(F)(F)F)c(F)c1)[C@H](O)CN[C@H]1CC2(CCC2)Oc2ncc(CC(C)(C)C)cc21,160.0,nM,6.8
CHEMBL140,COc1cc(/C=C/C(=O)CC(=O)/C=C/c2ccc(O)c(OC)c2)ccc1O,5700.0,nM,5.24
CHEMBL2159663,CC(=O)c1ccccc1NC(=O)c1ccc(OCCCCC[n+]2ccccc2)cc1.[Br-],310.0,nM,6.51
CHEMBL1092788,CN1C(=O)[C@@](c2ccncc2)(c2cccc(-c3cc(F)ccc3F)c2)N=C1N,20.0,nM,7.7
CHEMBL2177304,CCn1cc([C@]2(c3cccc(C#CC4CC4)c3)N=C(N)c3c(F)cccc32)cc(C)c1=O,0.76,nM,9.12
CHEMBL3688785,NC1=N[C@@](c2cc(Nc3nccc4cc(Cl)cnc34)ccc2F)(C(F)F)[C@H]2C[C@H]2O1,33.5,nM,7.47
CHEMBL2177914,NC1=N[C@@](c2cccc(-c3cncnc3)c2)(c2ccnc(C(F)F)c2)c2cc(F)cc(F)c21,36.2,nM,7.44
CHEMBL2177908,NC1=NC(c2ccnc(C(F)(F)F)c2)(c2ccc(F)c(-c3cncnc3)c2)c2cccc(F)c21,198.0,nM,6.7
CHEMBL2177308,NC1=NC(c2cccc(-c3cncnc3)c2)(c2ccnc(C(F)(F)F)c2)c2ccccc21,134.0,nM,6.87
CHEMBL3683841,COc1cnc(C(=O)Nc2cc(Cl)c(F)c([C@@]3(CF)N=C(N)O[C@@H]4C[C@@H]43)c2)cn1,34.0,nM,7.47
CHEMBL2177313,COc1ccc(C2(c3cccc(-c4cncnc4)c3)COC(N)=N2)cc1,13000.0,nM,4.89
CHEMBL2177315,COc1ccc(C2(c3cccc(-c4cccnc4F)c3)COC(N)=N2)cc1,5100.0,nM,5.29
CHEMBL2177324,COc1ccc2c(c1)C1(COC(N)=N1)c1cc(-c3ccccc3Cl)ccc1O2,4880.0,nM,5.31
CHEMBL2177321,COc1ccc2c(c1)C1(COC(N)=N1)c1cc(-c3ccccc3C)ccc1O2,4220.0,nM,5.38
CHEMBL3683876,Cc1cc(C(F)(F)F)cnc1C(=O)Nc1ccc(Cl)c([C@@]2(CF)N=C(N)O[C@@H]3C[C@@H]32)c1,80.6,nM,7.09
CHEMBL3683878,N#Cc1cnc(C(=O)Nc2ccc(Cl)c([C@@]3(CF)N=C(N)O[C@@H]4C[C@@H]43)c2)c(Cl)c1,39.5,nM,7.4
CHEMBL3650825,Cc1cc(Cl)cnc1C(=O)Nc1ccc2c(c1)C1(COC(N)=N1)C1(CC1)CO2,349.0,nM,6.46
CHEMBL3656161,COC1CCC2(CC1)Cc1ccc(-c3cc(F)cc(Cl)c3)cc1C21CC(=O)N(C)C(N)=N1,172.7,nM,6.76
CHEMBL3974239,[C-]#[N+]c1cccc(-c2ccc3c(c2)C2(N=C(N)N(C)O2)C2(CCCCC2)C3)c1,222.2,nM,6.65
CHEMBL3918966,[C-]#[N+]c1cccc(-c2ccc3c(c2)C2(N=C(N)N(C)O2)C2(CCC(NCC(F)(F)F)CC2)C3)c1,3881.1,nM,5.41
CHEMBL3935629,Cc1ccc2c(c1)C1(N=C(N)N(C)O1)C1(CCc3ccccc3CC1)C2,255.1,nM,6.59
CHEMBL3921241,COC1CCC2(CC1)Oc1ccc(CCC3CC3)cc1C21N=C(N)N(C)C1=O,21.5,nM,7.67
CHEMBL3959419,COC1CCC2(CC1)Oc1ccc(OCC3CC3)cc1C21N=C(N)N(C)C1=O,24.9,nM,7.6
CHEMBL3955331,COC1CCC2(CC1)Oc1ccc(OCC(F)(F)F)cc1C21N=C(N)N(C)C1=O,38.5,nM,7.42
CHEMBL2370886,CCC(O)[C@H](NC(=O)[C@@H](N)CCCN)C(=O)N[C@@H](CCC(=O)O)C(=O)N[C@@H](CCC(=O)O)C(=O)N[C@H](C(=O)N[C@@H](CO)C(=O)N[C@@H](CCC(=O)O)C(=O)N[C@H](C(=O)N[C@@H](CCSC)C(=O)N[C@@H](CC(C)C)[C@@H](O)CC(=O)N[C@H](C(=O)N[C@@H](C)C(=O)N[C@@H](CCC(=O)O)C(=O)N[C@@H](Cc1ccccc1)C(=O)O)C(C)C)C(C)C)[C@@H](C)CC,30.0,nM,7.52
CHEMBL3604595,CCC[C@H](NC(=O)[C@H](O)[C@H](Cc1cccs1)NC(=O)[C@H](Cc1cccs1)NC(=O)[C@@H](NC(=O)[C@@H](N)CCC(=O)O)[C@@H](C)CC)C(=O)O,26000.0,nM,4.58
CHEMBL2347206,N#Cc1ccc(C(=O)Nc2ccc(F)c([C@]3(C(F)F)CCOC(N)=N3)c2)nc1,9.0,nM,8.05
CHEMBL565996,COc1ccc(C2(c3cccc(-c4cccnc4)c3)N=C(N)N(C)C2=O)cc1Cl,35.97,nM,7.44
CHEMBL1091463,CN1C(=O)C(c2ccncc2)(c2cccc(-c3cc(F)cc(F)c3)c2)N=C1N,59.98,nM,7.22
CHEMBL4440283,COc1cc(/C=N/C2CCN(Cc3ccccc3)CC2)cc(OC)c1OC,14000.0,nM,4.85
CHEMBL4452092,O=[N+]([O-])c1ccc(/C=N/C2CCN(Cc3ccccc3)CC2)cc1,730.0,nM,6.14
CHEMBL3897736,C[C@@]1(c2cc(NC(=O)N3CCC(C(F)F)CC3)ccc2F)C[C@@H](C(F)(F)F)OC(N)=N1,826.0,nM,6.08
CHEMBL3939422,CC#Cc1cc(-c2ccc3c(c2)C2(N=C(C)C(N)=N2)[C@]2(CC[C@H](OC)CC2)C3)ccn1,4.9,nM,8.31
CHEMBL3688731,COc1cc(F)cnc1C(=O)Nc1ccc(F)c([C@@]2(C(F)F)N=C(N)O[C@@H]3C[C@@H]32)c1,413.0,nM,6.38
CHEMBL3688732,NC1=N[C@@](c2cc(NC(=O)c3ncc(Cl)cc3CF)ccc2F)(C(F)F)[C@H]2C[C@H]2O1,17.7,nM,7.75
CHEMBL3688734,Cc1cc(C#N)cnc1C(=O)Nc1cc(F)c(C)c([C@]2(C(F)F)N=C(N)O[C@H]3C[C@H]32)c1,46.6,nM,7.33
CHEMBL3693245,CC#Cc1cncc(-c2ccc(F)c([C@@]3(C(F)F)N=C(N)O[C@@H]4C[C@@H]43)c2)c1,1047.5,nM,5.98
CHEMBL3657460,COc1ccc(F)c(-c2ccc3c(c2)C2(CCO3)N=C(C)C(N)=N2)c1,1800.0,nM,5.75
CHEMBL3972170,CO[C@H]1CC[C@]2(CC1)Cc1ccc(-c3cc(C#N)cc(C#N)c3)cc1C21N=C(C)C(N)=N1,5.2,nM,8.28
CHEMBL3951608,CO[C@H]1CC[C@]2(CC1)Cc1ccc(C#CC(C)(C)C)cc1C21N=C(C)C(N)=N1,1910.0,nM,5.72
CHEMBL3653707,CC1=NC2(CC(C3CCOC(C)(C)C3)Oc3ccc(Br)cc32)N=C1N,10.0,nM,8.0
CHEMBL3639875,NC1=N[C@@](c2cc(NC(=O)c3ncc(Br)cc3C(F)F)ccc2F)(C(F)F)[C@H]2C[C@H]2O1,14.1,nM,7.85
CHEMBL3653659,CC1=NC2(CCOc3ccc(-c4cc(F)cc(F)c4)cc32)N=C1N,1700.0,nM,5.77
CHEMBL3688717,Cc1cccnc1C(=O)Nc1ccc(F)c([C@@]2(C(F)F)N=C(N)O[C@@H]3C[C@@H]32)c1,271.0,nM,6.57
CHEMBL3958580,NC1=N[C@](CF)(c2cc(NC(=O)c3ccc(Br)cn3)ccc2F)C[C@@H](C(F)(F)F)O1,10.0,nM,8.0
CHEMBL3911790,CC#Cc1ccc(-c2ccc(F)c([C@]3(CF)C[C@@H](C(F)(F)F)OC(N)=N3)c2)cn1,27400.0,nM,4.56
CHEMBL3969182,COc1cccnc1Nc1ccc(F)c([C@]2(CF)C[C@@H](C(F)(F)F)OC(N)=N2)c1,165.0,nM,6.78
CHEMBL3672428,COc1ccc(/C=C/C(=O)CC(=O)/C=C/c2ccc(N(C)C)cc2[N+](=O)[O-])cc1O,1200.0,nM,5.92
CHEMBL3672440,COc1ccc(/C=C/C(=O)CC(=O)/C=C/c2c(O)cccc2OC)cc1O,1400.0,nM,5.85
CHEMBL3677233,CN(C)c1ccc(/C=C/C(=O)CC(=O)CCc2ccc(O)cc2)c([N+](=O)[O-])c1,2100.0,nM,5.68
CHEMBL3906242,NC1=N[C@](CF)(c2cc(Nc3cc(-c4ccccc4)ccn3)ccc2F)C[C@@H](C(F)(F)F)O1,3160.0,nM,5.5
CHEMBL3673190,N#Cc1cc(C23CO[C@@H](CF)C[C@H]2CSC(N)=N3)c(F)cc1F,854.0,nM,6.07
CHEMBL2370075,CC[C@H](C)[C@H](NC(=O)[C@H](CCC(=O)O)NC(=O)[C@H](CCC(=O)O)NC(=O)[C@@H](NC(=O)[C@@H](N)CCCCN)[C@@H](C)O)C(=O)N[C@@H](CO)C(=O)N[C@@H](CCC(=O)O)C(=O)N[C@H](C(=O)N[C@@H](CC(N)=O)C(=O)N[C@@H](CC(C)C)[C@@H](O)CC(=O)N[C@@H](CC(=O)O)C(=O)N[C@@H](C)C(=O)N[C@@H](CCC(=O)O)C(=O)N[C@@H](Cc1ccccc1)C(=O)N[C@@H](CCCN=C(N)N)C(=O)O)C(C)C,60000.0,nM,4.22
CHEMBL3127082,C[C@@]12COCC[C@H]1Oc1ccc(-c3cccnc3F)cc1[C@@]21COC(N)=N1,400.0,nM,6.4
CHEMBL3127076,C[C@]12CCOC[C@@H]1[C@]1(COC(N)=N1)c1cc(-c3cncnc3)ccc1O2,180.0,nM,6.75
CHEMBL222794,C[C@@H](NC(=O)c1cc(OCC(=O)NCCCCCN)cc(-c2ccccc2C#N)c1)c1ccccc1,21000.0,nM,4.68
CHEMBL4167503,N=c1oc2ccccc2cc1C(=O)Nc1cc(Br)ccc1NCc1cn(CCCN2C(=O)c3ccccc3C2=O)nn1,2200.0,nM,5.66
CHEMBL3670919,CC1(C)OCC(N)=N[C@](C)(c2cc(NC3COc4cc(Cl)ccc43)ccc2F)C1(F)F,320.0,nM,6.5
CHEMBL3680866,C[C@]1(c2cc(NC(=O)c3ccc(C#CC4CC4)cn3)ccc2F)N=C(N)OC[C@@H]1F,4.0,nM,8.4
CHEMBL3653409,C[C@H]1OC[C@](c2cc(NC(=O)c3ccc(Br)cn3)ccc2F)(C(F)F)N=C1N,92.0,nM,7.04
CHEMBL5745267,CC#Cc1cncc(-c2csc([C@]3(C)CC4(CCOCC4)OC(N)=N3)c2)c1,406.0,nM,6.39
CHEMBL3680897,C[C@]1(c2cc(NC(=O)c3ccc(C#N)cn3)ccc2F)N=C(N)OC[C@@H]1OCC(F)(F)F,1.0,nM,9.0
CHEMBL3427252,CC#Cc1cncc(-c2cc(Cl)c([C@]3(C)C[C@@H](c4c(C)noc4C)SC(N)=N3)s2)c1,30.0,nM,7.52
CHEMBL3427253,Cc1noc(CC(C)(C)O)c1[C@@H]1C[C@@](C)(c2ccc(F)cc2F)N=C(N)S1,110.0,nM,6.96
CHEMBL3427254,Cc1noc(C)c1[C@@H]1C[C@@](C)(c2cc(-c3cccnc3C#N)c(F)cc2F)N=C(N)S1,87.0,nM,7.06
CHEMBL3688776,NC1=N[C@@](c2cc(Nc3ncnc4cc(Cl)cnc34)ccc2F)(C(F)F)[C@H]2C[C@H]2O1,63.9,nM,7.19
CHEMBL4090604,CC1Cc2ccc(OC(=O)c3ccc(NC(=N)N)cc3)cc2OC1=O,1500.0,nM,5.82
CHEMBL1164462,C[C@@H](NC(=O)c1cc(NS(C)(=O)=O)cc(C(=O)N[C@@H](Cc2ccccc2)[C@H](O)CNC2CC2)c1)c1ccc(F)cc1,63000.0,nM,4.2
CHEMBL1164095,CCN1CCCC1CNC(=O)c1ccc2c(=O)n(Cc3ccc(Cl)cc3)c(=S)[nH]c2c1,100000.0,nM,4.0
CHEMBL1165270,NS(=O)(=O)c1ccc(CCNC(=O)CCc2nc3sc4c(c3c(=O)[nH]2)CCCC4)cc1,100000.0,nM,4.0
CHEMBL1790741,CSCC[C@H](NC(=O)[C@@H](NC(C)=O)C(C)C)C(=O)NC(CC(C)C)C(O)CC(=O)N[C@H](C(=O)N[C@@H](C)C(=O)N[C@@H](CCC(=O)O)C(=O)N[C@@H](Cc1ccccc1)C(=O)O)[C@H](C)O,100000.0,nM,4.0
CHEMBL4110323,C[C@@H]1C[C@@]2(Cc3ccc(C#N)cc3[C@]23N=C(N)N(CC2CC(F)(F)C2)C3=O)C[C@H](C)[C@H]1O,4.5,nM,8.35
CHEMBL3945122,CCCCN1C(=O)C2(N=C1N)c1cc(OCC3CC3)ccc1CC21CCC(OC)CC1,7.0,nM,8.15
CHEMBL3966350,COC1CCC2(CC1)Cc1ccc(CCC3CC3)cc1C21N=C(N)N(Cc2ccc(C#N)cc2)C1=O,15.4,nM,7.81
CHEMBL3925076,CO[C@H]1CC[C@]2(CC1)Cc1ccc(C(=O)O)cc1C21N=C(N)N(Cc2ccccc2)C1=O,566.5,nM,6.25
CHEMBL3983234,CO[C@H]1CC[C@]2(CC1)Cc1ccc(Oc3ccc(Cl)cc3)cc1C21N=C(N)N(C)O1,105.0,nM,6.98
CHEMBL3656128,COc1cc(Cl)cc(-c2ccc3c(c2)C2(N=C(N)N(C)O2)C2(CCC(OC)CC2)C3)c1,5.9,nM,8.23
CHEMBL3974349,COC1CCC2(CC1)Cc1ccc(-c3cccc(OC(F)(F)F)c3)cc1C21C=C(N)N(C)C1=O,7.8,nM,8.11
CHEMBL3955354,COc1cc(Cl)cc(-c2ccc3c(c2)C2(C=C(N)N(C)C2=O)C2(CCC(OC)CC2)C3)c1,11.5,nM,7.94
CHEMBL3688733,Cc1cc(C#N)cnc1C(=O)Nc1cc(F)c(C)c([C@@]2(C(F)F)N=C(N)O[C@@H]3C[C@@H]32)c1,74.3,nM,7.13
CHEMBL3942282,COc1cnc2c(Nc3ccc(F)c([C@]4(CF)C[C@@H](C(F)(F)F)OC(N)=N4)c3)nccc2c1,163.0,nM,6.79
CHEMBL3688772,COc1cnc2c(Nc3ccc(F)c([C@@]4(C(F)F)N=C(N)O[C@@H]5C[C@@H]54)c3)nccc2c1,456.0,nM,6.34
CHEMBL3983379,CO[C@H]1CC[C@]2(CC1)Cc1ccc(NC(=O)c3ccc(C(F)(F)F)cn3)cc1C21N=C(C)C(N)=N1,34.0,nM,7.47
CHEMBL3959097,CO[C@H]1CC[C@]2(CC1)Cc1ccc(OCCC(F)(F)F)cc1C21N=C(C)C(N)=N1,22.0,nM,7.66
CHEMBL3653725,CCC1=NC2(N=C1N)c1cc(-c3cccc(C#N)c3)ccc1C[C@]21CC[C@@H](OC)CC1,6720.0,nM,5.17
CHEMBL3683790,Cc1cc(OCC#CC(C)(C)O)cnc1C(=O)Nc1ccc(F)c(C2(C)N=C(N)O[C@H]3C[C@H]32)c1,206.5,nM,6.68
CHEMBL3683791,Cc1cc(NC(=O)c2ccc(Cl)cn2)cc([C@@]2(C(F)F)N=C(N)O[C@@H]3C[C@@H]32)c1F,30.5,nM,7.52
CHEMBL3683896,CC(C)Oc1cnc(C(=O)Nc2ccc(F)c([C@@]3(C(F)F)N=C(N)O[C@@H]4C[C@@H]43)c2)cn1,731.5,nM,6.14
CHEMBL3656187,CCCCN1C(=O)C2(N=C1N)c1cc(C#N)ccc1CC21CCC(OC)CC1,42.8,nM,7.37
CHEMBL3969552,CO[C@H]1CC[C@]2(CC1)Cc1ccc(CC(C)C)cc1C21N=C(N)N(C)O1,72.8,nM,7.14
CHEMBL3656212,COc1cccc(-c2ccc3c(c2)C2(N=C(N)N(C)C2=O)[C@]2(CC[C@H](OC(C)C)CC2)C3)c1,61.0,nM,7.21
CHEMBL3656218,COc1cccc(-c2ccc3c(c2)C2(N=C(N)N(C)O2)[C@]2(CC[C@](C)(O)CC2)C3)c1,877.1,nM,6.06
CHEMBL3929053,CO[C@H]1CC[C@]2(CC1)Cc1ccc(-c3ncco3)cc1C21N=C(N)N(CCF)C1=O,128.0,nM,6.89
CHEMBL3938356,CO[C@H]1CC[C@]2(CC1)Cc1ccc(C#CC3CC3)cc1C21N=C(N)N(Cc2ccnnc2)C1=O,4079.5,nM,5.39
CHEMBL3969581,CO[C@H]1CC[C@]2(CC1)Cc1ccc(-c3ccc(C#N)s3)cc1C21N=C(N)N(C(C)C)C1=O,546.7,nM,6.26
CHEMBL3656253,COCCOc1ccc2c(c1)C1(N=C(N)N(C3CCC3)C1=O)[C@]1(CC[C@H](OC)CC1)C2,111.7,nM,6.95
CHEMBL3972526,CO[C@H]1CC[C@]2(CC1)Cc1ccc(-n3ccccc3=O)cc1C21N=C(N)N(C)C1=O,457.9,nM,6.34
CHEMBL3949349,CO[C@H]1CC[C@]2(CC1)Cc1ccc(Br)cc1[C@@]21N=C(N)N(Cc2cnccn2)C1=O,2119.0,nM,5.67
CHEMBL3656153,CN1OC2(N=C1N)c1cc(-c3cccc(C#N)c3)ccc1CC21CC=C(F)CC1,93.3,nM,7.03
CHEMBL3656158,CN1OC2(N=C1N)c1cc(-c3cccc(C(F)(F)F)c3)ccc1CC21CCc2ccccc2CC1,157.6,nM,6.8
CHEMBL3968463,CO[C@H]1CC[C@@]2(CC1)Cc1ccc(-c3cccc(C#N)c3)cc1C21CC(=O)N(C)C(N)=N1,50000.0,nM,4.3
CHEMBL3652431,COC1CCC2(CC1)Cc1ccc(-c3cc(Cl)cc(C#N)c3)cc1C21N=C(N)N(C)O1,3.5,nM,8.46
CHEMBL3652432,COC1CCC2(CC1)Cc1ccc(C#CC3CC3)cc1C21N=C(N)N(C)O1,4.5,nM,8.35
CHEMBL1934286,CS(=O)(=O)c1ccc(-c2ccccc2[C@@H]2CNC[C@H]2C(=O)N2CCOC[C@@H]2c2ccccc2)cc1,4000.0,nM,5.4
CHEMBL1934287,O=C([C@@H]1CNC[C@H]1c1ccccc1Br)N1CCCCC1c1ccccc1,57000.0,nM,4.24
CHEMBL1934288,O=C([C@@H]1CNC[C@H]1c1ccccc1Br)N1CCC(c2ccccc2)CC1,19000.0,nM,4.72
CHEMBL1923297,CN1CC(C)(c2cc(NC(=O)c3ccc(Cl)cn3)ccc2F)N=C(N)C1=O,25.0,nM,7.6
CHEMBL491659,O=C(N[C@@H](Cc1cc(F)cc(F)c1)[C@H](O)[C@@H]1NCCN(Cc2ccccc2)C1=O)C1CC(=O)N(CC2CC2)C1,10.0,nM,8.0
CHEMBL271437,C[C@H](NC[C@@H](O)[C@H](Cc1ccccc1)NC(=O)c1cccc(N2CCCS2(=O)=O)c1)C(=O)NC1CCCCC1,1900.0,nM,5.72
CHEMBL3688815,Cc1cc(NC(=O)c2ccc(C#N)cn2)cc([C@@]2(C(F)F)N=C(N)O[C@@H]3C[C@@H]32)c1F,25.0,nM,7.6
CHEMBL3688758,C[C@@]1(c2cc(NC(=O)c3ccc(Cl)cn3)cnc2F)N=C(N)O[C@H]2C[C@H]21,14050.0,nM,4.85
CHEMBL3688774,N#Cc1cnc2c(Nc3ccc(Cl)c([C@@]4(C(F)F)N=C(N)O[C@@H]5C[C@@H]54)c3)ncc(F)c2c1,39.1,nM,7.41
CHEMBL1271344,COc1ccc([C@]2(c3cccc(-c4cccnc4F)c3)N=C(N)N(C)C2=O)cc1,30.0,nM,7.52
CHEMBL1270727,CCCCc1cccc([C@@]2(c3ccc(OC(F)F)cc3)N=C(N)N(C)C2=O)c1,30.0,nM,7.52
CHEMBL1270730,CN1C(=O)[C@@](c2ccc(OC(F)F)cc2)(c2cccc(/C=C/CCO)c2)N=C1N,50.0,nM,7.3
CHEMBL1271141,CN1C(=O)[C@@](c2ccc(OC(F)F)cc2)(c2cccc(C#CCCF)c2)N=C1N,10.0,nM,8.0
CHEMBL1270241,CN1C(=O)[C@@](c2ccc(OC(F)F)cc2)(c2cccc(OC(F)F)c2)N=C1N,200.0,nM,6.7
CHEMBL419432,CC(C)CN(CCCN1CCN(CCCNc2nc3ccccc3[nH]2)CC1)CC(C)C,1700.0,nM,5.77
CHEMBL1097058,CC(C)[C@@H]1CCC(=O)N(C2CCOCC2)CCc2cccc(c2)Oc2ccc3c(c2)CN1C(N)=N3,685.0,nM,6.16
CHEMBL1095429,NC1=Nc2cc(F)c3cc2CN1[C@H](C1CCCCC1)CCC(=O)N(C1CCCCC1)CCc1cccc(c1)O3,30.0,nM,7.52
CHEMBL3680892,C[C@]1(F)COC(N)=N[C@]1(C)c1cc(NC(=O)c2ccc(Cl)cn2)ccc1F,3.0,nM,8.52
CHEMBL4557670,C[C@H]1SC(N)=N[C@](C)(c2cc(NC(=O)c3cnc(OCF)cn3)ccc2F)[C@H]1F,0.38,nM,9.42
CHEMBL2047901,CC(C)(C)c1cccc(CN[C@H]2CS(=O)(=O)C[C@@H](Cc3cc(F)c4c(c3)C3(CCC(F)(F)CC3)CN4)[C@@H]2O)c1,3530.0,nM,5.45
CHEMBL3688764,COc1cnc2c(Nc3ccc(F)c([C@@]4(C)N=C(N)O[C@@H]5C[C@@H]54)c3)nccc2c1,506.5,nM,6.29
CHEMBL3656133,COC1CCC2(CC1)Cc1ccc(-c3ccc(F)c(C#N)c3)cc1C21N=C(N)N(C)O1,7.9,nM,8.1
CHEMBL4094980,COC(=O)[C@@H]1O[C@@H]2O[C@H]1C(=S)N(Cc1ccccc1)[C@H]2Cc1ccccc1,2600.0,nM,5.58
CHEMBL3645147,Cc1cc(C(=O)Nc2cccc([C@]3(C)CCSC(N)=N3)c2)c(C)o1,80.0,nM,7.1
CHEMBL3645157,CCCOc1cnc(C(=O)Nc2cccc([C@]3(C)CCSC(N)=N3)c2)cn1,110.0,nM,6.96
CHEMBL3640222,C#CCCOc1cnc(C(=O)Nc2cccc([C@]3(C)CCSC(N)=N3)c2)cn1,130.0,nM,6.89
CHEMBL3640229,Cc1ccc(NC(=O)c2cnc(Cl)cn2)cc1C1(C)CCSC(N)=N1,120.0,nM,6.92
CHEMBL3640235,Cc1cn2cc(C(=O)Nc3ccc(F)c([C@]4(C)CCSC(N)=N4)c3)ncc2n1,60.0,nM,7.22
CHEMBL3640238,Cc1cnc(C(=O)Nc2ccc(F)c([C@@]3(C)N=C(N)SCC3(F)F)c2)cn1,170.0,nM,6.77
CHEMBL3640239,Cc1nc(C(=O)Nc2ccc(F)c([C@@]3(C)N=C(N)SCC3(F)F)c2)co1,20.0,nM,7.7
CHEMBL3640244,COc1ncc(NC(=O)c2cnc(C)cn2)cc1[C@]1(C)CCSC(N)=N1,50.0,nM,7.3
CHEMBL3640247,C[C@@]1(c2cc(NC(=O)c3cnc(NCC(F)(F)F)cn3)ccc2F)CCSC(N)=N1,160.0,nM,6.8
CHEMBL3688799,NC1=N[C@@](c2cc(NC[C@H]3C[C@H]3c3ccccc3)ccc2F)(C(F)F)[C@H]2C[C@H]2O1,9415.0,nM,5.03
CHEMBL3688656,N#Cc1cnc(C(=O)Nc2ccc(F)c([C@@]3(CF)N=C(N)O[C@@H]4C[C@@H]43)c2)c(Cl)c1,41.9,nM,7.38
CHEMBL3688666,NC1=N[C@@](c2cc(NC(=O)c3cnc(OC(F)F)cn3)ccc2F)(C(F)F)[C@H]2C[C@H]2O1,21.4,nM,7.67
CHEMBL3688675,COCCC(=O)Nc1ccc(F)c([C@@]2(C(F)F)N=C(N)O[C@@H]3C[C@@H]32)c1,25543.0,nM,4.59
CHEMBL5088971,CCc1cc([C@]2(c3ccc(F)c(-c4cccnc4C(F)F)c3)N=C(N)N(C)C2=O)cc(CC)n1,10.0,nM,8.0
CHEMBL5075689,C[C@H]1SC(N)=N[C@](C)(c2cc(NC(=O)c3cc4c(cn3)OCCO4)ccc2F)[C@H]1F,0.93,nM,9.03
CHEMBL5082356,COc1cc(C(=O)Nc2ccc(F)c([C@]3(CF)CC[C@@](C)(S(C)(=O)=O)C(N)=N3)c2)ncn1,9.5,nM,8.02
CHEMBL5091877,C[C@@]1(S(C)(=O)=O)CC[C@@](CF)(c2cc(NC(=O)c3cc4c(cn3)OC(F)(F)CO4)ccc2F)N=C1N,1.4,nM,8.85
CHEMBL3653660,CC1=NC2(CCOc3ccc(NC(=O)c4ccc(Cl)cn4)cc32)N=C1N,1300.0,nM,5.89
CHEMBL3653663,CC#CCOc1cnc(C(=O)Nc2ccc3c(c2)C2(CCO3)N=C(C)C(N)=N2)cn1,22.0,nM,7.66
CHEMBL5081571,C[C@@]1(S(C)(=O)=O)CC[C@@](CF)(c2cc(NC(=O)c3cnc(OCF)cn3)ccc2F)N=C1N,2.3,nM,8.64
CHEMBL3946143,CO[C@H]1CC[C@]2(CC1)Cc1ccc(Br)cc1C21N=C(C)C(N)=N1,3330.0,nM,5.48
CHEMBL3929159,COc1cc(-c2ccc3c(c2)[C@@]2(N=C(C)C(N)=N2)[C@]2(CC[C@H](OC)CC2)C3)cc(C#N)c1F,2.2,nM,8.66
CHEMBL3982006,C[C@@]1(c2cc(Nc3ncnc4cc(C#N)cnc34)cnc2F)C[C@@H](C(F)(F)F)OC(N)=N1,91.2,nM,7.04
CHEMBL1762557,O=C1C=C(c2ccccc2)C(=O)c2c(O)cccc21,8980.0,nM,5.05
CHEMBL4127486,CCOc1cccc(-c2nc(SCC(=O)Nc3nc(-c4cc(Cl)c(N)c(Cl)c4)cs3)[nH]c(=O)c2C#N)c1,13500.0,nM,4.87
CHEMBL496451,C=C(C)[C@H](CC=C(C)C)Cc1c(O)cc(OC)c2c1O[C@H](c1ccc(O)cc1OC)CC2=O,6700.0,nM,5.17
CHEMBL4110497,COCCc1cnc(C(=O)Nc2ccc(F)c([C@@]3(C)N=C(N)OCC3(F)F)n2)c(N)n1,150.0,nM,6.82
CHEMBL541485,C[C@@H](NC(=O)c1cc(NC(=O)CC[C@@](O)(Cc2ccccc2)C(=O)N[C@H]2c3ccccc3C[C@H]2O)cc(N(C)S(C)(=O)=O)c1)c1ccccc1,4600.0,nM,5.34
CHEMBL554781,C[C@@H](NC(=O)c1cc(NC(=O)CCC(O)(CCc2ccccc2)C(=O)N[C@H]2c3ccccc3C[C@H]2O)cc(N(C)S(C)(=O)=O)c1)c1ccccc1,570.0,nM,6.24
CHEMBL3703288,CCCC1Oc2ccc(-c3cncnc3)cc2C2(COC(N)=N2)C12COC2,862.0,nM,6.06
CHEMBL3703292,NC1=NC2(CO1)c1cc(-c3cncnc3)ccc1OCC21CCCO1,20200.0,nM,4.7
CHEMBL3650766,N#Cc1cc(-c2ccc3c(c2)C2(COC(N)=N2)C2(COC2)C2(CCC2)O3)ccc1F,3630.0,nM,5.44
CHEMBL3639496,CC1CC=C(c2ccc3c(c2)C2(COC(N)=N2)C2(COC2)C(C)(C)O3)CC1,3630.0,nM,5.44
CHEMBL3650798,CCC/C=C/c1ccc2c(c1)C1(COC(N)=N1)C1(COC1)C(C)(C)O2,869.0,nM,6.06
CHEMBL3654224,Cc1ccnc([C@H]2CC3CSC(N)=N[C@@]3(c3ccc(F)cc3F)CO2)n1,1470.0,nM,5.83
CHEMBL3654232,NC1=N[C@@]2(c3ccc(F)cc3F)CO[C@@H](c3ncc(F)cn3)C[C@H]2CS1,161.0,nM,6.79
CHEMBL3650853,CC1(C)Oc2ccc(NC(=O)c3ccc(Cl)cn3)cc2[C@]2(COC(N)=N2)C12COC2,30300.0,nM,4.52
CHEMBL1221922,Nc1nc2cc(Cl)ccc2n1CCCO,770000.0,nM,3.11
CHEMBL1221976,Nc1nc2cc(Cl)ccc2n1CCCC(=O)NCc1ccccc1,1403000.0,nM,2.85
CHEMBL3414700,NC1=N[C@@]2(c3ccc(F)cc3F)CO[C@@H](C(F)F)C[C@H]2CS1,670.0,nM,6.17
CHEMBL3414708,COC[C@H]1C[C@H]2CSC(N)=N[C@@]2(c2ccc(F)cc2F)CO1,850.0,nM,6.07
CHEMBL3414705,NC1=N[C@@]2(c3ccc(F)cc3F)COC[C@H]2CS1,375.0,nM,6.43
CHEMBL4588220,O=C(/C=C/c1ccccc1)NCCc1cc2cc(O)ccc2[nH]1,86700.0,nM,4.06
CHEMBL1090542,Nc1nc(Cn2c(-c3ccc(Oc4cncnc4)cc3)ccc2-c2ccccc2Cl)ccc1OCCO,40.0,nM,7.4
CHEMBL1090147,CCCCNC(=O)c1ccc(-c2ccc(-c3ccccc3)n2Cc2cccc(N)n2)cc1,3000.0,nM,5.52
CHEMBL1097333,CCCN(CCC)C(=O)c1cc(C)cc(C(=O)N[C@@H](Cc2cc(F)cc(F)c2)[C@H](O)[C@H]2CN(S(=O)(=O)c3cccs3)CCN2)c1,83.0,nM,7.08
CHEMBL1087742,CC(=O)N[C@@H](Cc1cc(F)cc(F)c1)[C@H](O)[C@H]1CN(S(=O)(=O)c2cccc(C)c2)CCN1,4350.0,nM,5.36
CHEMBL4161795,C[C@]1(c2cc(NC(=O)c3ncc(C#N)cc3Cl)ccc2F)N=C(N)CO[C@@H]1F,10.7,nM,7.97
CHEMBL4170106,COc1cnc(C(=O)Nc2ccc(F)c([C@@]3(C)N=C(N)COC3=C(F)F)c2)cn1,35.1,nM,7.46
CHEMBL4160644,C[C@]1(c2cc(NC(=O)c3cnc(N4CCC4)cn3)ccc2F)N=C(N)CO[C@H]1C(F)(F)F,115.0,nM,6.94
CHEMBL454795,CCCCN1CC(C(=O)N[C@@H](Cc2cc(F)cc(F)c2)[C@H](O)[C@@H]2NCCN(Cc3ccccc3)C2=O)[C@@H](CC)C1=O,240.0,nM,6.62
CHEMBL5080664,CCC[C@H](NC(=O)[C@@H](NC(=O)[C@@H](N)CCC(=O)O)[C@@H](C)CC)C(=O)N[C@@H](CC(C)C)[C@H](O)CNc1ccc(C)cc1,6100.0,nM,5.21
CHEMBL4438397,C[C@@]1(c2cc(NC(=O)c3ccc(C#N)cn3)ccc2F)Cn2ncnc2C(N)=N1,9.772,nM,8.01
CHEMBL6009843,CO[C@H]1C[C@]2(C1)C(N)=N[C@](C)(c1cc(NC(=O)c3ncc(Cl)cc3C)ccc1F)CS2(=O)=O,4.0,nM,8.4
CHEMBL585289,COc1ccc(C2(c3cccc(-c4cccnc4)c3)N=C(N)N(C)C2=O)cc1C(F)(F)F,40.0,nM,7.4
CHEMBL399839,O=C(N[C@@H](Cc1ccccc1)[C@H](O)C(=O)Nc1cccc(-c2nn[nH]n2)c1)c1cccc(C(=O)N2COC[C@@H]2c2ccccc2)n1,140.0,nM,6.85
CHEMBL566403,COc1ccc(C2(c3cccc(-c4cccnc4)c3)N=C(N)N(C)C2=O)cc1OC,90.0,nM,7.05
CHEMBL583899,CN1C(=O)C(c2ccc(OC(F)(F)F)cc2)(C23CC4CC(CC(C4)C2)C3)N=C1N,470.0,nM,6.33
CHEMBL5854283,C[C@@]1(c2cc(NC(=O)c3ncc(Cl)cc3F)ccc2F)CC2(CCC2)OC(N)=N1,87.0,nM,7.06
CHEMBL6004540,C[C@@]1(c2cc(NC(=O)c3ccc(Cl)cn3)ccc2F)CC2(CCC2)SC(N)=N1,1.9,nM,8.72
CHEMBL212873,O=C(Nc1cc(Br)ccc1N1CCOCC1)c1cc2ccccc2oc1=O,10000.0,nM,5.0
CHEMBL211214,O=C(Nc1cc(Br)ccc1N1CCN(CCO)CC1)c1cc2ccccc2oc1=O,630.0,nM,6.2
CHEMBL1165279,Oc1c(I)cc(I)cc1/C=N/Nc1nc(Nc2cccc3ccccc23)nc(N2CCOCC2)n1,100000.0,nM,4.0
CHEMBL1163707,COc1nc(NCCN2CCOCC2)nc(Nc2ccc(I)cc2)n1,100000.0,nM,4.0
CHEMBL1163547,C=CN(C=C)C(=O)c1cc(OCC(=O)NCCCCCN)cc(C(=O)N[C@H](C)c2ccccc2)c1,25000.0,nM,4.6
CHEMBL374512,C[C@@H](NC(=O)c1cc(OCC(=O)NCCCCCN)cc(OS(=O)(=O)Cc2ccccc2)c1)c1ccccc1,3400.0,nM,5.47
CHEMBL1163648,CCN1CCN(CCNC(=O)c2ccc3c(=O)n(Cc4ccc(Cl)cc4)c(=S)[nH]c3c2)CC1,100000.0,nM,4.0
CHEMBL1164437,COc1ccc(NC(=O)c2cccc(NC(=O)C[n+]3ccccc3)c2)cc1.[Cl-],3700.0,nM,5.43
CHEMBL566809,CC(=O)N[C@@H](Cc1cc(F)cc(F)c1)[C@H](O)CNC1(c2cccc(C(C)(C)C)c2)CCNCC1,4700.0,nM,5.33
CHEMBL3414711,CC(C)C[C@H]1C[C@H]2CSC(N)=N[C@@]2(c2ccc(F)cc2F)CO1,118.0,nM,6.93
CHEMBL3935512,C#CCOc1cnc(C(=O)Nc2cnc(F)c([C@]3(C)C[C@@H](C(F)(F)F)OC(N)=N3)c2)cn1,2.5,nM,8.6
CHEMBL3947330,C[C@H]1SC(N)=N[C@@]2(c3ccc(F)cc3F)CO[C@@H](CF)C[C@@H]12,805.0,nM,6.09
CHEMBL3907801,NC1=N[C@@]2(c3ccc(F)cc3F)CO[C@@H](c3ccc4c(c3)OCO4)C[C@H]2CS1,19.0,nM,7.72
CHEMBL3930667,C[C@@]1(c2cc(NC(=O)N3CC=C(C#CC4CC4)CC3)ccc2F)C[C@@H](C(F)(F)F)OC(N)=N1,525.0,nM,6.28
CHEMBL3927382,C[C@@]1(c2cc(NC(=O)c3ccc(OCC(F)(F)F)cn3)cnc2F)C[C@@H](C(F)(F)F)OC(N)=N1,124.0,nM,6.91
CHEMBL3968817,NC1=N[C@](CF)(c2cc(NC(=O)c3ccc(Cl)cn3)cc(F)c2F)C[C@@H](C(F)(F)F)O1,87.0,nM,7.06
CHEMBL3906294,COc1ccc([C@H]2C[C@H]3CSC(N)=N[C@@]3(c3ccc(F)cc3F)CO2)c(F)c1,83.0,nM,7.08
CHEMBL4460278,C[C@]1(c2cc(NC(=O)c3ccc(Cl)cn3)cc(F)c2F)N=C(N)S[C@H]2C[C@H]21,12.0,nM,7.92
CHEMBL4468455,C[C@]1(c2cc(NC(=O)c3ccc(Cl)cn3)cc(F)c2F)N=C(N)S[C@@]2(C(N)=O)C[C@H]21,0.6,nM,9.22
CHEMBL4472708,C#CCOc1cnc(C(=O)Nc2cc(F)c(F)c([C@@]3(C)N=C(N)S[C@@]4(C(=O)N(C)C)C[C@H]43)c2)cn1,0.3,nM,9.52
CHEMBL2370107,CSCC[C@H](NC(=O)[C@@H](NC(C)=O)C(C)C)C(=O)N[C@@H](CC(C)C)C(O)CC(=O)N[C@H](C(=O)N[C@@H](C)C(=O)N[C@@H](CCC(=O)O)C(=O)N[C@@H](C)C(=O)O)C(C)C,1200.0,nM,5.92
CHEMBL213904,O=C(Nc1cc(Br)ccc1N1CCN(CCO)CC1)c1cccc2ccccc12,79.0,nM,7.1
CHEMBL211995,O=C(Nc1cc(-c2ccccc2)ccc1N1CCNCC1)c1cccc2ccccc12,300.0,nM,6.52
CHEMBL212627,O=C(Nc1cc(-c2ccccc2)ccc1N1CCN(C(=O)c2ccccc2)CC1)c1cccc2ccccc12,79.0,nM,7.1
CHEMBL381617,COc1cccc2cc(C(=O)Nc3cc(Br)ccc3N3CCN(Cc4ccccc4)CC3)c(=O)oc12,5000.0,nM,5.3
CHEMBL1164330,Cc1ccc(Nc2nc(N/N=C/c3cccc(Br)c3)nc(N3CCOCC3)n2)cc1,100000.0,nM,4.0
CHEMBL426717,C[C@@H](NC(=O)c1cc(OCC(=O)NCCCCCN)cc(OS(=O)(=O)Cc2ccccc2)c1)c1ccc(F)cc1,1400.0,nM,5.85
CHEMBL1164362,O=C(CC1Sc2ccccc2NC1=O)Nc1ccccc1SC(F)(F)C(F)(F)C(F)(F)F,100000.0,nM,4.0
CHEMBL517746,C=CCn1c(SCC(=O)Nc2ccc(S(N)(=O)=O)cc2)nc2sc3c(c2c1=O)CCCC3,100000.0,nM,4.0
CHEMBL1163225,O=C(C[n+]1ccccc1)Nc1cccc(C(=O)Nc2ccc(Cl)cc2)c1.[Cl-],1000.0,nM,6.0
CHEMBL448015,O=C(N[C@@H](Cc1ccccc1)[C@H](O)C(=O)Nc1cccc(-c2nn[nH]n2)c1)c1cc(Cl)cc(C(=O)N2COC[C@@H]2c2ccccc2)n1,22.0,nM,7.66
CHEMBL1917903,CCC(C)[C@@]1(NC(C)=O)CCN([C@@H](CCc2ccccc2)C(=O)N[C@@H](Cc2cc(F)cc(F)c2)[C@H](O)C2Cc3ccccc3CN2)C1=O,110.0,nM,6.96
CHEMBL3127102,COc1cccc(-c2ccc3c(c2)[C@]2(N=C(N)N(C)C2=O)[C@H]2COCC[C@@H]2O3)c1,28.0,nM,7.55
CHEMBL1934293,O=C([C@@H]1CNC[C@]12CCCc1cc(Br)ccc12)N1CC[C@@H](c2ccccc2)C[C@H]1c1ccccc1,70.0,nM,7.16
CHEMBL1915997,CCCC[C@H]1CCN([C@@H](C)C(=O)N[C@@H](Cc2cc(F)cc(F)c2)[C@H](O)[C@H]2C[C@@H](OCCC)CN2)C1=O,87.0,nM,7.06
CHEMBL1916001,CCC(C)[C@@]1(NC(C)=O)CCN([C@@H](CCc2ccccc2)C(=O)N[C@@H](Cc2cc(F)cc(F)c2)[C@H](O)[C@H]2C[C@@H](O)CN2)C1=O,6.5,nM,8.19
CHEMBL3086243,CC(C)(C)OC(=O)N1CCN(c2cccc(C=O)c2NC(=O)[C@@H](NC(=O)OCc2ccccc2)c2ccccc2)CC1,14300.0,nM,4.84
CHEMBL3695727,COc1ccc2c(c1)[C@]1(N=C(N)N(C)C1=O)c1cc(-c3cncnc3)ccc1O2,13.4,nM,7.87
CHEMBL3695728,CN1C(=O)[C@]2(N=C1N)c1cc(C3=CCOCC3)ccc1Oc1ccc(-c3cccnc3F)cc12,0.9,nM,9.05
CHEMBL3695741,CN1C(=O)C[C@@]2(N=C1N)c1cc(-c3cccnc3F)ccc1Oc1cnc(C3=CCCOC3)cc12,2430.0,nM,5.61
CHEMBL1915982,COc1cccc(CNC[C@@H](O)[C@H](Cc2cc(F)cc(F)c2)NC(=O)[C@H](C)N2CC[C@H](CC(C)C)C2=O)c1,89.0,nM,7.05
CHEMBL1916005,CCC[C@@H](O)[C@H]1CCN([C@@H](CCc2ccccc2)C(=O)N[C@@H](Cc2cc(F)cc(F)c2)[C@H](O)[C@H]2C[C@H](O)CN2)C1=O,220.0,nM,6.66
CHEMBL1916162,CC(C)C[C@H]1CCN([C@@H](C)C(=O)N[C@@H](Cc2cc(F)cc(F)c2)[C@H](O)[C@H]2C[C@@H](Oc3ccccn3)CN2)C1=O,330.0,nM,6.48
CHEMBL1916164,CCC(C)[C@@]1(NC(C)=O)CCN([C@@H](CCc2ccccc2)C(=O)N[C@@H](Cc2cc(F)cc(F)c2)[C@H](O)[C@H]2C[C@H](N)CN2)C1=O,190.0,nM,6.72
CHEMBL3688753,C[C@@]1(c2nc(NC(=O)c3ccc(Cl)cn3)ccc2F)N=C(N)O[C@H]2C[C@H]21,2135.0,nM,5.67
CHEMBL3688823,COc1cc(C#N)cnc1C(=O)Nc1cc(C)c(F)c([C@@]2(C(F)F)N=C(N)O[C@@H]3C[C@@H]32)c1,70.6,nM,7.15
CHEMBL3693255,NC1=N[C@@](c2cc(NC(=O)c3c(F)cc(F)cc3F)ccc2F)(C(F)F)[C@H]2C[C@H]2O1,5385.0,nM,5.27
CHEMBL3747119,COc1ccc(N2CCN([C@@H]3CN(C(=O)Nc4cc(Cl)cc(Cl)c4)CC[C@H]3OC(=O)c3ccc(Oc4ccccc4)cc3)CC2)cc1,600.0,nM,6.22
CHEMBL566212,COc1ccc(-c2cccc(C3(c4ccc(OC(F)(F)F)cc4)N=C(N)N(C)C3=O)c2)cn1,899.5,nM,6.05
CHEMBL2047887,CCCN1CCC[C@@]12CCN([C@@H](C)C(=O)N[C@@H](Cc1ccccc1)[C@H](O)CNCc1cccc(C(C)C)c1)C2=O,55.0,nM,7.26
CHEMBL3962806,NC1=NC2(CCO1)c1cc(NC(=O)c3ccc(Cl)cc3F)ccc1Oc1ncc(Br)cc12,120.0,nM,6.92
CHEMBL3905117,NC1=NC2(CCO1)c1cc(NC(=O)c3ccc(Cl)cn3)ccc1Oc1c2cc(C2CC2)nc1F,2.4,nM,8.62
CHEMBL3966650,CCOc1cccnc1Nc1ccc2c(c1)C1(CCOC(N)=N1)c1cc(OC)cc(F)c1O2,69.6,nM,7.16
CHEMBL3969602,C[C@@]1(c2cc(NC(=O)c3nn(C(F)F)cc3Cl)cnc2F)C[C@@H](C(F)(F)F)OC(N)=N1,24.0,nM,7.62
CHEMBL4793341,FC(F)(F)Oc1ccc(CNC2CCN(Cc3ccccc3)C2)cc1,115.0,nM,6.94
CHEMBL3978571,O=C([C@@H]1CNC[C@]12CCCc1cc(Cl)ccc12)N1CCC(c2ccccc2)CC1,920.0,nM,6.04
CHEMBL4112843,O=C([C@@H]1CNC[C@]12CCc1ccccc12)N1CC[C@@H](c2ccccc2)C[C@H]1c1ccccc1,71.0,nM,7.15
CHEMBL3907751,Cc1cccc(C2CC(c3ccccc3)CCN2C(=O)[C@@H]2CNC[C@]23CCCc2nc(Cl)ccc23)c1,450.0,nM,6.35
CHEMBL2386721,CC1(C)OC(N)=N[C@](C)(c2nc(NC(=O)c3ncc(C#N)cc3Cl)ccc2F)C1(F)F,29.0,nM,7.54
CHEMBL3359753,NC1=N[C@@]2(CO1)c1cc(-c3cccnc3F)ccc1Oc1ncc(C3=CCCOC3)cc12,5.2,nM,8.28
CHEMBL3359747,CC(C)(C)COc1cnc2c(c1)[C@]1(COC(N)=N1)c1cc(-c3cncnc3)ccc1O2,4.4,nM,8.36
CHEMBL5411369,CN(CCOCCN1c2ccccc2Sc2ccccc21)C(CCN)C(=O)NCc1ccccc1,22900.0,nM,4.64
CHEMBL4849009,CN(CCC=C1c2ccccc2-c2ccccc21)C(CCO)C(=O)NCc1ccc(Cl)cc1,17300.0,nM,4.76
CHEMBL4861574,Cc1ccc(CNC(=O)C(CCN)N(C)CCC=C2c3ccccc3CCc3ccccc32)cc1,4030.0,nM,5.39
CHEMBL2346797,CC1(C)Cc2cc(Cl)ccc2C(NC(Cc2ccccc2)c2n[nH]c(=O)[nH]2)=N1,3370.0,nM,5.47
CHEMBL2380461,CC1(c2cccc(-c3cncnc3)c2)N=C(N)c2ccccc2O1,16000.0,nM,4.8
CHEMBL2380443,COc1cccc(-c2cccc(C3(C)N=C(N)CCO3)c2)c1,630.0,nM,6.2
CHEMBL5780361,CC#Cc1cncc(-c2ccc3c(c2)[C@]2(N=C(C)C(N)=N2)C2(CCC2)C3)c1,19.0,nM,7.72
CHEMBL5805689,C[C@]1(c2cc(/C=C(\F)c3ccc(Cl)cn3)ccc2F)N=C(N)S[C@@]2(CC#N)C[C@H]21,21.0,nM,7.68
CHEMBL4074001,O=C(Nc1cccc(-c2cnc(-c3c[nH]c4cc(F)ccc34)[nH]2)c1)c1cccnc1,130.0,nM,6.89
CHEMBL4075051,Fc1ccc2nc(-c3cccc(-c4cnc(-c5c[nH]c6cc(F)ccc56)[nH]4)c3)[nH]c2c1,85.0,nM,7.07
CHEMBL2047903,CN(C)CC(=O)Nc1ccc(C[C@@H]2CS(=O)(=O)C[C@H](NCc3cccc(C(C)(C)C)c3)[C@H]2O)cc1F,300.0,nM,6.52
CHEMBL2047911,CC(C)(C)c1cccc(CN[C@H]2CS(=O)(=O)C[C@@H](Cc3cc(F)c(N)c(CCC(F)(F)F)c3)[C@@H]2O)c1,370.0,nM,6.43
CHEMBL3963996,Cc1nc(C(=O)Nc2ccc3c(c2)C2(CCOC(N)=N2)c2cc(C4=CCCOC4)nc(F)c2O3)cs1,0.9,nM,9.05
CHEMBL5796206,Cc1nc(C(=O)Nc2ccc(F)c([C@]3(C)CC4(CCC4)OC(N)=N3)c2)co1,11.0,nM,7.96
CHEMBL5862978,C[C@@]1(c2cc(NC(=O)c3ccc(Cl)cc3)ccc2F)CC2(CCC2)OC(N)=N1,17.5,nM,7.76
CHEMBL5752986,C[C@@]1(c2cc(NC(=O)c3ccc(Cl)cn3)ccc2F)CC2(CCOCC2)SC(N)=N1,9.7,nM,8.01
CHEMBL5753510,Cc1nc(C(=O)Nc2ccc(F)c(C3(C)N=C(N)OC4(CCC4)C3(F)F)c2)co1,34.0,nM,7.47
CHEMBL4111730,Cc1cc(CN2C(=O)[C@]3(N=C2N)c2cc(C#N)ccc2C[C@@]32C[C@@H](C)[C@H](O)[C@@H](C)C2)ccn1,9.4,nM,8.03
CHEMBL3896382,C[C@H]1C[C@H]2CSC(N)=N[C@@]2(c2nc(NC(=O)C3(C#N)CC3)cs2)CO1,348.0,nM,6.46
CHEMBL3693240,CS(=O)(=O)c1c(F)cc(NC(=O)c2ccc(Cl)cn2)cc1[C@@]1(CF)N=C(N)O[C@@H]2C[C@@H]21,1035.0,nM,5.99
CHEMBL3928450,CO[C@H]1CC[C@]2(CC1)Cc1ccc(-c3ccc(F)c(C#N)c3)cc1C21N=C(C)C(N)=N1,7.1,nM,8.15
CHEMBL2152917,CO[C@H]1CC[C@]2(CC1)Cc1ccc(OCC(C)C)cc1C21N=C(C)C(N)=N1,0.89,nM,9.05
CHEMBL3986744,CO[C@H]1CC[C@]2(CC1)Cc1ccc(-c3cccc(Cl)c3Cl)cc1[C@@]21N=C(C)C(N)=N1,64.0,nM,7.19
CHEMBL3657432,COc1cc(-c2ccc3c(c2)C2(N=C(C)C(N)=N2)[C@]2(CC[C@H](OC(F)F)CC2)C3)cc(C#N)c1F,24.0,nM,7.62
CHEMBL3919032,CC#Cc1cncc(-c2ccc3c(c2)C2(N=C(C)C(N)=N2)[C@]2(CC[C@](C)(OC)CC2)C3)c1,51.0,nM,7.29
CHEMBL3917387,CCO[C@H]1CC[C@]2(CC1)Cc1ccc(-c3cc(C#N)cc(C(F)F)c3)cc1C21N=C(C)C(N)=N1,28.0,nM,7.55
CHEMBL3673209,COC1CCC2(CC1)Cc1ccc(-c3cc(F)cc(Cl)c3)cc1C21N=C(N)N2CCCN=C21,9.5,nM,8.02
CHEMBL3673215,COC1CCC2(CC1)Cc1ccc(C#CC3CC3)cc1C21N=C(N)N2CC(F)(F)CN=C21,16.3,nM,7.79
CHEMBL3673222,COC1CCC2(CC1)Cc1ccc(-c3cncc(C(F)(F)F)c3)cc1C21N=C(N)c2ccccc21,47.0,nM,7.33
CHEMBL2437434,CN1C(=O)C[C@@](C)(CCc2cccc(-c3ccccc3)c2)N=C1N.O=C(O)C(F)(F)F,1300.0,nM,5.89
CHEMBL2437446,CCCOc1cccc(-c2cccc([C@@H]3C[C@H]3[C@]3(C)CC(=O)N(C)C(N)=N3)c2)c1.O=C(O)C(F)(F)F,8400.0,nM,5.08
CHEMBL2437444,COc1cccc(-c2cccc([C@@H]3C[C@H]3[C@]3(C)CC(=O)N(C)C(N)=N3)c2)c1.O=C(O)C(F)(F)F,3300.0,nM,5.48
CHEMBL2178181,COc1ccc(-c2nsc(C)c2C(=O)/N=C(\N)NCc2cc(C)c(NC(C)=O)c(Cl)c2)cc1,240.0,nM,6.62
CHEMBL2178180,COc1ccc(-c2nsc(C)c2C(=O)/N=C(\N)NCc2cc(Cl)c(NC(C)=O)c(Cl)c2)cc1,310.0,nM,6.51
CHEMBL2181023,COC(=O)[C@@H]1CCCN1C(=O)[C@@H](Cc1ccccc1)N(C)C(=O)[C@H](C)NC(=O)[C@H](CC(C)C)NC(=O)C[C@H](O)[C@H](Cc1ccccc1)NC(=O)[C@H](CCC(N)=O)N(C)C(=O)[C@@H](N)C(C)C,10.0,nM,8.0
CHEMBL400438,CN(c1cc2cc(c1)C(=O)N[C@@H](c1ccccc1)CCc1cccc(c1)C[C@@](C)(N)C(=O)OC2)S(C)(=O)=O,2.0,nM,8.7
CHEMBL394224,CN(c1cc2cc(n1)N(CC1CC1)CCCCc1cccc(c1)C[C@@](C)(N)C(=O)OC2)S(C)(=O)=O,6000.0,nM,5.22
CHEMBL395084,CC(C)S(=O)(=O)N(C)c1cc(C(=O)N[C@H](CO)Cc2cc(F)cc(F)c2)cc(NC[C@H]2C[C@@H]2C)n1,14.0,nM,7.85
CHEMBL4128770,Cc1cc(C#N)cnc1C(=O)Nc1cc(F)c(F)c([C@]2(C(F)F)COCC(N)=N2)c1,9.0,nM,8.05
CHEMBL5875671,C#CCOc1cnc(/C(F)=C/c2ccc(F)c([C@@]3(C)N=C(N)S[C@@]4(C(=O)NCC(F)F)C[C@H]43)c2)cn1,1.9,nM,8.72
CHEMBL6009172,C#CCOc1cnc(/C(F)=C/c2ccc(F)c([C@@]3(C)N=C(N)S[C@@]4(C(=O)N5CC[C@H](F)C5)C[C@H]43)c2)cn1,0.4,nM,9.4
CHEMBL5841370,C[C@H]1[C@H](O)CCN1C(=O)[C@]12C[C@H]1[C@@](C)(c1cc(/C=C(\F)c3ccc(C#N)cn3)ccc1F)N=C(N)S2,1.3,nM,8.89
CHEMBL5807333,CC1COC([C@]23C[C@H]2[C@@](C)(c2cc(/C=C(\F)c4ccc(C#N)cn4)ccc2F)N=C(NC(=O)OC(C)(C)C)S3)=N1,122.0,nM,6.91
CHEMBL5900556,C[C@]1(c2cc(/C=C(/F)c3ccc(C#N)cn3)ccc2F)N=C(N)S[C@@]2(C(=O)N3CCOCC3)C[C@H]21,6.0,nM,8.22
CHEMBL4167095,N=c1oc2ccccc2cc1C(=O)Nc1cc(Br)ccc1NCc1cn(Cc2ccc(Cl)c(Cl)c2)nn1,7500.0,nM,5.12
CHEMBL237284,CCCNC(=O)c1ccc(-c2scc(-c3ccccc3Cl)c2CC(=O)/N=C(/N)NCCCO)cc1,260.0,nM,6.58
CHEMBL3906323,CN1C(=O)C2(N=C1N)c1cc(CCC3CC3)ccc1OC21CCc2ccccc2CC1,6.8,nM,8.17
CHEMBL3741617,CC#CCOc1cnc(C(=O)Nc2ccc(F)c([C@]3(C)C[S@@]4(=O)=NCCCCN4C(N)=N3)c2)cn1,0.2,nM,9.7
CHEMBL3261066,NC1=NC(c2cccc(NC(=O)c3ccc(Cl)cn3)c2)(C(F)(F)F)COC1,324.0,nM,6.49
CHEMBL4126839,CC1(C)OC[C@](c2cc(NC(=O)c3ccc(Br)cn3)ccc2F)(C(F)F)N=C1N,26.0,nM,7.58
CHEMBL4129775,Cc1cc(C#N)cnc1C(=O)Nc1ccc(F)c([C@]2(C(F)F)COC3(CCOCC3)C(N)=N2)c1,11.0,nM,7.96
CHEMBL211194,CCCCNC(=O)[C@H](C)C[C@H](O)[C@@H]1CSC/C=C/CS[C@@H]2CCCN[C@@H]2C(=O)N[C@@H](C)C(=O)N1,12000.0,nM,4.92
CHEMBL236851,CC(=O)c1ccc(Oc2ccc(-c3scc(-c4ccccc4Cl)c3CC(=O)N=C(N)N)cc2)cc1,750.0,nM,6.12
CHEMBL5202021,COc1cc2oc(C(=O)Nc3cccc(CN(C)Cc4ccccc4)c3)cc(=O)c2cc1OC,6700.0,nM,5.17
CHEMBL3951810,Cc1cn(-c2ccc3n(c2=O)CCN([C@@H](C)[C@@H]2CC[C@H](c4cc(F)c(Cl)cc4C(F)(F)F)O2)C3=O)cn1,20000.0,nM,4.7
CHEMBL540731,COc1cccc(CNC[C@@H](O)[C@H](Cc2cc(F)cc(F)c2)NC(=O)c2cc(/C(C)=N\O)cc(N(C)S(C)(=O)=O)c2)c1,76.0,nM,7.12
CHEMBL401318,CC(=O)c1ccccc1-c1cc(C(=O)N[C@@H](Cc2ccccc2)[C@H](O)CN[C@@H](C)c2ccccc2)cc(C(=O)N[C@H](C)c2ccccc2)c1,115.0,nM,6.94
CHEMBL568506,COc1ccc(Cc2cccc(C3(c4ccccc4)N=C(N)N4CCCN=C43)c2)cc1,7100.0,nM,5.15
CHEMBL566011,COc1ccc(C2(c3cccc(-c4cccnc4F)c3)N=C(N)N(C)C2=O)cc1C,20.0,nM,7.7
CHEMBL567477,COc1ccc([C@@]2(c3ccc(F)c(-c4cccnc4F)c3)N=C(N)N(C)C2=O)cc1C,10.0,nM,8.0
CHEMBL567687,COc1ccc(C2(c3cccc(-c4cccnc4)c3)N=C(N)N(C)C2=O)cc1OC(C)C,60.0,nM,7.22
CHEMBL584284,COc1ccc(C2(C34CC5CC(CC(C5)C3)C4)N=C(N)N(C)C2=O)cc1C,270.0,nM,6.57
CHEMBL566404,CN1C(=O)C(c2ccc(OC(F)(F)F)cc2)(c2cccc(-c3cncnc3)c2F)N=C1N,1360.0,nM,5.87
CHEMBL3916243,C[C@@]1(c2cc(NC(=O)c3ccc(C#N)cn3)ccc2F)C=CSC(N)=N1,9.8,nM,8.01
CHEMBL3642624,CC1(c2cccc(C(=O)Nc3ccc(Cl)cn3)c2)CCSC(N)=N1,170.0,nM,6.77
CHEMBL4866376,C[C@@]1(c2cc(C(=O)Nc3ccc(Cl)cn3)ccc2F)CCSC(N)=N1,0.84,nM,9.08
CHEMBL248228,COC[C@H](N)[C@H](Cc1ccccc1)NC(=O)c1cc(N(C)C[C@H]2C[C@@H]2C)nc(N(C)S(C)(=O)=O)c1,12.0,nM,7.92
CHEMBL248245,CCOC[C@H](N)[C@H](Cc1ccccc1)NC(=O)c1cc(N(C)C[C@H]2C[C@@H]2C)nc(N(C)S(=O)(=O)C(C)C)c1,402.0,nM,6.4
CHEMBL401008,COC[C@H](N)[C@H](Cc1ccccc1)NC(=O)c1cc(N(C)C[C@H]2C[C@@H]2C)nc(N(C)S(=O)(=O)C(C)C)c1,845.0,nM,6.07
CHEMBL248223,CCCC[C@H](N)[C@H](Cc1ccccc1)NC(=O)c1cc(N(C)C[C@H]2C[C@@H]2C)nc(N(C)S(C)(=O)=O)c1,589.0,nM,6.23
CHEMBL214963,CC[C@H](NCC1Cc2cccc(c2)CCCCCc2cc(cc(N(C)S(C)(=O)=O)c2)C(=O)N1)C(=O)NCC(C)C,1100.0,nM,5.96
CHEMBL265862,CCCN(CCC)C(=O)c1cc(C)cc(C(=O)N[C@@H](Cc2cc(F)cc(F)c2)[C@H](O)CNC(C)(C)C(=O)NCC(C)C)c1,200.0,nM,6.7
CHEMBL398418,CCOc1cc(C(=O)N[C@@H](Cc2ccccc2)[C@H](O)CNCc2cccc(C(F)(F)F)c2)cc(N2CCCC2=O)c1,380.0,nM,6.42
CHEMBL401067,CCOc1cc(C(=O)N[C@@H](Cc2ccccc2)[C@H](O)CNCc2cccc(C(F)(F)F)c2)cc(-c2ccccc2C(C)=O)c1,280.0,nM,6.55
CHEMBL254069,CCNc1cc(C(=O)N[C@@H](Cc2ccccc2)[C@H](O)CN[C@H]2CCc3ccccc32)cc(N2CCCCS2(=O)=O)c1,229.0,nM,6.64
CHEMBL254068,CCNc1cc(C(=O)N[C@@H](Cc2ccccc2)[C@H](O)CNCc2ccccc2)cc(N2CCCCS2(=O)=O)c1,573.0,nM,6.24
CHEMBL427719,CCNc1cc(C(=O)N[C@@H](Cc2ccccc2)[C@H](O)CNCc2cccc(OC)c2)cc(N2CCCCS2(=O)=O)c1,928.0,nM,6.03
CHEMBL227641,CCCNC(=O)c1cc(C(=O)N[C@@H](CC(C)C)[C@@H](O)C[C@@H](C)C(=O)N[C@H](C(=O)NC(C)C)C(C)C)cc(N(C)S(C)(=O)=O)c1,3600.0,nM,5.44
CHEMBL568967,CCCCNC(=O)NCc1ccc(CN2C(=N)NC(C)(CC(C)C)C2=O)cc1,78000.0,nM,4.11
CHEMBL1092913,Nc1cccc(Cn2c(-c3ccc(Oc4cccs4)cc3)ccc2-c2ccccc2Cl)n1,290.0,nM,6.54
CHEMBL1091999,Nc1cccc(Cn2c(-c3ccc(Oc4cncnc4)cc3)ccc2-c2ccccc2Cl)n1,100.0,nM,7.0
CHEMBL1091343,Nc1cccc(Cn2c(-c3ccc(Oc4ccccc4)cc3)ccc2-c2ccccc2Cl)n1,850.0,nM,6.07
CHEMBL1089788,CCCOc1ccc(-c2ccc(-c3ccccc3Cl)n2Cc2cccc(N)n2)cc1,1150.0,nM,5.94
CHEMBL3657459,CC1=NC2(CCOc3ccc(-c4cc(C)ccc4F)cc32)N=C1N,1980.0,nM,5.7
CHEMBL3634128,C[C@]1(c2cc(NC(=O)c3cnc(Cl)cn3)ccc2F)N=C(N)CO[C@H]1C(F)(F)F,29.0,nM,7.54
CHEMBL3634342,C[C@]1(c2cc(NC(=O)c3ccc(C#N)cn3)ccc2F)N=C(N)CO[C@@H]1F,7.6,nM,8.12
CHEMBL447880,CCCN(CCC)C(=O)c1cccc(C(=O)N[C@@H](COCc2ccccc2)[C@@H](O)CC(=O)N[C@H](C(=O)Nc2cc(C(=O)O)cc(C(=O)O)c2)C(C)C)c1,1890.0,nM,5.72
CHEMBL1092124,COc1cccc(-c2cccc(C3(c4ccncc4)N=C(N)N(C)C3=O)c2)c1,30.0,nM,7.52
CHEMBL1090026,CN1C(=O)C(c2ccncc2)(c2cccc(-c3cnccn3)c2)N=C1N,70.0,nM,7.16
CHEMBL1090027,CN1C(=O)C(c2ccncc2)(c2cccc(-c3cccnc3F)c2)N=C1N,30.0,nM,7.52
CHEMBL3765195,O=C(/C=C/c1ccc(OCc2ccc(F)cc2F)cc1)CC(=O)/C=C/c1ccc(OCc2ccc(F)cc2F)cc1,1000.0,nM,6.0
CHEMBL3765319,O=C(/C=C/c1ccc(OCc2ccccc2)cc1)CC(=O)/C=C/c1ccc(OCc2ccccc2)cc1,6040.0,nM,5.22
CHEMBL3763728,O=C(/C=C(O)/C=C/c1ccc(OCc2ccccc2)cc1)/C=C/c1ccc(OCc2ccccc2)cc1,40.0,nM,7.4
CHEMBL3670388,C[C@@]1(c2nc(NC(=O)c3nc4ccn(CC(F)F)c4cc3Cl)ccc2F)CO[C@@](C)(C(F)(F)F)C(N)=N1,10000.0,nM,5.0
CHEMBL3670389,COCCn1ccc2nc(C(=O)Nc3ccc(F)c([C@]4(C)CO[C@@](C)(C(F)(F)F)C(N)=N4)n3)c(Cl)cc21,7300.0,nM,5.14
CHEMBL3670304,CC1=CSC(N)=N[C@]1(C)c1cc(NC(=O)c2cnc(C)cn2)ccc1F,5280.0,nM,5.28
CHEMBL3670329,Cc1c(C(=O)Nc2ccc(F)c([C@]3(C)C=CSC(N)=N3)c2)oc2ccc(Br)cc12,7.0,nM,8.15
CHEMBL3703245,NC1=NC2(CS1)c1cc(Br)ccc1OCC21COC1,24800.0,nM,4.61
CHEMBL3977426,O=C([C@@H]1CNC[C@]12CCSc1ccccc12)N1CCC(c2ccccc2)CC1,12000.0,nM,4.92
CHEMBL3650787,COc1ncc(Cl)cc1-c1ccc2c(c1)C1(COC(N)=N1)C1(COC1)C(C)(C)O2,786.0,nM,6.11
CHEMBL3650807,CC1(C)Oc2ccc(-c3cccc4[nH]ncc34)cc2C2(COC(N)=N2)C12COC2,994.0,nM,6.0
CHEMBL3650816,CC1(C)Oc2ccc(-c3c(F)ccc(F)c3F)cc2C2(COC(N)=N2)C12COC2,1270.0,nM,5.9
CHEMBL1760866,CC(C)Oc1cccc(CN[C@H]2CS(=O)(=O)C[C@@H](Cc3ccc(O)c(Br)c3)[C@@H]2O)c1,8500.0,nM,5.07
CHEMBL1760731,CC(C)c1cccc(CN[C@H]2CS(=O)(=O)C[C@@H](Cc3ccccc3)[C@@H]2O)c1,1100.0,nM,5.96
CHEMBL1760856,CCCCc1cc(C[C@@H]2CS(=O)(=O)C[C@H](NCc3cccc(C(C)C)c3)[C@H]2O)ccc1O,150.0,nM,6.82
CHEMBL1760857,CCCc1cc(C[C@@H]2CS(=O)(=O)C[C@H](NCc3cccc(C(C)C)c3)[C@H]2O)ccc1O,190.0,nM,6.72
CHEMBL1760858,CCc1cc(C[C@@H]2CS(=O)(=O)C[C@H](NCc3cccc(C(C)C)c3)[C@H]2O)ccc1O,370.0,nM,6.43
CHEMBL409875,CCCCS(=O)(=O)C[C@@H](NC(=O)c1cnccn1)C(=O)N[C@@H](Cc1cc(F)cc(F)c1)[C@H](O)CNCc1cccc(CC)c1,4.0,nM,8.4
CHEMBL266567,CCCCS(=O)(=O)C[C@@H](NC(=O)c1cccnc1)C(=O)N[C@@H](Cc1cc(F)cc(F)c1)[C@H](O)CNCc1cccc(CC)c1,2.0,nM,8.7
CHEMBL266565,CCCC(CCC)S(=O)(=O)C[C@@H](NC(=O)c1cccc(Cl)c1)C(=O)N[C@@H](Cc1cc(F)cc(F)c1)[C@H](O)CNCc1cccc(CC)c1,5.0,nM,8.3
CHEMBL234555,CCCC(CCC)S(=O)(=O)C[C@@H](NC(=O)c1ccc(C(F)(F)F)cc1)C(=O)N[C@@H](Cc1cc(F)cc(F)c1)[C@H](O)CNCc1cccc(CC)c1,53.0,nM,7.28
CHEMBL231861,CCCC(CCC)S(=O)(=O)C[C@@H](NC(=O)c1ccc(OC)cc1)C(=O)N[C@@H](Cc1cc(F)cc(F)c1)[C@H](O)CNCc1cccc(CC)c1,2.0,nM,8.7
CHEMBL237494,CCC(CC)NC(=O)c1ccc(-c2scc(-c3ccccc3Cl)c2CC(=O)/N=C(/N)NCCCO)cc1,930.0,nM,6.03
CHEMBL4113169,CC[C@@H]1C[C@]2(CC[C@H]1OC)Cc1ccc(C#N)cc1[C@]21N=C(N)N(CC(C)(C)F)C1=O,10.0,nM,8.0
CHEMBL3763944,COc1cc(/C=C/C(O)=C/C(=O)/C=C/c2ccc(OCc3ccccc3)cc2)ccc1O,970.0,nM,6.01
CHEMBL1097344,Cc1cccc(S(=O)(=O)N2CCN[C@@H]([C@@H](O)[C@H](Cc3cc(F)cc(F)c3)NC(=O)c3cc(C(=O)N[C@H](C)c4ccccc4)cc(N4CCCCS4(=O)=O)c3)C2)c1,8.0,nM,8.1
CHEMBL1209167,CC(=O)N[C@@H](Cc1cc(F)cc(F)c1)[C@H](O)CNC1(c2cccc(C3CCCC3=O)c2)CCCCC1,800.0,nM,6.1
CHEMBL1209106,CC(=O)N[C@@H](Cc1cc(F)cc(F)c1)[C@H](O)CNC1(c2cccc(C3CCOC3)c2)CCCCC1,88.0,nM,7.06
CHEMBL114147,CC(=O)NCC(=O)N[C@@H](Cc1ccccc1)[C@@H](O)CC(=O)N[C@@H](CC1CCCCC1)[C@@H](O)CC(=O)N[C@H](C(=O)NCc1ccc(C(=O)O)cc1)C(C)C,9000.0,nM,5.05
CHEMBL538636,CCCN(CCC)C(=O)c1cc(C(C)=O)cc(C(=O)N[C@@H](Cc2cc(F)cc(F)c2)[C@H](O)CNCc2cccc(OC)c2)c1,4.0,nM,8.4
CHEMBL556626,COc1cccc(CNC[C@@H](O)[C@H](Cc2cc(F)cc(F)c2)NC(=O)c2cc(C(=O)NC(C)c3ccc(F)cc3)cc(C(C)O)c2)c1,37.0,nM,7.43
CHEMBL555519,COc1cccc(CNC[C@@H](O)[C@H](Cc2cc(F)cc(F)c2)NC(=O)c2cc(C(C)=O)cc(N3CCCCS3(=O)=O)c2)c1,90.0,nM,7.05
CHEMBL445281,O=C(N[C@@H](Cc1ccccc1)[C@H](O)C(=O)Nc1cccc(-c2nn[nH]n2)c1)c1cc(Br)cc(C(=O)N2COC[C@@H]2c2ccccc2)n1,15.0,nM,7.82
CHEMBL507541,O=C(N[C@@H](Cc1ccccc1)[C@H](O)C(=O)Nc1cccc(-c2nn[nH]n2)c1)c1cc(I)cc(C(=O)N2COC[C@@H]2c2ccc(F)cc2)n1,10.0,nM,8.0
CHEMBL3980458,CO[C@H]1CC[C@]2(CC1)Cc1ccc(Br)cc1[C@@]21N=C(N)N(CC(C)(C)O)C1=O,4226.0,nM,5.37
CHEMBL3604698,CCC[C@H](NC[C@@H](O)[C@H](CC(C)C)NC(=O)[C@H](Cc1cccs1)NC(=O)[C@@H](NC(=O)[C@@H](N)CCC(=O)O)[C@@H](C)CC)C(=O)O,72000.0,nM,4.14
CHEMBL4874363,CC[C@H](C)[C@H](NC(=O)[C@@H](N)CCC(=O)O)C(=O)N[C@@H](Cc1cccs1)C(=O)N[C@@H](CC(C)C)[C@H](O)CNc1ccc(CC(C)C)cc1,5100.0,nM,5.29
CHEMBL1824358,COc1cncc(-c2cccc(C3(c4ccsc4)N=C(N)N(C)C3=O)c2)c1,40.0,nM,7.4
CHEMBL1824349,CCc1cc(C2(c3cccc(-c4cncnc4)c3)N=C(N)N(C)C2=O)cs1,80.0,nM,7.1
CHEMBL1821799,Nc1ccc2ccc(Br)cc2n1,460000.0,nM,3.34
CHEMBL1821818,Cc1ccccc1-c1ccc2nc(N)c(CC(C(=O)NCC3CCCCC3)C(C)C)cc2c1,27.0,nM,7.57
CHEMBL6065683,CN(C)C(=O)[C@]12C[C@H]1[C@@](C)(c1cc(/C=C(\F)c3cnc(OCC#N)cn3)ccc1F)N=C(N)S2,116.0,nM,6.94
CHEMBL1644461,CC(C)[C@H](C[C@H](O)[C@H](COCc1ccccc1)NC(=O)c1cc(C(=O)N[C@H](C)c2ccccc2)cc(N(C)S(C)(=O)=O)c1)C(=O)N[C@H](C(=O)NCc1ccccc1)C(C)C,30.0,nM,7.52
CHEMBL4643727,C[C@@H]1C[C@H]1CNC(=O)[C@@H]1C[C@H]1[C@]12CN(c3ncccn3)C[C@H]1CSC(N)=N2,17.9,nM,7.75
CHEMBL4471141,C[C@]1(c2cc(NC(=O)c3ccc(Cl)cn3)cc(F)c2F)N=C(N)S[C@@]2(C#N)C[C@H]21,45.0,nM,7.35
CHEMBL1915988,CCCC[C@H]1CCN([C@@H](C)C(=O)N[C@@H](Cc2cc(F)cc(F)c2)[C@H](O)[C@H]2Cc3ccccc3CN2)C1=O,720.0,nM,6.14
CHEMBL1923702,C[C@H](NC(=O)c1cc(-c2nc3cc(F)ccc3[nH]2)cc(N(C)S(C)(=O)=O)c1)c1ccccc1,786.0,nM,6.11
CHEMBL54022,CSCC[C@H](NC(=O)[C@@H](NC(=O)OC(C)(C)C)C(C)C)C(=O)NC(CC(C)C)[C@@H](O)CC(=O)N[C@@H](C(=O)NCCC(=O)O)C(C)C,30000.0,nM,4.52
CHEMBL1915991,CCCO[C@H]1CN[C@@H]([C@@H](O)[C@H](Cc2cc(F)cc(F)c2)NC(=O)[C@H](CCc2ccccc2)N2CC[C@](NC(C)=O)(C(C)CC)C2=O)C1,2.6,nM,8.59
CHEMBL1915994,CCCO[C@H]1CN[C@@H]([C@@H](O)[C@H](Cc2cc(F)cc(F)c2)NC(=O)[C@H](CCc2ccccc2)N2CC[C@H](CC(C)C)C2=O)C1,5.7,nM,8.24
CHEMBL1915999,CCCO[C@H]1CN[C@@H]([C@@H](O)[C@H](Cc2cc(F)cc(F)c2)NC(=O)[C@H](C)N2CC[C@H](CC(C)C)C2=O)C1,35.0,nM,7.46
CHEMBL1916167,CCC(C)[C@@]1(NC(C)=O)CCN([C@@H](CCc2ccccc2)C(=O)N[C@@H](Cc2cc(F)cc(F)c2)[C@H](O)[C@H]2C[C@@H](OCc3cccc(C#N)c3)CN2)C1=O,3.0,nM,8.52
CHEMBL1923160,CN1CC(N)=N[C@](C)(c2cccc(NC(=O)c3ccc(Cl)cn3)c2)C1=O,324.0,nM,6.49
CHEMBL474057,C[C@@H](NC(=O)c1cc(C(=O)N[C@@H](Cc2ccccc2)[C@H](O)CNC2CC2)cc2c1CCCCO2)c1ccccc1,56.0,nM,7.25
CHEMBL1923700,C[C@H](NC(=O)c1cc(-c2nc3ccccc3[nH]2)cc(N(C)S(C)(=O)=O)c1)c1ccccc1,1080.0,nM,5.97
CHEMBL1923704,COc1cccc(-c2cnc(-c3cc(C(=O)N[C@@H](C)c4ccccc4)cc(N(C)S(C)(=O)=O)c3)[nH]2)c1,77.0,nM,7.11
CHEMBL1934296,Cc1ccc2c(n1)CCC[C@]21CNC[C@H]1C(=O)N1CC[C@@H](c2ccccc2)C[C@H]1C1CCCCC1,36.0,nM,7.44
CHEMBL1258234,CC(=O)N[C@@H](Cc1cc(F)cc(F)c1)[C@H](O)CNC1(c2ccc(C(C)C)s2)CCCCC1,4010.0,nM,5.4
CHEMBL572048,CC(=O)N[C@@H](Cc1cc(F)cc(F)c1)[C@H](O)CNC1(c2cccc(-n3cccn3)c2)CCOC1,2400.0,nM,5.62
CHEMBL584121,CC(=O)N[C@@H](Cc1cc(F)cc(F)c1)[C@H](O)CNC1(c2cccc(C(C)(C)C)c2)CCCN(C(C)=O)C1,1300.0,nM,5.89
CHEMBL5171414,CC1CC[C@@](CF)(c2cc(-c3cc4c(cn3)OC(F)(F)O4)ccc2F)N=C1N,59.0,nM,7.23
CHEMBL1915975,COc1cccc(CNC[C@@H](O)[C@H](Cc2cc(F)cc(F)c2)NC(=O)[C@H](CCc2ccccc2)N2CC[C@H](C(C)C)C2=O)c1,75.0,nM,7.12
CHEMBL1084154,CC(=O)NC(C)(C)[C@H]1CCC[C@@H](C(=O)N[C@@H](Cc2ccccc2)[C@@H](O)CNCc2cccc(C(C)C)c2)C1,4200.0,nM,5.38
CHEMBL1077237,CC(C)c1cccc(CNC[C@H](O)[C@H](Cc2ccccc2)NC(=O)[C@@H]2CCC[C@H](C(C)(C)N3CCCCC3=O)C2)c1,2.5,nM,8.6
CHEMBL1077232,CCC(=O)N(C)C(C)(C)[C@H]1CCC[C@@H](C(=O)N[C@@H](Cc2ccccc2)[C@@H](O)CNCc2cccc(C(C)C)c2)C1,660.0,nM,6.18
CHEMBL1933457,Nc1nc(Cc2ccc(-c3ccc(C(F)(F)F)cc3)cc2)cn1Cc1cc(F)cc(F)c1,5590.0,nM,5.25
CHEMBL4547714,Cc1ccc(-c2cccc(C3(c4ccccc4)N=C(N)N(C)C3=O)c2)cc1C,424.9,nM,6.37
CHEMBL1269609,CCOc1ccc(NC(=O)CSc2nc3ccc(Nc4nc(N5CCCCC5)nc(N5CCCCC5)n4)cc3s2)cc1,17200.0,nM,4.76
CHEMBL5877502,[C-]#[N+]c1cnc2c(Nc3ccc(F)c([C@]4(CF)CS(=O)(=O)C(C)(C)C(N)=N4)c3)ncc(F)c2c1,0.56,nM,9.25
CHEMBL3926112,Cc1cc(C#N)cnc1C(=O)Nc1ccc(F)c([C@]2(C)C[C@@H](C(F)(F)F)OC(N)=N2)n1,4.8,nM,8.32
CHEMBL3912456,COC(=O)c1ccnc(Oc2ccc(F)c([C@]3(CF)C[C@@H](C(F)(F)F)OC(N)=N3)c2)c1,2140.0,nM,5.67
CHEMBL3930384,Cc1cc(OC(F)F)cnc1C(=O)Nc1ccc(F)c([C@]2(CF)C[C@@H](C(F)(F)F)OC(N)=N2)c1,51.0,nM,7.29
CHEMBL3911696,Cc1ccc([C@H]2C[C@H]3CSC(N)=N[C@@]3(c3ccc(F)cc3F)CO2)cc1,24.0,nM,7.62
CHEMBL4530208,COc1ncc(CC2CCOCC2)c2c1C[C@]1(c3ccc(F)cc3F)N=C(N)SC[C@@H]1C2,3.02,nM,8.52
CHEMBL4457316,C[C@]1(c2cc(NC(=O)c3ccc(Cl)cn3)cc(F)c2F)N=C(N)S[C@@]2(C(F)F)C[C@@H]12,1.1,nM,8.96
CHEMBL4461994,COC[C@]12C[C@H]1[C@@](C)(c1cc(NC(=O)c3ccc(OCC(F)(F)F)cn3)cc(F)c1F)N=C(N)S2,6.1,nM,8.21
CHEMBL380521,O=C(Nc1cc(Br)ccc1N1CCN(Cc2ccccc2)CC1)c1cccc2ccccc12,5000.0,nM,5.3
CHEMBL378032,O=C(Nc1cc(Br)ccc1N1CCNCC1)c1cccc2ccccc12,1000.0,nM,6.0
CHEMBL208903,O=C(Nc1cc(-c2ccccc2)ccc1N1CCN(CC[C@@H](O)c2ccccc2)CC1)c1cccc2ccccc12,46.0,nM,7.34
CHEMBL211097,O=C(Nc1cc(-c2ccccc2)ccc1N1CCN(C(=O)CCCCC2SCCS2)CC1)c1cccc2ccccc12,3800.0,nM,5.42
CHEMBL1164612,O=C(Nc1cc(-c2ccccc2)ccc1N1CCNCC1)c1cc2ccccc2oc1=O,580.0,nM,6.24
CHEMBL1164841,CCc1ccc(N2C(=O)Nc3ccc(Br)cc3C2(O)C(=O)NCc2ccccc2)cc1,100000.0,nM,4.0
CHEMBL1163649,Oc1ccc(-c2ccccc2)cc1CN1CCN(Cc2cc(-c3ccccc3)ccc2O)CC1,100000.0,nM,4.0
CHEMBL566978,CCOc1ccc(C2(c3cccc(-c4cccnc4F)c3)N=C(N)N3CCCN=C32)cc1OCC,80.0,nM,7.1
CHEMBL3215574,Cl.Cl.Cl.O=C(CCc1ccc2nc(-c3ccccc3)c3c(c2c1)OCCC3)NCCCCCCCCNc1c2c(nc3cc(Cl)ccc13)CCCC2,1810.0,nM,5.74
CHEMBL5773986,C[C@@]1(c2cc(/C=C/c3ccc(F)cc3)ccc2F)CC2(CCC2)OC(N)=N1,21700.0,nM,4.66
CHEMBL503136,CC(C)C[C@H](NC(=O)c1cc(C(=O)N[C@H](C)c2ccccc2)cc(N(C)S(C)(=O)=O)c1)[C@@H](O)C[C@@H](C)C(=O)NC1CCN(Cc2ccccc2)CC1,1541.0,nM,5.81
CHEMBL445960,C[C@@H](NC(=O)c1cc(C(=O)N[C@@H](Cc2ccccc2)[C@H](O)CNCC2CCN(Cc3ccccc3)CC2)cc(N(C)S(C)(=O)=O)c1)c1ccc(F)cc1,3233.0,nM,5.49
CHEMBL2408745,CC(=O)N[C@@H](Cc1cc(F)cc(F)c1)[C@H](O)CN[C@H]1CCOc2ccc(CC(C)(C)C(F)F)cc21,1300.0,nM,5.89
CHEMBL2408764,CC(=O)N[C@@H](Cc1cc(F)cc(F)c1)[C@H](O)CN[C@H]1CCCc2ccc(CC(C)C)cc21,93.0,nM,7.03
CHEMBL2408755,CC(=O)N[C@@H](Cc1cc(F)cc(F)c1)[C@H](O)CN[C@H]1CC2(CC2)Oc2ccc(CC(C)(C)C)cc21,22.0,nM,7.66
CHEMBL2408750,CC(=O)N[C@@H](Cc1cc(F)cc(F)c1)[C@H](O)CN[C@H]1CC(C)(C)Oc2ccc(CC(C)(C)C)cc21,8.0,nM,8.1
CHEMBL3929173,CO[C@H]1CC[C@@]2(Cc3ccc(C#N)cc3[C@]23N=C(N)N(CC2(C)COC2)C3=O)C[C@@H]1C,5.0,nM,8.3
CHEMBL2407488,CCc1ccc2c(c1)[C@@H](NC[C@@H](O)[C@@H]1Cc3cccc(c3)CCCCn3cc(ccc3=O)C(=O)N1)CC1(CCC1)O2,2.5,nM,8.6
CHEMBL2407345,CCc1ccc2c(c1)[C@@H](NC[C@@H](O)[C@@H]1Cc3cccc(c3)CCCCCCCC(=O)N1)CC1(CCC1)O2,36.0,nM,7.44
CHEMBL2407340,C=CCc1cccc(C[C@H](NC(=O)c2cc(Br)c(=O)n(CC=C)c2)[C@H](O)CN[C@H]2CC3(CCC3)Oc3ccc(CC)cc32)c1,81.0,nM,7.09
CHEMBL1222030,Nc1nc2cc(Cl)ccc2n1CCCC(=O)NCc1ccccn1,426000.0,nM,3.37
CHEMBL1222032,CN1CCC(NC(=O)CCCn2c(N)nc3cc(Cl)ccc32)CC1,325000.0,nM,3.49
CHEMBL1271140,CN1C(=O)[C@@](c2ccc(OC(F)(F)F)cc2)(c2cccc(-c3cccnc3F)c2)N=C1N,60.0,nM,7.22
CHEMBL1270134,CN1C(=O)[C@@](c2ccc(OC(F)F)cc2)(c2cccc(CCCC(F)(F)F)c2)N=C1N,60.0,nM,7.22
CHEMBL1271453,CN1C(=O)[C@@](c2ccc(OC(F)F)cc2)(c2cccc(C#CCCO)c2)N=C1N,10.0,nM,8.0
CHEMBL1270431,Cc1cc([C@]2(c3ccccc3)N=C(N)N(C)C2=O)ccc1OC(F)F,80.0,nM,7.1
CHEMBL5866247,CN(C)C(=O)[C@]12C[C@H]1[C@@](C)(c1cc(/C=C(\F)c3ccc(Cl)cn3)ccc1F)N=C(N)S2,4.83,nM,8.32
CHEMBL541170,COc1cccc(CNC[C@@H](O)[C@H](Cc2cc(F)cc(F)c2)NC(=O)c2cccc(C(=O)N[C@H](C)c3ccccc3)c2)c1,89.0,nM,7.05
CHEMBL539653,COc1cccc(CNC[C@@H](O)[C@H](Cc2cc(F)cc(F)c2)NC(=O)c2cccc(N(c3ccccc3)S(C)(=O)=O)c2)c1,11.0,nM,7.96
CHEMBL1645507,CC(C)[C@H](NC(=O)[C@@H](N)CNC(=O)c1nn[nH]n1)C(=O)N[C@@H](CC1CCCCC1)C(=O)NCC(O)(Cc1ccccc1)C(=O)Nc1cccc(C(=O)O)c1,680.0,nM,6.17
CHEMBL3653733,COCc1cc(F)cc(-c2ccc3c(c2)C2(N=C(C)C(N)=N2)[C@]2(CC[C@H](OC)CC2)C3)c1,23.0,nM,7.64
CHEMBL3902302,COc1cc(C#N)cc(-c2ccc3c(c2)[C@@]2(N=C(C)C(N)=N2)[C@]2(CC[C@H](OC)CC2)C3)c1,5870.0,nM,5.23
CHEMBL3933535,C[C@@]1(c2cc(NC(=O)c3ccc(Cl)cn3)cc(F)c2Cl)C[C@@H](C(F)(F)F)OC(N)=N1,39.0,nM,7.41
CHEMBL3677208,O=C(/C=C/c1ccc(O)cc1)CC(=O)/C=C/c1ccc2ccn(Cc3ccccc3)c2c1,920.0,nM,6.04
CHEMBL2370121,CC[C@H](C)[C@H](NC(=O)[C@H](CCC(=O)O)NC(=O)[C@H](CCC(=O)O)NC(=O)[C@@H](NC(=O)[C@@H](N)CCCCN)[C@@H](C)O)C(=O)N[C@@H](CO)C(=O)N[C@@H](CCC(=O)O)C(=O)N[C@H](C(=O)N[C@@H](CC(N)=O)C(=O)N[C@@H](CC(C)C)[C@@H](O)CC(=O)N[C@@H](C)C(=O)N[C@@H](C)C(=O)N[C@@H](CCC(=O)O)C(=O)N[C@@H](Cc1ccccc1)C(=O)O)C(C)C,500.0,nM,6.3
CHEMBL3670357,NC1=NC(CF)(c2ccnc(NC(=O)c3ccc(Cl)cn3)c2)COC1,8100.0,nM,5.09
CHEMBL3642609,Cc1ccc(NC(=O)COc2cccc(C3(C)CCSC(N)=N3)c2)cc1O,7900.0,nM,5.1
CHEMBL3642612,CC1(c2ccc(F)c(NC(=O)c3ccc4ccccc4n3)c2)CCSC(N)=N1,6700.0,nM,5.17
CHEMBL3642610,CC1(c2cccc(NCc3ccc(Cl)cc3)c2)CCSC(N)=N1,5600.0,nM,5.25
CHEMBL3642600,CC1(c2cc(Br)cc(NC(=O)c3ccc(Cl)cn3)c2)CCSC(N)=N1,39.4,nM,7.41
CHEMBL4789620,COc1cc2c(cc1OCc1ccccc1)CCC(C)(CC(=O)NCCCCCCCCCNc1c3c(nc4cc(Cl)ccc14)CCCC3)O2,7190.0,nM,5.14
CHEMBL4789172,COc1cc2c(cc1OCc1ccccc1)CCC(C)(CC(=O)NCCCCCCNc1c3c(nc4cc(Cl)ccc14)CCCC3)O2,18000.0,nM,4.75
CHEMBL3704999,NC1=N[C@@]2(c3ccc(F)s3)CN(c3ncc(F)cn3)C[C@H]2CS1,91.2,nM,7.04
CHEMBL3985686,COc1ccc(C(=O)Nc2cc(C)c(F)c([C@]3(CF)C[C@@H](C(F)(F)F)OC(N)=N3)c2)nc1,44.0,nM,7.36
CHEMBL3944430,C[C@@]1(c2cc(NC(=O)c3ccc(C(F)F)cn3)cc(F)c2F)C[C@@H](C(F)(F)F)OC(N)=N1,40.0,nM,7.4
CHEMBL3925019,NC1=N[C@@](c2cc(Nc3ncccn3)ccc2F)(C(F)F)COC1,8600.0,nM,5.07
CHEMBL3982801,COc1cc(N)cnc1Nc1ccc(F)c([C@]2(C(F)F)COCC(N)=N2)c1,3000.0,nM,5.52
CHEMBL4108178,CO[C@H]1[C@H](C)C[C@@]2(Cc3ccc(C#N)cc3[C@]23N=C(N)N(C[C@@H]2COCCO2)C3=O)C[C@@H]1C,5.0,nM,8.3
CHEMBL3892989,C[C@@]1(c2cc(Nc3nccc4cc(C#N)cnc34)cnc2F)C[C@@H](C(F)(F)F)OC(N)=N1,95.6,nM,7.02
CHEMBL3925020,C[C@@]1(c2nc(Nc3ncc(F)c4cc(C#N)cnc34)ccc2F)C[C@@H](C(F)(F)F)OC(N)=N1,188.0,nM,6.73
CHEMBL3917242,C[C@@]1(c2nc(NC(=O)c3ncc(C(F)(F)F)cc3Cl)ccc2F)C[C@@H](C(F)(F)F)OC(N)=N1,124.0,nM,6.91
CHEMBL3952065,NC1=N[C@](CF)(c2cc(Oc3ncc(Cl)cc3F)ccc2F)C[C@@H](C(F)(F)F)O1,2890.0,nM,5.54
CHEMBL3914387,[C-]#[N+]c1ccc(C(=O)Nc2cc(F)c(F)c([C@]3(CF)C[C@@H](C(F)(F)F)OC(N)=N3)c2)nc1,33.0,nM,7.48
CHEMBL3904438,CC#CCOc1cnc(C(=O)Nc2cc(F)c(F)c([C@]3(CF)C[C@@H](C(F)(F)F)OC(N)=N3)c2)cn1,0.87,nM,9.06
CHEMBL3902460,N#Cc1cnc2c(Nc3cc(F)c(F)c([C@]4(CF)C[C@@H](C(F)(F)F)OC(N)=N4)c3)nccc2c1,37.0,nM,7.43
CHEMBL3943708,NC1=N[C@](CF)(c2cc(C#Cc3cccc4[nH]ccc34)ccc2F)C[C@@H](C(F)(F)F)O1,5620.0,nM,5.25
CHEMBL3892657,Cc1cc(C#N)cnc1C(=O)Nc1cc(Cl)c(F)c([C@]2(C)C[C@@H](C(F)(F)F)OC(N)=N2)c1,11.0,nM,7.96
CHEMBL3891152,C[C@@]1(c2cc(NC(=O)c3cnc(OCC(F)(F)F)cn3)cc(Cl)c2F)C[C@@H](C(F)(F)F)OC(N)=N1,8.0,nM,8.1
CHEMBL433329,CC[C@H](C)[C@H](O)C(=O)N[C@@H](CCCF)C(=O)N[C@@H](Cc1ccccc1)[C@@H](O)C[C@@H](CCCF)C(=O)N[C@H](C(=O)NCc1ccncc1)C(C)C,67.0,nM,7.17
CHEMBL3961031,C=C1C[C@@](C)(c2cc(NC(=O)c3ccc(C#N)cn3)ccc2F)N=C(N)S1,1.1,nM,8.96
CHEMBL4874536,CN1C(N)=N[C@](C)(c2cc(-n3[se]c4cc(F)ccc4c3=O)ccc2F)CS1(=O)=O,1060.0,nM,5.97
CHEMBL4860617,CC(C)(C)CNC[C@@H](O)[C@H](Cc1ccccc1)NC(=O)CC(c1ccccc1)c1ccccc1,33600.0,nM,4.47
CHEMBL2349619,COc1ccc(F)c(-c2ccc3c(c2)C2(CC(C)(C)O3)N=C(N)N(C)C2=O)c1,60.0,nM,7.22
CHEMBL2349616,COc1ccc(-c2ccc3c(c2)C2(CC(C)(C)O3)N=C(N)N(C)C2=O)cc1,7197.0,nM,5.14
CHEMBL1957477,COc1ccc(F)c(-c2cccc(C3(c4ccncc4)N=C(N)N4CC(F)(F)CN=C43)c2)c1,281.84,nM,6.55
CHEMBL1957469,COc1ccc(C2(c3cccc(-c4cc(Cl)cc(Cl)c4)c3)N=C(N)N3CCCN=C32)cc1,22.39,nM,7.65
CHEMBL3672412,O=C(/C=C/c1ccc(O)cc1)CC(=O)/C=C/c1cc(O)ccc1[N+](=O)[O-],910.0,nM,6.04
CHEMBL3977035,Cc1cc(C(=O)Nc2csc(C34CO[C@@H](C)C[C@H]3CSC(N)=N4)n2)on1,5040.0,nM,5.3
CHEMBL3890833,C[C@H]1C[C@H]2CSC(N)=NC2(c2nc(NC(=O)c3cc4n(n3)CCC4)cs2)CO1,6200.0,nM,5.21
CHEMBL3951074,C[C@H]1C[C@H]2CSC(N)=NC2(c2nc(NC(=O)c3cnn(C(F)F)c3)cs2)CO1,671.0,nM,6.17
CHEMBL3896695,COCC(F)(F)c1cnc(C(=O)Nc2csc([C@]34CO[C@@H](C)C[C@H]3CSC(N)=N4)n2)cn1,220.0,nM,6.66
CHEMBL3913444,NC1=N[C@](CF)(c2cc(Nc3nccc4cc(Cl)cnc34)cc(F)c2F)C[C@@H](C(F)(F)F)O1,535.0,nM,6.27
CHEMBL61236,Nc1ccc2ccccc2n1,2000000.0,nM,2.7
CHEMBL464918,C[C@@H](NC(=O)c1cc2c(c(C(=O)N[C@@H](Cc3ccccc3)[C@H](O)CNC3CC3)c1)CCCCO2)c1ccccc1,89.0,nM,7.05
CHEMBL3908554,COc1ccc(C(=O)Nc2ccc3c(c2)C2(CCOC(N)=N2)c2cc(-c4cncc(F)c4)nc(F)c2O3)nc1,1.4,nM,8.85
CHEMBL3948791,Cc1nc(C(=O)Nc2ccc3c(c2)C2(CCOC(N)=N2)c2cc(-c4ccnc(F)c4)nc(F)c2O3)cs1,0.8,nM,9.1
CHEMBL3891240,COc1ccc(C(=O)Nc2ccc3c(c2)C2(CCSC(N)=N2)c2cc(C4=CCOCC4)nc(F)c2O3)nc1,1.5,nM,8.82
CHEMBL3978732,COc1cnc(C(=O)Nc2ccc3c(c2)C2(CCSC(N)=N2)c2cc(C4=CCOCC4)ncc2O3)cn1,1.7,nM,8.77
CHEMBL3971440,N#Cc1ccc(C(=O)Nc2ccc3c(c2)C2(CCOC(N)=N2)c2cc(-c4ccnc(F)c4)cc(F)c2O3)nc1,1.0,nM,9.0
CHEMBL3938375,COc1cnc(C(=O)Nc2ccc3c(c2)C2(CCSC(N)=N2)c2cc(O)cc(F)c2O3)cn1,28.4,nM,7.55
CHEMBL3926305,COc1cnc(C(=O)Nc2ccc3c(c2)C2(CCSC(N)=N2)c2cc(-c4cncc(F)c4)nc(F)c2O3)cn1,2.8,nM,8.55
CHEMBL3965633,COc1ccc(C(=O)Nc2ccc3c(c2)C2(CCSC(N)=N2)c2cc(-c4cncc(F)c4)nc(F)c2O3)nc1,1.1,nM,8.96
CHEMBL3908654,NC1=NC2(CCS1)c1cc(NC(=O)c3ccc(F)cn3)ccc1Oc1c2cc(-c2ccnc(F)c2)nc1F,1.5,nM,8.82
CHEMBL3893104,NC1=NC2(CCS1)c1cc(NC(=O)c3ncc(Cl)cc3F)ccc1Oc1c2cc(C2=CCOCC2)nc1F,2.6,nM,8.59
CHEMBL3917597,Cc1cc(Br)cnc1C(=O)Nc1ccc2c(c1)C1(CCSC(N)=N1)c1cc(C3=CCOCC3)nc(F)c1O2,1.4,nM,8.85
CHEMBL3233830,CC1=CC2Cc3nc4cc(Cl)ccc4c(NCCCCCCCCCNC(=O)c4cc(O)c5c(c4)C(=O)c4cccc(O)c4C5=O)c3C(C1)C2.Cl,120.0,nM,6.92
CHEMBL1957471,COc1cccc(-c2cccc([C@]3(c4ccncc4)N=C(N)N4CC(F)(F)CN=C43)c2)c1F,20.42,nM,7.69
CHEMBL1957475,COc1cncc(-c2cccc(C3(c4ccc(OC(F)F)cc4)N=C(N)N4CC(F)(F)CN=C43)c2)c1,13.8,nM,7.86
CHEMBL1957480,COCC#Cc1cccc(C2(c3ccc(OC(F)F)cc3)N=C(N)N3CC(F)(F)CN=C32)c1,34.67,nM,7.46
CHEMBL2178164,COc1ccc(-c2nsc(C)c2C(=O)/N=C(\N)NCc2cc(Cl)c(NC(=O)CN3CCC3)c(Cl)c2)cc1,8.0,nM,8.1
CHEMBL2178194,COc1ccc(-c2nsc(C)c2C(=O)/N=C(\N)NCc2cc(C)c(NC(=O)CN(C)C)c(Cl)c2)cc1,20.0,nM,7.7
CHEMBL2178193,COc1ccc(-c2nsc(C)c2C(=O)/N=C(\N)NCc2cc(Cl)c(NC(=O)CN(C)C)c(Cl)c2)cc1,70.0,nM,7.16
CHEMBL2178189,COc1ccc(-c2noc(C)c2C(=O)/N=C(\N)NCc2cc(C)c(NC(=O)C3CC3)c(Cl)c2)cc1,330.0,nM,6.48
CHEMBL2380817,CC1(C)Cc2cc(Cl)ccc2C(NC(Cc2cscc2CCC2CC2)C(=O)O)=N1,570.0,nM,6.24
CHEMBL3653413,NC1=NC(c2cc(NC(=O)c3ccc(Br)cn3)c(F)cc2F)(C(F)F)COC1,1100.0,nM,5.96
CHEMBL3910114,COc1cnc(C(=O)Nc2ccc3c(c2)C2(CCOC(N)=N2)c2cc(-c4cncc(F)c4)nc(F)c2O3)cn1,1.3,nM,8.89
CHEMBL3931128,C[C@@]1(c2cc(NC(=O)c3ccc(Cl)cn3)cc(F)c2F)C[C@@H](C(F)(F)F)OC(N)=N1,24.0,nM,7.62
CHEMBL3940163,Cc1cc(C#N)cnc1C(=O)Nc1cc(F)c(F)c([C@]2(C)C[C@@H](C(F)(F)F)OC(N)=N2)c1,14.0,nM,7.85
CHEMBL3922335,COc1cnc(C(=O)Nc2cc(F)c(F)c([C@]3(C)C[C@@H](C(F)(F)F)OC(N)=N3)c2)c(Cl)c1,37.0,nM,7.43
CHEMBL3925742,Cc1cc(Cl)cnc1C(=O)Nc1cc(F)c(F)c([C@]2(C)C[C@@H](C(F)(F)F)OC(N)=N2)c1,9.5,nM,8.02
CHEMBL3961045,C[C@@]1(c2cc(Nc3nccc4cc(C#N)cnc34)cc(F)c2F)C[C@@H](C(F)(F)F)OC(N)=N1,14.0,nM,7.85
CHEMBL3670302,COc1cnc(C(=O)Nc2ccc(F)c([C@]3(C)CC(=C(C)C)SC(N)=N3)c2)cn1,19.0,nM,7.72
CHEMBL3670324,C[C@@]1(c2cc(NC(=O)c3cnc(-n4ccnn4)cn3)ccc2F)C=CSC(N)=N1,250.0,nM,6.6
CHEMBL1923707,CC(C)(C)Nc1c(-c2ccc(-c3nc4ccc(F)cc4[nH]3)cc2)nc2ccccn12,2479.0,nM,5.61
CHEMBL1923752,Fc1ccc2nc(-c3cccc(-c4cn5ccccc5n4)c3)[nH]c2c1,35.0,nM,7.46
CHEMBL1914472,CCC(C)[C@@]1(NC(C)=O)CCN([C@@H](CCc2ccccc2)C(=O)N[C@@H](Cc2cc(F)cc(F)c2)[C@H](O)CNCc2cccc(OC)c2)C1=O,2.0,nM,8.7
CHEMBL1915992,CCCC[C@H]1CCN([C@@H](CCc2ccccc2)C(=O)N[C@@H](Cc2cc(F)cc(F)c2)[C@H](O)[C@H]2C[C@@H](OCCC)CN2)C1=O,19.0,nM,7.72
CHEMBL1915996,CCCO[C@H]1CN[C@@H]([C@@H](O)[C@H](Cc2cc(F)cc(F)c2)NC(=O)[C@H](CCc2ccccc2)N2CC[C@H]([C@H](O)CCC)C2=O)C1,4.7,nM,8.33
CHEMBL3672941,NC1=N[C@@]2(c3cc(NC(=O)c4ccc(F)cn4)ccc3F)COC[C@@]2(F)CS1,15.6,nM,7.81
CHEMBL3672944,[C-]#[N+]c1ccc(C(=O)Nc2ccc(F)c([C@]34COC[C@@]3(F)COC(N)=N4)c2)nc1,45.0,nM,7.35
CHEMBL3927408,CO[C@H]1CC[C@]2(CC1)Cc1ccc(-c3ccc(F)c(C#N)c3)cc1[C@@]21N=C(C)C(N)=N1,2.5,nM,8.6
CHEMBL3688720,NC1=N[C@](c2cc(NC(=O)c3ccc(Br)cn3)ccc2F)(C(F)F)[C@@H]2C[C@@H]2O1,4185.0,nM,5.38
CHEMBL3688747,NC1=N[C@@](c2nc(NC(=O)c3ccc(Cl)cn3)ccc2F)(C(F)F)[C@H]2C[C@H]2O1,339.0,nM,6.47
CHEMBL3688798,NC1=N[C@@](c2cc(NC[C@@H]3C[C@H]3c3ccccc3)ccc2F)(C(F)F)[C@H]2C[C@H]2O1,11160.0,nM,4.95
CHEMBL412768,CC[C@H](C)[C@H](NC(=O)[C@H](CCC(=O)O)NC(=O)[C@H](CCC(=O)O)NC(=O)[C@@H](NC(=O)[C@@H](N)CCCCN)[C@@H](C)O)C(=O)N[C@@H](CO)C(=O)N[C@@H](CCC(=O)O)C(=O)N[C@H](C(=O)N[C@@H](CC(N)=O)C(=O)N[C@@H](CC(C)C)[C@@H](O)CC(=O)N[C@H](C(=O)N[C@@H](C)C(=O)N[C@@H](CCC(=O)O)C(=O)N[C@@H](Cc1ccccc1)C(=O)O)C(C)C)C(C)C,200.0,nM,6.7
CHEMBL2347208,C[C@@]1(c2cc(NC(=O)c3ccc(C#N)cn3)ccc2F)C[C@@H](C(F)(F)F)OC(N)=N1,30.4,nM,7.52
CHEMBL3915849,N#Cc1cccnc1Oc1ccc(F)c([C@]2(CF)C[C@@H](C(F)(F)F)OC(N)=N2)c1,5870.0,nM,5.23
CHEMBL3672449,O=C(/C=C/c1cccc2cc[nH]c12)CC(=O)/C=C/c1cccc2cc[nH]c12,940.0,nM,6.03
CHEMBL3969211,C[C@@]1(c2cc(NC(=O)N3CCc4ccccc4C3)ccc2F)C[C@@H](C(F)(F)F)OC(N)=N1,7530.0,nM,5.12
CHEMBL3895405,Cc1cc(C(F)F)cnc1C(=O)Nc1cc(F)c(F)c([C@]2(C)C[C@@H](C(F)(F)F)OC(N)=N2)c1,43.0,nM,7.37
CHEMBL3949268,C[C@@]1(c2cc(Nc3nccc4cc(Cl)cnc34)cc(F)c2F)C[C@@H](C(F)(F)F)OC(N)=N1,21.0,nM,7.68
CHEMBL3939374,C#CCOc1cnc(C(=O)Nc2ccc(F)c([C@]3(C)C[C@@H](C(F)(F)F)OC(N)=N3)c2)cn1,2.3,nM,8.64
CHEMBL3959903,CCCO[C@H]1CC[C@]2(CC1)Cc1ccc(-c3cccc(OC)c3)cc1C21N=C(N)N(C)O1,455.0,nM,6.34
CHEMBL558542,CCCN(CCC)C(=O)c1cc(C(=O)N[C@@H](Cc2cc(F)cc(F)c2)[C@H](O)CNCc2cccc(OC)c2)cc(S(=O)(=O)c2ccc(OC)cc2)c1,12.0,nM,7.92
CHEMBL539973,CCCN(CCC)C(=O)c1cc(C(=O)N[C@@H](Cc2cc(F)cc(F)c2)[C@H](O)CNCc2cccc(OC)c2)cc(C(C)O)c1,12.0,nM,7.92
CHEMBL552743,CCCN(CCC)C(=O)c1cc(CC(C)O)cc(C(=O)N[C@@H](Cc2cc(F)cc(F)c2)[C@H](O)CNCc2cccc(OC)c2)c1,34.0,nM,7.47
CHEMBL539466,CCCN(CCC)C(=O)c1cc(C(=O)N[C@@H](Cc2cc(F)cc(F)c2)[C@H](O)CNCc2cccc(OC)c2)cc(C(C)NC(C)=O)c1,45.0,nM,7.35
CHEMBL557352,COc1cccc(CNC[C@@H](O)[C@H](Cc2cc(F)cc(F)c2)NC(=O)c2cc(/C(C)=N\O)cc(N3CCCCS3(=O)=O)c2)c1,117.0,nM,6.93
CHEMBL541020,CO/N=C(/C)c1cc(C(=O)N[C@@H](Cc2cc(F)cc(F)c2)[C@H](O)CNCc2cccc(OC)c2)cc(N2CCCCS2(=O)=O)c1,345.0,nM,6.46
CHEMBL3941774,CO[C@H]1CC[C@]2(CC1)Cc1ccc(OCc3ccccc3)cc1C21N=C(N)N(C)O1,890.0,nM,6.05
CHEMBL5865271,COC1CCC2(CC1)Cc1ccc(CCC(F)(F)F)cc1C21N=C(N)N(CCF)C1=O,16.0,nM,7.8
CHEMBL3961260,CO[C@H]1CC[C@]2(CC1)Cc1ccc(Cl)cc1C21N=C(N)N(C(C)C)C1=O,169.0,nM,6.77
CHEMBL3656174,CN1C(=O)C2(N=C1N)c1cc(Br)ccc1CC21CCc2ccccc2CC1,1.4,nM,8.85
CHEMBL4107165,CN1C(=O)[C@]2(N=C1N)c1cc(-c3cccnc3F)ccc1CC21CCc2ccccc2CC1,213.0,nM,6.67
CHEMBL3930246,COCCOc1ccc2c(c1)C1(N=C(N)N(CC(F)(F)F)C1=O)[C@]1(CC[C@H](OC)CC1)C2,77.0,nM,7.11
CHEMBL566548,CC1(C)CN2C(N)=NC(c3ccc(OC(F)(F)F)cc3)(c3cccc(-c4cccnc4F)c3)C2=N1,190.0,nM,6.72
CHEMBL3688709,COc1cnc(C(=O)Nc2ccc(Cl)c([C@@]3(CF)N=C(N)O[C@@H]4C[C@@H]43)c2)c(Cl)c1,122.5,nM,6.91
CHEMBL3980634,Cc1cc(NC(=O)c2ccc(F)cn2)cc([C@]2(CF)C[C@@H](C(F)(F)F)OC(N)=N2)c1F,29.0,nM,7.54
CHEMBL3673206,C[C@H]1C[C@H]2[C@@H](CF)SC(N)=N[C@@]2(c2cc(CNCC(F)(F)F)c(F)cc2F)CO1,68.0,nM,7.17
CHEMBL3673226,COC1CCC2(CC1)Oc1ccc(C#CC3CC3)cc1C21N=C(N)c2ccccc21,74.0,nM,7.13
CHEMBL1791018,CCCC[C@H](NC(=O)C[C@H](O)[C@H](CC(C)C)NC(=O)[C@H](CCSC)NC(=O)[C@@H](NC(C)=O)[C@@H](C)CC)C(=O)NCc1cccc(C(=O)O)c1,86.0,nM,7.07
CHEMBL3683817,CC#CCOc1cnc(C(=O)Nc2ccc(F)c([C@]3(C)N=C(N)O[C@H]4C[C@H]43)c2)c(C)c1,2250.0,nM,5.65
CHEMBL565378,COc1ccc(C2(c3ccc(C#N)c(-c4cccnc4)c3)N=C(N)N(C)C2=O)cc1C,630.0,nM,6.2
CHEMBL3683873,COc1ccc(C(=O)Nc2cc(F)c(F)c([C@@]3(C(F)F)N=C(N)O[C@@H]4C[C@@H]43)c2)nc1,83.3,nM,7.08
CHEMBL3683874,Cc1cc(C(F)F)cnc1C(=O)Nc1ccc(Cl)c([C@@]2(CF)N=C(N)O[C@@H]3C[C@@H]32)c1,99.0,nM,7.0
CHEMBL3683884,Cc1cc(NC(=O)c2ncc(C#N)cc2Cl)cc([C@@]2(C(F)F)N=C(N)O[C@@H]3C[C@@H]32)c1F,23.0,nM,7.64
CHEMBL3683888,Cc1cc(C#N)cnc1C(=O)Nc1cc(F)c(Cl)c([C@]2(CF)N=C(N)O[C@H]3C[C@H]32)c1,44.8,nM,7.35
CHEMBL3688629,Cc1cc(Cl)cnc1C(=O)Nc1ccc(F)c([C@@]2(CF)N=C(N)O[C@@H]3C[C@@H]32)c1,33.8,nM,7.47
CHEMBL3688646,CC#CCOc1cnc(C(=O)Nc2ccc(Cl)c([C@@]3(C(F)F)N=C(N)O[C@@H]4C[C@@H]43)c2)cn1,1.7,nM,8.77
CHEMBL3688647,Cc1cc(C(F)(F)F)cnc1C(=O)Nc1ccc(Cl)c([C@@]2(C(F)F)N=C(N)O[C@@H]3C[C@@H]32)c1,15.1,nM,7.82
CHEMBL3688648,NC1=N[C@](c2cc(NC(=O)c3ccc(Cl)cn3)ccc2F)(C(F)(F)F)[C@@H]2C[C@@H]2O1,861.0,nM,6.07
CHEMBL3688649,C#CCOc1cnc(C(=O)Nc2ccc(Cl)c([C@]3(C(F)F)N=C(N)O[C@H]4C[C@H]43)c2)cn1,6.3,nM,8.2
CHEMBL3688698,COc1cnc(C(=O)Nc2ccc(Cl)c([C@@]3(CF)N=C(N)O[C@@H]4C[C@@H]43)c2)cn1,142.5,nM,6.85
CHEMBL1934195,COc1c2occc2c(OC/C=C(\C)CCC=C(C)C)c2ccc(=O)oc12,9900.0,nM,5.0
CHEMBL1270832,CN1C(=O)[C@@](c2ccc(OC(F)F)cc2)(c2cccc(/C=C/CCCO)c2)N=C1N,40.0,nM,7.4
CHEMBL1271346,COCC#Cc1cccc([C@@]2(c3ccc(OC(F)F)cc3)N=C(N)N(C)C2=O)c1,20.0,nM,7.7
CHEMBL1270029,CN1C(=O)[C@@](c2ccc(OC(F)F)cc2)(c2ccc(F)c(OCCCF)c2)N=C1N,10.0,nM,8.0
CHEMBL380257,C[C@@H](NC(=O)c1cc(C(=O)N[C@H](CO)Cc2ccccc2)cc(N(C)S(C)(=O)=O)c1)c1ccc(F)cc1,630.0,nM,6.2
CHEMBL397714,CCCN(CCC)C(=O)c1cc(C(N)=O)cc(C(=O)N[C@@H](Cc2cc(F)cc(F)c2)[C@H](O)CNCc2cccc(CC)c2)c1,5.0,nM,8.3
CHEMBL231325,CCCN(CCC)C(=O)c1cc(C(N)=O)cc(C(=O)N[C@@H](Cc2ccccc2)[C@H](O)CNCc2cccc(OC)c2)c1,100.0,nM,7.0
CHEMBL3891320,CO[C@H]1CC[C@]2(CC1)Cc1ccc(O)cc1[C@@]21N=C(C)C(N)=N1,1300.0,nM,5.89
CHEMBL230245,CC(C)S(=O)(=O)N(C)c1cc(C(=O)N[C@@H](Cc2ccccc2)[C@@H](N)CF)cc(NC[C@H]2C[C@@H]2C)n1,49.0,nM,7.31
CHEMBL89118,CSCC[C@H](NC(=O)[C@@H](NC(C)=O)C(C)C)C(=O)N[C@@H](CC1CCCCC1)C(O)CC(=O)N[C@H](C(=O)N[C@@H](C)C(=O)N[C@@H](CCC(=O)O)C(=O)N[C@@H](Cc1ccccc1)C(=O)O)C(C)C,5000.0,nM,5.3
CHEMBL3688703,N#Cc1ccc(C(=O)Nc2ccc(Cl)c([C@]3(CF)N=C(N)O[C@H]4C[C@H]43)c2)nc1,9510.0,nM,5.02
CHEMBL3688711,NC1=N[C@@](c2cc(NC(=O)c3cccc(Cl)n3)ccc2F)(C(F)F)[C@H]2C[C@H]2O1,1570.0,nM,5.8
CHEMBL3688806,NC1=N[C@@](c2cc(NCC3CC3)ccc2F)(C(F)F)[C@H]2C[C@H]2O1,1410.0,nM,5.85
CHEMBL3688809,N#Cc1cnc2c(c1)OCC[C@@H]2Nc1ccc(F)c([C@@]2(C(F)F)N=C(N)O[C@@H]3C[C@@H]32)c1,968.0,nM,6.01
CHEMBL3695753,CN1C(=O)C[C@]2(N=C1N)c1cc(-c3cccnc3F)ccc1Oc1c2cc(C2CCOC(C)(C)C2)nc1F,2.0,nM,8.7
CHEMBL3693256,COc1cnc(C(=O)Nc2ccc(F)c([C@]3(C)N=C(N)O[C@@H]4C[C@@H]43)c2)cn1,604.5,nM,6.22
CHEMBL3683857,COc1cnc(C(=O)Nc2ccc(F)c([C@@]3(C(F)F)N=C(N)O[C@@H]4C[C@@H]43)c2)nc1,121.5,nM,6.92
CHEMBL3683875,Cc1cc(NC(=O)c2ccc(Cl)cn2)cc([C@]2(C(F)F)N=C(N)O[C@H]3C[C@H]32)c1F,3530.0,nM,5.45
CHEMBL3683886,Cc1cc(NC(=O)c2ncc(Cl)cc2Cl)cc([C@@]2(C(F)F)N=C(N)O[C@@H]3C[C@@H]32)c1F,25.6,nM,7.59
CHEMBL3683900,NC1=N[C@@](c2cc(NC(=O)c3coc(C#CC4CC4)n3)ccc2F)(C(F)F)[C@H]2C[C@H]2O1,24805.0,nM,4.61
CHEMBL3688660,C#CCOc1ccc(C(=O)Nc2ccc(F)c([C@@]3(C(F)F)N=C(N)O[C@@H]4C[C@@H]43)c2)nc1,16.4,nM,7.79
CHEMBL3656172,CN1OC2(N=C1N)c1cc(-c3cccc(C#N)c3)ccc1CC21CCc2c(F)cccc2C1,617.9,nM,6.21
CHEMBL3642621,CCOC(=O)/C(F)=C/c1cccc(C2(C)CCSC(N)=N2)c1,8100.0,nM,5.09
CHEMBL4173515,N=c1oc2ccccc2cc1C(=O)Nc1cc(Br)ccc1NCc1cn(Cc2ccc(Br)cc2)nn1,6400.0,nM,5.19
CHEMBL5084378,C[C@@]1(c2cc(NC(=O)c3ccc(C#N)cn3)ccc2F)Cn2nc(C#N)cc2C(N)=N1,1.7,nM,8.77
CHEMBL5085412,C[C@@]1(c2cc(NC(=O)c3ccc(F)cn3)ccc2F)Cn2nc(C#N)cc2C(N)=N1,2.8,nM,8.55
CHEMBL5082406,C[C@@]1(c2cc(NC(=O)c3cnc(OCF)cn3)ccc2F)Cn2nc(C#N)cc2C(N)=N1,2.3,nM,8.64
CHEMBL2181011,COC(=O)[C@@H]1CCCN1C(=O)[C@@H](Cc1ccccc1)N(C)C(=O)[C@H](C)NC(=O)[C@H](CC(C)C)NC(=O)C[C@H](O)[C@H](Cc1ccccc1)NC(=O)c1cc(C(=O)N[C@H](C)c2ccccc2)cc(N(C)S(C)(=O)=O)c1,57.2,nM,7.24
CHEMBL2181022,COC(=O)[C@@H]1CCCN1C(=O)[C@@H](Cc1ccccc1)N(C)C(=O)[C@H](C)NC(=O)[C@H](CC(C)C)NC(=O)C[C@H](O)[C@H](Cc1ccccc1)NC(=O)[C@H](CCC(N)=O)N(C)C(=O)[C@@H](NC(=O)OCc1ccccc1)C(C)C,54.2,nM,7.27
CHEMBL493807,CCNc1cc(C(=O)N[C@@H](Cc2ccccc2)[C@H](O)CNC)cc(N2CCCCS2(=O)=O)c1.Cl,140.0,nM,6.85
CHEMBL257735,CCCN(CCC)C(=O)c1cc(C)cc(C(=O)N[C@@H](Cc2cc(F)cc(F)c2)[C@H](O)[C@H]2C[C@@H](Cc3ccccc3OC)CCN2)c1,1350.0,nM,5.87
CHEMBL239046,CCN(Cc1ccccc1)Cc1ccc(-c2cc3cc(OCCNC(=O)/C=C/c4cc(F)cc(F)c4)ccc3oc2=O)cc1,99.0,nM,7.0
CHEMBL3964122,Cc1c(C(=O)Nc2ccc(F)c([C@]3(CF)C[C@@H](C(F)(F)F)OC(N)=N3)c2)nc2ccccn12,888.0,nM,6.05
CHEMBL3930009,C[C@@]1(c2cc(NC(=O)c3nn(C(F)F)cc3Cl)cc(F)c2F)C[C@@H](C(F)(F)F)OC(N)=N1,7.0,nM,8.15
CHEMBL3963645,COc1ccc(C(=O)Nc2cc(Cl)c(F)c([C@]3(C)C[C@@H](C(F)(F)F)OC(N)=N3)c2)nc1,35.0,nM,7.46
CHEMBL404839,O=C(N[C@@H](Cc1cc(F)cc(F)c1)[C@H](O)[C@H]1C[C@@H](OCc2ccccc2)CN1)[C@H]1CC(=O)N(Cc2ccccn2)C1,312.0,nM,6.51
CHEMBL403850,CCCOCCN1C[C@@H](C(=O)N[C@@H](Cc2cc(F)cc(F)c2)[C@H](O)[C@H]2C[C@@H](OCc3ccccc3)CN2)CC1=O,850.0,nM,6.07
CHEMBL260634,CN(C)c1cccc(CNC[C@@H](O)[C@H](Cc2ccccc2)NC(=O)[C@@H]2CN(Cc3ccc(F)c(F)c3)C(=O)N2)c1,5740.0,nM,5.24
CHEMBL122899,O=c1[nH]c(=O)c2cc[nH]c2[nH]1,300.0,nM,6.52
CHEMBL3937663,NC1=N[C@](CF)(c2cc(NC(=O)c3ncc(Br)cc3Cl)ccc2F)C[C@@H](C(F)(F)F)O1,37.7,nM,7.42
CHEMBL3935940,C#CCOc1cnc(C(=O)Nc2cc(F)c(F)c([C@]3(CF)C[C@@H](C(F)(F)F)OC(N)=N3)c2)cn1,9.6,nM,8.02
CHEMBL939,COc1cc2ncnc(Nc3ccc(F)c(Cl)c3)c2cc1OCCCN1CCOCC1,20000.0,nM,4.7
CHEMBL1097334,CCCN(CCC)C(=O)c1cc(C)cc(C(=O)N[C@@H](Cc2cc(F)cc(F)c2)[C@H](O)[C@H]2CN(S(=O)(=O)c3ccncc3)CCN2)c1,400.0,nM,6.4
CHEMBL3806161,COc1ccc([C@@H]2C[C@@H](c3cccc(-c4cncnc4)c3)N=C(N)S2)cc1OC,1100.0,nM,5.96
CHEMBL4450749,Cc1cc(Cl)cnc1C(=O)Nc1ccc2c(c1)[C@@]1(C)N=C(N)C(C)(C)S(=O)(=O)[C@@H]1CCO2,6.0,nM,8.22
CHEMBL1821816,Cc1ccccc1-c1ccc2nc(N)c(C[C@H](C)C(=O)NCC3CCCCC3)cc2c1,970.0,nM,6.01
CHEMBL1821817,CCC(Cc1cc2cc(-c3ccccc3C)ccc2nc1N)C(=O)NCC1CCCCC1,16.0,nM,7.8
CHEMBL1821728,Cc1ccccc1-c1ccc2nc(N)c(C[C@@H](C)C(=O)N[C@@H]3CCOC(C)(C)C3)cc2c1,0.7,nM,9.15
CHEMBL1821826,Cc1cccnc1-c1ccc2nc(N)c(C[C@@H](C)C(=O)NCCC(C)(C)C)cc2c1,16.0,nM,7.8
CHEMBL3656175,CO[C@H]1CC2(Cc3ccc(-c4cccc(C#N)c4)cc3C23N=C(N)N(C)O3)C[C@H]1OC,4106.0,nM,5.39
CHEMBL3640269,Cc1nc(N2C[C@H]3C(=O)N(C)C(N)=N[C@@]3(c3ccccc3)C2)nc(C)c1F,292.0,nM,6.54
CHEMBL3640253,CCc1nc(N2C[C@H]3C(=O)N(C)C(N)=N[C@@]3(c3ccccc3)C2)nc(OC)c1F,144.0,nM,6.84
CHEMBL3640283,Cc1nc(N2C[C@H]3C(=O)N(C)C(N)=N[C@@]3(c3cc(F)ccc3F)C2)nc(C2CC2)c1F,235.0,nM,6.63
CHEMBL1917915,CCCN(CCC)C(=O)c1cc(C(=O)N[C@@H](Cc2cc(F)cc(F)c2)[C@H](O)[C@H]2C[C@@H](S(=O)(=O)CCC)CN2)cc(-c2ncco2)c1,68.0,nM,7.17
CHEMBL1914607,CCC(C)[C@@]1(NC(C)=O)CCN([C@@H](CCc2ccccc2)C(=O)N[C@@H](Cc2cc(F)cc(F)c2)[C@H](O)[C@H]2C[C@@H](S(=O)(=O)Cc3ccc(F)cc3)CN2)C1=O,3.0,nM,8.52
CHEMBL3688820,N#Cc1cnc(C(=O)Nc2ccc(F)c([C@@]3(C(F)F)N=C(N)O[C@@H]4C[C@@H]43)c2)c(CO)c1,17.0,nM,7.77
CHEMBL3693224,NC1=N[C@@](c2cc(NC(=O)c3cnc(C#CC4CC4)cn3)ccc2F)(C(F)F)[C@H]2C[C@H]2O1,29.6,nM,7.53
CHEMBL3688794,N#Cc1cnc2c(Nc3cc(F)c(F)c([C@@]4(C(F)F)N=C(N)O[C@@H]5C[C@@H]54)c3)ncc(F)c2c1,51.5,nM,7.29
CHEMBL5846167,COc1cnc(C(=O)Nc2ccc(F)c([C@]3(C)N=C(NC(=O)c4ccccc4)O[C@H]4C[C@H]43)c2)cn1,10750.0,nM,4.97
CHEMBL3683810,Cc1cc(C#N)cnc1C(=O)Nc1cc(F)c(F)c([C@]2(CF)N=C(N)O[C@H]3C[C@H]32)c1,26621.0,nM,4.58
CHEMBL3683835,COc1ccc(C(=O)Nc2ccc(F)c([C@@]3(CF)N=C(N)O[C@@H]4C[C@@H]43)c2F)nc1,3039.0,nM,5.52
CHEMBL5858849,COc1cccnc1Nc1ccc(F)c([C@]2(C)CC3(CCOCC3)SC(N)=N2)c1,2.0,nM,8.7
CHEMBL6004728,CC#Cc1cncc(-c2csc(C3(C)CC4(CCOCC4)OC(N)=N3)c2)c1,2290.0,nM,5.64
CHEMBL1645526,CC(C)C[C@H](NC(=O)[C@@H](NC(=O)[C@@H](N)CNC(=O)c1nn[nH]n1)C(C)C)C(=O)NCC(O)C(=O)O,6100.0,nM,5.21
CHEMBL4856694,O=C(N[C@@H](Cc1ccccc1)[C@@H](O)CNCc1cccc(C(F)(F)F)c1)C(c1ccccc1)c1ccccc1,8600.0,nM,5.07
CHEMBL4877574,O=C(CC(c1ccccc1)c1ccccc1)N[C@@H](Cc1ccccc1)[C@@H](O)CNCc1cccc(C(F)(F)F)c1,8300.0,nM,5.08
CHEMBL1916156,CCC[C@@H](O)[C@H]1CCN([C@@H](C)C(=O)N[C@@H](Cc2cc(F)cc(F)c2)[C@H](O)[C@H]2C[C@H](O)CN2)C1=O,40.0,nM,7.4
CHEMBL2177342,CCCOc1ccc2c(c1)[C@]1(COC(N)=N1)c1cc(-c3cncnc3)ccc1O2,52.0,nM,7.28
CHEMBL3653396,CC1(c2cc(NC(=O)c3ccc(Cl)cn3)ccc2F)COCC(N)=N1,110.0,nM,6.96
CHEMBL3653462,COCCOc1cnc(C(=O)Nc2ccc(F)c([C@]3(C(F)F)COCC(N)=N3)c2)cn1,45.0,nM,7.35
CHEMBL3653466,NC1=N[C@@](c2cc(NC(=O)c3ccc(OCF)cn3)ccc2F)(C(F)F)COC1,75.0,nM,7.12
CHEMBL3653469,Cc1cc(C(=O)Nc2ccc(F)c([C@]3(C(F)F)COCC(N)=N3)c2)n[nH]1,820.0,nM,6.09
CHEMBL3653471,COc1cnc(C(=O)Nc2ccc(F)c([C@]3(C(F)F)COCC(N)=N3)c2)cn1,100.0,nM,7.0
CHEMBL3653480,NC1=N[C@@](c2cc(NC(=O)c3cc4cncnc4[nH]3)ccc2F)(C(F)F)COC1,5200.0,nM,5.28
CHEMBL3653483,NC1=N[C@@](c2cc(NC(=O)c3ncc(Cl)cc3N)ccc2F)(C(F)F)COC1,12.0,nM,7.92
CHEMBL443909,CC(C)[C@H](NC(=O)C[C@H](O)[C@H](COCc1ccccc1)NC(=O)c1cc(C(=O)N[C@H](C)c2ccccc2)cc(N(C)S(C)(=O)=O)c1)C(=O)NCc1ccc(C(=O)O)cc1,24.0,nM,7.62
CHEMBL1082547,C[C@@H](NC(=O)c1cc(COC(=O)C(N)(CO)Cc2ccccc2)cc(N(C)S(C)(=O)=O)c1)c1ccc(F)cc1,310.0,nM,6.51
CHEMBL1083498,C[C@@H](NC(=O)c1cc(OCCC(N)(CO)Cc2ccccc2)cc(N(C)S(C)(=O)=O)c1)c1ccc(F)cc1,70500.0,nM,4.15
CHEMBL3976955,COc1cc(F)c2c(c1)C1(CCSC(N)=N1)c1cc(NC(=O)c3cnc(OC)cn3)ccc1O2,40.5,nM,7.39
CHEMBL2407496,C=CCCCC(=O)N[C@@H](Cc1cccc(CC=C)c1)[C@H](O)CN[C@H]1CC2(CCC2)Oc2ccc(CC)cc21,45.0,nM,7.35
CHEMBL567893,COC(=O)[C@@H]1CCCN1C(=O)[C@@H](Cc1ccccc1)N(C)C(=O)[C@H](C)NC(=O)[C@@H](NC(=O)C[C@H](O)[C@H](CC(C)C)NC(=O)[C@H](CC(N)=O)NC(=O)[C@H](CC(C)C)NC(=O)[C@H](OC(=O)[C@@H](OC(=O)[C@H](C(C)C)N(C)C)C(C)C)C(C)C)[C@@H](C)O,10000.0,nM,5.0
CHEMBL1276846,O=S(=O)(c1ccc(Cl)c(Cl)c1)N(CC1CC1)C[C@H](O)CN1CCN(C(c2ccccc2)c2ccccc2)CC1,5400.0,nM,5.27
CHEMBL1276932,O=S(=O)(c1ccc(Cl)c(Cl)c1)N(CC1CC1)C[C@@H](O)CN1CCN(C(c2ccccc2)c2ccccc2)CC1,4700.0,nM,5.33
CHEMBL2047906,CCc1cc(C[C@@H]2CS(=O)(=O)C[C@H](NCc3cccc(C(C)(C)C)c3)[C@H]2O)cc(F)c1NC(=O)CN(C)C,52.0,nM,7.28
CHEMBL2047908,CC(C)(C)c1cccc(CN[C@H]2CS(=O)(=O)C[C@@H](Cc3cc(F)c(N)c(-c4cc[nH]n4)c3)[C@@H]2O)c1,350.0,nM,6.46
CHEMBL568942,CCCCNC(=O)NCc1ccc(CN2C(=N)NC(CCC3CCCCC3)(CC3CCCCC3)C2=O)cc1,350.0,nM,6.46
CHEMBL570556,CC(=O)N[C@@H](Cc1cc(F)cc(F)c1)[C@H](O)CNC1(c2cccc(C(C)(C)C)c2)CCOCC1,61.0,nM,7.21
CHEMBL50,O=c1c(O)c(-c2ccc(O)c(O)c2)oc2cc(O)cc(O)c12,10820.0,nM,4.97
CHEMBL1270337,CN1C(=O)[C@@](c2ccc(OC(F)F)cc2)(c2cccc(/C=C/CCF)c2)N=C1N,40.0,nM,7.4
CHEMBL1271036,CCCC#Cc1cccc([C@@]2(c3ccc(OC(F)F)cc3)N=C(N)N(C)C2=O)c1,30.0,nM,7.52
CHEMBL3927449,CO[C@H]1CC[C@]2(CC1)Cc1ccc(OCC3CCC3)cc1[C@@]21N=C(C)C(N)=N1,4.5,nM,8.35
CHEMBL3654231,NC1=N[C@@]2(c3ccc(F)cc3F)CO[C@@H](c3ncccn3)C[C@H]2CS1,983.0,nM,6.01
CHEMBL3691383,NC1=N[C@@]2(c3ccc(F)cc3F)CO[C@@H](CO)C[C@H]2CS1,2270.0,nM,5.64
CHEMBL3691359,NC1=N[C@@]2(c3ccc(F)cc3F)CO[C@@H](COCc3ccccc3)C[C@H]2CO1,32.3,nM,7.49
CHEMBL3695749,CN1C(=O)C[C@]2(N=C1N)c1cc(-c3cccnc3F)ccc1Oc1c2cc(C2=CCCOC2)nc1F,2.8,nM,8.55
CHEMBL3650818,CC1(C)Oc2ccc(-c3ccc(OC(F)F)cc3)cc2C2(COC(N)=N2)C12COC2,3160.0,nM,5.5
CHEMBL3703227,CC#Cc1cncc(-c2ccc3c(c2)C2(COC(N)=N2)C2(COC2)CO3)n1,2600.0,nM,5.58
CHEMBL3703229,NC1=NC2(CO1)c1cc(C3=CCOCC3)ccc1OCC21COC1,32900.0,nM,4.48
CHEMBL3703263,NC1=NC2(CO1)c1cc(-c3cnc4[nH]cc(Cl)c4c3)ccc1OCC21CC1,1330.0,nM,5.88
CHEMBL3650786,CC1(C)Oc2ccc(-c3cc(Cl)cnc3F)cc2C2(COC(N)=N2)C12COC2,313.0,nM,6.5
CHEMBL3932733,C[C@H]1C[C@H]2CSC(N)=N[C@@]2(c2nc(NC(=O)c3coc(C4CC4)n3)cs2)CO1,1310.0,nM,5.88
CHEMBL3972449,Cc1cc(OC(F)F)cnc1C(=O)Nc1csc([C@]23CO[C@@H](C)C[C@H]2CSC(N)=N3)n1,23.0,nM,7.64
CHEMBL3688722,Cc1cc(NC(=O)c2ncc(C#N)cn2)cc([C@@]2(C(F)F)N=C(N)O[C@@H]3C[C@@H]32)c1F,99.0,nM,7.0
CHEMBL3688729,COc1cnc(C(=O)Nc2cc(C)c(F)c([C@@]3(C(F)F)N=C(N)O[C@@H]4C[C@@H]43)c2)c(C)c1,117.5,nM,6.93
CHEMBL3688759,C[C@]1(c2cc(NC(=O)c3ccc(Cl)cn3)cnc2F)N=C(N)O[C@@H]2C[C@@H]21,94.4,nM,7.03
CHEMBL3688817,N#Cc1cnc2c(Nc3ccc(F)c([C@@]4(CF)N=C(N)O[C@@H]5C[C@@H]54)c3)ncnc2c1,197.5,nM,6.7
CHEMBL3943026,CCc1ccc2c(c1)CCC[C@]21CNC[C@H]1C(=O)N1CCC(c2ccccc2)CC1,19000.0,nM,4.72
CHEMBL3640221,C[C@@]1(c2cccc(NC(=O)c3cnc(OCc4ccccc4)cn3)c2)CCSC(N)=N1,80.0,nM,7.1
CHEMBL3640230,C[C@@]1(c2cc(NC(=O)COc3ccccc3O)ccc2F)CCSC(N)=N1,9250.0,nM,5.03
CHEMBL3688741,NC1=N[C@](CF)(c2cc(NC(=O)c3ncc(Cl)cc3CF)ccc2Cl)[C@H]2C[C@H]2O1,25.2,nM,7.6
CHEMBL3688824,N#Cc1cnc(C(=O)Nc2ccc(Cl)c([C@@]3(CF)N=C(N)O[C@@H]4C[C@@H]43)c2)c(F)c1,50.25,nM,7.3
CHEMBL3688615,NC1=N[C@](CF)(c2cc(NC(=O)c3ccc(OCF)cn3)ccc2Cl)[C@H]2C[C@H]2O1,99.8,nM,7.0
CHEMBL3688627,Cc1cc(C#N)cnc1C(=O)Nc1ccc(F)c([C@@]2(CF)N=C(N)O[C@@H]3C[C@@H]32)c1,32.4,nM,7.49
CHEMBL3688661,CC#CCOc1ccc(C(=O)Nc2ccc(F)c([C@@]3(C(F)F)N=C(N)O[C@@H]4C[C@@H]43)c2)nc1,5.7,nM,8.24
CHEMBL3985399,CO[C@H]1CC[C@]2(CC1)Cc1ccc(CC(C)C)cc1C21N=C(N)N(C(C)C)C1=O,78.2,nM,7.11
CHEMBL3656202,CCc1ccc2c(c1)C1(N=C(N)N(C(C)C)C1=O)[C@]1(CC[C@H](OC)CC1)C2,199.3,nM,6.7
CHEMBL3656205,CCCCCc1ccc2c(c1)C1(N=C(N)N(C(C)C)C1=O)[C@]1(CC[C@H](OC)CC1)C2,39.0,nM,7.41
CHEMBL3986229,CO[C@H]1CC[C@]2(CC1)Cc1ccc(-c3cc(C#N)cs3)cc1C21N=C(N)N(C(C)C)C1=O,250.5,nM,6.6
CHEMBL3894384,CCO[C@H]1CC[C@]2(CC1)Cc1ccc(-c3cccc(OC)c3)cc1C21N=C(N)N(C)O1,86.0,nM,7.07
CHEMBL3656132,COC1CCC2(CC1)Cc1ccc(-c3cccc(OC(F)(F)F)c3)cc1C21N=C(N)N(C)C1=O,7.8,nM,8.11
CHEMBL3656166,CN1OC2(N=C1N)c1cc(-c3cccc(C#N)c3)ccc1CC21C=CC(c2ccccc2)C1,295.2,nM,6.53
CHEMBL3656188,CCCN1C(=O)C2(N=C1N)c1cc(C#N)ccc1CC21CCC(OC)CC1,99.1,nM,7.0
CHEMBL568114,COc1ccc(C2(c3cccc(-c4cccnc4)c3)N=C(N)N(C)C2=O)cc1C#N,150.0,nM,6.82
CHEMBL567259,COc1ncccc1-c1cccc(C2(c3ccc(OC(F)(F)F)cc3)N=C(N)N(C)C2=O)c1,520.0,nM,6.28
CHEMBL3645160,CC(C)COc1cnc(C(=O)Nc2cccc([C@]3(C)CCSC(N)=N3)c2)cn1,90.0,nM,7.05
CHEMBL3640223,CC#CCCOc1cnc(C(=O)Nc2cccc([C@]3(C)CCSC(N)=N3)c2)cn1,120.0,nM,6.92
CHEMBL3980368,CO[C@H]1CC[C@]2(CC1)Cc1ccc(-c3cnc(C)c(Cl)c3)cc1C21N=C(C)C(N)=N1,12.0,nM,7.92
CHEMBL2152920,CCC#Cc1cncc(-c2ccc3c(c2)C2(N=C(C)C(N)=N2)[C@]2(CC[C@H](OC)CC2)C3)c1,2.3,nM,8.64
CHEMBL3653730,CC1=NC2(N=C1N)c1cc(-c3cc(Cl)cc(C#N)c3)ccc1CC21CC1,101.0,nM,7.0
CHEMBL3987125,CC#Cc1cncc(-c2ccc3c(c2)C2(N=C(C)C(N)=N2)[C@]2(CC[C@H](OCC)CC2)C3)c1,22.0,nM,7.66
CHEMBL28,O=c1cc(-c2ccc(O)cc2)oc2cc(O)cc(O)c12,38500.0,nM,4.42
CHEMBL4217881,COCC1=C[C@@](C)(c2cc(NC(=O)c3ccc(C#N)cn3)ccc2F)N=C(N)O1,73.7,nM,7.13
CHEMBL4215276,C[C@@]1(c2cc(NC(=O)c3cnc(C(F)F)cn3)ccc2F)C=C(CF)OC(N)=N1,313.0,nM,6.5
CHEMBL4216758,C[C@@]1(c2cc(NC(=O)c3cnc(OCF)cn3)ccc2F)C=C(CF)OC(N)=N1,139.0,nM,6.86
CHEMBL4207962,C[C@@]1(c2cc(NC(=O)c3ncc(C#N)cc3Cl)ccc2F)C=C(CF)OC(N)=N1,12.0,nM,7.92
CHEMBL566407,CCCOc1cc(C2(c3cccc(-c4cccnc4)c3)N=C(N)N(C)C2=O)ccc1OC,50.0,nM,7.3
CHEMBL566638,COc1ccc(C2(c3cccc(-c4cccnc4)c3)N=C(N)N(C)C2=O)cc1OC1CCCC1,69.98,nM,7.16
CHEMBL4434956,Cc1ccc(F)cc1-c1cccc(C2(c3ccccc3)N=C(N)N(C)C2=O)c1,328.1,nM,6.48
CHEMBL3670375,C[C@@]1(c2nc(NC(=O)c3ncc(C(F)(F)F)cc3Cl)ccc2F)CO[C@@](C)(C(F)(F)F)C(N)=N1,11.0,nM,7.96
CHEMBL585215,NC1=NC(c2ccccc2)(C2CCCCC2)C(=O)N1Cc1ccccc1,1240.0,nM,5.91
CHEMBL4796846,O=[N+]([O-])c1ccc(CNC2CCN(Cc3ccccc3)C2)cc1,1814.0,nM,5.74
CHEMBL4550000,CN1C[C@@](C)(c2cc(NC(=O)c3ccc(Cl)cn3)ccc2F)N=C(N)C1=O,23.44,nM,7.63
CHEMBL4525199,C[C@@]1(c2cc(NC(=O)c3ccc(C#N)cn3)ccc2F)Cn2ccnc2C(N)=N1,28.84,nM,7.54
CHEMBL3261075,C[C@@]1(c2cc(NC(=O)c3ccc(C#N)cn3)ccc2F)Cn2cccc2C(N)=N1,1.318,nM,8.88
CHEMBL54083,CC(C)CC(NC(=O)C(O)c1ccccc1OCc1ccccc1)[C@@H](O)CC(=O)N[C@@H](C(=O)N[C@H](C)C(=O)N[C@H](CCC(=O)O)C(=O)N[C@H](Cc1ccccc1)C(=O)O)C(C)C,11000.0,nM,4.96
CHEMBL53024,CC(C)C[C@H](NC(=O)C(O)c1cccc2ccccc12)[C@@H](O)CC(=O)N[C@H](C(=O)NCc1ccc(C(=O)O)cc1)C(C)C,50000.0,nM,4.3
CHEMBL560612,CCc1cn2c3c(cc(C(=O)N[C@@H](Cc4ccccc4)[C@H](O)CNC4CCOCC4)cc13)N(C)S(=O)(=O)CC2,90.0,nM,7.05
CHEMBL559954,CCc1cn2c3c(cc(C(=O)N[C@@H](Cc4ccccc4)[C@H](O)CNCC4CCOCC4)cc13)OS(=O)(=O)CC2,86.0,nM,7.07
CHEMBL549458,CCNC[C@@H](O)[C@H](Cc1ccccc1)NC(=O)c1cc2c3c(cn(CC)c3c1)CCS(=O)(=O)N2C,23.0,nM,7.64
CHEMBL564530,CCn1cc2c3c(cc(C(=O)N[C@@H](Cc4ccccc4)[C@H](O)CNCCC(F)(F)F)cc31)N(C)S(=O)(=O)CC2,3.0,nM,8.52
CHEMBL252547,COc1cccc(CNC[C@@H](O)[C@H](Cc2ccccc2)NC(=O)CCCS(=O)(=O)c2ccccc2)c1,4131.0,nM,5.38
CHEMBL2314789,O=C1Nc2ccccc2C(c2ccccc2)=N[C@H]1C(O)CN1CCNCC1,12500.0,nM,4.9
CHEMBL231160,CCN(CCCCCCNC1=CC(=O)C(NCCCCCCN(CC)Cc2ccccc2OC)=CC1=O)Cc1ccccc1OC,108.0,nM,6.97
CHEMBL1927636,CC(C)C[C@H](NC(=O)[C@H](CC(N)=O)NC(=O)[C@@H](NC(=O)[C@@H](N)CCC(=O)O)C(C)C)[C@@H](O)C[C@H](C(=O)N[C@@H](C)C(=O)N[C@@H](CCC(=O)O)C(=O)N[C@@H](Cc1ccccc1)C(=O)O)C(C)C,164.5,nM,6.78
CHEMBL1927635,CC[C@H](C)[C@H](NC(=O)[C@@H](N)CCC(N)=O)C(=O)N[C@@H](CC(=O)O)C(=O)N[C@@H](CC(C)C)[C@@H](O)C[C@@H](C)C(=O)N[C@@H](C)C(=O)N[C@@H](CCC(=O)O)C(=O)N[C@@H](Cc1ccccc1)C(=O)O,45.5,nM,7.34
CHEMBL2380438,CC1(c2cccc(-c3cccnc3)c2)N=C(N)c2ccccc2O1,500.0,nM,6.3
CHEMBL2380455,COc1ccc(C2(c3cccc(-c4cccnc4)c3)N=C(N)CS2)cc1,400.0,nM,6.4
CHEMBL583888,NC1=NC(c2ccc(OC(F)(F)F)cc2)(c2cccc(CCC3CC3)c2)C2=NCCCN12,210.0,nM,6.68
CHEMBL1615184,CCCN1C(=O)OC[C@@H]1Cc1cc(C[C@@H]2CS(=O)(=O)C[C@H](NCc3cccc(C(C)C)c3)[C@H]2O)ccc1O,150.0,nM,6.82
CHEMBL1760863,O=S1(=O)C[C@@H](Cc2ccc(O)c(Br)c2)[C@H](O)[C@@H](NCc2ccccc2)C1,66000.0,nM,4.18
CHEMBL1760865,CC(C)(C)c1cccc(CN[C@H]2CS(=O)(=O)C[C@@H](Cc3ccc(O)c(Br)c3)[C@@H]2O)c1,550.0,nM,6.26
CHEMBL1762555,O=C1C(c2ccc(O)cc2)=CC(=O)c2c(O)cccc21,16090.0,nM,4.79
CHEMBL1762687,CC(=O)Oc1cc(-c2ccccc2)c(OC(C)=O)c(-c2ccccc2)c1,20010.0,nM,4.7
CHEMBL564712,CCNc1cc(C(=O)N[C@@H](Cc2ccccc2)[C@H](O)CNC2CCOCC2)cc2c1CCCS(=O)(=O)N2C,190.0,nM,6.72
CHEMBL1088215,CCCCNC(=O)[C@H](C)C[C@H](O)[C@H](CC(C)C)NC(=O)[C@H](CCSC)NC(=O)[C@H](C)NC(C)=O,4000.0,nM,5.4
CHEMBL209795,CCCCNC(=O)[C@H](C)C[C@H](O)[C@H](CC(C)C)NC(=O)[C@H](C)NC(=O)[C@H](CC(C)C)NC(C)=O,120.0,nM,6.92
CHEMBL85379,CC[C@H](C)[C@H](O)C(=O)N[C@@H](CC(F)F)C(=O)N[C@@H](Cc1ccccc1)[C@@H](O)C[C@@H](CC(F)F)C(=O)N[C@H](C(=O)NCc1ccncc1)C(C)C,3180.0,nM,5.5
CHEMBL393501,Cn1c(N)nc(CCc2cccc(-c3ccccc3)c2)cc1=O,29000.0,nM,4.54
CHEMBL377548,CCCCNC(=O)[C@H](C)C[C@H](O)[C@@H]1COC/C=C/CSC[C@H](NC(=O)OC(C)(C)C)C(=O)N[C@@H](C)C(=O)N1,510.0,nM,6.29
CHEMBL3909581,NC1=N[C@@]2(c3cc(NC(=O)c4ncc(Cl)cc4Cl)ccc3F)OCC[C@H]2CS1,33.0,nM,7.48
CHEMBL1163400,CC1=C(C(=O)NOCc2ccccc2)C(C)C(C(=O)N[C@@H](Cc2ccccc2)[C@H](O)CNC2CC2)=C(C)N1S(C)(=O)=O,14900.0,nM,4.83
CHEMBL1165393,CCC1C(C(=O)NOCc2ccccc2)=C(C)N(S(C)(=O)=O)C(C)=C1C(=O)N[C@@H](Cc1ccccc1)[C@H](O)CNC1CC1,9500.0,nM,5.02
CHEMBL1163407,CC1=C(C(=O)NOCc2ccccc2)C(c2ccccc2)C(C(=O)N[C@@H](Cc2ccccc2)[C@H](O)CNC2CC2)=C(C)N1S(C)(=O)=O,21400.0,nM,4.67
CHEMBL1165492,CC1=C(C(=O)OCc2ccccc2)C(C)C(C(=O)N[C@@H](Cc2ccccc2)[C@H](O)CNC2CC2)=CN1CC(=O)OC(C)C,16100.0,nM,4.79
CHEMBL137755,CC(C)C[C@H](NC(=O)[C@H](CC(N)=O)NC(=O)[C@@H](NC(=O)[C@@H](N)CCC(=O)O)C(C)C)[C@@H](O)CC(=O)N[C@H](C(=O)N[C@@H](C)C(=O)N[C@@H](CCC(=O)O)C(=O)N[C@@H](Cc1ccccc1)C(=O)O)C(C)C,46.0,nM,7.34
CHEMBL1164464,O=C(NCCc1ccc(Cl)cc1)c1ccc(Cn2c(=S)[nH]c3ccc(N4CCOCC4)cc3c2=O)cc1,100000.0,nM,4.0
CHEMBL1164239,CCSc1scc(CC)c1C1C(C(=O)Nc2ccc(Br)cn2)=C(C)NC2=C1C(=O)CC(C)(C)C2,100000.0,nM,4.0
CHEMBL3127103,CN1C(=O)[C@]2(N=C1N)c1cc(-c3cccc(OC(F)F)c3)ccc1O[C@H]1CCOC[C@@H]12,21.0,nM,7.68
CHEMBL540757,CCn1cc2c3c(cc(C(=O)N[C@@H](Cc4ccccc4)[C@H](O)CNCC(F)F)cc31)N(C)S(=O)(=O)CC2,20.0,nM,7.7
CHEMBL5440565,CN(CCOCCn1c2ccccc2c2ccccc21)C(CCN)C(=O)NCc1ccccc1,9420.0,nM,5.03
CHEMBL253103,CC(C)NC[C@@H](O)[C@H](Cc1ccccc1)NC(=O)c1cc(C(=O)N[C@H](C)c2ccccc2)cc(N(C)S(C)(=O)=O)c1,1100.0,nM,5.96
CHEMBL1782310,Cc1cc(C)nc(N/C(=N\C(=O)N2c3ccccc3Sc3ccccc32)Nc2cccc([N+](=O)[O-])c2)n1,28600.0,nM,4.54
CHEMBL1782318,Cc1ccc(NC(=O)Cc2nnc(SCC(=O)Nc3nc(-c4ccccc4)cs3)n2C)cc1,21000.0,nM,4.68
CHEMBL2019035,COc1ccc2oc(C(=O)NCCCCCCCCCCNc3c4c(nc5cc(Cl)ccc35)CCCC4)cc(=O)c2c1.Cl,14400.0,nM,4.84
CHEMBL2019047,Cl.O=C(NCCCCCCCCCCNc1c2c(nc3ccccc13)CCCC2)c1cc(=O)c2c(O)cc(O)cc2o1,3600.0,nM,5.44
CHEMBL2048061,Nc1c(F)cc(C[C@@H]2CS(=O)(=O)C[C@H](NCc3cccc(OC(F)(F)F)c3)[C@H]2O)cc1OC(C(F)(F)F)C(F)(F)F,950.0,nM,6.02
CHEMBL2047038,CC(C)c1cccc(CNC[C@@H](O)[C@@H]2COCCCCCCNC(=O)c3cc(cc(N(C)S(C)(=O)=O)c3)C(=O)N2)c1,7.7,nM,8.11
CHEMBL2047039,CC(C)c1cccc(CNC[C@@H](O)[C@@H]2COC/C=C\CCN(C)C(=O)c3cc(cc(N(C)S(C)(=O)=O)c3)C(=O)N2)c1,7.5,nM,8.12
CHEMBL370369,CC(C)C(=O)c1cc(C(=O)N[C@@H](Cc2ccccc2)[C@H](O)CNC2CC2)cc(N(C)S(C)(=O)=O)c1,240.0,nM,6.62
CHEMBL312058,CC(C)[C@H](O)C(=O)N[C@@H](C)C(=O)N[C@@H](Cc1ccccc1)[C@@H](O)C[C@@H](C)C(=O)N[C@H](C(=O)NCc1ccncc1)C(C)C,130.0,nM,6.89
CHEMBL2048038,CCCOc1cc(C[C@@H]2CS(=O)(=O)C[C@H](NCc3cccc(C(C)(C)C)c3)[C@H]2O)cc(F)c1N,56.0,nM,7.25
CHEMBL2048042,CC(C)(C)c1cccc(CN[C@H]2CS(=O)(=O)C[C@@H](Cc3cc(O)c(N)c(F)c3)[C@@H]2O)c1,120.0,nM,6.92
CHEMBL237062,CCCOc1ccc(-c2scc(-c3ccccc3Cl)c2CC(=O)N=C(N)N)cc1,630.0,nM,6.2
CHEMBL237061,CCCOc1ccc(-c2csc(-c3ccccc3)c2CC(=O)N=C(N)N)cc1,1890.0,nM,5.72
CHEMBL221118,Nc1cccc(CCc2ccc3cc[nH]c3c2)n1,94000.0,nM,4.03
CHEMBL143687,COC(=O)c1cc(NC(=O)[C@@H](NC(=O)C[C@H](O)[C@H](Cc2cc(F)cc(F)c2)NC(=O)C(O)c2ccccc2-c2ccccc2)C(C)C)cc(C(=O)OC)c1,120.0,nM,6.92
CHEMBL5089745,C[C@@]1(c2nc(NC(=O)c3ncc(OCCF)nc3N)ccc2F)CO[C@@](C)(C(F)(F)F)C(N)=N1,696.0,nM,6.16
CHEMBL5075177,COc1cnc(C(=O)Nc2ccc(F)c([C@]3(C)CO[C@@](C)(C(F)(F)F)C(N)=N3)c2)c(C)c1,33.0,nM,7.48
CHEMBL5074449,C[C@@]1(c2cc(NC(=O)c3ncc(OC(F)F)cc3Cl)ccc2F)CO[C@@](C)(C(F)(F)F)C(N)=N1,16.0,nM,7.8
CHEMBL1209284,CC(=O)N[C@@H](Cc1cc(F)cc(F)c1)[C@H](O)CNC1(c2cccc(N3CCCNC3=O)c2)CCCCC1,1000.0,nM,6.0
CHEMBL450522,COc1cc(O)c2c(=O)cc(-c3ccc(O)cc3)oc2c1-c1cc(-c2cc(=O)c3c(O)cc(O)cc3o2)ccc1O,1580.0,nM,5.8
CHEMBL1165658,Oc1c(I)cc(I)cc1/C=N/Nc1nc(Nc2ccccc2)nc(Nc2ccccc2)n1,25500.0,nM,4.59
CHEMBL1163250,O=C(NCc1ccccc1Cl)c1ccc(N2CC3CC(C2)c2cccc(=O)n2C3)c(NS(=O)(=O)c2ccc3c(c2)OCCO3)c1,100000.0,nM,4.0
CHEMBL1165815,CN(C)CCNC(=O)c1c[nH]c2ccc(S(=O)(=O)N3CCc4ccccc4C3)cc2c1=O,100000.0,nM,4.0
CHEMBL1165057,NS(=O)(=O)c1ccc(NC(=O)CSc2nnc(-c3ccccc3)c(-c3ccccc3)n2)cc1,100000.0,nM,4.0
CHEMBL1164332,COc1ccc(C(=O)Nc2ccccc2C(=O)NC(CCSC)C(=O)NNC(=O)Sc2nc3ccccc3s2)cc1,50000.0,nM,4.3
CHEMBL1163234,CC(C)(C)OC(=O)NC(CC(=O)OCc1ccccc1)C(=O)NC(COCc1ccccc1)C(=O)NCC(=O)OCc1ccccc1,100000.0,nM,4.0
CHEMBL1163845,O=C(C[n+]1cccc(C(=O)NCCc2ccccc2)c1)Nc1cccc(C(=O)Nc2ccc(Cl)cc2)c1.[Cl-],12000.0,nM,4.92
CHEMBL301944,COc1cc(CC(=O)NC(CC(C)C)[C@@H](O)CC(=O)N[C@@H](C(=O)N[C@H](C)C(=O)N[C@H](CCC(=O)O)C(=O)N[C@H](Cc2ccccc2)C(=O)O)C(C)C)cc(OC)c1OC,94000.0,nM,4.03
CHEMBL312277,CSCC[C@H](NC(=O)[C@@H](NC(=O)OC(C)(C)C)C(C)C)C(=O)N[C@@H](Cc1ccccc1)[C@@H](O)C[C@@H](C)C(=O)N[C@H](C(=O)NCc1ccccc1)C(C)C,28.0,nM,7.55
CHEMBL464912,NCCCCCCNCCOc1ccc(Br)cc1NC(=O)Cc1cccc2ccccc12,18330.0,nM,4.74
CHEMBL1916158,CCC(C)[C@@]1(NC(C)=O)CCN([C@@H](CCc2ccccc2)C(=O)N[C@@H](Cc2cc(F)cc(F)c2)[C@H](O)[C@H]2C[C@@H](Oc3ccccn3)CN2)C1=O,2.6,nM,8.59
CHEMBL1915974,CCCC[C@H]1CCN([C@@H](CCc2ccccc2)C(=O)N[C@@H](Cc2cc(F)cc(F)c2)[C@H](O)CNCc2cccc(OC)c2)C1=O,350.0,nM,6.46
CHEMBL1916161,CC(C)C[C@H]1CCN([C@@H](CCc2ccccc2)C(=O)N[C@@H](Cc2cc(F)cc(F)c2)[C@H](O)[C@H]2C[C@@H](Oc3ccccn3)CN2)C1=O,510.0,nM,6.29
CHEMBL539467,CO/N=C(/C)c1cc(C(=O)NC(C)c2ccc(F)cc2)cc(C(=O)N[C@@H](Cc2cc(F)cc(F)c2)[C@H](O)CNCc2cccc(OC)c2)c1,24.0,nM,7.62
CHEMBL557278,CCCN(CCC)C(=O)c1cc(Oc2ccccc2OC)cc(C(=O)N[C@@H](Cc2cc(F)cc(F)c2)[C@H](O)CNCc2cccc(OC)c2)c1,54.0,nM,7.27
CHEMBL553457,COc1cccc(CNC[C@@H](O)[C@H](Cc2cc(F)cc(F)c2)NC(=O)c2cc(C(=O)N[C@H](C)c3ccccc3)cc(C(C)O)c2)c1,92.0,nM,7.04
CHEMBL211256,CCOC(=O)CN1CCN(c2ccc(-c3ccccc3)cc2NC(=O)c2cccc3ccccc23)CC1,90.0,nM,7.05
CHEMBL203120,O=C(Nc1cc(Br)ccc1N1CCNCC1)c1cccc2ccccc12.O=C(O)C(F)(F)F,1000.0,nM,6.0
CHEMBL445734,CCNc1cc(C(=O)N[C@@H](Cc2ccccc2)[C@H](O)CNCc2cccc(C(F)(F)F)c2)c(F)c(N2CCCC2=O)c1,9.0,nM,8.05
CHEMBL253641,CCNc1cc(C(=O)N[C@@H](Cc2ccccc2)[C@H](O)CNCc2cccc(C(F)(F)F)c2)c(F)c(N2CCCCS2(=O)=O)c1,5.0,nM,8.3
CHEMBL451950,COC[C@H]1CCCN1C(=O)c1cc(C)cc(C(=O)N[C@@H](Cc2cc(F)cc(F)c2)[C@H](O)[C@@H]2NCN(Cc3ccccc3)C2=O)c1,2.0,nM,8.7
CHEMBL270153,CCCN(CCC)C(=O)c1cc(C)cc(C(=O)N[C@@H](Cc2cc(F)cc(F)c2)[C@H](O)[C@H]2CCCCN2)c1,240.0,nM,6.62
CHEMBL5085067,CCC[C@@H]1NC(=O)[C@@H](NC(=O)[C@@H](N)CCC(=O)O)C(C)(C)OC/C=C\C[C@@H]([C@H](O)CNc2ccc(CC(=O)O)cc2)NC1=O,1200.0,nM,5.92
CHEMBL4525240,C[C@@]1(c2cc(NC(=O)c3ccc(C#N)cc3)ccc2F)Cn2cnc(C(F)F)c2C(N)=N1,3.5,nM,8.46
CHEMBL4515824,NC1=N[C@@]2(c3cc(NC(=O)c4ccc(C(F)(F)F)cn4)ccc3F)CO[C@H](C(F)(F)F)[C@H]2CO1,11.9,nM,7.92
CHEMBL4573881,Cc1cc(C#N)cnc1C(=O)Nc1ccc(F)c([C@]2(C)CS3(=O)=NCCCCN3C(N)=N2)c1,2.0,nM,8.7
CHEMBL4556248,COc1ccc(C(=O)Nc2ccc(F)c([C@]3(C)CC[C@@](C)(C#N)C(N)=N3)c2)nc1,6.9,nM,8.16
CHEMBL595066,COCc1cc2cc(c1)C(=O)N[C@H]([C@H](O)CNC1(c3cccc(C(C)C)c3)CC1)Cc1cccc(c1)OCCCCN2,17.0,nM,7.77
CHEMBL595303,COCc1cc2cc(c1)C(=O)N[C@H]([C@H](O)CNC1(c3cccc(C(C)(C)C)c3)CCCC1)Cc1cccc(c1)OCCCCN2,50.0,nM,7.3
CHEMBL595185,COCc1cc2cc(c1)C(=O)N[C@H]([C@H](O)CNC(C)(C)c1cccc(C(C)C)c1)Cc1cccc(c1)OCCCCN2,50.0,nM,7.3
CHEMBL601681,Cc1cc2cc(n1)NCCCCOc1cccc(c1)C[C@@H]([C@H](O)CNCc1cccc(C(C)C)c1)NC2=O,27.0,nM,7.57
CHEMBL3414704,COC[C@@H]1CSC(N)=N[C@]1(C)c1ccc(F)cc1F,88000.0,nM,4.06
CHEMBL1762681,COc1ccc(C2=CC(=O)C=C(c3ccccc3)C2=O)cc1,13410.0,nM,4.87
CHEMBL3670928,Cc1ccc(Nc2ccc(F)c([C@@]3(C)N=C(N)COC(C)(C)C3(F)F)c2)cn1,5900.0,nM,5.23
CHEMBL1076908,CNC(=O)c1cc(C(=O)N[C@@H](COCc2cc(F)cc(F)c2)[C@@H](O)C[C@@H](C)C(=O)N[C@H](C(=O)NCc2ccccc2)C(C)C)cc(N(C)S(C)(=O)=O)c1,1260.0,nM,5.9
CHEMBL3357665,C[C@]12CCCO[C@@H]1[C@]1(COC(N)=N1)c1cc(-c3cncc(Cl)c3)ccc1O2,52.0,nM,7.28
CHEMBL1087431,C[C@@H](NC(=O)c1cc(C(=O)OCC(O)(CN)Cc2ccccc2)cc(N(C)S(C)(=O)=O)c1)c1ccc(F)cc1,22200.0,nM,4.65
CHEMBL375217,C[C@@H](NC(=O)c1cc(C(=O)OCC(N)(CO)Cc2ccccc2)cc(N(C)S(C)(=O)=O)c1)c1ccc(F)cc1,193.0,nM,6.71
CHEMBL208808,CCNC(=O)[C@H](C)NC[C@H](Cc1ccccc1)NC(=O)c1cc(C(=O)N[C@H](C)c2ccc(F)cc2)cc(N(C)S(C)(=O)=O)c1,242.0,nM,6.62
CHEMBL125743,Oc1cc(O)c2c(c1)O[C@H](c1cc(O)c(O)c(O)c1)[C@@H](O)C2,2500.0,nM,5.6
CHEMBL3914644,CSCCCNc1ccc(F)c([C@]2(C)COCC(N)=N2)c1,310.0,nM,6.51
CHEMBL3902716,C[C@@]1(c2cc(N[C@H]3CCC[C@H]3O)ccc2F)COCC(N)=N1,610.0,nM,6.21
CHEMBL3982798,CC(C)C(Nc1ccc(F)c([C@]2(C)COCC(N)=N2)c1)c1ccc(Cl)cn1,3710.0,nM,5.43
CHEMBL3951616,C[C@@]1(c2cc(Nc3cccc4cc(OCC(F)(F)F)cnc34)ccc2F)COCC(N)=N1,2360.0,nM,5.63
CHEMBL2322536,C[C@@H](C(=O)NCc1ccc(CN)cc1)c1ccc(-c2ccccc2)c(F)c1,85700.0,nM,4.07
CHEMBL2349467,CN1C(=O)[C@]2(CC(C)(C)Oc3ccc(-c4cncc(Cl)c4)cc32)N=C1N,19.0,nM,7.72
CHEMBL2347864,N=c1oc2ccccc2cc1C(=O)Nc1cc(Br)ccc1N1CCN(Cc2ccccc2)CC1,1216.0,nM,5.92
CHEMBL3261048,C[C@@]1(c2cc(Nc3ncccc3Cl)ccc2F)CCSC(N)=N1,83.0,nM,7.08
CHEMBL3261053,N#Cc1ccc(C(=O)Nc2cccc([C@]34C[C@H]3CCSC(N)=N4)c2)nc1,31.0,nM,7.51
CHEMBL4176954,COc1ccc2sc(N)cc2c1,2140.0,nM,5.67
CHEMBL4084653,COC[C@@H](C)NCc1cc([C@]2(C)CCSC(N)=N2)c(F)cc1F,4180.0,nM,5.38
CHEMBL4061944,CCNCc1cc([C@]2(C)CCSC(N)=N2)c(F)cc1F,13900.0,nM,4.86
CHEMBL3394211,NC1=N[C@@]2(CO1)c1cc(-c3cccnc3F)ccc1Oc1c2cc(-c2cccnc2)nc1F,0.3,nM,9.52
CHEMBL3394217,NC1=N[C@@]2(CO1)c1cc(-c3cccnc3F)ccc1Oc1c2cc(-c2ccnc(F)c2)nc1F,6.5,nM,8.19
CHEMBL3394228,Cc1cc(-c2cc3c(c(F)n2)Oc2ccc(-c4cccnc4F)cc2[C@@]32COC(N)=N2)on1,23.0,nM,7.64
CHEMBL2047139,CC(C)C[C@H](NC(=O)[C@@H](NC(=O)[C@@H](N)CNC(=O)c1[nH]c(=O)[nH]c(=O)c1F)C(C)C)C(=O)N[C@@H](Cc1ccccc1)C(=O)N[C@@H](CO)C(=O)O,263.0,nM,6.58
CHEMBL553699,CCNc1cc(C(=O)N[C@@H](Cc2ccccc2)[C@H](O)CNCc2cccc(C(F)(F)F)c2)cc2c1CCCS(=O)(=O)N2C,56.0,nM,7.25
CHEMBL5907456,C#CCOc1cnc(/C(F)=C/c2cnc(F)c([C@@]3(C)N=C(N)S[C@@]4(C(=O)O)C[C@H]43)c2)cn1,69.5,nM,7.16
CHEMBL4740797,COC[C@]12C[C@H]1[C@@](C)(c1cc(/C=C(\F)c3ccc(C#N)cn3)ccc1F)N=C(N)S2,16.5,nM,7.78
CHEMBL244416,CCN(Cc1ccccc1)Cc1ccc(-c2cc3cc(OC)c(OC)cc3oc2=O)cc1,238.0,nM,6.62
CHEMBL5850522,C[C@]1(c2cc(/C=C(\F)c3cnc(Cl)cn3)ccc2F)N=C(N)S[C@@]2(S(C)(=O)=O)C[C@H]21,5.7,nM,8.24
CHEMBL5897485,CN(C)C(=O)[C@]12C[C@H]1[C@@](C)(c1cc(/C=C(\F)c3ccc(C#N)nc3)ccc1F)N=C(N)S2,102.0,nM,6.99
CHEMBL5902508,COC(=O)[C@]12C[C@H]1[C@@](C)(c1cc(/C=C(\F)c3ccc(Cl)cn3)cnc1F)N=C(N)S2,142.0,nM,6.85
CHEMBL6022797,COC(=O)[C@]12C[C@H]1[C@@](C)(c1cc(/C=C(/F)c3ccc(Cl)cn3)cnc1F)N=C(N)S2,291.0,nM,6.54
CHEMBL270359,CCCN(CCC)C(=O)c1cc(C)cc(C(=O)N[C@@H](Cc2cc(F)cc(F)c2)[C@H](O)[C@H]2C[C@@H](OCc3ccccc3)CN2)c1,150.0,nM,6.82
CHEMBL490305,CCCCNC(=O)[C@H](C)C[C@H](O)[C@@H]1C[C@H](C)CCCCCCCCC(=O)N[C@@H](C)C(=O)N1,250.0,nM,6.6
CHEMBL3953496,CO[C@H]1CC[C@]2(CC1)Cc1ccc(OCC3CCC3)cc1C21N=C(N)N(CC(F)(F)F)C1=O,134.0,nM,6.87
CHEMBL569427,CCCCNC(=O)NCc1ccc(CN2C(=N)NC(CCc3ccccc3)(CC(C)C)C2=O)cc1,50000.0,nM,4.3
CHEMBL247596,CC1CC1CNc1cc(C(=O)N[C@@H](Cc2ccsc2)[C@H](C)N)cc(N(C)S(C)(=O)=O)n1,54.0,nM,7.27
CHEMBL257871,CCCc1cc(C(=O)N[C@@H](Cc2ccccc2)[C@H](O)CN[C@@H](C)C(=O)NC2CCCCC2)cc(N2CCCC2=O)c1,990.0,nM,6.0
CHEMBL399362,C[C@@]1(N)Cc2cccc(c2)CC[C@H](c2ccc(F)cc2)NC(=O)c2cc(cc(-c3cccc(F)c3C#N)c2)COC1=O,22.0,nM,7.66
CHEMBL251118,C[C@@]1(N)Cc2cccc(c2)CC[C@H](c2ccccc2)NC(=O)c2cc(Br)cc(c2)COC1=O,270.0,nM,6.57
CHEMBL250295,C[C@@]1(N)Cc2cccc(c2)CC[C@H](c2ccccc2)NC(=O)c2cc(cc(N(c3ccccc3)S(C)(=O)=O)c2)COC1=O,1.0,nM,9.0
CHEMBL379334,O=C(Nc1cc(-c2ccccc2)ccc1N1CCN(Cc2ccccc2)CC1)c1cccc2ccccc12,1250.0,nM,5.9
CHEMBL1163699,Clc1nc(NCCN2CCOCC2)nc(NCc2ccc(I)cc2)n1,100000.0,nM,4.0
CHEMBL1164331,Cc1ccc(Nc2nc(N/N=C/c3ccc(Cl)c(Cl)c3)nc(N3CCOCC3)n2)c(Cl)c1,100000.0,nM,4.0
CHEMBL1210356,Cc1ccc(N(c2ccccc2)S(C)(=O)=O)cc1C(=O)N[C@@H](Cc1ccccc1)[C@H](O)CNCc1cccc(C(F)(F)F)c1,3470.0,nM,5.46
CHEMBL1210337,C[C@H](NC[C@@H](O)[C@H](Cc1ccccc1)NC(=O)c1cccc(CS(=O)(=O)c2ccccc2)c1)C(=O)NC1CCCCC1,44000.0,nM,4.36
CHEMBL1210332,C[C@H](NC[C@@H](O)[C@H](Cc1ccccc1)NC(=O)c1cccc(N(C2CCCCC2)S(C)(=O)=O)c1)C(=O)NC1CCCCC1,300.0,nM,6.52
CHEMBL1210330,C[C@H](NC[C@@H](O)[C@H](Cc1ccccc1)NC(=O)c1cccc(Nc2ccccc2)c1)C(=O)NC1CCCCC1,6300.0,nM,5.2
CHEMBL1210360,CCOc1cc(C(=O)N[C@@H](Cc2ccccc2)[C@H](O)CNCc2cccc(C(F)(F)F)c2)cc(N(c2ccccc2)S(C)(=O)=O)c1,3.0,nM,8.52
CHEMBL567718,COc1ccc(C(Cc2ccc(C(F)(F)F)cc2)c2cn(C)c(N)n2)cc1,1800.0,nM,5.75
CHEMBL3414703,COC[C@H]1CSC(N)=N[C@]1(C)c1ccc(F)cc1F,21000.0,nM,4.68
CHEMBL392662,COc1cccc(-c2cccc(C3(C)CC(=O)N(C)C(N)=N3)c2)c1,670.0,nM,6.17
CHEMBL237889,Cn1c(N)nc(CCc2ccc3ccccc3c2)cc1=O,28000.0,nM,4.55
CHEMBL1099361,CC(C)CNC(=O)[C@H](C)C[C@H](O)[C@H](CC(C)C)NC(=O)[C@H](Cc1ccccc1)NC(=O)[C@H](CC(C)C)NC(=O)OC(C)(C)C,2310.0,nM,5.64
CHEMBL3799339,CCOc1nc(N2C[C@H]3C(=O)N(C)C(=N)N[C@@]3(c3ccc(C#N)s3)C2)nc(C)c1F,361.0,nM,6.44
CHEMBL461602,CCCCNC(=O)[C@H](C)C[C@H](O)[C@@H]1C[C@H](C)CCCCCCCCC(=O)N(C)[C@@H](C)C(=O)N1,8700.0,nM,5.06
CHEMBL1222140,CN(CC1CCCCC1)C(=O)CCCn1c(N)nc2cc(Cl)ccc21,59000.0,nM,4.23
CHEMBL1222235,CC(C)C[C@@H](CC(=O)NC(C)C)n1c(N)nc2cc(Cl)ccc21,246000.0,nM,3.61
CHEMBL3949245,NC1=NC2(CCO1)c1cc(NC(=O)c3cnc(Cl)cn3)ccc1Oc1c2cc(-c2cncc(F)c2)nc1F,0.6,nM,9.22
CHEMBL3945339,CC1(c2cccc(Nc3nsc4cc(Br)ccc34)c2)COCC(N)=N1,1500.0,nM,5.82
CHEMBL4226007,C[C@@H](F)[C@H]1OC(N)=N[C@](C)(c2cc(NC(=O)c3cnc(OCF)cn3)ccc2F)[C@H]1F,1.1,nM,8.96
CHEMBL3690088,COc1cnc(C(=O)Nc2cccc(C3(C)CC(=O)N(C)C(N)=N3)c2)cn1,42.0,nM,7.38
CHEMBL3690092,CC#CCOc1cnc(C(=O)Nc2cccc(CNc3cccnc3N)c2)cn1,73.0,nM,7.14
CHEMBL2181831,CC(C)C(=O)N[C@@H](Cc1ccc2c(c1)OCO2)[C@H](O)CN[C@H]1CC2(CCC2)Oc2ncc(CC(C)(C)C)cc21,812.0,nM,6.09
CHEMBL2181884,CC(C)(C)Cc1cnc2c(c1)[C@@H](NC[C@@H](O)[C@H](Cc1ccc3c(c1)OCO3)NC(=O)c1cccnc1F)CC1(CCC1)O2,33.2,nM,7.48
CHEMBL2178718,CN1C(=N)N[C@@]2(c3cc(-c4cccc(C#N)c4)cs3)CN(c3ncc(F)cn3)C[C@H]2C1=O,16.0,nM,7.8
CHEMBL2178715,COc1cccc(N2C[C@H]3C(=O)N(C)C(=N)N[C@@]3(c3cc(-c4cccc(C#N)c4)cs3)C2)n1,18.0,nM,7.75
CHEMBL2178713,CN1C(=N)N[C@@]2(c3cc(-c4cccc(C#N)c4)cs3)CN(c3ncccc3C#N)C[C@H]2C1=O,48.0,nM,7.32
CHEMBL2177918,COc1c(C)cc(C2(c3cccc(-c4cncnc4)c3)N=C(N)c3c(F)cccc32)cc1C#N,3.4,nM,8.47
CHEMBL2177917,COc1c(C)cc(C2(c3cccc(-c4cncnc4)c3)N=C(N)c3c(F)cccc32)nc1C,2.92,nM,8.54
CHEMBL2177113,NC1=NC(c2cccc(-c3cncnc3)c2)(c2ccnc(C3CC3)c2)c2cccc(F)c21,18.4,nM,7.74
CHEMBL2177906,NC1=NC(c2cccc(-c3cncnc3)c2)(c2ccnc(C(F)(F)F)c2)c2cccc(F)c21,43.1,nM,7.37
CHEMBL2177904,NC1=N[C@](c2ccncc2)(c2cccc(-c3cncnc3)c2)c2cccc(F)c21,8.25,nM,8.08
CHEMBL419949,CC(=O)N[C@@H](Cc1ccccc1)C(=O)N[C@@H](Cc1ccccc1)[C@@H](O)CC(=O)N[C@@H](CC1CCCCC1)[C@@H](O)CC(=O)N[C@H](C(=O)NCc1ccc(C(=O)O)cc1)C(C)C,5600.0,nM,5.25
CHEMBL2177907,N#Cc1cncc(-c2cccc(C3(c4ccnc(C(F)(F)F)c4)N=C(N)c4c(F)cccc43)c2)c1,253.0,nM,6.6
CHEMBL2177337,COc1ccc2c(c1)C1(COC(N)=N1)c1cc(-c3ccnc(Cl)c3)ccc1O2,5800.0,nM,5.24
CHEMBL2177331,COc1ccc2c(c1)C1(COC(N)=N1)c1cc(-c3cc(Cl)ccc3F)ccc1O2,4290.0,nM,5.37
CHEMBL605133,CCc1cc(C2(c3cccc(-c4cccnc4F)c3)N=C(N)N(C)C2=O)cc(CC)n1,10.0,nM,8.0
CHEMBL607527,NC1=NC(c2ccccc2)(C2CCCCC2)C(=O)N1CCCCCC(=O)O,950.6,nM,6.02
CHEMBL2181015,COC(=O)[C@@H]1CCCN1C(=O)[C@@H](Cc1ccccc1)N(C)C(=O)[C@H](C)NC(=O)[C@H](CC(C)C)NC(=O)C[C@H](O)[C@H](Cc1ccccc1)NC(=O)[C@H](CCC(N)=O)N(C)C(=O)[C@@H](NC(=O)[C@H](C)O)C(C)C,80.0,nM,7.1
CHEMBL2169938,Cc1ccccc1-c1ccc([C@@H]2C[C@@H]2c2cc(=O)n(C)c(N)n2)cc1,39400.0,nM,4.41
CHEMBL235754,COc1cccc(-c2cccc(CCc3cc(=O)n(C)c(N)n3)c2)c1,4200.0,nM,5.38
CHEMBL2181914,COC(OC)C(=O)N[C@@H](Cc1cccc(-c2nccs2)c1)[C@H](O)CN[C@H]1CC2(CCC2)Oc2ncc(CC(C)(C)C)cc21,9.1,nM,8.04
CHEMBL2181900,COCC(=O)N[C@@H](Cc1cccc(-c2nccs2)c1F)[C@H](O)CN[C@H]1CC2(CCC2)Oc2ncc(CC(C)(C)C)cc21,100.0,nM,7.0
CHEMBL2181909,CCC(=O)N[C@@H](Cc1cccc(-c2nccs2)c1)[C@H](O)CN[C@H]1CC2(CCC2)Oc2ncc(CC(C)(C)C)cc21,11.0,nM,7.96
CHEMBL2178714,CN1C(=N)N[C@@]2(c3cc(-c4cccc(C#N)c4)cs3)CN(c3ccc(F)cn3)C[C@H]2C1=O,22.0,nM,7.66
CHEMBL2178712,COc1cccnc1N1C[C@H]2C(=O)N(C)C(=N)N[C@@]2(c2cc(-c3cccc(C#N)c3)cs2)C1,23.0,nM,7.64
CHEMBL2152903,CC#Cc1cncc(-c2cccc([C@@]3(c4cc(C)c(=O)n(CC)c4)N=C(N)c4c(F)cccc43)c2)c1,0.16,nM,9.8
CHEMBL2177909,NC1=N[C@](c2ccnc(C(F)(F)F)c2)(c2ccc(F)c(-c3cncnc3)c2)c2cccc(F)c21,22.1,nM,7.66
CHEMBL2177307,NC1=NC(c2ccncc2)(c2cccc(-c3cncnc3)c2)c2ccccc21,500.0,nM,6.3
CHEMBL2177334,COc1ccc2c(c1)C1(COC(N)=N1)c1cc(-c3cc(Cl)c(C)cc3F)ccc1O2,3210.0,nM,5.49
CHEMBL2180014,CC#Cc1cncc(-c2cc(C3(C4CC4)N=C(C)C(N)=N3)ccc2O)c1,58.0,nM,7.24
CHEMBL2180028,COc1c(C)cc(C2(c3cccc(-c4cncnc4)c3)N=C(C)C(N)=N2)cc1C,49.0,nM,7.31
CHEMBL2171303,CC(C)(C)Cc1cnc2c(c1)[C@@H](NC[C@@H](O)[C@H](Cc1ccc(F)cc1)NC(=O)c1cncc(F)c1)CC1(CCC1)O2,69.0,nM,7.16
CHEMBL2152912,NC1=N[C@@]2(CCOC1)c1cc(-c3cccnc3F)ccc1Oc1cnc(-c3ccc(F)c(F)c3)cc12,2.0,nM,8.7
CHEMBL3354712,CC1(COc2cc3c(cc2F)Oc2ccc(-c4cccnc4)cc2[C@@]32COC(N)=N2)COC1,4.0,nM,8.4
CHEMBL3354700,CC(C)(C#N)COc1ccc2c(c1)[C@]1(COC(N)=N1)c1cc(-c3cncnc3)ccc1O2,21.0,nM,7.68
CHEMBL3354709,CC(C)(C)COc1ccc2c(c1)[C@]1(COC(N)=N1)c1cc(-c3cccnc3F)ccc1O2,39.0,nM,7.41
CHEMBL3354719,NC1=N[C@@]2(CO1)c1cc(-c3cccnc3F)ccc1Oc1c(F)cc(N3CCOCC3)cc12,5.0,nM,8.3
CHEMBL3354721,Cn1cc(-c2cc(F)c3c(c2)[C@]2(COC(N)=N2)c2cc(-c4cccnc4F)ccc2O3)cn1,3.0,nM,8.52
CHEMBL3394226,NC1=N[C@@]2(CO1)c1cc(-c3cccnc3F)ccc1Oc1c2cc(N2CCC(F)(F)C2)nc1F,4.0,nM,8.4
CHEMBL3359754,NC1=N[C@@]2(CO1)c1cc(-c3cccnc3F)ccc1Oc1ncc(C3CCOCC3)cc12,19.0,nM,7.72
CHEMBL3359755,CC1(C)C=C(c2cnc3c(c2)[C@]2(COC(N)=N2)c2cc(-c4cccnc4F)ccc2O3)CCO1,0.9,nM,9.05
CHEMBL2059606,Oc1ccccc1SCC(O)Cn1c(-c2ccccc2)cc2ccccc21,25400.0,nM,4.59
CHEMBL2181902,COCC(=O)N[C@@H](Cc1cc(F)cc(-c2nccs2)c1)[C@H](O)CN[C@H]1CC2(CCC2)Oc2ncc(CC(C)(C)C)cc21,1.9,nM,8.72
CHEMBL2180029,COc1c(C)cc([C@]2(c3cccc(-c4cncnc4)c3)N=C(C)C(N)=N2)cc1C,400.0,nM,6.4
CHEMBL2180027,COc1ccc(C2(c3cccc(-c4cncnc4)c3)N=C(C)C(N)=N2)cc1C,97.0,nM,7.01
CHEMBL2181982,N#Cc1ccc(COC(=O)[C@H]2C[C@]3(CN2)C(=O)Nc2ccccc23)cc1Br,6260.0,nM,5.2
CHEMBL2181916,CC(C)(C)Cc1cnc2c(c1)[C@@H](NC[C@@H](O)[C@H](Cc1cccc(-c3nccs3)c1)NC(=O)[C@@H]1CCCO1)CC1(CCC1)O2,5.9,nM,8.23
CHEMBL2181889,COCC(=O)N[C@@H](Cc1cccc(-c2ccccn2)c1)[C@H](O)CN[C@H]1CC2(CCC2)Oc2ncc(CC(C)(C)C)cc21,9.3,nM,8.03
CHEMBL3261047,C[C@@]1(c2cc(NC(=O)c3cc4cc(F)ccc4[nH]3)ccc2F)CCSC(N)=N1,20.0,nM,7.7
CHEMBL5559386,COc1cc2ncnc(N3CCN(c4ccc([N+](=O)[O-])cc4)CC3)c2cc1OC,729.0,nM,6.14
CHEMBL5557978,CC1c2cc(Oc3ccccc3)ccc2N=C(N)N1CCCC(=O)N(Cc1ccnn1C)C1CCCCC1,140.0,nM,6.85
CHEMBL5404846,CN(CC/C=C/c1ccccc1-c1ccc(Cl)cc1Cl)C(CCN)C(=O)NCc1ccccc1,5410.0,nM,5.27
CHEMBL3086251,CC(C)(C)OC(=O)N(Cc1ccccc1)C[C@H](O)c1cccc(NC(=O)c2cccc3ccccc23)c1,11000.0,nM,4.96
CHEMBL3086248,CC(C)(C)OC(=O)N(C[C@H](O)c1cccc(NC(=O)[C@@H](NC(=O)OCc2ccccc2)c2ccccc2)c1)[C@H](CO)c1ccccc1,9200.0,nM,5.04
CHEMBL3690090,COCCOc1cnc(C(=O)Nc2cccc(CNc3cccnc3N)c2)cn1,3176.0,nM,5.5
CHEMBL3690091,C#CCOc1cnc(C(=O)Nc2cccc(CNc3cccnc3N)c2)cn1,180.0,nM,6.75
CHEMBL1957476,NC1=NC(c2ccc(OC(F)F)cc2)(c2cccc(-c3cccnc3F)c2)C2=NCC(F)(F)CN12,30.2,nM,7.52
CHEMBL3898784,CO[C@H]1CC[C@]2(CC1)Cc1ccc(CCC(C)C)cc1C21N=C(N)N(C)C1=O,10.0,nM,8.0
CHEMBL3922739,CO[C@H]1CC[C@]2(CC1)Cc1ccc(-c3cnc(C)nc3)cc1C21CC(=N)N(C(C)C)C1=O,23.0,nM,7.64
CHEMBL3656247,CN1C(=O)[C@]2(N=C1N)c1cc(C#N)ccc1CC21CCc2ccccc2CC1,60.0,nM,7.22
CHEMBL3905966,COCCCO[C@H]1CC[C@]2(CC1)Cc1ccc(-c3cccc(OC)c3)cc1C21N=C(N)N(C)O1,293.0,nM,6.53
CHEMBL3947373,CO[C@H]1CC[C@]2(CC1)Cc1ccc(Br)cc1C21CC(=O)N(C)C(N)=N1,36244.8,nM,4.44
CHEMBL3695745,CN1C(=O)C[C@@]2(N=C1N)c1cc(-c3cccnc3F)ccc1Oc1c2cc(Cl)nc1F,8210.0,nM,5.09
CHEMBL3645161,C[C@@]1(c2cccc(NC(=O)c3cnc(OCC(F)F)cn3)c2)CCSC(N)=N1,80.0,nM,7.1
CHEMBL3640219,COCCOc1ccc(C(=O)Nc2ccc(F)c([C@]3(C)CCSC(N)=N3)c2)nc1,80.0,nM,7.1
CHEMBL3640231,C[C@@]1(c2cc(NC(=O)CCc3cccc(N)c3)ccc2F)CCSC(N)=N1,2480.0,nM,5.61
CHEMBL3640250,C[C@@]1(c2cc(NC(=O)CCc3ccc(O)c(O)c3)ccc2F)CCSC(N)=N1,5960.0,nM,5.22
CHEMBL3640241,C[C@@]1(c2cc(Nc3ncc4ccccn34)ccc2F)CCSC(N)=N1,510.0,nM,6.29
CHEMBL4112416,C[C@@H]1C[C@@]2(Cc3ccc(C#N)cc3[C@]23N=C(N)N(CCC(F)(F)F)C3=O)C[C@H](C)[C@H]1O,14.6,nM,7.84
CHEMBL4111013,C[C@@H]1C[C@@]2(Cc3ccc(C#N)cc3[C@]23N=C(N)N(CCc2ccncc2)C3=O)C[C@H](C)[C@H]1O,9.7,nM,8.01
CHEMBL3703285,CC#Cc1cncc(-c2ccc3c(c2)C2(COC(N)=N2)C2(COC2)C(CC)O3)c1,143.0,nM,6.84
CHEMBL3672704,CC#Cc1cncc(-c2ccc3c(c2)[C@]2(N=C(C)C(N)=N2)[C@]2(CC[C@H](O)CC2)C3)c1,6530.0,nM,5.18
CHEMBL3650792,CC1(C)Oc2ccc(-c3cncc(C#N)c3)cc2C2(COC(N)=N2)C12COC2,981.0,nM,6.01
CHEMBL3688701,NC1=N[C@@](CF)(c2cc(NC(=O)c3ccc(Br)cn3)ccc2Cl)[C@@H]2C[C@@H]2O1,3605.0,nM,5.44
CHEMBL3688715,NC1=N[C@@](c2cc(NC(=O)c3ccc(-c4ccccc4)cn3)ccc2F)(C(F)F)[C@H]2C[C@H]2O1,1145.0,nM,5.94
CHEMBL2425600,COC[C@@H](Oc1cc(C[C@@H]2C[S@@+]([O-])C[C@H](NCc3cc(C(C)(C)C)ccc3F)[C@H]2O)cc(F)c1N)C(F)(F)F,38.0,nM,7.42
CHEMBL2425602,COC[C@@H](Oc1cc(C[C@@H]2C[S@@+]([O-])C[C@H](NCc3cccc(C(C)(C)O)c3)[C@H]2O)cc(F)c1N)C(F)(F)F,13.0,nM,7.89
CHEMBL2425609,CC(C)(C)c1cccc(CN[C@H]2C[S@@+]([O-])C[C@@H](Cc3cc(F)c(N)c(OC(C(F)(F)F)C(F)(F)F)c3)[C@@H]2O)c1,88.0,nM,7.06
CHEMBL2425603,COC[C@@H](Oc1cc(C[C@@H]2C[S@@+]([O-])C[C@H](NCc3cccc(OC(C)C)c3)[C@H]2O)cc(F)c1N)C(F)(F)F,75.0,nM,7.12
CHEMBL265041,CSCC[C@H](NC(=O)[C@@H](NC(C)=O)C(C)C)C(=O)NC(CC(C)C)C(O)CC(=O)N[C@H](C(=O)N[C@@H](C)C(=O)N[C@@H](CCC(=O)O)C(=O)N[C@@H](Cc1ccccc1)C(=O)O)C(C)C,300.0,nM,6.52
CHEMBL137756,CC(C)C[C@H](NC(=O)[C@H](CC(N)=O)NC(=O)[C@@H](NC(=O)[C@@H](N)CCC(=O)O)C(C)C)[C@@H](O)CC(=O)N[C@H](C(=O)N[C@@H](C)C(N)=O)C(C)C,530.0,nM,6.28
CHEMBL2437442,CN1C(=O)C[C@@](C)([C@@H]2C[C@H]2c2cccc(-c3ccccc3)c2)N=C1N.O=C(O)C(F)(F)F,9300.0,nM,5.03
CHEMBL2349480,CN1C(=O)C2(CC(C)(C)Cc3ccc(-c4cncnc4)cc32)N=C1N,138.0,nM,6.86
CHEMBL5931321,C[C@]1(c2cc(NC(=O)c3ccc(F)cn3)ccc2F)CC2(CCOCC2)SC(N)=N1,8490.0,nM,5.07
CHEMBL6012958,C[C@@]1(c2cc(NC(=O)c3ccc(Cl)cn3)ccc2F)CC2(CCC(F)(F)CC2)OC(N)=N1,4.5,nM,8.35
CHEMBL5775599,C[C@]1(c2cc(NC(=O)c3ccc(F)cn3)ccc2F)CC2(CCC2)OC(N)=N1,1306.0,nM,5.88
CHEMBL5965149,C[C@@]1(c2cc(NC(=O)c3ccc(C4CC4)cn3)ccc2F)CC2(CCC(F)(F)CC2)OC(N)=N1,17.0,nM,7.77
CHEMBL5795158,C[C@]1(c2cc(NC(=O)c3coc(C(F)F)n3)ccc2F)N=C(N)O[C@H](CF)[C@@H]1F,32.9,nM,7.48
CHEMBL5866815,C[C@]1(c2cc(NC(=O)c3ccc(C#N)cn3)ccc2F)N=C(N)OC2(COC2)[C@@H]1F,20.7,nM,7.68
CHEMBL391109,CCCCNC(=O)c1ccc(-c2scc(-c3ccccc3Cl)c2CC(=O)/N=C(/N)NCCCO)cc1,280.0,nM,6.55
CHEMBL6026950,COc1cnc(C(=O)Nc2ccc(F)c([C@@]3(C)N=C(N)C4(CCC4)S(=O)(=O)[C@@H]3F)c2)c(C)c1,3.63,nM,8.44
CHEMBL1791017,CC[C@H](C)[C@H](NC(=O)C1CCCCO1)C(=O)N[C@@H](C)C(=O)N[C@@H](CC(C)C)[C@@H](O)CC(=O)N[C@H](C(=O)NCc1cccc(C(=O)O)c1)C(C)C,69.0,nM,7.16
CHEMBL2177328,COc1ccc2c(c1)C1(COC(N)=N1)c1cc(-c3cccc(OC(F)(F)F)c3)ccc1O2,2760.0,nM,5.56
CHEMBL5182136,COc1cc(/C=C/c2cc(=O)oc3c2ccc2oc(-c4cc(OC)cc(OC)c4)cc23)cc(OC)c1,15300.0,nM,4.82
CHEMBL280244,CC[C@H](C)[C@H](O)C(=O)N[C@@H](CC(C)C)C(=O)N[C@@H](Cc1ccccc1)[C@@H](O)C[C@@H](CC(C)C)C(=O)N[C@H](C(=O)NCc1ccncc1)C(C)C,176.0,nM,6.75
CHEMBL3653497,COc1cnc(C(=O)Nc2ccc(F)c([C@]3(C(F)F)COCC(N)=N3)c2)c(C)n1,210.0,nM,6.68
CHEMBL1526260,COc1ccc(C(=S)N(C)C)cc1OC,1500.0,nM,5.82
CHEMBL2177333,COc1ccc(F)c(-c2ccc3c(c2)C2(COC(N)=N2)c2cc(OC)ccc2O3)c1,3720.0,nM,5.43
CHEMBL1760867,O=S1(=O)C[C@@H](Cc2ccc(O)c(Br)c2)[C@H](O)[C@@H](NCc2cc(Cl)cc(Cl)c2)C1,4200.0,nM,5.38
CHEMBL3703283,CCC1Oc2ccc(-c3cncnc3)cc2C2(COC(N)=N2)C12COC2,410.0,nM,6.39
CHEMBL3650768,COc1ccc(F)c(-c2ccc3c(c2)C2(COC(N)=N2)C2(COC2)C2(CCC2)O3)c1,660.0,nM,6.18
CHEMBL3650782,CC1(C)Oc2ccc(-c3cncc(Cl)n3)cc2C2(COC(N)=N2)C12COC2,450.0,nM,6.35
CHEMBL3703223,NC1=NC2(CO1)c1cc(Br)c(F)cc1OCC21CC1,41300.0,nM,4.38
CHEMBL3703224,COCC#Cc1cncc(-c2ccc3c(c2)C2(COC(N)=N2)C2(COC2)CO3)c1,2310.0,nM,5.64
CHEMBL3908165,COC1CCC2(CC1)Cc1ccc(C#CC3CCCC3)cc1C21N=C(N)N(C)O1,9.7,nM,8.01
CHEMBL3928953,COC1CCC2(CC1)Cc1ccc(C#CC(F)(F)F)cc1C21N=C(N)N(C)O1,3.7,nM,8.43
CHEMBL3956596,COC1CCC2(CC1)Cc1ccc(C#CC3CC3)cc1C21NC(N)N(Cc2nnc(C)o2)C1=O,4.3,nM,8.37
CHEMBL3980499,COC1CCC2(CC1)Cc1ccc(C#CC3CC3)cc1C21NC(N)N(CCF)C1=O,5.3,nM,8.28
CHEMBL3915086,COCCN1C(=O)C2(N=C1N)c1cc(C#N)ccc1CC21CCC(OC)CC1,48.9,nM,7.31
CHEMBL3963016,COC1CCC2(CC1)Cc1ccc(C#CC3CC3)cc1C21N=C(N)N(CC2CCO2)C1=O,7.3,nM,8.14
CHEMBL3924244,COC1CCC2(CC1)Cc1ccc(C#CC3CC3)cc1C21N=C(N)N(Cc2cnc3ccccc3n2)C1=O,5.4,nM,8.27
CHEMBL3930721,[C-]#[N+]c1cncc(-c2ccc3c(c2)C2(N=C(N)N(CC(F)(F)F)C2=O)C2(CCC(OC)CC2)C3)c1,22.5,nM,7.65
CHEMBL3933950,COC1CCC2(CC1)Cc1ccc(CCC3CC3)cc1C21N=C(N)N(Cc2ccc(F)cn2)C1=O,12.5,nM,7.9
CHEMBL3906909,COC1CCC2(CC1)Cc1ccc(CCC3CC3)cc1[C@@]21N=C(N)N([C@@H](C)c2ccccc2)C1=O,185.5,nM,6.73
CHEMBL3936196,CCCN1C(=O)C2(N=C1N)c1cc(OCC3CC3)ccc1CC21CCC(OC)CC1,6.2,nM,8.21
CHEMBL3914985,CN1C(=O)C2(N=C1N)c1cc(Cl)ccc1CC21CCc2ccccc2CC1,33.8,nM,7.47
CHEMBL3925501,CN1C(=O)C2(N=C1N)c1cc(-c3cccnc3)ccc1OC21CCc2ccccc2CC1,8.7,nM,8.06
CHEMBL4114390,COCCOc1ccc2c(c1)[C@]1(N=C(N)N(C)C1=O)C1(CCC(OC)CC1)C2,7.2,nM,8.14
CHEMBL3924326,CCCc1ccc2c(c1)C1(NC(=O)N(CCF)C1=O)C1(CCC(OC)CC1)C2,16.0,nM,7.8
CHEMBL3915818,COC1CCC2(CC1)Cc1ccc(Sc3ccccc3)cc1C21NC(N)N(C)C1=O,40.0,nM,7.4
CHEMBL3639440,C=Cc1cnc(C(=O)Nc2cccc([C@]3(C)CCSC(N)=N3)c2)cn1,150.0,nM,6.82
CHEMBL3640233,C[C@@]1(c2cc(NC(=O)CSc3nccc(O)n3)ccc2F)CCSC(N)=N1,6790.0,nM,5.17
CHEMBL3640234,COCCOCCOc1cnc(C(=O)Nc2ccc(F)c([C@]3(C)CCSC(N)=N3)c2)cn1,80.0,nM,7.1
CHEMBL3640242,C[C@@]1(c2cc(NC(=O)c3coc(C(F)(F)F)n3)ccc2F)CCSC(N)=N1,10.0,nM,8.0
CHEMBL3640246,C[C@@]1(c2cc(NC(=O)c3cnc(NCC#N)cn3)ccc2F)CCSC(N)=N1,200.0,nM,6.7
CHEMBL3640252,CCc1nc(N2C[C@H]3C(=O)N(C)C(N)=N[C@@]3(c3ccccc3)C2)nc(C)c1F,217.0,nM,6.66
CHEMBL3640273,COc1nc(N2C[C@H]3C(=O)N(C)C(N)=N[C@@]3(c3ccc(F)cc3)C2)nc(OC)c1F,61.5,nM,7.21
CHEMBL3640278,CCc1nc(N2C[C@H]3C(=O)N(C)C(N)=N[C@@]3(c3ccc(F)cc3F)C2)nc(OC)c1F,26.0,nM,7.58
CHEMBL3640265,COc1nc(N2C[C@H]3C(=O)N(C)C(N)=N[C@@]3(c3ccc(F)cc3F)C2)nc(C2CC2)c1Cl,117.0,nM,6.93
CHEMBL3640262,COc1nc(N2C[C@H]3C(=O)N(C)C(N)=N[C@@]3(c3ccccc3F)C2)nc(C)c1F,16.5,nM,7.78
CHEMBL3640261,Cc1nc(N2C[C@H]3C(=O)N(C)C(N)=N[C@@]3(c3cccc(C#N)c3)C2)nc(C2CC2)c1F,213.0,nM,6.67
CHEMBL3653510,Cc1cc(Cl)cnc1C(=O)Nc1ccc(F)c([C@]2(C(F)F)COCC(N)=N2)c1,6.0,nM,8.22
CHEMBL3645149,Cc1nc(C)c(C(=O)Nc2ccc(F)c([C@]3(C)CCSC(N)=N3)c2)s1,160.0,nM,6.8
CHEMBL3640254,Cc1nc(N2C[C@H]3C(=O)N(C)C(N)=N[C@@]3(c3ccccc3)C2)nc(C2CC2)c1Cl,664.0,nM,6.18
CHEMBL555517,CCCN(CCC)C(=O)c1cc(C(=O)N[C@@H](Cc2cc(F)cc(F)c2)[C@H](O)CNCc2cccc(OC)c2)cc(/C(C)=N\OC)c1,42.0,nM,7.38
CHEMBL541976,COc1cccc(CNC[C@@H](O)[C@H](Cc2cc(F)cc(F)c2)NC(=O)c2cc(C(C)=O)cc(C(=O)NC(C)c3ccc(F)cc3)c2)c1,91.0,nM,7.04
CHEMBL560711,COc1cccc(CNC[C@@H](O)[C@H](Cc2cc(F)cc(F)c2)NC(=O)c2cc(C(C)O)cc(N(C)S(C)(=O)=O)c2)c1,122.0,nM,6.91
CHEMBL3937468,CO[C@H]1CC[C@]2(CC1)Cc1ccc(-c3cncc(F)c3)cc1C21N=C(C)C(N)=N1,5.5,nM,8.26
CHEMBL3922553,CO[C@H]1CC[C@]2(CC1)Cc1ccc(NC(=O)c3oc4cc(Cl)ccc4c3C)cc1C21N=C(C)C(N)=N1,17.0,nM,7.77
CHEMBL3653700,CC1=NC2(CC3(CCCOC3)Oc3ccc(-c4ccc(F)c(Cl)c4)cc32)N=C1N,180.0,nM,6.75
CHEMBL3653703,CC1=N[C@]2(C[C@@H]([C@@H]3CCCOC3)Oc3ccc(-c4cccc(Cl)c4)cc32)N=C1N,2030.0,nM,5.69
CHEMBL3653723,CC#Cc1cncc(-c2ccc3c(c2)C2(N=C(N)C(CC)=N2)[C@]2(CC[C@H](OC)CC2)C3)c1,1.2,nM,8.92
CHEMBL4111964,C[C@@]1(c2cc(NC[C@H]3CCCO3)ccc2F)COCC(N)=N1,1110.0,nM,5.96
CHEMBL3304306,CC1=CC2Cc3nc4cc(Cl)ccc4c(NCCCCCCCCCNC(=O)c4cc(O)c5c(c4)C(=O)c4cccc(O)c4C5=O)c3C(C1)C2,120.0,nM,6.92
CHEMBL3941417,CC#CCOc1ccc(C(=O)Nc2cc(F)c(F)c([C@]3(CF)C[C@@H](C(F)(F)F)OC(N)=N3)c2)nc1,21.0,nM,7.68
CHEMBL3960028,CC1OB(c2ccc(F)c([C@]3(CF)C[C@@H](C(F)(F)F)OC(NC(=O)c4ccccc4)=N3)c2)OC1(C)C,8.9,nM,8.05
CHEMBL3911484,COc1cnc2c(Nc3cc(F)c(F)c([C@]4(C)C[C@@H](C(F)(F)F)OC(N)=N4)c3)nccc2c1,224.0,nM,6.65
CHEMBL3940730,NC1=N[C@](CF)(c2cc(C#Cc3ccc(OC(F)F)cn3)ccc2F)C[C@@H](C(F)(F)F)O1,2460.0,nM,5.61
CHEMBL3916241,NC1=N[C@](CF)(c2cc(C#Cc3ccc(OC4CCC4)cn3)ccc2F)C[C@@H](C(F)(F)F)O1,5980.0,nM,5.22
CHEMBL3957666,NC1=NC(c2cc(NC(=O)c3ccc(Cl)cn3)ccc2F)(C(F)F)C[C@@H](C(F)(F)F)O1,55.0,nM,7.26
CHEMBL3942635,O=C(NC1=N[C@](CF)(c2nc(Br)ccc2F)C[C@@H](C(F)(F)F)O1)c1ccccc1,29.0,nM,7.54
CHEMBL3953424,C[C@@H]1Oc2ccc(-c3cncnc3)cc2[C@]2(COC(=N)N2)C12COC2,2050.0,nM,5.69
CHEMBL2181915,CC(C)(C)Cc1cnc2c(c1)[C@@H](NC[C@@H](O)[C@H](Cc1cccc(-c3nccs3)c1)NC(=O)[C@H]1CCCO1)CC1(CCC1)O2,11.0,nM,7.96
CHEMBL2181906,C#Cc1cc(F)cc(C[C@H](NC(=O)COC)[C@H](O)CN[C@H]2CC3(CCC3)Oc3ncc(CC(C)(C)C)cc32)c1,7.3,nM,8.14
CHEMBL2181899,C#Cc1ccc(C[C@H](NC(=O)COC)[C@H](O)CN[C@H]2CC3(CCC3)Oc3ncc(CC(C)(C)C)cc32)cc1,99.0,nM,7.0
CHEMBL2181898,COCC(=O)N[C@@H](Cc1ccc(-c2nccs2)cc1)[C@H](O)CN[C@H]1CC2(CCC2)Oc2ncc(CC(C)(C)C)cc21,26.0,nM,7.58
CHEMBL2181896,C#Cc1cccc(C[C@H](NC(=O)COC)[C@H](O)CN[C@H]2CC3(CCC3)Oc3ncc(CC(C)(C)C)cc32)c1,7.1,nM,8.15
CHEMBL2181912,CO[C@@H](C)C(=O)N[C@@H](Cc1cccc(-c2nccs2)c1)[C@H](O)CN[C@H]1CC2(CCC2)Oc2ncc(CC(C)(C)C)cc21,7.2,nM,8.14
CHEMBL2181894,COCC(=O)N[C@@H](Cc1cccc(-c2cscn2)c1)[C@H](O)CN[C@H]1CC2(CCC2)Oc2ncc(CC(C)(C)C)cc21,6.9,nM,8.16
CHEMBL2171307,COCC(=O)N[C@@H](Cc1ccc(F)cc1)[C@H](O)CN[C@H]1CC2(CCC2)Oc2ncc(CC(C)(C)C)cc21,5.0,nM,8.3
CHEMBL4442213,COc1ccc2[nH]c3nc4c(c(N)c3c2c1)CCCC4,2400.0,nM,5.62
CHEMBL467635,Cc1ccc(Nc2cc(-c3ccc(N(C)C)cc3)ncn2)cc1NS(C)(=O)=O,15000.0,nM,4.82
CHEMBL183494,CC(C)C[C@H](NC(=O)[C@@H](NC(=O)[C@@H](N)CNC(=O)c1nn[nH]n1)C(C)C)C(=O)N[C@@H](Cc1ccccc1)[C@@H](O)C(=O)Nc1cccc(C(=O)O)c1,8.2,nM,8.09
CHEMBL255192,C[C@H](NC[C@@H](O)[C@H](Cc1ccccc1)NC(=O)c1cc(N2CCCC2)cc(N2CCCC2=O)c1)C(=O)NC1CCCCC1,860.0,nM,6.07
CHEMBL565790,COc1ccc(C2(c3cccc(-c4cccnc4)c3)N=C(N)N(C)C2=O)cc1C1CCCC1,120.0,nM,6.92
CHEMBL566007,CN1C(=O)C(c2ccccc2)(c2ccc(Cl)cc2)N=C1N,2250.0,nM,5.65
CHEMBL566198,CCOc1ccc(C2(C34CC5CC(CC(C5)C3)C4)N=C(N)N(C)C2=O)cc1,330.0,nM,6.48
CHEMBL566633,CN1C(=O)C(c2ccc(OC(F)(F)F)cc2)(c2cc(F)cc(-c3cncnc3)c2)N=C1N,320.0,nM,6.5
CHEMBL567341,CCn1cnc2c(Nc3cc(F)cc(F)c3)nc(C#N)nc21,63095.73,nM,4.2
CHEMBL583178,CN1C(=N)N[C@](CCC2CCCCC2)(CC2CCCCC2)C1=O,605.0,nM,6.22
CHEMBL1915998,CCCO[C@H]1CN[C@@H]([C@@H](O)[C@H](Cc2cc(F)cc(F)c2)NC(=O)[C@H](C)N2CC[C@H](C(C)C)C2=O)C1,390.0,nM,6.41
CHEMBL1916160,CCCC[C@H]1CCN([C@@H](CCc2ccccc2)C(=O)N[C@@H](Cc2cc(F)cc(F)c2)[C@H](O)[C@H]2C[C@@H](Oc3ccccn3)CN2)C1=O,360.0,nM,6.44
CHEMBL1916163,CCC(C)[C@@]1(NC(C)=O)CCN([C@@H](CCc2ccccc2)C(=O)N[C@@H](Cc2cc(F)cc(F)c2)[C@H](O)[C@H]2C[C@@H](N)CN2)C1=O,270.0,nM,6.57
CHEMBL1916007,CCCC[C@H]1CCN([C@@H](C)C(=O)N[C@@H](Cc2cc(F)cc(F)c2)[C@H](O)[C@H]2C[C@H](O)CN2)C1=O,96.0,nM,7.02
CHEMBL2347197,C#CCOc1cnc(C(=O)Nc2ccc(F)c([C@@]3(C)N=C(N)OCC3(F)F)c2)cn1,13.0,nM,7.89
CHEMBL2347196,C[C@]1(c2cc(NC(=O)c3cnc(OCC(F)(F)F)cn3)ccc2F)N=C(N)OCC1(F)F,25.0,nM,7.6
CHEMBL2347191,C[C@]1(c2cc(NC(=O)c3ccc(OCC(F)(F)C(F)F)cn3)ccc2F)N=C(N)OCC1(F)F,42.0,nM,7.38
CHEMBL373423,C[C@@H](NC(=O)c1cc(COC[C@](C)(N)Cc2ccccc2)cc(N(C)S(C)(=O)=O)c1)c1ccc(F)cc1,430.0,nM,6.37
CHEMBL510508,Oc1cc(O)cc(Oc2c(O)cc(O)c3c2Oc2c(O)cc4oc5c(Oc6cc(O)cc(O)c6)c(O)cc(O)c5c4c2O3)c1,2130.0,nM,5.67
CHEMBL3639691,C[C@@]1(c2cc(NC(=O)c3ccc(Cl)cn3)ccc2F)C=CSC(N)=N1,9.6,nM,8.02
CHEMBL380381,CC(C)C[C@H](NC(=O)[C@@H](NC(=O)[C@@H](N)CNC(=O)c1[nH]c(=O)[nH]c(=O)c1F)C(C)C)C(=O)N[C@@H](Cc1ccccc1)[C@@H](O)C(=O)Nc1cccc(-c2nn[nH]n2)c1,6.5,nM,8.19
CHEMBL567026,CC(=O)N[C@@H](Cc1cc(F)cc(F)c1)[C@H](O)CN[C@@]1(c2cccc(C(C)(C)C)c2)CC[C@H](S(C)(=O)=O)NC1,210.0,nM,6.68
CHEMBL570982,CON[C@H]1CC[C@@](NC[C@@H](O)[C@H](Cc2cc(F)cc(F)c2)NC(C)=O)(c2cccc(C(C)(C)C)c2)CN1,100.0,nM,7.0
CHEMBL583546,CC(=O)N[C@@H](Cc1cc(F)cc(F)c1)[C@H](O)CN[C@@]1(c2cccc(C(C)(C)C)c2)CC[C@H](NS(C)(=O)=O)NC1,400.0,nM,6.4
CHEMBL571433,CC(=O)N[C@@H](Cc1cc(F)cc(F)c1)[C@H](O)CN[C@@]1(c2cccc(C(C)(C)C)c2)CC[C@H](Nc2ccccn2)NC1,73.0,nM,7.14
CHEMBL1952317,CSc1cccc2c(O)c(C(=O)Nc3ccc(N(CCO)CCO)cc3)cnc12,3840.0,nM,5.42
CHEMBL1098734,NC1=Nc2ccc3cc2CN1[C@H](C1CCCCC1)CCC(=O)N(C1CCCCC1)CCCc1cccc(c1)O3,34.0,nM,7.47
CHEMBL1097281,NC1=Nc2ccc3cc2CN1[C@H](C1CCCCC1)CCC(=O)N([C@H]1CC[C@@H](C(=O)O)CC1)CCc1cccc(c1)O3,310.0,nM,6.51
CHEMBL237888,Cn1c(N)nc(CCc2ccccc2)cc1=O,180000.0,nM,3.75
CHEMBL239638,CN1C(=O)CC(C)(c2ccccc2)N=C1N,2000.0,nM,5.7
CHEMBL376277,C[C@@H](NC(=O)c1cc(C(=O)N[C@@H](Cc2ccccc2)[C@H](O)CNC2CC2)cc(N(C)S(=O)(=O)N(C)C)c1)c1ccccc1,9.0,nM,8.05
CHEMBL567430,NC1=NC(c2ccc(OC(F)(F)F)cc2)(c2cccc(-c3cccnc3F)c2)C2=NOCCN12,30.0,nM,7.52
CHEMBL583699,CO[C@@H](CNc1ccccc1)C[C@H](O)[C@H](COc1cc(F)cc(F)c1)NC(=O)c1cc(C(=O)N[C@H](C)c2ccccc2)cc(N(C)S(C)(=O)=O)c1,1500.0,nM,5.82
CHEMBL1221925,O=C1c2ccccc2C(=O)C1(O)O,776000.0,nM,3.11
CHEMBL1222300,CC[C@@H](CC(=O)NC1C2CC3CC(C2)CC1C3)n1c(N)nc2cc(Cl)ccc21,8900.0,nM,5.05
CHEMBL42453,CCCN(CCC)C(=O)c1cccc(C(=O)N[C@@H](Cc2cc(F)cc(F)c2)[C@@H](O)C[C@@H](CC)C(=O)NC[C@H]2CC[C@H](C(=O)O)CC2)c1,50.0,nM,7.3
CHEMBL263260,CCCN(CCC)C(=O)c1cccc(C(=O)N[C@@H](Cc2cc(F)cc(F)c2)[C@@H](O)C[C@@H](CC)C(=O)NCCCCC(=O)O)c1,400.0,nM,6.4
CHEMBL5190569,COc1cc(/C=C/c2nnc(-c3ccc(C(F)(F)F)cc3)o2)ccc1O,255.0,nM,6.59
CHEMBL576628,COc1cccc(C2(c3ccccc3)N=C(N)N(C)C2=O)c1,3467.37,nM,5.46
CHEMBL3670303,COc1cnc(C(=O)Nc2ccc(F)c([C@@]3(C)N=C(N)SC=C3C)c2)cn1,572.0,nM,6.24
CHEMBL3670305,C#CCOc1cnc(C(=O)Nc2ccc(F)c([C@@]3(C)N=C(N)SC=C3C)c2)cn1,54.0,nM,7.27
CHEMBL3972335,COc1cc([N+](=O)[O-])cnc1Nc1ccc(F)c([C@]2(C(F)F)COCC(N)=N2)c1,2900.0,nM,5.54
CHEMBL2030996,CC(=O)N[C@@H](Cc1cccc(F)c1)[C@H](O)CN[C@H]1CC2(CCC2)Oc2ncc(CC(C)(C)C)cc21,1.8,nM,8.74
CHEMBL2151240,CC(=O)N[C@@H](Cc1ccc(F)c(OC(F)(F)F)c1)[C@H](O)CN[C@H]1CC2(CCC2)Oc2ncc(CC(C)(C)C)cc21,26.0,nM,7.58
CHEMBL2151244,COc1ccc(C[C@H](NC(C)=O)[C@H](O)CN[C@H]2CC3(CCC3)Oc3ncc(CC(C)(C)C)cc32)cc1F,8.5,nM,8.07
CHEMBL1760733,CCCOc1cccc(C[C@@H]2CS(=O)(=O)C[C@H](NCc3cccc(C(C)C)c3)[C@H]2O)c1,2300.0,nM,5.64
CHEMBL1760859,CC(C)c1cccc(CN[C@H]2CS(=O)(=O)C[C@@H](Cc3ccc(O)c(Br)c3)[C@@H]2O)c1,300.0,nM,6.52
CHEMBL1760861,CC(=O)N[C@@H](Cc1cc(F)cc(F)c1)[C@H](O)CNCc1cccc(C(C)C)c1,3200.0,nM,5.5
CHEMBL1644464,CC(C)CNC(=O)[C@@H](C[C@H](O)[C@@H]1COCc2cccc(c2)C(c2ccccc2)NC(=O)c2cc(cc(N(C)S(C)(=O)=O)c2)C(=O)N1)C(C)C,3700.0,nM,5.43
CHEMBL212203,C[C@H](NC[C@H](Cc1ccccc1)NC(=O)c1cc(C(=O)N[C@H](C)c2ccc(F)cc2)cc(N(C)S(C)(=O)=O)c1)C(=O)NCc1ccccc1,139.0,nM,6.86
CHEMBL379781,CC(C)CNC(=O)[C@H](CCO)NC[C@H](Cc1ccccc1)NC(=O)c1cc(C(=O)N[C@H](C)c2ccc(F)cc2)cc(N(C)S(C)(=O)=O)c1,751.0,nM,6.12
CHEMBL583213,CC(C)(C)c1cccc(C2(c3ccccc3)N=C(N)N3CCCN=C32)c1,30200.0,nM,4.52
CHEMBL1092476,CN1C(=O)C(c2ccncc2)(c2cccc(-c3cccc(F)c3)c2)N=C1N,50.0,nM,7.3
CHEMBL1214214,CCCCCCNCCOc1ccc(Br)cc1NC(=O)Cc1ccccc1Cl,29400.0,nM,4.53
CHEMBL1164959,Oc1c(Br)cc(/C=N/Nc2nc(Nc3ccccc3)nc(Nc3ccccc3)n2)cc1Br,53900.0,nM,4.27
CHEMBL1163230,Clc1ccc(/C=N/Nc2nc(Nc3cccc(Br)c3)nc(N3CCOCC3)n2)cc1,100000.0,nM,4.0
CHEMBL1163953,CC(=O)Nc1cc(C(=O)NCc2cc(F)cc(Cl)c2)ccc1Sc1ccc(Cl)cc1,100000.0,nM,4.0
CHEMBL1163703,Cc1cccc(N(C)S(=O)(=O)c2ccc3[nH]cc(C(=O)NCCN4CCOCC4)c(=O)c3c2)c1,100000.0,nM,4.0
CHEMBL1164238,O=C(Nc1ccc(Cl)c(C(F)(F)F)c1)C(NS(=O)(=O)c1cccs1)c1ccccc1,100000.0,nM,4.0
CHEMBL590492,CC(C)c1cc(C2(c3cccc(-c4cncnc4)c3)N=C(N)N(C)C2=O)ccn1,70.0,nM,7.16
CHEMBL571249,CCCCNC(=O)NCc1ccc(CN2C(=N)NC(CC3CCCCC3)(CC3CCCCC3)C2=O)cc1,2100.0,nM,5.68
CHEMBL1165416,C[C@@]12CC[C@@H](O)[C@@H]3COC(=C31)C(=O)c1cc3c(OCCO)cccc3cc12,82000.0,nM,4.09
CHEMBL1164493,CC(=O)C1=C(C)N(CC(=O)OC(C)C)C(C)=C(C(=O)N[C@@H](Cc2ccccc2)[C@H](O)CNC2CC2)C1C,29300.0,nM,4.53
CHEMBL3653482,CCc1ccc(C(=O)Nc2ccc(F)c([C@]3(C(F)F)COCC(N)=N3)c2)nc1,130.0,nM,6.89
CHEMBL3653389,C[C@@]1(c2cc(Br)cc(NC(=O)c3ccc(Cl)cn3)c2)COCC(N)=N1,101.0,nM,7.0
CHEMBL3653399,C[C@@]1(c2cccc(NC(=O)c3ccc(Br)cn3)c2)CO[C@@](C)(C(F)(F)F)C(N)=N1,20.0,nM,7.7
CHEMBL3653406,COCCOc1cnc(C(=O)Nc2ccc(F)c([C@]3(C)CO[C@@](C)(C(F)(F)F)C(N)=N3)c2)cn1,79.0,nM,7.1
CHEMBL1610040,Sc1nnc(CSc2nc3ccccc3s2)o1,930.0,nM,6.03
CHEMBL3642631,COCc1cc(NC(=O)c2ccc(C)cc2)cc(C2(C)CCSC(N)=N2)c1,3239.0,nM,5.49
CHEMBL3642640,CC1(c2cccc(NC(=O)c3ccc(F)cn3)c2)CCSC(N)=N1,220.0,nM,6.66
CHEMBL3645168,CC1(c2cccc(NC(=O)c3ccc(Br)cn3)c2)CCSC(N)=N1,37.0,nM,7.43
CHEMBL4106794,CO[C@H]1CC[C@]2(CC1)Cc1ccc(-c3cc(F)cc(C#N)c3)cc1[C@@]21N=C(C)C(N)=N1,23.0,nM,7.64
CHEMBL2443373,CC1=C(C(=O)Nc2nc(C)cs2)C(c2ccc([N+](=O)[O-])cc2)C(C(=O)Nc2nc(C)cs2)=C(C)N1,4210.0,nM,5.38
CHEMBL3127090,CN1C(=O)[C@]2(N=C1N)c1cc(-c3cncnc3)ccc1O[C@H]1CCOC[C@@H]12,39.0,nM,7.41
CHEMBL3127089,CN1C(=O)[C@]2(N=C1N)c1cc(-c3cncc(C#N)c3)ccc1O[C@H]1CCOC[C@@H]12,21.0,nM,7.68
CHEMBL3127092,NC1=N[C@@]2(CO1)c1cc(-c3cncc(Cl)c3)ccc1O[C@@H]1CCOC[C@H]12,440.0,nM,6.36
CHEMBL3127078,C[C@H]1OCC[C@H]2Oc3ccc(-c4cccnc4F)cc3[C@@]3(COC(N)=N3)[C@H]12,230.0,nM,6.64
CHEMBL3127084,CN1C(=O)[C@]2(N=C1N)c1cc(-c3cccnc3F)c(F)cc1O[C@H]1CCOC[C@@H]12,66.0,nM,7.18
CHEMBL3127079,CN1C(=O)[C@]2(N=C1N)c1cc(-c3cccc(C#N)c3)ccc1O[C@H]1CCOC[C@@]12C,29.0,nM,7.54
CHEMBL3127100,C[C@]12CCOC[C@@H]1[C@]1(COC(N)=N1)c1cc(-c3cc(F)cc(Cl)c3)ccc1O2,41.0,nM,7.39
CHEMBL2331712,NC1=N[C@@]2(c3cc(NC(=O)c4ccc(Cl)cn4)ccc3F)C[C@H]2CCS1,26.0,nM,7.58
CHEMBL2407343,CCc1ccc2c(c1)[C@@H](NC[C@@H](O)[C@@H]1Cc3cccc(c3)CCCCCC(=O)N1)CC1(CCC1)O2,250.0,nM,6.6
CHEMBL2381676,Cn1c(N)nc([C@H]2C[C@H]2c2cccc(-c3cccc(F)c3)c2)cc1=O,72400.0,nM,4.14
CHEMBL3963410,COc1cnc(C(=O)Nc2cc(F)c(F)c([C@]3(C)C[C@@H](C(F)(F)F)OC(N)=N3)c2)c(F)c1,12.0,nM,7.92
CHEMBL3972722,N#Cc1cc(Nc2ccc(F)c([C@]3(CF)C[C@@H](C(F)(F)F)OC(N)=N3)c2)ccn1,7000.0,nM,5.16
CHEMBL3960610,C#CCOc1cnc(C(=O)Nc2ccc(F)c([C@]3(CF)C[C@@H](C(F)(F)F)OC(N)=N3)c2)cn1,5.1,nM,8.29
CHEMBL3670904,C[C@]1(c2cc(NC3CCc4cc(Cl)cnc43)ccc2F)N=C(N)COC[C@@H]1F,70.0,nM,7.16
CHEMBL3891534,NC1=N[C@@]2(c3cc(NC(=O)c4ccc(Cl)cn4)ccc3F)OCC[C@H]2CS1,20.0,nM,7.7
CHEMBL3919597,NC1=N[C@@]2(c3cc(NC(=O)c4ccc(Br)cn4)ccc3F)OCC[C@H]2CS1,33.0,nM,7.48
CHEMBL3986498,COc1cnc(C(=O)Nc2ccc(F)c([C@@]34N=C(N)SC[C@@H]3CCO4)c2)cn1,230.0,nM,6.64
CHEMBL3900541,NC1=N[C@@]2(c3cc(F)cc(NC(=O)c4ccc(Cl)cn4)c3)OCC[C@H]2CS1,600.0,nM,6.22
CHEMBL3928503,NC1=N[C@@]2(c3cc(F)cc(NC(=O)c4ccc(F)cn4)c3)OCC[C@H]2CS1,2000.0,nM,5.7
CHEMBL312956,CC(C)[C@H](O)C(=O)N[C@H](C(=O)N[C@@H](Cc1ccccc1)[C@@H](O)C[C@@H](C)C(=O)N[C@H](C(=O)NCc1ccncc1)C(C)C)C(C)C,4640.0,nM,5.33
CHEMBL565337,CC(=O)N[C@@H](Cc1cc(F)cc(F)c1)[C@H](O)CN[C@@]1(c2cccc(C(C)(C)C)c2)CC[C@H](N(O)C(C)=O)NC1,240.0,nM,6.62
CHEMBL3642611,CC1(c2cc(Br)cc(NC(=O)c3ccco3)c2)CCSC(N)=N1,156.0,nM,6.81
CHEMBL3652435,COC1CCC2(CC1)Cc1ccc(-c3cc(Cl)cc(Cl)c3)cc1C21N=C(N)N(C)O1,4.8,nM,8.32
CHEMBL3654226,Cc1noc([C@H]2CC3CSC(N)=N[C@@]3(c3ccc(F)cc3F)CO2)n1,439.0,nM,6.36
CHEMBL3654233,Cc1cnc([C@H]2C[C@H]3CSC(N)=N[C@@]3(c3ccc(F)cc3F)CO2)nc1,688.0,nM,6.16
CHEMBL598876,CN1C(=O)C(c2ccncc2)(c2cccc(-c3ccccc3)c2)N=C1N,130.02,nM,6.89
CHEMBL3670365,C[C@@]1(c2nc(NC(=O)c3ncc(C#N)cc3Cl)ccc2F)CO[C@@](C)(C(F)(F)F)C(N)=N1,6.0,nM,8.22
CHEMBL5070669,C[C@@]1(c2nc(NC(=O)c3ncc(C(F)(F)F)cc3N)ccc2F)CO[C@@](C)(C(F)(F)F)C(N)=N1,70.0,nM,7.16
CHEMBL3979325,NC1=N[C@](CF)(c2cc(NC(=O)c3ccc(C#CC4CC4)cn3)cc(F)c2F)C[C@@H](C(F)(F)F)O1,379.0,nM,6.42
CHEMBL4527268,Cc1noc(C)c1[C@@H]1C[C@@](C)(c2sccc2Cl)N=C(N)S1,300.0,nM,6.52
CHEMBL4779386,C[C@]1(c2cc(/C=C(\F)c3ccc(C#N)cn3)ccc2F)N=C(N)S[C@@]2(S(C)(=O)=O)C[C@H]21,9.0,nM,8.05
CHEMBL551980,CCCN(CCC)C(=O)c1cccc(C(=O)N[C@@H](Cc2cc(F)cc(F)c2)[C@H](O)CNCc2cccc(OC)c2)c1,31.0,nM,7.51
CHEMBL563604,COc1cccc(CNC[C@@H](O)[C@H](Cc2cc(F)cc(F)c2)NC(=O)c2cccc(N(C)S(C)(=O)=O)c2)c1,80.0,nM,7.1
CHEMBL490304,CCCCNC(=O)[C@H](C)C[C@H](O)[C@@H]1C[C@H](C)CCCCCCCC(=O)N[C@@H](C)C(=O)N1,590.0,nM,6.23
CHEMBL562487,CCn1cc2c3c(cc(C(=O)N[C@@H](Cc4ccccc4)[C@H](O)CNCCF)cc31)N(C)S(=O)(=O)CC2,245.0,nM,6.61
CHEMBL559355,CCn1cc2c3c(cc(C(=O)N[C@@H](Cc4ccccc4)[C@H](O)CNC4CCOCC4)cc31)N(C)S(=O)(=O)CC2,27.0,nM,7.57
CHEMBL558078,C#CCNC[C@@H](O)[C@H](Cc1ccccc1)NC(=O)c1cc2c3c(c1)c(CC)cn3CCS(=O)(=O)O2,360.0,nM,6.44
CHEMBL4848996,CN1C(N)=N[C@](C)(c2cc(-n3[se]c4ccc(F)cc4c3=O)ccc2F)CS1(=O)=O,1950.0,nM,5.71
CHEMBL451867,CCCN(CCC)C(=O)c1cc(C(=O)N[C@@H](Cc2ccccc2)[C@H](O)CNCCC2CCN(Cc3ccccc3)CC2)cc(N(C)S(C)(=O)=O)c1,2392.0,nM,5.62
CHEMBL2347201,C[C@]1(c2cc(NC(=O)c3ccn(C(F)F)n3)ccc2F)N=C(N)OCC1(F)F,36.0,nM,7.44
CHEMBL2347369,COc1ccc(C2(C)CCSC(N)=N2)cc1.Cl,41200.0,nM,4.38
CHEMBL2347210,C[C@]1(c2cc(NC(=O)c3ccc(Cl)cn3)ccc2F)N=C(N)OCC1(F)F,17.0,nM,7.77
CHEMBL2349470,CN1C(=O)[C@]2(CC(C)(C)Cc3ccc(-c4cncnc4)cc32)N=C1N,48.0,nM,7.32
CHEMBL2349468,CN1C(=O)[C@]2(CC(C)(C)Cc3ccc(-c4cccc(C#N)c4)cc32)N=C1N,18.0,nM,7.75
CHEMBL2349487,CC1(C)Cc2ccc(-c3cncc(Cl)c3)cc2C2(COC(N)=N2)C1,789.0,nM,6.1
CHEMBL2346790,CC1(C)Cc2cc(Cl)ccc2C(N[C@@H](Cc2ccccc2)C(=O)O)=N1,2840.0,nM,5.55
CHEMBL2347365,COc1ccc(C(=O)Nc2ccc(F)c([C@@]3(C)N=C(N)OCC3(F)F)c2)nc1,51.0,nM,7.29
CHEMBL2349477,CN1C(=O)C2(CC(C)(C)Sc3ccc(-c4cncc(Cl)c4)cc32)N=C1N,22.0,nM,7.66
CHEMBL2349503,CN1C(=O)C2(CC(C)(C)Oc3ccc(-c4ccncc4)cc32)N=C1N,6270.0,nM,5.2
CHEMBL2349498,CN1C(=O)C2(CC(C)(C)Oc3ccc(C4CCCCC4)cc32)N=C1N,278.0,nM,6.56
CHEMBL2349490,CN1C(=O)C2(CC(C)(C)Oc3ccc(-c4cc(F)cc(Cl)c4)cc32)N=C1N,39.0,nM,7.41
CHEMBL2349610,CN1C(=O)C2(CC(C)(C)Oc3ccc(Br)cc32)N=C1N,36830.0,nM,4.43
CHEMBL1923158,CN1CC(N)=NC(C)(c2cccc(NC(=O)c3ccc(Cl)cn3)c2)C1=O,447.0,nM,6.35
CHEMBL3680855,C[C@]1(c2cc(NC(=O)c3ncc(Cl)cc3Cl)ccc2F)N=C(N)OC[C@@H]1F,0.6,nM,9.22
CHEMBL572313,CC(=O)N[C@@H](Cc1cc(F)cc(F)c1)[C@H](O)CNC1(c2cccc(-n3cccn3)c2)CCCOC1,270.0,nM,6.57
CHEMBL570298,CC(=O)N[C@@H](Cc1cc(F)cc(F)c1)[C@H](O)CNC1(c2cccc(C(C)(C)C)c2)CCNC(=O)C1,18.0,nM,7.75
CHEMBL570165,CC(=O)N[C@@H](Cc1cc(F)cc(F)c1)[C@H](O)CNC1(c2cccc(C(C)(C)C)c2)CCCN(C(=O)OCc2ccccc2)C1,860.0,nM,6.07
CHEMBL2180033,CC1=NC(c2cccc(-c3cncc(Cl)c3)c2)(C2CC2)N=C1N,690.0,nM,6.16
CHEMBL2180037,CC#Cc1cncc(-c2cccc(C3(C4CC4)N=C(C)C(N)=N3)c2)c1,79.0,nM,7.1
CHEMBL2181985,N#CC1(OC(=O)[C@H]2C[C@]3(CN2)C(=O)Nc2ccccc23)CCCCC1,11000.0,nM,4.96
CHEMBL2181983,O=C(OC1CCSc2ccc(Br)cc21)[C@H]1C[C@]2(CN1)C(=O)Nc1ccccc12,6000.0,nM,5.22
CHEMBL2181895,COCC(=O)N[C@@H](Cc1cccc(-c2nc(C)cs2)c1)[C@H](O)CN[C@H]1CC2(CCC2)Oc2ncc(CC(C)(C)C)cc21,14.0,nM,7.85
CHEMBL2181908,CC(=O)N[C@@H](Cc1cccc(-c2nccs2)c1)[C@H](O)CN[C@H]1CC2(CCC2)Oc2ncc(CC(C)(C)C)cc21,3.7,nM,8.43
CHEMBL2181905,C#Cc1cc(C[C@H](NC(=O)COC)[C@H](O)CN[C@H]2CC3(CCC3)Oc3ncc(CC(C)(C)C)cc32)ccc1F,3.7,nM,8.43
CHEMBL2181897,CC#Cc1cccc(C[C@H](NC(=O)COC)[C@H](O)CN[C@H]2CC3(CCC3)Oc3ncc(CC(C)(C)C)cc32)c1,15.0,nM,7.82
CHEMBL1165064,CCOC(=O)C(Cc1ccc(O)cc1)NS(=O)(=O)c1ccc2c(c1)C(=O)c1ccccc1C2=O,100000.0,nM,4.0
CHEMBL1164644,NC(=O)c1ccc[n+](CC(=O)Nc2cccc(NC(=O)c3ccccc3)c2)c1.[Cl-],44700.0,nM,4.35
CHEMBL597062,Cc1cc(C2(c3cccc(-c4cncnc4)c3)N=C(N)N(C)C2=O)cc(C)n1,140.0,nM,6.85
CHEMBL4165225,C[C@]1(c2cc(NC(=O)c3ccc(C#N)cn3)ccc2F)N=C(N)CO[C@H]1C(F)(F)F,6.0,nM,8.22
CHEMBL4174699,C[C@]1(c2cc(NC(=O)c3cnc(OC(F)(F)C(F)(F)F)cn3)ccc2F)N=C(N)CO[C@H]1C(F)(F)F,49.0,nM,7.31
CHEMBL585506,CN1C(=O)C(c2ccc(OC(F)(F)F)cc2)(c2ccc(F)c(-c3cncnc3)c2)N=C1N,40.0,nM,7.4
CHEMBL1097361,CCCCNC(=O)[C@H](C)C[C@H](O)[C@H](CC(C)C)NC(=O)[C@H](CCSC)NC(=O)[C@H](CC(C)C)NC(C)=O,53.0,nM,7.28
CHEMBL1092504,CCCCNC(=O)[C@H](C)C[C@H](O)[C@H](Cc1ccccc1)NC(=O)[C@@H]1CCC[C@H]([C@@H](NC(C)=O)C(C)C)C1,800.0,nM,6.1
CHEMBL1084432,CCC(=O)NC(C)(C)[C@H]1CCC[C@@H](C(=O)N[C@@H](Cc2ccccc2)[C@@H](O)CNCc2cccc(C(C)C)c2)C1,580.0,nM,6.24
CHEMBL1077236,CC(C)c1cccc(CNC[C@H](O)[C@H](Cc2ccccc2)NC(=O)[C@@H]2CCC[C@H](C(C)(C)N3CCCC3=O)C2)c1,25.0,nM,7.6
CHEMBL1084135,C[C@@H](NC(=O)c1cc(COCC(N)(Cc2ccccc2)C(F)F)cc(N(C)S(C)(=O)=O)c1)c1ccc(F)cc1,925.0,nM,6.03
CHEMBL210414,CC(C)CNC(=O)[C@H](C)NC[C@H](Cc1ccccc1)NC(=O)c1cc(CCC2C[C@@H]2C)cc(N(C)S(C)(=O)=O)c1,23.0,nM,7.64
CHEMBL2403779,NC1=N[C@@]2(c3cc(NC(=O)c4ccc(Cl)cn4)ccc3F)C[C@H]2COC1,73.0,nM,7.14
CHEMBL2403768,C[C@@]1(c2cc(NC(=O)c3ncc(Cl)cc3Cl)ccc2F)CCOC(N)=N1,39.0,nM,7.41
CHEMBL5523504,FC(F)(F)c1ccc(-c2nnc(NC3CCN(Cc4ccccc4)CC3)o2)cc1,146.0,nM,6.84
CHEMBL504140,CC(C)[C@H](NC(=O)C[C@H](O)[C@H](COCc1cc(F)cc(F)c1)NC(=O)c1cc(C(=O)N[C@H](C)c2ccccc2)cc(N(C)S(C)(=O)=O)c1)C(=O)Nc1cc(C(=O)O)cc(C(=O)O)c1,40.0,nM,7.4
CHEMBL1076907,CSCC[C@H](NC(=O)[C@@H](NC(=O)OC(C)(C)C)C(C)C)C(=O)N[C@@H](COCc1cc(F)cc(F)c1)[C@@H](O)C[C@@H](C)C(=O)N[C@H](C(=O)NCc1ccccc1)C(C)C,10000.0,nM,5.0
CHEMBL1091220,Nc1cccc(Cn2c(-c3ccc(Oc4cccnc4)cc3)ccc2-c2ccccc2Cl)n1,410.0,nM,6.39
CHEMBL3422241,Cc1coc([C@H]2C[C@H]3[C@@H](C)SC(N)=N[C@@]3(c3ccc(F)cc3F)CO2)n1,84.0,nM,7.08
CHEMBL3654215,Cc1nnc([C@H]2CC3CSC(N)=N[C@@]3(c3ccc(F)cc3F)CO2)o1,301.0,nM,6.52
CHEMBL2380815,CCc1cscc1CC(NC1=NC(C)(C)Cc2cc(Cl)ccc21)C(=O)O,630.0,nM,6.2
CHEMBL3917081,CC1(C)CCC([C@H]2C[C@H]3CSC(N)=N[C@@]3(c3ccc(F)cc3F)CO2)O1,184.0,nM,6.74
CHEMBL3929500,NC1=N[C@@]2(c3ccc(F)cc3F)CO[C@@H]([C@@H]3CCCO3)C[C@H]2CS1,302.0,nM,6.52
CHEMBL1094660,CC(C)C[C@H](NC(=O)[C@@H](NC(=O)[C@@H](N)CNC(=O)c1cc(O)ccc1O)C(C)C)C(=O)N[C@@H](Cc1ccccc1)[C@@H](O)C(=O)Nc1cccc(-c2noc(=O)[nH]2)c1,10.0,nM,8.0
CHEMBL3918147,NC1=N[C@@]2(c3ccc(F)cc3F)CO[C@@H](c3ccc(C(F)F)cc3)C[C@H]2CS1,28.0,nM,7.55
CHEMBL3672728,CC#Cc1cncc(-c2ccc3c(c2)C2(N=C(C)C(N)=N2)[C@]2(CC3)CC[C@@H](OC)CC2)c1,19.0,nM,7.72
CHEMBL393733,CCCCS(=O)(=O)C[C@@H](NC(=O)OC)C(=O)N[C@@H](Cc1cc(F)cc(F)c1)[C@H](O)CNCc1cccc(CC)c1,4.0,nM,8.4
CHEMBL3688714,CC(C)c1cc(Cl)cnc1C(=O)Nc1ccc(F)c([C@@]2(C(F)F)N=C(N)O[C@@H]3C[C@@H]32)c1,305.0,nM,6.52
CHEMBL3683796,CC#CCOc1cnc(C(=O)Nc2cc(F)c(F)c([C@]3(CF)N=C(N)O[C@H]4C[C@H]43)c2)cn1,295.5,nM,6.53
CHEMBL3683797,N#Cc1ccc(C(=O)Nc2cc(F)c(F)c([C@@]3(CF)N=C(N)O[C@@H]4C[C@@H]43)c2)nc1,69.8,nM,7.16
CHEMBL3683809,Cc1cc(C#N)cnc1C(=O)Nc1cc(F)c(F)c([C@@]2(CF)N=C(N)O[C@@H]3C[C@@H]32)c1,30.8,nM,7.51
CHEMBL3688777,COc1cnc2c(Nc3ccc(F)c([C@]4(CF)N=C(N)O[C@H]5C[C@H]54)c3F)nccc2n1,12650.0,nM,4.9
CHEMBL3683822,COc1cnc(C(=O)Nc2ccc(F)c([C@@]3(C(F)F)N=C(N)O[C@@H]4C[C@@H]43)c2)c(C)n1,63.7,nM,7.2
CHEMBL1817738,CC(C)[C@H](NC(=O)[C@@H](N)CNC(=O)c1[nH]c(=O)[nH]c(=O)c1F)C(=O)N[C@@H](CC1CCCCC1)C(=O)N[C@@H](Cc1ccccc1)[C@@H](O)C(=O)N[C@@H](C)c1ccccc1,24.2,nM,7.62
CHEMBL3704998,NC1=N[C@@]2(c3ccns3)CN(c3ncc(F)cn3)C[C@H]2CS1,172.0,nM,6.76
CHEMBL3670333,C=C1C[C@@](C)(c2cncc(NC(=O)c3cnc(OC)cn3)c2)N=C(N)S1,63.0,nM,7.2
CHEMBL3670334,C=C1C[C@@](C)(c2cncc(NC(=O)c3ncc(C(F)(F)F)cc3Cl)c2)N=C(N)S1,102.0,nM,6.99
CHEMBL2347882,O=C(Nc1cc(Br)ccc1N1CCN(C(=O)c2ccco2)CC1)c1cc2ccccc2o/c1=N\c1ccccc1,741.0,nM,6.13
CHEMBL2347877,O=C(Nc1cc(Br)ccc1N1CCN(CCc2cc3ccccc3[nH]2)CC1)c1cc2ccccc2o/c1=N\c1ccccc1,928.0,nM,6.03
CHEMBL2346677,CC(C)(C)OC(=O)N1CCN(c2ccc(Br)cc2NC(=O)c2cc3ccccc3o/c2=N\c2ccccc2)CC1,9810.0,nM,5.01
CHEMBL288919,CC(C)C[C@H](NC(=O)[C@@H](NC(=O)[C@@H](N)CCC(=O)O)C(C)C)C(=O)N[C@@H](Cc1ccccc1)[C@@H](O)C(=O)Nc1cc(C(=O)O)cc(C(=O)O)c1,55.0,nM,7.26
CHEMBL1824350,CCc1cc(C2(c3cccc(-c4cncnc4)c3)N=C(N)N(C)C2=O)c(C)s1,180.0,nM,6.75
CHEMBL1821829,CC(Cc1cc2cc(-c3ncccc3C#N)ccc2nc1N)C(=O)NCCC(C)(C)C,390.0,nM,6.41
CHEMBL453705,C[C@@H](NC(=O)c1cc(C(=O)N[C@@H](COc2cc(F)cc(F)c2)[C@@H](O)CC(=O)NCc2ccc(C(=O)O)cc2)cc(N(C)S(C)(=O)=O)c1)c1ccccc1,4000.0,nM,5.4
CHEMBL5823623,CC1(c2cc(NC(=O)c3ccc(Cl)cn3)ccc2F)N=C(N)OC2(CCC2)C1(F)F,66.0,nM,7.18
CHEMBL5944566,CC1(c2cc(NC(=O)c3ccc(C#N)cn3)ccc2F)N=C(N)OC2(CCC2)C1(F)F,66.0,nM,7.18
CHEMBL5824449,CC#Cc1cncc(-c2csc([C@@]3(C)CC4(CCOCC4)OC(N)=N3)c2)c1,1330.0,nM,5.88
CHEMBL211499,CCCCNC(=O)[C@H](C)C[C@H](O)[C@@H]1CSC/C=C\CSC[C@H](NC(=O)OC(C)(C)C)C(=O)N[C@@H](C)C(=O)N1,9000.0,nM,5.05
CHEMBL5762729,COc1cnc2c(Nc3ccc(F)c([C@]4(C)CS(=O)(=O)C(C)(C)C(N)=N4)c3)nccc2n1,2.9,nM,8.54
CHEMBL5819483,COc1cnc2c(Nc3ccc(F)c([C@@]4(C(F)(F)F)CS(=O)(=O)C(C)(C)C(N)=N4)c3)nccc2c1,8690.0,nM,5.06
CHEMBL5896533,COc1cnc2c(Nc3cnc(F)c(C4(C)CS(=O)(=O)C(C)(C)C(N)=N4)c3)nccc2c1,4.3,nM,8.37
CHEMBL5924733,COc1cnc2c(Nc3ccc(F)c([C@]4(C)CS(=O)(=O)C(C)(C)C(N)=N4)c3)cccc2n1,11.4,nM,7.94
CHEMBL2349504,CN1C(=O)C2(CC(C)(C)Oc3ccc(-c4cncc(Cl)c4)cc32)N=C1N,34.0,nM,7.47
CHEMBL2349492,CC(C)Oc1cccc(-c2ccc3c(c2)C2(CC(C)(C)O3)N=C(N)N(C)C2=O)c1,2864.0,nM,5.54
CHEMBL2347192,Cc1cc(Cl)cnc1C(=O)Nc1ccc(F)c([C@@]2(C)N=C(N)OCC2(F)F)c1,16.0,nM,7.8
CHEMBL2347363,Cc1ccc(C(=O)Nc2ccc(F)c([C@@]3(C)N=C(N)OCC3(F)F)c2)nc1,87.0,nM,7.06
CHEMBL2347212,C[C@]1(c2cc(NC(=O)c3ccc(Cl)cn3)ccc2F)N=C(N)SCC1(F)F,4.0,nM,8.4
CHEMBL2347188,C[C@]1(c2cc(NC(=O)c3ccc(C#N)cn3)ccc2F)N=C(N)O[C@H](C(F)(F)F)[C@@H]1F,13.0,nM,7.89
CHEMBL2347199,Cn1ccc(C(=O)Nc2ccc(F)c([C@@]3(C)N=C(N)OCC3(F)F)c2)n1,446.0,nM,6.35
CHEMBL2347368,C[C@]1(c2cc(NC(=O)c3ccc(OCC(F)(F)F)cn3)ccc2F)N=C(N)OCC1(F)F,108.0,nM,6.97
CHEMBL2048058,CC(C)(O)c1cccc(CN[C@H]2CS(=O)(=O)C[C@@H](Cc3cc(F)c(N)c(OC(C(F)(F)F)C(F)(F)F)c3)[C@@H]2O)c1,2.0,nM,8.7
CHEMBL2048040,CC(C)(C)c1cccc(CN[C@H]2CS(=O)(=O)C[C@@H](Cc3cc(F)c(N)c(OC4CCC4)c3)[C@@H]2O)c1,11.0,nM,7.96
CHEMBL2314779,O=C(N[C@H](C(=O)Nc1cc(C(CO)NCc2ccccc2)ccc1C(=O)c1ccccc1)c1ccccc1)OCc1ccccc1,4100.0,nM,5.39
CHEMBL2403764,NC1=NC2(CCc3ccc(NC(=O)c4ccc(Cl)cn4)cc32)CS1,380.0,nM,6.42
CHEMBL3703221,NC1=NC2(CO1)c1cc(Br)ccc1OC(CC1CC1)C21COC1,4800.0,nM,5.32
CHEMBL3915398,COC1CCC2(CC1)Cc1ccc(OCC(F)(F)F)cc1C21CN(C)C(N)=N1,9.0,nM,8.05
CHEMBL3943370,[C-]#[N+]c1cccc(-c2ccc3c(c2)C2(N=C(N)N(C)O2)C2(CCC(Cc4ccccc4)CC2)C3)c1,3505.0,nM,5.46
CHEMBL3899247,COC1CCC2(CC1)Cc1ccc(Oc3ccccc3)cc1C21N=C(N)N(C)C1=O,48.0,nM,7.32
CHEMBL3920999,CC(C)N1C(=O)C2(N=C1N)c1ccccc1CC21CCC(OC(F)F)CC1,473.3,nM,6.33
CHEMBL3934305,CN1C(=O)C2(N=C1N)c1ccccc1OC21CCc2ccccc2CC1,186.2,nM,6.73
CHEMBL3946731,COC1CCC2(CC1)Cc1ccc(C3=CC(O)CC3)cc1C21N=C(N)N(C)C1=O,33.1,nM,7.48
CHEMBL5170123,CC1c2cc(Oc3ccccc3)ccc2N=C(N)N1CCCC(=O)N(Cc1cnn(C)c1)C1CCCCC1,380.0,nM,6.42
CHEMBL500708,C[C@@H](NC(=O)c1cc(C(=O)N[C@@H](COc2cc(F)cc(F)c2)[C@@H](O)CC(=O)NCC(=O)NCc2ccc(C(=O)O)cc2)cc(N(C)S(C)(=O)=O)c1)c1ccccc1,2300.0,nM,5.64
CHEMBL3650799,CC1(C)Oc2ccc(-c3cnc4[nH]ccc4c3)cc2C2(COC(N)=N2)C12COC2,760.0,nM,6.12
CHEMBL3650814,CC1(C)Oc2ccc(-c3cccc(OC(F)(F)F)c3)cc2C2(COC(N)=N2)C12COC2,880.0,nM,6.06
CHEMBL3922656,C[C@H]1C[C@H]2CSC(N)=N[C@@]2(c2nc(NC(=O)c3cnc(OCC4CC4)cn3)cs2)CO1,161.0,nM,6.79
CHEMBL3960944,C[C@H]1C[C@H]2CSC(N)=NC2(c2nc(NC(=O)c3cnn(C)c3)cs2)CO1,3940.0,nM,5.41
CHEMBL3889501,CCn1cc(C(=O)Nc2csc(C34CO[C@@H](C)C[C@H]3CSC(N)=N4)n2)cn1,7480.0,nM,5.13
CHEMBL3922557,C[C@H]1C[C@H]2CSC(N)=NC2(c2nc(NC(=O)c3ncnn3C)cs2)CO1,4560.0,nM,5.34
CHEMBL3938050,C[C@H]1C[C@H]2CSC(N)=NC2(c2nc(NC(=O)c3cn(C)cn3)cs2)CO1,18200.0,nM,4.74
CHEMBL3932449,C[C@H]1C[C@H]2CSC(N)=NC2(c2nc(NC(=O)c3cnc(C4CC4)cn3)cs2)CO1,1080.0,nM,5.97
CHEMBL3975173,CC(C)c1nc(C(=O)Nc2csc(C34CO[C@@H](C)C[C@H]3CSC(N)=N4)n2)co1,16200.0,nM,4.79
CHEMBL3944174,COCc1nc(C(=O)Nc2csc([C@]34CO[C@@H](C)C[C@H]3CSC(N)=N4)n2)co1,175.0,nM,6.76
CHEMBL3919976,C[C@H]1C[C@H]2CSC(N)=N[C@@]2(c2nc(NC(=O)C34CC(C3)C4)cs2)CO1,85.0,nM,7.07
CHEMBL4108012,[C-]#[N+]C1(C(=O)Nc2csc([C@]34CO[C@@H](C)C[C@H]3CSC(N)=N4)n2)CCC1,94.0,nM,7.03
CHEMBL3942279,C[C@H]1C[C@H]2CSC(N)=N[C@@]2(c2nc(NC(=O)c3ccc(OC(F)F)cn3)ccc2F)CO1,43.0,nM,7.37
CHEMBL3645152,C[C@@]1(c2cc(NC(=O)c3ccc(Br)s3)ccc2F)CCSC(N)=N1,150.0,nM,6.82
CHEMBL3645158,CSCCOc1cnc(C(=O)Nc2cccc([C@]3(C)CCSC(N)=N3)c2)cn1,180.0,nM,6.75
CHEMBL3640240,CCCCc1ccc(C(=O)Nc2ccc(F)c([C@@]3(C)N=C(N)SCC3(F)F)c2)nc1,870.0,nM,6.06
CHEMBL3959272,O=C([C@H]1CNC[C@@]12CCc1ccccc12)N1CC[C@H](c2ccccc2)C[C@@H]1c1ccccc1,71.0,nM,7.15
CHEMBL3650188,Cn1cc([C@H]2C[C@H]3CSC(N)=N[C@@]3(c3ccc(F)cc3F)CO2)nn1,877.0,nM,6.06
CHEMBL3650168,NC1=N[C@@]2(c3ccc(F)cc3F)CO[C@@H](c3nc4ccncc4o3)C[C@H]2CS1,5020.0,nM,5.3
CHEMBL3650172,Cc1cc([C@H]2C[C@H]3CSC(N)=N[C@@]3(c3ccc(F)cc3F)CO2)ccn1,221.0,nM,6.66
CHEMBL256372,CCCN(CCC)C(=O)c1cc(C)cc(C(=O)N[C@@H](Cc2cc(F)cc(F)c2)[C@H](O)[C@H]2C[C@@H](OCCN(C)C)CCN2)c1,26.0,nM,7.58
CHEMBL257645,CCCN(CCC)C(=O)c1cc(C)cc(C(=O)N[C@@H](Cc2cc(F)cc(F)c2)[C@H](O)[C@H]2C[C@@H](OCCOC)CCN2)c1,4.0,nM,8.4
CHEMBL256904,CCCN(CCC)C(=O)c1cc(C)cc(C(=O)N[C@@H](Cc2cc(F)cc(F)c2)[C@H](O)[C@H]2C[C@@H](CCc3ccccc3)CCN2)c1,191.0,nM,6.72
CHEMBL253449,N=C(N)NC(=O)Cn1c(-c2ccc(Oc3ccccc3)cc2)ccc1-c1cccc(Cl)c1,1300.0,nM,5.89
CHEMBL253241,CC(=O)c1ccc(Oc2ccc(-c3ccc(-c4cccc(F)c4)n3CC(=O)NC(=N)N)cc2)cc1,1200.0,nM,5.92
CHEMBL252218,COc1ccccc1-c1ccc(-c2ccc(Oc3ccccc3)cc2)n1CC(=O)NC(=N)N,1300.0,nM,5.89
CHEMBL253863,N=C(N)NC(=O)Cn1c(-c2ccccc2)ccc1-c1ccc(Oc2ccccc2)cc1,1300.0,nM,5.89
CHEMBL404860,N=C(N)NC(=O)Cn1c(-c2ccccc2)ccc1-c1ccccc1Cl,3000.0,nM,5.52
CHEMBL2177325,COc1ccc2c(c1)C1(COC(N)=N1)c1cc(-c3cccc(Cl)c3)ccc1O2,130.0,nM,6.89
CHEMBL398839,CCCN(c1cc2cc(c1)C(=O)N[C@@H](C1CC1)CCc1cccc(c1)C[C@@](C)(N)COC2)S(C)(=O)=O,1100.0,nM,5.96
CHEMBL191344,CCCCNC(=O)[C@@H](NC(=O)[C@@H]1CCC[C@H]1[C@H](O)[C@H](CC(C)C)NC(=O)[C@H](CCSC)NC(=O)[C@H](CC(C)C)NC(C)=O)C(C)C,25.0,nM,7.6
CHEMBL261655,COc1cccc(CN2C[C@@H](C(=O)N[C@@H](Cc3ccccc3)[C@H](O)CNCc3cccc(N(C)C)c3)NC2=O)c1,14220.0,nM,4.85
CHEMBL52317,CCCCOc1ccc(C(=O)NC(CC(C)C)[C@@H](O)CC(=O)N[C@@H](C(=O)N[C@H](C)C(=O)N[C@H](CCC(=O)O)C(=O)N[C@H](Cc2ccccc2)C(=O)O)C(C)C)cc1,27000.0,nM,4.57
CHEMBL404166,Cc1csc(CN/C(N)=N\C(=O)Cn2c(-c3ccccc3)ccc2C23CC4CC(CC(C4)C2)C3)n1,276.0,nM,6.56
CHEMBL500555,CCn1cnc2c(N3CCCC3=O)cc(C(=O)N[C@@H](Cc3ccccc3)[C@H](O)CNCc3cccc(C(F)(F)F)c3)cc21,19.0,nM,7.72
CHEMBL401475,CCNc1cc(C(=O)N[C@@H](Cc2ccccc2)[C@H](O)CNC2CCc3ccc(OC)cc32)cc(N2CCCCS2(=O)=O)c1,18.0,nM,7.75
CHEMBL447220,CCc1c[nH]c2c(N3CCCC3=O)cc(C(=O)N[C@@H](Cc3ccccc3)[C@H](O)CNCc3cccc(C(F)(F)F)c3)cc12,26.0,nM,7.58
CHEMBL399979,CCCCO[C@H]1CCN[C@@H]([C@@H](O)[C@H](Cc2cc(F)cc(F)c2)NC(=O)c2cc(C)cc(C(=O)N(CCC)CCC)c2)C1,160.0,nM,6.8
CHEMBL399113,CCCN(c1cc(C(=O)N[C@@H](Cc2ccccc2)[C@H](C)N)cc(N(C)C[C@H]2C[C@@H]2C)n1)S(C)(=O)=O,67.0,nM,7.17
CHEMBL401141,CCCC(CCC)S(=O)(=O)CCC(=O)N[C@@H](Cc1ccccc1)[C@H](O)CNCc1cccc(OC)c1,314.0,nM,6.5
CHEMBL396830,Cn1c(N)nc(CCc2cccc(-c3ccc[nH]3)c2)cc1=O,120000.0,nM,3.92
CHEMBL2346796,CC1(C)Cc2cc(Cl)ccc2C(N[C@@H](Cc2ccccc2)c2noc(=O)[nH]2)=N1,750.0,nM,6.12
CHEMBL398925,COc1cccc(CNC[C@@H](O)[C@H](Cc2ccccc2)NC(=O)CCS(=O)(=O)C2CCCCC2)c1,3670.0,nM,5.43
CHEMBL3265330,NC1=N[C@@]2(CO1)c1cc(-c3cncc(Cl)c3)ccc1O[C@@H]1COCC[C@H]12,20.0,nM,7.7
CHEMBL259083,O=C(N[C@@H](Cc1ccccc1)[C@H](O)CNCc1cccc(OC(F)(F)F)c1)[C@@H]1CN(Cc2ccccc2)C(=O)N1,21070.0,nM,4.68
CHEMBL508663,CCc1cn(C)c2c(N3CCCC3=O)cc(C(=O)N[C@@H](Cc3ccccc3)[C@H](O)CNCc3cccc(C(F)(F)F)c3)cc12,40.0,nM,7.4
CHEMBL403429,CCNc1cc(C(=O)N[C@@H](Cc2ccccc2)[C@H](O)CNCc2cccc(C(F)(F)F)c2)cc(N2CCCC2=O)c1,49.0,nM,7.31
CHEMBL258277,COc1cc(C(=O)N[C@@H](Cc2ccccc2)[C@H](O)CN[C@@H](C)C(=O)NC2CCCCC2)cc(N2CCCC2=O)c1,745.0,nM,6.13
CHEMBL513842,Cc1ccc(Nc2cc(-c3ccc(-c4ccccc4)cc3)ncn2)cc1NS(C)(=O)=O,19000.0,nM,4.72
CHEMBL582828,COc1ccc(C2(c3cccc(-c4cncnc4)c3)N=C(N)N3CCCN=C32)cc1,91.2,nM,7.04
CHEMBL1957483,NC1=N[C@](c2ccc(OC(F)F)cc2)(c2cccc(OCCCF)c2)C2=NCC(F)(F)CN12,7.943,nM,8.1
CHEMBL1955882,NC1=NC(c2ccncc2)(c2cccc(-c3cncnc3)c2)C2=NCCCN12,263.03,nM,6.58
CHEMBL1957481,COCCC#Cc1cccc(C2(c3ccc(OC(F)F)cc3)N=C(N)N3CC(F)(F)CN=C32)c1,13.49,nM,7.87
CHEMBL451218,CCCN(CCC)C(=O)c1cc(C)cc(C(=O)N[C@@H](Cc2cc(F)cc(F)c2)[C@H](O)[C@@H]2NCCN(CCC)C2=O)c1,44.0,nM,7.36
CHEMBL491071,CCCCN1CC(C(=O)N[C@@H](Cc2cc(F)cc(F)c2)[C@H](O)[C@@H]2NCCN(Cc3ccccc3)C2=O)CC1=O,5.0,nM,8.3
CHEMBL511110,COC[C@H]1CCCN1C(=O)c1cncc(C(=O)N[C@@H](Cc2cc(F)cc(F)c2)[C@H](O)[C@@H]2NCCN(Cc3ccccc3)C2=O)c1,2.0,nM,8.7
CHEMBL453413,COC[C@H]1CCCN1C(=O)c1cc(OC)cc(C(=O)N[C@@H](Cc2cc(F)cc(F)c2)[C@H](O)[C@@H]2NCCN(Cc3ccccc3)C2=O)c1,4.0,nM,8.4
CHEMBL522924,CCCN(CCC)C(=O)c1cc(C)cc(C(=O)N[C@@H](Cc2cc(F)cc(F)c2)[C@H](O)[C@@H]2NCCN(C)C2=O)c1,7000.0,nM,5.16
CHEMBL137614,CC(C)C[C@H](NC(=O)[C@H](CC(N)=O)NC(=O)[C@@H](N)C(C)C)[C@@H](O)CC(=O)N[C@H](C(=O)N[C@@H](C)C(=O)N[C@@H](CCC(=O)O)C(=O)N[C@@H](Cc1ccccc1)C(=O)O)C(C)C,2000.0,nM,5.7
CHEMBL4284107,CN(C)Cc1ccccc1-c1ccc(NCCCN2CCCCC2)c(OCCN2CCCCC2)c1,2800.0,nM,5.55
CHEMBL4557890,C[C@@]1(c2cc(NC(=O)c3ccc(C#N)cn3)ccc2F)Cn2cncc2C(N)=N1,3.981,nM,8.4
CHEMBL4521954,C[C@@]1(c2cccc(NC(=O)c3ccc(C#N)cn3)c2)Cn2nccc2C(N)=N1,2.188,nM,8.66
CHEMBL3890460,NC1=N[C@@]2(c3c(F)cccc3F)CO[C@@H](C3CC3)C[C@H]2CS1,395.0,nM,6.4
CHEMBL3902648,Cc1ccc([C@]23CO[C@@H](C4CC4)C[C@H]2CSC(N)=N3)c(F)c1,715.0,nM,6.15
CHEMBL3897314,COC[C@H]1SC(N)=N[C@@]2(c3ccc(F)cc3F)CO[C@@H](C3CC3)C[C@@H]12,1410.0,nM,5.85
CHEMBL2370097,CSCC[C@H](NC(=O)[C@@H](NC(C)=O)C(C)C)C(=O)N[C@@H](CC(C)C)C(O)CC(=O)N[C@H](C(=O)N[C@@H](C)C(=O)N[C@@H](C)C(=O)N[C@@H](Cc1ccccc1)C(=O)O)C(C)C,2000.0,nM,5.7
CHEMBL3923832,CO[C@H]1CC[C@]2(CC1)Cc1ccc(OCC3CCCO3)cc1C21N=C(N)N(CC(F)F)C1=O,31.0,nM,7.51
CHEMBL3654222,Cc1nccc([C@H]2CC3CSC(N)=N[C@@]3(c3ccc(F)cc3F)CO2)n1,583.0,nM,6.23
CHEMBL3670356,Cc1cc(C#N)cnc1C(=O)Nc1ccc(F)c([C@@]2(C)CO[C@@](C)(C(F)(F)F)C(N)=N2)n1,490.0,nM,6.31
CHEMBL260621,CC(C)(C)c1cccc(CNC[C@@H](O)[C@H](Cc2cc(F)cc(F)c2)NC(=O)[C@@H]2CN(Cc3cc(F)cc(F)c3)C(=O)N2)c1,150.0,nM,6.82
CHEMBL413999,CN(C)c1cccc(CNC[C@@H](O)[C@H](Cc2ccccc2)NC(=O)[C@@H]2CN(Cc3cc(F)cc(F)c3)C(=O)N2)c1,1970.0,nM,5.71
CHEMBL130415,Oc1cc(O)c2c(c1)O[C@@H](c1cc(O)c(O)c(O)c1)[C@@H](O)C2,2400.0,nM,5.62
CHEMBL403253,CCCCCN1C[C@@H](C(=O)N[C@@H](Cc2cc(F)cc(F)c2)[C@H](O)[C@H]2C[C@@H](OCc3ccccc3)CN2)[C@H](C2CCCC2)C1=O,295.0,nM,6.53
CHEMBL401993,O=C(N[C@@H](Cc1cc(F)cc(F)c1)[C@H](O)[C@H]1C[C@@H](OCc2ccccc2)CN1)[C@H]1CC(=O)N(Cc2ccc(Cl)cc2)C1,18800.0,nM,4.73
CHEMBL236777,Nc1nc(CCc2ccc3cc[nH]c3c2)cc(=O)[nH]1,86000.0,nM,4.07
CHEMBL239641,COc1cccc(-c2cccc(CC[C@@]3(C)CC(=O)N(C)C(N)=N3)c2)c1,35000.0,nM,4.46
CHEMBL239639,CN1C(=O)CC(C)(CCc2ccccc2)N=C1N,34000.0,nM,4.47
CHEMBL238087,CC1(c2ccccc2)CC(=O)NC(N)=N1,190000.0,nM,3.72
CHEMBL235753,Cn1c(N)nc(CCc2cccc(-c3cccnc3)c2)cc1=O,190000.0,nM,3.72
CHEMBL237891,Cn1c(N)nc(CCc2ccc3cc[nH]c3c2)cc1=O,46000.0,nM,4.34
CHEMBL2031145,CC(=O)N[C@@H](Cc1cccc(F)c1)[C@H](O)CN[C@H]1C[C@]2(C[C@H](F)C2)Oc2ncc(CC(C)(C)C)cc21,2.0,nM,8.7
CHEMBL2031146,CC(=O)N[C@@H](Cc1ccc(F)cc1)[C@H](O)CN[C@H]1CC2(CC(F)(F)C2)Oc2ncc(CC(C)(C)C)cc21,8.0,nM,8.1
CHEMBL2031148,CC(=O)N[C@@H](Cc1ccc(F)cc1)[C@H](O)CN[C@H]1C[C@]2(C[C@H](O)C2)Oc2ncc(CC(C)(C)C)cc21,5.0,nM,8.3
CHEMBL235820,C[C@H](NC(=O)OC[C@H](O)[C@H](Cc1ccccc1)NC(=O)c1ccc(S(C)(=O)=O)cc1)C(=O)N[C@@H](CCC(=O)O)C(=O)N[C@@H](Cc1ccccc1)C(=O)O,30000.0,nM,4.52
CHEMBL270172,CC(C)C[C@H](NC(=O)[C@@H](NC(=O)[C@@H](N)CNC(=O)c1nn[nH]n1)C(C)C)C(=O)N[C@@H](Cc1ccccc1)[C@@H](O)C(=O)NS(=O)(=O)C(F)(F)F,29.9,nM,7.52
CHEMBL2177332,COc1ccc2c(c1)C1(COC(N)=N1)c1cc(-c3cccc(OC)c3F)ccc1O2,900.0,nM,6.05
CHEMBL2151152,CC(=O)N[C@@H](Cc1ccccc1F)[C@H](O)CN[C@H]1CC2(CCC2)Oc2ncc(CC(C)(C)C)cc21,3.6,nM,8.44
CHEMBL2151239,CC(=O)N[C@@H](Cc1ccc(F)c(C(F)(F)F)c1)[C@H](O)CN[C@H]1CC2(CCC2)Oc2ncc(CC(C)(C)C)cc21,11.0,nM,7.96
CHEMBL1257531,CC(=O)N[C@@H](Cc1cc(F)cc(F)c1)[C@H](O)CNC1(c2cc(F)cc(C(C)(C)C)c2)CCCCC1,46.0,nM,7.34
CHEMBL209372,CC[C@H](NC[C@H](Cc1ccccc1)NC(=O)c1cc(C(=O)N[C@H](C)c2ccc(F)cc2)cc(N(C)S(C)(=O)=O)c1)C(=O)NCC(C)C,7.0,nM,8.15
CHEMBL379513,CC(C)CNC(=O)[C@H](C)NC[C@H](Cc1ccccc1)NC(=O)c1cc(C(=O)N[C@H](C)c2ccc(F)cc2)cc(N(C)S(C)(=O)=O)c1,22.0,nM,7.66
CHEMBL2425599,COC[C@@H](Oc1cc(C[C@@H]2C[S@@+]([O-])C[C@H](N[C@H](C)c3cccc(C(C)(C)C)c3)[C@H]2O)cc(F)c1N)C(F)(F)F,32.0,nM,7.5
CHEMBL192836,CCCCNC(=O)[C@H](C)NC(=O)[C@@H]1CCC[C@H]1[C@H](O)[C@H](CC(C)C)NC(=O)[C@H](CCSC)NC(=O)[C@H](CC(C)C)NC(C)=O,185.0,nM,6.73
CHEMBL2380441,CC1(c2cccc(-c3cccnc3)c2)N=C(N)c2c(F)cccc2O1,32000.0,nM,4.5
CHEMBL3703279,C[C@@H]1Oc2ccc(-c3cncnc3)cc2[C@@]2(COC(N)=N2)C12COC2,1910.0,nM,5.72
CHEMBL3703284,NC1=NC2(CO1)c1cc(-c3cncnc3)ccc1OC1(CCCC1)C21COC1,319.0,nM,6.5
CHEMBL3914405,CCN1C(=O)C2(N=C1N)c1cc(-c3cccc(Cl)c3)ccc1CC21CCC(OC)CC1,8.1,nM,8.09
CHEMBL3921357,COC1CCC2(CC1)Cc1ccc(C#CC3CCCC3)cc1C21N=C(N)N(C)C1=O,2.2,nM,8.66
CHEMBL2381677,COc1ccc(-c2cccc([C@@H]3C[C@@H]3c3cc(=O)n(C)c(N)n3)c2)cc1,30800.0,nM,4.51
CHEMBL3650811,CC1(C)Oc2ccc(-c3cccc4cnccc34)cc2C2(COC(N)=N2)C12COC2,2030.0,nM,5.69
CHEMBL3650832,CC#Cc1cncc(-c2ccc3c(c2)C2(COC(N)=N2)C2(COC2)C(Cc2ccccc2)O3)c1,109.0,nM,6.96
CHEMBL3904256,CC1(c2cccc(Nc3cc(F)cc4cc(Cl)cnc34)c2)COCC(N)=N1,250.0,nM,6.6
CHEMBL3906761,C[C@@]1(c2cc(Nc3ncc(F)c4cc(C#N)cnc34)cc(F)c2F)C[C@@H](C(F)(F)F)OC(N)=N1,275.0,nM,6.56
CHEMBL3986682,NC1=N[C@](CF)(c2cc(Oc3ccccn3)ccc2F)C[C@@H](C(F)(F)F)O1,2110.0,nM,5.68
CHEMBL3703306,NC1=NC2(COC1)c1cc(Br)ccc1OCC21COC1,68300.0,nM,4.17
CHEMBL3703313,NC1=NC2(CO1)c1cc(-c3ccc(F)nc3F)ccc1OC1(CCC1)C21COC1,3370.0,nM,5.47
CHEMBL3650767,NC1=NC2(CO1)c1cc(C3=CCCCC3)ccc1OC1(CCC1)C21COC1,3270.0,nM,5.49
CHEMBL3650771,CC1(C)Oc2ccc(-c3cccc(Cl)c3)cc2C2(COC(N)=N2)C12COC2,252.0,nM,6.6
CHEMBL5987536,CC#Cc1cncc(-c2csc(C3(C)N=C(N)OC4(CCOCC4)C3(F)F)c2)c1,626.0,nM,6.2
CHEMBL5835932,CC1(c2cc(NC(=O)c3ccc(Cl)cn3)ccc2F)CC2(CCOCC2)OC(N)=N1,73.0,nM,7.14
CHEMBL568968,CCCCNC(=O)NCc1ccc(CN2C(=N)NC(C)(CC3CCCCC3)C2=O)cc1,5000.0,nM,5.3
CHEMBL571728,CCCCNC(=O)NCc1ccc(CN2C(=N)NC(CCC3CCCCC3)(CC(C)C)C2=O)cc1,3000.0,nM,5.52
CHEMBL583703,CO[C@@H](CNc1ccc(F)cc1)C[C@H](O)[C@H](COc1cc(F)cc(F)c1)NC(=O)c1cc(C(=O)N[C@H](C)c2ccccc2)cc(N(C)S(C)(=O)=O)c1,1500.0,nM,5.82
CHEMBL3642623,CC1(c2cc(Br)cc(NC(=O)c3ccc(Br)cc3)c2)CCSC(N)=N1,140.0,nM,6.85
CHEMBL3653427,NC1=N[C@@](c2cc(NC(=O)c3ccc(Br)cn3)ccc2F)(C(F)F)CCOC1,18.0,nM,7.75
CHEMBL3653442,NC1=N[C@@](c2cc(NC(=O)c3ncc(F)cc3F)ccc2F)(C(F)F)COC1,120.0,nM,6.92
CHEMBL3653444,NC1=N[C@@](c2cc(NC(=O)c3ncc(Br)cc3Cl)ccc2F)(C(F)F)COC1,18.0,nM,7.75
CHEMBL3653449,NC1=N[C@@](c2cc(NC(=O)c3cnc(C(F)F)cn3)ccc2F)(C(F)F)COC1,200.0,nM,6.7
CHEMBL3653348,Cc1nc(C(=O)Nc2cccc(C3(C)COCC(N)=N3)c2)c(C)o1,590.0,nM,6.23
CHEMBL3653356,COc1cnc(C(=O)Nc2cccc(C3(C)COCC(N)=N3)c2)cn1,560.0,nM,6.25
CHEMBL3653361,CC1(c2cccc(NC(=O)c3ccc(Br)cc3)c2)COCC(N)=N1,970.0,nM,6.01
CHEMBL3653385,C[C@@]1(c2cc(Br)cc(NC(=O)c3ccc(Br)cn3)c2)COCC(N)=N1,180.0,nM,6.75
CHEMBL3653391,Cc1nc(C(=O)Nc2cc(Br)cc([C@]3(C)COCC(N)=N3)c2)c(C)o1,780.0,nM,6.11
CHEMBL3690084,COCCOc1cnc(C(=O)Nc2cccc(C3(C)CC(=O)N(C)C(N)=N3)c2)cn1,14.0,nM,7.85
CHEMBL300665,CC(C)CC(NC(=O)Cc1ccc(-c2ccccc2)cc1)[C@@H](O)CC(=O)N[C@@H](C(=O)N[C@H](C)C(=O)N[C@H](CCC(=O)O)C(=O)N[C@H](Cc1ccccc1)C(=O)O)C(C)C,56000.0,nM,4.25
CHEMBL3640224,C=C(C)COc1cnc(C(=O)Nc2cccc([C@]3(C)CCSC(N)=N3)c2)cn1,100.0,nM,7.0
CHEMBL3640232,Cc1cc(SCC(=O)Nc2ccc(F)c([C@]3(C)CCSC(N)=N3)c2)nc(N)n1,6770.0,nM,5.17
CHEMBL2181881,CC(C)(C)Cc1cnc2c(c1)[C@@H](NC[C@@H](O)[C@H](Cc1ccc3c(c1)OCO3)NC(=O)[C@@H]1CCCO1)CC1(CCC1)O2,27.5,nM,7.56
CHEMBL2181885,COc1ccc(C[C@H](NC(C)=O)[C@H](O)CN[C@H]2CC3(CCC3)Oc3ncc(CC(C)(C)C)cc32)cc1OC,9.3,nM,8.03
CHEMBL2151235,CC(=O)N[C@@H](Cc1cccc(C(F)(F)F)c1)[C@H](O)CN[C@H]1CC2(CCC2)Oc2ncc(CC(C)(C)C)cc21,2.4,nM,8.62
CHEMBL2151154,CC(=O)N[C@@H](Cc1ccc(OC(F)(F)F)cc1)[C@H](O)CN[C@H]1CC2(CCC2)Oc2ncc(CC(C)(C)C)cc21,65.0,nM,7.19
CHEMBL2172801,CSc1cccc(-c2ccc([C@@H]3C[C@@H]3c3cc(=O)n(C)c(N)n3)cc2)c1,14900.0,nM,4.83
CHEMBL2172793,COc1cncc(-c2ccc([C@@H]3C[C@@H]3c3cc(=O)n(C)c(N)n3)cc2)n1,12600.0,nM,4.9
CHEMBL5282182,CCC(=O)CNC(=O)Nc1nc2ccc(-c3oc4c(OC)c(O)c(O)c(OC)c4c(=O)c3O)cc2s1,2100.0,nM,5.68
CHEMBL220813,CCCN(CCC)C(=O)c1cccc(C(=O)N[C@@H](Cc2cc(F)cc(F)c2)[C@H](O)CN[C@H](C)C(=O)NCC(C)C)c1,500.0,nM,6.3
CHEMBL324109,CCC(C)C[C@H](NC(=O)[C@H](CC(C)C)NC(C)=O)[C@@H](O)CC(=O)NC(CCSC)[C@@H](O)CC(=O)N[C@H](C(=O)NCc1ccc(C(=O)O)cc1)C(C)C,460.0,nM,6.34
CHEMBL220346,Nc1ncccc1NCc1cccc(-c2cccnc2)c1,100000.0,nM,4.0
CHEMBL435747,Nc1ncccc1NCc1ccccc1,310000.0,nM,3.51
CHEMBL2047893,CCCc1cc(C[C@@H]2CS(=O)(=O)C[C@H](NCc3cccc(C(C)(C)C)c3)[C@H]2O)cc(F)c1N,550.0,nM,6.26
CHEMBL2047895,CC(C)(C)c1cccc(CN[C@H]2CS(=O)(=O)C[C@@H](Cc3ccc4[nH]ncc4c3)[C@@H]2O)c1,1450.0,nM,5.84
CHEMBL2047896,CCCc1n[nH]c2ccc(C[C@@H]3CS(=O)(=O)C[C@H](NCc4cccc(C(C)(C)C)c4)[C@H]3O)cc12,220.0,nM,6.66
CHEMBL2058874,OC(CCn1c2ccccc2c2ccccc21)CSc1ccc2ccccc2c1,4310.0,nM,5.37
CHEMBL2047659,CC(C)C[C@H](NC(=O)[C@@H](NC(=O)[C@@H](N)CNC(=O)c1[nH]c(=O)[nH]c(=O)c1F)C(C)C)C(=O)N[C@@H](Cc1ccccc1)C(=O)N[C@@H](CC(N)=O)C(=O)O,173.0,nM,6.76
CHEMBL2047376,CC(C)C[C@@H](C=O)NC(=O)[C@H](CC(C)C)NC(=O)[C@@H](NC(=O)OCc1ccccc1)C(C)C,14000.0,nM,4.85
CHEMBL2059101,OC(Cn1c2ccccc2c2ccccc21)Cn1c2ccccc2c2ccccc21,710.0,nM,6.15
CHEMBL1257302,CC(=O)N[C@@H](Cc1cc(F)cc(F)c1)[C@H](O)CNC1(c2cc(C(C)(C)C)ncn2)CCCCC1,2430.0,nM,5.61
CHEMBL1258121,CC(=O)N[C@@H](Cc1cc(F)cc(F)c1)[C@H](O)CNC1(c2cn(CC(C)(C)C)nn2)CC1,450.0,nM,6.35
CHEMBL1782312,COc1ccc(-c2cc(-c3ccc(Cl)cc3)c(C#N)c(SCC(=O)N(c3ccccc3)c3ccc4ccccc4c3)n2)cc1,50000.0,nM,4.3
CHEMBL1782313,Cc1nn(-c2ccccc2)c(Cl)c1C1Nc2ccccc2-c2nnc(SCc3ccccc3)nc2O1,100000.0,nM,4.0
CHEMBL1782314,Cc1nc(N/C(=N\C(=O)Nc2ccccc2)NC(=O)Nc2ccccc2)nc2ccccc12,3000.0,nM,5.52
CHEMBL1782315,O=C(CSc1nnc(Cc2c[nH]c3ccccc23)n1Cc1ccccc1)c1c[nH]c2ccccc12,100000.0,nM,4.0
CHEMBL3414707,C[C@H]1C[C@H]2CSC(N)=N[C@@]2(c2ccc(F)cc2F)CO1,39.0,nM,7.41
CHEMBL463145,O=c1cc(-c2ccc(O)cc2O)oc2cc(O)cc(O)c12,60600.0,nM,4.22
CHEMBL3354706,CC(C)(C)COc1ccc2c(c1)[C@]1(COC(N)=N1)c1cc(-c3cncc(C#N)c3)ccc1O2,3.0,nM,8.52
CHEMBL3354711,CC1(COc2ccc3c(c2)[C@]2(COC(N)=N2)c2cc(-c4cccnc4)ccc2O3)COC1,7.0,nM,8.15
CHEMBL2177343,CC(C)COc1ccc2c(c1)[C@]1(COC(N)=N1)c1cc(-c3cncnc3)ccc1O2,36.0,nM,7.44
CHEMBL3354691,CC(C)(O)C#Cc1ccc2c(c1)[C@]1(COC(N)=N1)c1cc(-c3cncnc3)ccc1O2,20.0,nM,7.7
CHEMBL3354702,CC(C)(C)COc1ccc2c(c1)[C@]1(COC(N)=N1)c1cc(-c3ccccn3)ccc1O2,583.0,nM,6.23
CHEMBL3354697,CC(C)(O)COc1ccc2c(c1)[C@]1(COC(N)=N1)c1cc(-c3cncnc3)ccc1O2,7.0,nM,8.15
CHEMBL1093085,C[C@@H](NC(=O)c1cc(COC[C@H](N)Cc2ccccc2)cc(N(C)S(C)(=O)=O)c1)c1ccc(F)cc1,10100.0,nM,5.0
CHEMBL2437437,CN1C(=O)C[C@@](C)([C@@H]2C[C@H]2c2cccc(/C=C/c3ccccc3)c2)N=C1N.O=C(O)C(F)(F)F,2900.0,nM,5.54
CHEMBL2437445,COc1ccc(-c2cccc([C@@H]3C[C@H]3[C@]3(C)CC(=O)N(C)C(N)=N3)c2)cc1.O=C(O)C(F)(F)F,23300.0,nM,4.63
CHEMBL2437452,CN1C(=O)C[C@@](C)(CCc2ccccc2)N=C1N.O=C(O)C(F)(F)F,41400.0,nM,4.38
CHEMBL2386724,C[C@]1(c2nc(NC(=O)c3ncc(Cl)cc3Cl)ccc2F)N=C(N)OCC1(F)F,18.0,nM,7.75
CHEMBL190058,CCCCNC(=O)[C@@H]1CCC[C@H]1[C@H](O)[C@H](CC(C)C)NC(=O)[C@H](CCSC)NC(=O)[C@H](CC(C)C)NC(C)=O,1820.0,nM,5.74
CHEMBL439671,CCCCNC(=O)[C@@H](NC(=O)[C@@H]1CN(C)C[C@H]1[C@H](O)[C@H](CC(C)C)NC(=O)[C@H](CCSC)NC(=O)[C@H](CC(C)C)NC(C)=O)C(C)C,3440.0,nM,5.46
CHEMBL187765,CSCC[C@H](NC(=O)[C@H](CC(C)C)NC(C)=O)C(=O)N[C@@H](CC(C)C)[C@@H](O)[C@@H]1CC(=O)C[C@H]1C(=O)N[C@@H](C)C(=O)O,720.0,nM,6.14
CHEMBL2178192,COc1ccc(-c2noc(C)c2C(=O)/N=C(\N)NCc2cc(C)c(NC(=O)CN(C)C)c(Cl)c2)cc1,90.0,nM,7.05
CHEMBL2178185,COc1ccc(-c2noc(C)c2C(=O)/N=C(\N)NCc2cc(Cl)c(NC(=O)CSC)c(Cl)c2)cc1,2000.0,nM,5.7
CHEMBL296166,COC(=O)[C@@H]1CC(NC(=O)[C@H](NC(=O)C[C@H](O)[C@@H](Cc2cc(F)cc(F)c2)NC(=O)C(O)c2ccccc2-c2ccccc2)C(C)C)C[C@H](C(=O)OC)C1,120.0,nM,6.92
CHEMBL2178184,COc1ccc(-c2nsc(C)c2C(=O)/N=C(\N)NCc2cc(C)c(NC(=O)c3ccccc3)c(Cl)c2)cc1,430.0,nM,6.37
CHEMBL401473,CCNc1cc(C(=O)N[C@@H](Cc2ccccc2)[C@H](O)CNCc2cccc(C(F)(F)F)c2)cc(N2CCCCS2(=O)=O)c1,19.0,nM,7.72
CHEMBL535008,CCc1cn2c3c(cc(C(=O)N[C@@H](Cc4ccccc4)[C@H](O)CNC(C)(C)CCCC(C)C)cc13)N(C)S(=O)(=O)C2,23.0,nM,7.64
CHEMBL556747,CCc1cn2c3c(cc(C(=O)N[C@@H](Cc4ccccc4)[C@H](O)CNCc4cccc(OC)c4)cc13)N(C)S(=O)(=O)C2,8.0,nM,8.1
CHEMBL560894,CCNc1cc(C(=O)N[C@@H](Cc2ccccc2)[C@H](O)CNCCC(F)(F)F)cc2c1CCCS(=O)(=O)N2C,26.0,nM,7.58
CHEMBL562703,CCc1cn2c3c(cc(C(=O)N[C@@H](Cc4ccccc4)[C@H](O)CNCCF)cc13)N(C)S(=O)(=O)CC2,50.0,nM,7.3
CHEMBL1258687,CC(=O)N[C@@H](Cc1cc(F)cc(F)c1)[C@H](O)CNC1(c2cc(CC(C)(C)C)no2)CCCCC1,139.0,nM,6.86
CHEMBL1257417,CC(=O)N[C@@H](Cc1cc(F)cc(F)c1)[C@H](O)CNC1(c2cccc(CC(C)(C)C)c2)CC1,341.0,nM,6.47
CHEMBL3265338,NC1=N[C@]2(CO1)c1cc(-c3cncc(Cl)c3)ccc1O[C@@H]1COCC[C@H]12,17000.0,nM,4.77
CHEMBL253420,CCCCOc1ccc(-c2ccc(-c3ccccc3)n2CC(=O)NC(=N)N)cc1,1800.0,nM,5.75
CHEMBL252626,N=C(N)NC(=O)Cn1c(-c2ccc(F)cc2)ccc1-c1ccccc1Cl,2000.0,nM,5.7
CHEMBL271709,CCN(Cc1ccccc1)Cc1ccc(-c2cc3ccc(OCCNC(=O)/C=C/c4cc(F)cc(F)c4)cc3oc2=O)cc1,121.0,nM,6.92
CHEMBL407904,CCN(Cc1ccccc1)Cc1ccc(-c2cc3cc(OCCNC(=O)/C=C/c4ccc(Cl)c(Cl)c4)ccc3oc2=O)cc1,133.0,nM,6.88
CHEMBL403819,N/C(=N/C(=O)Cn1c(-c2ccccc2)ccc1C12CC3CC(CC(C3)C1)C2)NCCCO,239.0,nM,6.62
CHEMBL438355,N#CCCCN/C(N)=N\C(=O)Cn1c(-c2ccccc2)ccc1C12CC3CC(CC(C3)C1)C2,255.0,nM,6.59
CHEMBL403109,CCCCN1C[C@@H](C(=O)N[C@@H](Cc2cc(F)cc(F)c2)[C@H](O)[C@H]2C[C@@H](OCc3ccccc3)CN2)[C@H](Cc2ccccc2)C1=O,78.0,nM,7.11
CHEMBL428952,CCOCCCN1C[C@@H](C(=O)N[C@@H](Cc2cc(F)cc(F)c2)[C@H](O)[C@H]2C[C@@H](OCc3ccccc3)CN2)CC1=O,2000.0,nM,5.7
CHEMBL403593,CCCCCCN1C[C@@H](C(=O)N[C@@H](Cc2cc(F)cc(F)c2)[C@H](O)[C@H]2C[C@@H](OCc3ccccc3)CN2)CC1=O,100.0,nM,7.0
CHEMBL410555,CCN1C[C@@H](C(=O)N[C@@H](Cc2cc(F)cc(F)c2)[C@H](O)[C@H]2C[C@@H](OCc3ccccc3)CN2)CC1=O,7000.0,nM,5.16
CHEMBL3359749,CC(C)(C)COc1cnc2c(c1)[C@]1(COC(N)=N1)c1cc(-c3cccnc3F)ccc1O2,2.6,nM,8.59
CHEMBL3359757,Cc1ccc(-c2cnc3c(c2)[C@]2(COC(N)=N2)c2cc(-c4cccnc4F)ccc2O3)cc1,0.9,nM,9.05
CHEMBL414776,CCCC(CCC)S(=O)(=O)C[C@@H](NC(=O)OCc1cccnc1)C(=O)N[C@@H](Cc1cc(F)cc(F)c1)[C@H](O)CNCc1cccc(CC)c1,4.0,nM,8.4
CHEMBL1909699,O=C(c1ccccc1)N(CCc1ccccc1)CC(O)Cn1c2ccccc2c2ccccc21,4800.0,nM,5.32
CHEMBL82270,CC(C)[C@H](F)C(=O)N[C@@H](C)C(=O)N[C@@H](Cc1ccccc1)[C@@H](O)C[C@@H](C)C(=O)N[C@H](C(=O)NCc1ccncc1)C(C)C,1130.0,nM,5.95
CHEMBL1257650,CC(=O)N[C@@H](Cc1cc(F)cc(F)c1)[C@H](O)CNC1(c2cc(I)cc(C(C)(C)C)c2)CCCCC1,223.0,nM,6.65
CHEMBL494186,COc1ccc(C(Cc2cc([N+](=O)[O-])ccc2OC)c2cn(C)c(N)n2)cc1,470.0,nM,6.33
CHEMBL2331714,NC1=NC2(c3cc(NC(=O)c4ccc(Cl)cn4)ccc3F)CC2CCS1,12.0,nM,7.92
CHEMBL2331710,NC1=NC2(c3cccc(NC(=O)c4ccc(Cl)cn4)c3)CC2CCS1,50.0,nM,7.3
CHEMBL1762685,COc1ccc(-c2cc(OC(C)=O)c(-c3ccc(OC)cc3)cc2OC(C)=O)cc1,23920.0,nM,4.62
CHEMBL518543,CC(C)=CCc1c(-c2ccc(O)cc2O)oc2c(CC=C(C)C)c(O)cc(O)c2c1=O,3400.0,nM,5.47
CHEMBL377624,C[C@H](NC[C@H](Cc1ccccc1)NC(=O)c1cc(C(=O)N[C@H](C)c2ccc(F)cc2)cc(N(C)S(C)(=O)=O)c1)C(=O)N1CCC[C@H]1C(=O)O,17200.0,nM,4.76
CHEMBL211899,CC(C)CNC(=O)[C@H](CCS(C)(=O)=O)NC[C@H](Cc1ccccc1)NC(=O)c1cc(C(=O)N[C@H](C)c2ccc(F)cc2)cc(N(C)S(C)(=O)=O)c1,13.0,nM,7.89
CHEMBL221454,C[C@@H](NC(=O)c1cc(C(=O)N[C@@H](Cc2ccccc2)C(O)CNC2CC2)cc(N(C)S(C)(=O)=O)c1)c1ccccc1,29.0,nM,7.54
CHEMBL502753,CC(C)C[C@H](NC(=O)c1cc(C(=O)N[C@H](C)c2ccc(F)cc2)cc(N(C)S(C)(=O)=O)c1)[C@@H](O)C[C@@H](C)C(=O)NC1CCN(Cc2ccccc2)CC1,1504.0,nM,5.82
CHEMBL501029,C[C@@H](NC(=O)c1cc(C(=O)N[C@@H](Cc2ccccc2)[C@H](O)CNCCC2CCN(Cc3ccccc3)CC2)cc([N+](=O)[O-])c1)c1ccccc1,7021.0,nM,5.15
CHEMBL500251,CC(C)[C@H](NC(=O)C[C@H](O)[C@H](COc1cc(F)cc(F)c1)NC(=O)c1cc(C(=O)N[C@H](C)c2ccccc2)cc(N(C)S(C)(=O)=O)c1)C(=O)Nc1ccc(C(=O)O)cc1,260.0,nM,6.58
CHEMBL508810,COC(=O)c1cc(NC(=O)[C@@H](NC(=O)C[C@H](O)[C@H](COc2cc(F)cc(F)c2)NC(=O)c2cc(C(=O)N[C@H](C)c3ccccc3)cc(N(C)S(C)(=O)=O)c2)C(C)C)cc(C(=O)OC)c1,220.0,nM,6.66
CHEMBL391108,CCCOc1ccc(-c2scc(-c3ccccc3Cl)c2CC(=O)/N=C(/N)NCCCO)c(C)c1,1550.0,nM,5.81
CHEMBL5188397,Cc1cc2nc(-c3cnc(N)s3)c(-c3cnc(N)s3)nc2cc1C,3000.0,nM,5.52
CHEMBL584936,CC(=O)N[C@@H](Cc1cc(F)cc(F)c1)[C@H](O)CNC1(c2cccc(C(C)(C)C)c2)CCN(C(N)=O)CC1,380.0,nM,6.42
CHEMBL572082,CC(=O)N[C@@H](Cc1cc(F)cc(F)c1)[C@H](O)CNC1(c2cccc(C(C)(C)C)c2)CCCN(O)C1,400.0,nM,6.4
CHEMBL569390,CC(=O)N[C@@H](Cc1cc(F)cc(F)c1)[C@H](O)CN[C@]1(c2cccc(C(C)(C)C)c2)CC[C@H](O)CC1,9200.0,nM,5.04
CHEMBL569609,CC(=O)N[C@@H](Cc1cc(F)cc(F)c1)[C@H](O)CN[C@]1(c2cccc(C(C)(C)C)c2)CC[C@@H](CO)CC1,38.0,nM,7.42
CHEMBL584547,C=C1CCC(NC[C@@H](O)[C@H](Cc2cc(F)cc(F)c2)NC(C)=O)(c2cccc(C(C)(C)C)c2)CN1,48.0,nM,7.32
CHEMBL569608,CS[C@H]1CC[C@@](NC[C@@H](O)[C@H](Cc2cc(F)cc(F)c2)NC(C)=O)(c2cccc(C(C)(C)C)c2)CN1,24.0,nM,7.62
CHEMBL5209049,Cn1cc(CN(C(=O)CCCN2C(N)=Nc3ccc(Oc4ccccc4)cc3C2CC2CCCCC2)C2CCCCC2)cn1,490.0,nM,6.31
CHEMBL254057,COc1ccc(-c2ccc(-c3ccc(Oc4ccccc4)cc3)n2CC(=O)NC(=N)N)cc1,500.0,nM,6.3
CHEMBL590830,Cc1ccoc1C(=O)Nc1cccc(C2(C3CCCCC3)N=C(N)N(C)C2=O)c1,40.0,nM,7.4
CHEMBL1086648,C[C@@H](NC(=O)c1cc(C(=O)NCC(N)(CO)Cc2ccccc2)cc(N(C)S(C)(=O)=O)c1)c1ccc(F)cc1,10800.0,nM,4.97
CHEMBL52545,CC(C)CC(NC(=O)[C@@H](O)c1ccccc1)[C@@H](O)CC(=O)N[C@@H](C(=O)N[C@H](C)C(=O)N[C@H](CCC(=O)O)C(=O)N[C@H](Cc1ccccc1)C(=O)O)C(C)C,17000.0,nM,4.77
CHEMBL3935967,COc1ccc(C(=O)Nc2ccc3c(c2)C2(CCOC(N)=N2)c2cc(OC)cc(F)c2O3)c(F)c1,315.0,nM,6.5
CHEMBL3898979,CC(C)(C)C#Cc1cc2c(cn1)Oc1ccc(NC(=O)c3ccc(Cl)cn3)cc1C21CCOC(N)=N1,10.0,nM,8.0
CHEMBL3913972,NC1=NC2(CCO1)c1cc(NC(=O)c3ccc(F)cn3)ccc1Oc1c2cc(-c2cncc(F)c2)nc1F,1.6,nM,8.8
CHEMBL3947150,COc1ccc(C(=O)Nc2ccc3c(c2)C2(CCSC(N)=N2)c2cc(N4CCOCC4)cc(F)c2O3)nc1,7.8,nM,8.11
CHEMBL3960345,COc1cnc(C(=O)Nc2ccc3c(c2)C2(CCSC(N)=N2)c2cc(N4CCOCC4)cc(F)c2O3)cn1,15.3,nM,7.82
CHEMBL3959153,COc1cnc(C(=O)Nc2ccc3c(c2)[C@@]2(CCOC(N)=N2)c2cc(C4=CCCOC4)ncc2O3)cn1,9.4,nM,8.03
CHEMBL3959106,N#Cc1ccc(C(=O)Nc2ccc3c(c2)C2(CCOC(N)=N2)c2cc(-c4cncc(F)c4)nc(F)c2O3)nc1,0.6,nM,9.22
CHEMBL501242,O=C(N[C@@H](Cc1ccccc1)[C@H](O)C(=O)Nc1cccc(-c2nn[nH]n2)c1)c1cc(Cl)cc(C(=O)N2COC[C@@H]2c2ccc(F)cc2)n1,13.0,nM,7.89
CHEMBL3907597,CO[C@H]1CC[C@]2(CC1)Cc1ccc(OCC(C)C)cc1C21N=C(N)N(C(C)C)C1=O,12.0,nM,7.92
CHEMBL3645153,COCCOc1cnc(C(=O)Nc2cccc(C3(C)CCSC(N)=N3)c2)cn1,170.0,nM,6.77
CHEMBL3913223,CC#Cc1cncc(-c2cc3c(cc2C)C[C@]2(CC[C@@H](OC)CC2)C32N=C(C)C(N)=N2)c1,15.0,nM,7.82
CHEMBL1933456,COc1cc(OC)cc(-c2ccc(Cc3cn(Cc4cc(F)cc(F)c4)c(N)n3)cc2)c1,7320.0,nM,5.13
CHEMBL1933455,COc1cc(OC)cc(-c2ccc(Cc3cn(Cc4ccc(F)cc4)c(N)n3)cc2)c1,7400.0,nM,5.13
CHEMBL3670314,C=C1C[C@@](C)(c2cc(NC(=O)c3cnc(OC)cn3)ccc2F)N=C(N)S1,16.0,nM,7.8
CHEMBL3670316,NC1=NC(c2cccc(F)c2)(c2cccc(NC(=O)c3ncc(Cl)cc3Cl)c2)CS1,352.0,nM,6.45
CHEMBL3670321,C[C@@]1(c2cc(NC(=O)c3cc4n(n3)CCN4)ccc2F)C=CSC(N)=N1,435.0,nM,6.36
CHEMBL502289,CCNc1cc(C(=O)N[C@@H](Cc2ccccc2)[C@H](O)CNCc2cncc(C#N)c2)cc(N2CCCCS2(=O)=O)c1,40.0,nM,7.4
CHEMBL507651,CCCN(CCC)C(=O)c1cc(C)cc(C(=O)N[C@@H](Cc2cc(F)cc(F)c2)[C@H](O)[C@@H]2NCN(Cc3ccccc3)C2=O)c1,5.0,nM,8.3
CHEMBL3650805,CC1(C)Oc2ccc(-c3ccc4[nH]ccc4c3)cc2C2(COC(N)=N2)C12COC2,2180.0,nM,5.66
CHEMBL510659,COC[C@H]1CCCN1C(=O)c1cc(C)cc(C(=O)N[C@@H](Cc2cc(F)cc(F)c2)[C@H](O)[C@@H]2NCCN(Cc3ccccc3)C2=O)c1,75.0,nM,7.12
CHEMBL595136,CCCS(=O)(=O)N(C)c1cc2cc(c1)C(=O)N[C@H]([C@H](O)CNC1(c3cccc(C(C)C)c3)CC1)Cc1cccc(c1)OCCCCN2,2.0,nM,8.7
CHEMBL517179,C[C@@H](NC(=O)c1cc2c(c(C(=O)N[C@@H](Cc3ccccc3)[C@H](O)CNC3CC3)c1)CCCO2)c1ccccc1,112.0,nM,6.95
CHEMBL479421,COc1cc(C(=O)N[C@@H](Cc2ccccc2)[C@H](O)CNC2CC2)cc(C(=O)N[C@H](C)c2ccccc2)c1,2506.0,nM,5.6
CHEMBL3650184,COc1cnc([C@H]2C[C@H]3CSC(N)=N[C@@]3(c3ccc(F)cc3F)CO2)nc1,343.0,nM,6.46
CHEMBL3960749,NC1=N[C@](CF)(c2cc(Oc3nccc(C(F)(F)F)c3F)ccc2F)C[C@@H](C(F)(F)F)O1,8180.0,nM,5.09
CHEMBL3973710,COc1cccnc1Nc1cc(F)c(F)c([C@]2(C)C[C@@H](C(F)(F)F)OC(N)=N2)c1,162.0,nM,6.79
CHEMBL3985357,C[C@@]1(c2cc(NC(=O)c3ncc(Cl)cc3F)cc(F)c2F)C[C@@H](C(F)(F)F)OC(N)=N1,10.0,nM,8.0
CHEMBL493475,O=C1N=C(NC2CCCCC2)C2(CCN(Cc3ccccc3)CC2)N1c1cccc(F)c1,11000.0,nM,4.96
CHEMBL1165458,CCOC(=O)CN1C(C)=C(C(=O)NOCc2ccccc2)C(C)C(C(=O)N[C@@H](Cc2ccccc2)[C@H](O)CNC2CC2)=C1C,15500.0,nM,4.81
CHEMBL1165517,CC(C)OC(=O)CN1C=C(C(=O)NC(C)c2ccccc2)C(C)C(C(=O)N[C@@H](Cc2ccccc2)[C@H](O)CNC2CC2)=C1,32800.0,nM,4.48
CHEMBL6021992,C[C@]1(c2cc(NC(=O)c3ccc(F)cn3)ccc2F)CC2(CCC2)SC(N)=N1,51800.0,nM,4.29
CHEMBL5882070,C[C@@]1(c2cc(NC(=O)c3ccc(F)cn3)ccc2F)CC2(CCC2)SC(N)=N1,27.0,nM,7.57
CHEMBL450745,O=C(O[C@@H]1O[C@@H]2COC(=O)c3cc(O)c(O)c(O)c3-c3c(cc(O)c(O)c3O)C(=O)O[C@H]2[C@H](OC(=O)c2cc(O)c(O)c(O)c2)[C@H]1OC(=O)c1cc(O)c(O)c(O)c1)c1cc(O)c(O)c(O)c1,3100.0,nM,5.51
CHEMBL1210343,COc1cccc(N(c2cccc(C(=O)N[C@@H](Cc3ccccc3)[C@H](O)CN[C@@H](C)C(=O)NC3CCCCC3)c2)S(C)(=O)=O)c1,18.0,nM,7.75
CHEMBL1210341,COc1ccccc1N(c1cccc(C(=O)N[C@@H](Cc2ccccc2)[C@H](O)CN[C@@H](C)C(=O)NC2CCCCC2)c1)S(C)(=O)=O,126.0,nM,6.9
CHEMBL1210340,CS(=O)(=O)N(c1ccccc1)c1cccc(C(=O)N[C@@H](Cc2ccccc2)[C@H](O)CNCc2cccc(C(F)(F)F)c2)c1,23.0,nM,7.64
CHEMBL1210333,C[C@H](NC[C@@H](O)[C@H](Cc1ccccc1)NC(=O)c1cccc(N(Cc2ccccc2)S(C)(=O)=O)c1)C(=O)NC1CCCCC1,180.0,nM,6.75
CHEMBL271230,C[C@H](NC[C@@H](O)[C@H](Cc1ccccc1)NC(=O)c1cccc(N2CCCC2=O)c1)C(=O)NC1CCCCC1,5300.0,nM,5.28
CHEMBL1210361,CC(C)c1cc(C(=O)N[C@@H](Cc2ccccc2)[C@H](O)CNCc2cccc(C(F)(F)F)c2)cc(N(c2ccccc2)S(C)(=O)=O)c1,5.0,nM,8.3
CHEMBL3973815,COc1cc(F)c2c(c1)C1(CCSC(N)=N1)c1cc(NC(=O)c3ccc(Cl)cn3)ccc1O2,19.3,nM,7.71
CHEMBL264110,CCOc1cc(C(=O)N[C@@H](Cc2ccccc2)[C@H](O)CNCc2cccc(C(F)(F)F)c2)cc(N2CCCS2(=O)=O)c1,50.0,nM,7.3
CHEMBL1222240,CC[C@@H](CC(=O)NCC1CCCCC1)n1c(N)nc2cc(Cl)ccc21,7000.0,nM,5.16
CHEMBL409753,CCNc1cc(C(=O)N[C@@H](Cc2ccccc2)[C@H](O)CNCc2cccc(OC(F)(F)F)c2)cc(N2CCCCS2(=O)=O)c1,34.0,nM,7.47
CHEMBL399276,CCCN(c1cc2cc(c1)C(=O)N[C@@H](CC)CCc1cccc(c1)C[C@@](C)(N)COC2)S(C)(=O)=O,85.0,nM,7.07
CHEMBL399776,CCCN(c1cc2cc(c1)C(=O)N[C@@H](C)CCc1cccc(c1)C[C@@](C)(N)COC2)S(C)(=O)=O,290.0,nM,6.54
CHEMBL1791021,CC[C@H](C)[C@H](NC(=O)C[C@H](O)[C@H](CC(C)C)NC(=O)[C@H](CCSC)NC(=O)[C@@H](NC(=O)[C@@H](N)CCC(=O)O)C(C)C)C(=O)N[C@@H](C)C(=O)N[C@@H](CCC(=O)O)C(=O)N[C@@H](Cc1ccccc1)C(=O)O,220.0,nM,6.66
CHEMBL201961,CNC(=O)c1cc(C(=O)N[C@@H](Cc2ccccc2)[C@H](O)CNC2CC2)cc(N(C)S(C)(=O)=O)c1,980.0,nM,6.01
CHEMBL236487,COc1cc2ncnc(N3CCN(Cc4ccc(F)cc4)CC3)c2cc1OC,2925.0,nM,5.53
CHEMBL5558445,COc1cc2ncnc(N3CCN(C)CC3)c2cc1OC,3280.0,nM,5.48
CHEMBL1791009,CCCC[C@H](NC(=O)C[C@H](O)[C@H](CC(C)C)NC(=O)[C@H](C)NC(=O)[C@@H](NC(C)=O)[C@@H](C)CC)C(=O)NCc1cccc(C(=O)O)c1,180.0,nM,6.75
CHEMBL1078442,CC(C)=CCC/C(C)=C/COc1c2ccoc2cc2oc(=O)ccc12,32200.0,nM,4.49
CHEMBL1090145,CCNC(=O)c1ccc(-c2ccc(-c3ccccc3)n2Cc2cccc(N)n2)cc1,2250.0,nM,5.65
CHEMBL1092879,Nc1cccc(Cn2c(-c3ccccc3)ccc2-c2ccccc2)n1,5200.0,nM,5.28
CHEMBL4543671,COc1ccc(-c2cccc(C3(c4ccccc4)N=C(N)N(C)C3=O)c2)c(OC)c1,1575.0,nM,5.8
CHEMBL2381579,Cc1cccc(-c2cccc([C@@H]3C[C@@H]3c3cc(=O)n(C)c(N)n3)c2)c1,74900.0,nM,4.13
CHEMBL396765,CCCN(CCC)C(=O)c1cc(C(N)=O)cc(C(=O)N[C@@H](Cc2cc(F)cc(F)c2)[C@H](O)CNCc2cccc(OC)c2)c1,11.0,nM,7.96
CHEMBL403108,CCCCN1C[C@@H](C(=O)N[C@@H](Cc2cc(F)cc(F)c2)[C@H](O)[C@H]2C[C@@H](OCc3ccccc3)CN2)[C@H](CC(C)C)C1=O,57.0,nM,7.24
CHEMBL253557,CC(=O)c1ccccc1-c1cc(C(=O)N[C@@H](Cc2ccccc2)[C@H](O)CNC(C)C)cc(C(=O)N[C@H](C)c2ccccc2)c1,674.0,nM,6.17
CHEMBL202602,CN(c1cc(C(=O)N[C@@H](Cc2ccccc2)[C@H](O)CNC2CC2)cc(C(=O)c2ccccc2)c1)S(C)(=O)=O,98.0,nM,7.01
CHEMBL272714,CCCOc1cc(C(=O)N[C@@H](Cc2ccccc2)[C@H](O)CN[C@@H](C)C(=O)NC2CCCCC2)cc(N2CCCC2=O)c1,605.0,nM,6.22
CHEMBL3234039,CC1=CC2Cc3nc4cc(Cl)ccc4c(NCCCCCCCCCCCNC(=O)c4cc(O)c5c(c4)C(=O)c4cccc(O)c4C5=O)c3C(C1)C2.Cl,1200.0,nM,5.92
CHEMBL5869468,COc1cnc(C(=O)Nc2ccc(F)c([C@]3(C)CS(=O)(=O)CC(N)=N3)c2)cn1,14.9,nM,7.83
CHEMBL5840847,COc1cnc2c(Nc3ccc(F)c([C@]4(C)CS(=O)(=O)C(C)(C)C(N)=N4)c3)ncc(F)c2c1,2.0,nM,8.7
CHEMBL5849434,COc1cc(F)c2c(Nc3ccc(F)c([C@]4(C)CS(=O)(=O)C(C)(C)C(N)=N4)c3)ncnc2c1,739.0,nM,6.13
CHEMBL1257892,CC(=O)N[C@@H](Cc1cc(F)cc(F)c1)[C@H](O)CNC1(c2cc(N)cc(C(C)(C)C)c2)CCCCC1,318.0,nM,6.5
CHEMBL1258576,CCc1csc(C2(NC[C@@H](O)[C@H](Cc3cc(F)cc(F)c3)NC(C)=O)CCCCC2)c1,1740.0,nM,5.76
CHEMBL1097318,CCCN(CCC)C(=O)c1cc(C)cc(C(=O)N[C@@H](Cc2cc(F)cc(F)c2)[C@H](O)[C@H]2CN(C(=O)c3ccccc3)CCN2)c1,1150.0,nM,5.94
CHEMBL5757250,Cc1cc(OC(F)F)cnc1C(=O)Nc1ccc(F)c([C@]2(C)CS(=O)(=O)C3(CC(F)(F)C3)C(N)=N2)c1,3.76,nM,8.43
CHEMBL5835872,Cc1cc(OCC2CCC2)cnc1C(=O)Nc1ccc(F)c([C@]2(CF)CS(=O)(=O)C(C)(C)C(N)=N2)c1,1.7,nM,8.77
CHEMBL5761187,Cc1cc(C#N)cnc1C(=O)Nc1ccc(F)c([C@]2(C)CS(=O)(=O)C3(CCC3)C(N)=N2)c1,0.76,nM,9.12
CHEMBL1208903,COc1ccc(-c2cc(=O)c3c(O)cc(O)c(-c4cc(-c5cc(=O)c6c(O)cc(O)cc6o5)ccc4OC)c3o2)cc1,3010.0,nM,5.52
CHEMBL1209107,CC(=O)N[C@@H](Cc1cc(F)cc(F)c1)[C@H](O)CNC1(c2cccc(N3CCCC3=O)c2)CCCCC1,820.0,nM,6.09
CHEMBL1208935,CC(=O)N[C@@H](Cc1cc(F)cc(F)c1)[C@H](O)CNC1(c2cccc(C(C)(C)CO)c2)CCCCC1,260.0,nM,6.58
CHEMBL1208934,CC(=O)N[C@@H](Cc1cc(F)cc(F)c1)[C@H](O)CNC1(c2cccc(C#N)c2)CCCCC1,6200.0,nM,5.21
CHEMBL1210355,Cc1ccc(C(=O)N[C@@H](Cc2ccccc2)[C@H](O)CNCc2cccc(C(F)(F)F)c2)cc1N(c1ccccc1)S(C)(=O)=O,930.0,nM,6.03
CHEMBL450801,C[C@@H](NC(=O)c1cc(C#Cc2ccccc2)cc(C(=O)N[C@@H](Cc2ccccc2)[C@H](O)CNC2CC2)c1)c1ccccc1,1119.0,nM,5.95
CHEMBL476216,CCCN(CCC)C(=O)c1cc(C)cc(C(=O)N[C@@H](Cc2cc(F)cc(F)c2)[C@H](O)[C@H]2CN(Cc3ccccc3Cl)CCN2)c1,27.0,nM,7.57
CHEMBL4445075,OC(CNCc1cccc(OCc2ccccc2)c1)Cn1cc(Br)c2cc(Br)ccc21,970.0,nM,6.01
CHEMBL403050,CCCCCN1C[C@@H](C(=O)N[C@@H](Cc2cc(F)cc(F)c2)[C@H](O)[C@H]2C[C@@H](OCc3ccccc3)CN2)[C@H](C2CC2)C1=O,570.0,nM,6.24
CHEMBL404682,O=C(N[C@@H](Cc1cc(F)cc(F)c1)[C@H](O)[C@H]1C[C@@H](OCc2ccccc2)CN1)[C@H]1CC(=O)N(Cc2ccco2)C1,225.0,nM,6.65
CHEMBL255602,O=C(N[C@@H](Cc1cc(F)cc(F)c1)[C@H](O)[C@H]1C[C@@H](OCc2ccccc2)CN1)[C@H]1CC(=O)N(Cc2ccccc2F)C1,365.0,nM,6.44
CHEMBL463865,Cc1cc2c(C(=O)N[C@@H](Cc3ccccc3)[C@H](O)CNC3CC3)cc(C(=O)N[C@H](C)c3ccccc3)cc2o1,998.0,nM,6.0
CHEMBL239640,CN1C(=O)CC(C)(CCc2cccc(-c3ccccc3)c2)N=C1N,1700.0,nM,5.77
CHEMBL239425,CN1C(=O)CC(C)(c2ccc(Cl)c(Cl)c2)N=C1N,3500.0,nM,5.46
CHEMBL397162,CC1(c2ccc(Cl)c(Cl)c2)CC(=O)NC(N)=N1,79000.0,nM,4.1
CHEMBL239857,COc1cccc(-c2cccc(CC[C@]3(C)CC(=O)N(C)C(N)=N3)c2)c1,80.0,nM,7.1
CHEMBL393911,COc1cccc(-c2cccc(CCC3(C)CC(=O)N(C)C(N)=N3)c2)c1,640.0,nM,6.19
CHEMBL270822,O=C(N[C@@H](Cc1cc(F)cc(F)c1)[C@H](O)[C@H]1C[C@@H](OCc2ccccc2)CN1)[C@H]1CC(=O)N(Cc2cccnc2)C1,219.0,nM,6.66
CHEMBL401717,CCOCCN1C[C@@H](C(=O)N[C@@H](Cc2cc(F)cc(F)c2)[C@H](O)[C@H]2C[C@@H](OCc3ccccc3)CN2)CC1=O,270.0,nM,6.57
CHEMBL6039134,C[C@@]1(c2cc(Nc3nccc4cc(Cl)cnc34)ccc2F)CS(=O)(=O)C2(CCOC2)C(N)=N1,2.2,nM,8.66
CHEMBL5973772,Cc1cc(OC(F)F)cnc1C(=O)Nc1ccc(F)c([C@@]2(C)N=C(N)C3(CC3)S(=O)(=O)[C@H]2F)c1,0.48,nM,9.32
CHEMBL1762552,O=C1C=C(c2ccccc2)C(=O)c2ccccc21,9330.0,nM,5.03
CHEMBL1762556,COc1ccc(C2=CC(=O)c3c(OC)cccc3C2=O)cc1,11210.0,nM,4.95
CHEMBL1762679,O=C1C=C(c2ccccc2)C(=O)C(c2ccccc2)=C1,11430.0,nM,4.94
CHEMBL260635,CN(C)c1cccc(CNC[C@@H](O)[C@H](Cc2ccccc2)NC(=O)[C@@H]2CN(Cc3ccc(F)cc3)C(=O)N2)c1,11630.0,nM,4.93
CHEMBL5930614,COc1cnc2c(Nc3ccc(F)c([C@]4(C)CS(=O)(=O)[C@@](C)(F)C(N)=N4)c3)ncnc2c1,2.68,nM,8.57
CHEMBL6006474,CC1(C)C[C@@](C)(c2cc(NC(=O)c3ccc(C#N)cn3)ccc2F)NC(N)O1,94.2,nM,7.03
CHEMBL3979722,COc1cc(F)c2c(c1)C1(CCOC(N)=N1)c1cc(NC(=O)c3ccc(Cl)cn3)ccc1O2,37.4,nM,7.43
CHEMBL3944050,COc1nc(C2=CCOCC2)cc2c1Oc1ccc(NC(=O)c3ccc(Cl)cn3)cc1C21CCOC(N)=N1,7.0,nM,8.15
CHEMBL3970753,COc1ccc(C(=O)Nc2ccc3c(c2)C2(CCSC(N)=N2)c2cc(-c4ccnc(F)c4)nc(F)c2O3)nc1,0.4,nM,9.4
CHEMBL1821815,Cc1ccccc1-c1ccc2nc(N)c(C[C@@H](C)C(=O)NCC3CCCCC3)cc2c1,2.5,nM,8.6
CHEMBL1821821,Cc1ccccc1-c1ccc2nc(N)c(C[C@@H](C)C(=O)NCc3ccccc3)cc2c1,20.0,nM,7.7
CHEMBL1821822,Cc1ccccc1-c1ccc2nc(N)c(CC(C)C(=O)NCc3cccnc3)cc2c1,88.0,nM,7.06
CHEMBL3904724,NC1=NC2(CCO1)c1cc(NC(=O)c3cnc(O)cn3)ccc1Oc1ncc(Br)cc12,113.0,nM,6.95
CHEMBL3971627,COc1nc(C2CC2)cc2c1Oc1ccc(NC(=O)c3ccc(Cl)cn3)cc1C21CCOC(N)=N1,12.9,nM,7.89
CHEMBL3653370,NC1=N[C@](CF)(c2cccc(NC(=O)c3ccc(Br)cn3)c2)COC1,4.0,nM,8.4
CHEMBL4130130,NC1=NC(c2c(F)ccc(NC(=O)c3ccc(Br)cn3)c2F)(C(F)F)COC1,69.0,nM,7.16
CHEMBL4291981,NC1=N[C@@]2(CO1)c1cc(NC(=O)c3ccc(Cl)cn3)ccc1Oc1cnc(Cl)cc12,190.0,nM,6.72
CHEMBL4284110,CC#Cc1cncc(-c2ccc3c(c2)[C@@]2(COC(N)=N2)c2cc(C4=CCOCC4)ncc2O3)c1,1.2,nM,8.92
CHEMBL492248,CC(=O)Nc1ccc(N2C(=O)N=C(NC3CCCCC3)C23CCN(Cc2ccccc2)CC3)cc1,8000.0,nM,5.1
CHEMBL4288906,CN(C)Cc1ccccc1-c1ccc(NCCCN2CCCCC2)cc1,3900.0,nM,5.41
CHEMBL410865,CN(C)c1cccc(CNC[C@@H](O)[C@H](Cc2ccccc2)NC(=O)[C@@H]2CN(Cc3cc(F)c(F)cc3F)C(=O)N2)c1,5590.0,nM,5.25
CHEMBL252007,CC(=O)c1ccc(Oc2ccc(-c3ccc(-c4ccc(C(F)(F)F)cc4)n3CC(=O)NC(=N)N)cc2)cc1,900.0,nM,6.05
CHEMBL252026,CC(=O)c1ccc(Oc2ccc(-c3ccc(-c4ccc(F)cc4)n3CC(=O)NC(=N)N)cc2)cc1,1300.0,nM,5.89
CHEMBL129451,O=C(O[C@@H]1Cc2c(O)cc(O)cc2O[C@H]1c1ccc(O)c(O)c1)c1cc(O)c(O)c(O)c1,6000.0,nM,5.22
CHEMBL3695752,CN1C(=O)C[C@]2(N=C1N)c1cc(-c3cccnc3F)ccc1Oc1c2cc(C2=CCOC(C)(C)C2)nc1F,0.7,nM,9.15
CHEMBL3691363,NC1=N[C@@]2(c3ccc(F)cc3)COCC[C@H]2CS1,7520.0,nM,5.12
CHEMBL1271245,CC(C)C#Cc1cccc([C@@]2(c3ccc(OC(F)F)cc3)N=C(N)N(C)C2=O)c1,20.0,nM,7.7
CHEMBL3670361,C[C@@]1(c2cccc(NC(=O)c3ncc(C#N)cc3N)n2)CO[C@@](C)(C(F)(F)F)C(N)=N1,43.0,nM,7.37
CHEMBL3670374,Cc1cnc(C(=O)Nc2ccc(F)c([C@]3(C)CO[C@@](C)(C(F)(F)F)C(N)=N3)n2)cn1,820.0,nM,6.09
CHEMBL1929417,NC1=Nc2ccc(Oc3ccccc3)cc2CN1CCC(=O)NC1C2CC3CC(C2)CC1C3,11.0,nM,7.96
CHEMBL265861,CCCN(CCC)C(=O)c1cc(C)cc(C(=O)N[C@@H](Cc2cc(F)cc(F)c2)[C@H](O)CN[C@@H](C)C(=O)NCC(C)C)c1,70.0,nM,7.16
CHEMBL404020,N/C(=N/C(=O)Cn1c(-c2ccccc2)ccc1C12CC3CC(CC(C3)C1)C2)NCCc1ccsc1,565.0,nM,6.25
CHEMBL272765,N/C(=N/C(=O)Cn1c(-c2ccccc2)ccc1C12CC3CC(CC(C3)C1)C2)NCCc1cccs1,559.0,nM,6.25
CHEMBL404256,N/C(=N/C(=O)Cn1c(-c2ccccc2)ccc1C12CC3CC(CC(C3)C1)C2)NC1CCCCC1,7200.0,nM,5.14
CHEMBL402171,CCNc1cc(C(=O)N[C@@H](Cc2ccccc2)[C@H](O)CNCc2cnn(CC)c2)cc(N2CCCC2=O)c1,230.0,nM,6.64
CHEMBL254138,CCNc1cc(C(=O)N[C@@H](Cc2ccccc2)[C@H](O)CNCc2cccc(OC)n2)cc(N2CCCC2=O)c1,330.0,nM,6.48
CHEMBL254485,CCNc1cc(C(=O)N[C@@H](Cc2ccccc2)[C@H](O)CNCc2cnn(CC)c2)c(F)c(N2CCCCS2(=O)=O)c1,176.0,nM,6.75
CHEMBL3703239,NC1=NC2(CO1)c1cc(-c3cc(Cl)cnc3F)ccc1OCC21COC1,260.0,nM,6.58
CHEMBL3703256,CC1(C)Oc2ccc(-c3cncnc3)cc2C2(CSC(N)=N2)C12COC2,79.0,nM,7.1
CHEMBL3703262,NC1=NC2(CO1)c1cc(-c3cnc4[nH]ccc4c3)ccc1OCC21CC1,350.0,nM,6.46
CHEMBL3703266,COc1ccnc(-c2ccc3c(c2)C2(COC(N)=N2)C2(COC2)C(C)(C)O3)c1,49.0,nM,7.31
CHEMBL3703214,CCC1Oc2ccc(Br)cc2C2(COC(N)=N2)C12COC2,17300.0,nM,4.76
CHEMBL1824142,CN1C(=O)C(c2cccc(-c3cncnc3)c2)(c2cnn(C3CCCC3)c2)N=C1N,70.0,nM,7.16
CHEMBL3928355,CN1OC2(N=C1N)c1cc(C#CC3CC3)ccc1CC21CCc2ccccc2CC1,8.4,nM,8.08
CHEMBL3982658,COC1CCC2(CC1)Cc1ccc(-c3ccnnc3)cc1C21N=C(N)N(C)O1,156.3,nM,6.81
CHEMBL250120,CN(c1cc2cc(c1)C(=O)N[C@@H](c1ccccc1)CCc1cccc(c1)C[C@@](C)(N)COC2)S(C)(=O)=O,49.0,nM,7.31
CHEMBL3954507,COC1CCC2(CC1)Cc1ccc(Br)cc1C21N=C(N)N(C2CC2)C1=O,350.6,nM,6.46
CHEMBL3978356,COC1CCC2(CC1)Cc1ccc(C(F)(F)F)cc1C21N=C(N)N(C)C1=O,321.3,nM,6.49
CHEMBL3983723,[C-]#[N+]c1cccc(-c2ccc3c(c2)C2(N=C(N)N(C)C2=O)C2(CCC(F)(F)CC2)C3)c1,125.7,nM,6.9
CHEMBL3933874,COC1CCC2(CC1)Cc1ccc(CCC3CC3)cc1C21N=C(N)N(CC2CCN(S(C)(=O)=O)CC2)C1=O,13.5,nM,7.87
CHEMBL4107161,COC1CCC2(CC1)Cc1ccc(CCC3CC3)cc1[C@]21N=C(N)N(C[C@H]2CCO2)C1=O,886.8,nM,6.05
CHEMBL5976104,NC1=N[C@@]2(c3nc(NC(=O)c4ncc(OC(F)F)cc4Cl)cs3)CO[C@@H](C(F)(F)F)C[C@H]2CO1,184.0,nM,6.74
CHEMBL5770306,Cc1cc(C#N)cnc1C(=O)Nc1csc([C@]23CO[C@@H](C(F)(F)F)C[C@H]2COC(N)=N3)n1,5.0,nM,8.3
CHEMBL3650848,CC1(C)Oc2ccc(NC(=O)c3ccc(Cl)cn3)cc2[C@@]2(COC(N)=N2)C12CC2,81.8,nM,7.09
CHEMBL3963446,C[C@@]1(c2cc(NC3CCCC3)ccc2F)COCC(N)=N1,120.0,nM,6.92
CHEMBL5998094,CCCn1cc(-c2ccc(F)c(C3(C)CC4(CCOCC4)OC(N)=N3)c2)cn1,34100.0,nM,4.47
CHEMBL5787021,CC#Cc1cncc(-c2csc([C@]3(C)CC4(CCC(F)(F)CC4)OC(N)=N3)c2)c1,960.0,nM,6.02
CHEMBL3695729,COc1ccc2c(c1)[C@]1(N=C(N)N(C)C1=O)c1cc(-c3ccc(C)cc3)cc(F)c1O2,13.6,nM,7.87
CHEMBL3639946,CN1C(=O)CC2(N=C1N)c1cc(-c3cccnc3F)ccc1Oc1c2cc(-c2ccnc(F)c2)nc1F,2.4,nM,8.62
CHEMBL5785677,C[C@@]1(c2cc(NC(=O)c3ccc(C#N)cn3)ccc2F)N=C(N)OC2(CCC2)C1(F)F,38100.0,nM,4.42
CHEMBL5895783,C[C@@]1(c2cc(Nc3ncnc4cc(Cl)ccc34)ccc2F)CC2(CCC2)OC(N)=N1,8550.0,nM,5.07
CHEMBL71151,COc1cccc(CNC[C@@H](O)[C@H](Cc2cc(F)cc(F)c2)NC(=O)c2cc(/C(C)=N\OCC(C)C)cc(N(C)S(C)(=O)=O)c2)c1,173.0,nM,6.76
CHEMBL558488,CC(C)c1ccc2c(c1)[C@@H](NC[C@@H](O)[C@@H]1C[C@H](C)CCCCCCCCC(=O)N(C)[C@@H](C)C(=O)N1)CC(C)(C)O2,24000.0,nM,4.62
CHEMBL3688822,Cc1cc(NC(=O)c2ncc(C#N)cc2F)cc([C@@]2(C(F)F)N=C(N)O[C@@H]3C[C@@H]32)c1F,33.5,nM,7.47
CHEMBL3693234,NC1=N[C@@](c2cc(NC(=O)c3cnc(OCC4CCCC4)cn3)ccc2F)(C(F)F)[C@H]2C[C@H]2O1,26.1,nM,7.58
CHEMBL441187,CC[C@H](C)[C@H](NC(=O)[C@H](CCC(=O)O)NC(=O)[C@H](CCC(=O)O)NC(=O)[C@@H](NC(=O)[C@H](CCCCN)NC(=O)[C@@H](NC(=O)[C@H](CC(N)=O)NC(=O)[C@@H](N)[C@@H](C)O)[C@@H](C)CC)[C@@H](C)O)C(=O)N[C@@H](CO)C(=O)N[C@@H](CCC(=O)O)C(=O)N[C@H](C(=O)N[C@@H](CC(N)=O)C(=O)N[C@@H](CC(C)C)C(=O)N[C@H](C(=O)N[C@@H](C)C(=O)N[C@@H](CCC(=O)O)C(=O)N[C@@H](Cc1ccccc1)C(=O)N[C@@H](CCCN=C(N)N)C(=O)O)C(C)C)C(C)C,3000.0,nM,5.52
CHEMBL254626,Cc1cccc(C(=O)N[C@@H](Cc2cc(F)cc(F)c2)[C@H](O)CNCc2cccc(I)c2)c1,4100.0,nM,5.39
CHEMBL5523420,COc1cc2cc(C(=O)NCCC3CCN(Cc4ccccc4)CC3)[nH]c2cc1OC,390.0,nM,6.41
CHEMBL230250,CC1CC1CNc1cc(C(=O)N[C@H](CN)Cc2cc(F)cc(F)c2)cc(N(C)S(C)(=O)=O)n1,34.0,nM,7.47
CHEMBL290001,CSCC[C@H](NC(=O)[C@@H](NC(=O)OC(C)(C)C)C(C)C)C(=O)N[C@@H](CC(C)C)[C@@H](O)C[C@@H](C)C(=O)N[C@H](C(=O)NCc1ccccc1)C(C)C,2.0,nM,8.7
CHEMBL1934285,O=C([C@@H]1CNC[C@H]1c1ccccc1Br)N1CCOC[C@@H]1c1ccccc1,47000.0,nM,4.33
CHEMBL1957473,COc1ccc(C2(c3cccc(-c4cncnc4)c3)N=C(N)N3CC(F)(F)CN=C32)cc1,181.97,nM,6.74
CHEMBL1093806,Nc1cccc(Cn2c(-c3ccc(Nc4cncnc4)cc3)ccc2-c2ccccc2Cl)n1,980.0,nM,6.01
CHEMBL1093120,Nc1cccc(Cn2c(-c3ccccc3)ccc2-c2ccc(C(=O)NC3CC3)cc2)n1,1200.0,nM,5.92
CHEMBL1092227,C=CCNC(=O)c1ccc(-c2ccc(-c3ccccc3)n2Cc2cccc(N)n2)cc1,590.0,nM,6.23
CHEMBL2349496,CN1C(=O)C2(CC(C)(C)Oc3ccc(-c4cccc(OC(F)F)c4)cc32)N=C1N,28.0,nM,7.55
CHEMBL2349617,CN1C(=O)C2(CC(C)(C)Oc3ccc(-c4cc(Cl)cc(Cl)c4)cc32)N=C1N,28.0,nM,7.55
CHEMBL2314781,CC(C)(C)OC(=O)N1CCN(c2cccc3c2NC(=O)[C@@H](c2ccccc2)N=C3c2ccccc2)CC1,43000.0,nM,4.37
CHEMBL309438,CCC(C)C[C@H](NC(=O)C[C@H](O)[C@H](Cc1ccccc1)NC(=O)[C@H](CC(C)C)NC(C)=O)[C@@H](O)CC(=O)N[C@H](C(=O)NCc1ccc(C(=O)O)cc1)C(C)C,650.0,nM,6.19
CHEMBL5402779,O=C(NCCNc1c2c(nc3cc(Cl)ccc13)CCCC2)c1cc(-c2ccc(Cl)cc2)on1,1650.0,nM,5.78
CHEMBL288713,CC(C)C[C@H](NC(=O)[C@@H](NC(=O)[C@@H](N)CNC(=O)O)C(C)C)C(=O)N[C@@H](Cc1ccccc1)[C@@H](O)C(=O)Nc1cc(C(=O)O)cc(C(=O)O)c1,3.4,nM,8.47
CHEMBL4852705,CN(CCC=C1c2ccccc2CCc2ccccc21)C(CCN)C(=O)NCc1ccc(F)cc1,4880.0,nM,5.31
CHEMBL370955,CC[C@H](C)[C@H](NC(=O)OC(C)(C)C)C(=O)N1CCCCC[C@@H]([C@@H](O)C[C@@H](C)C(=O)N[C@H](C(=O)NCc2ccncc2)C(C)C)NC(=O)[C@@H]1C,65.0,nM,7.19
CHEMBL370185,CC(C)[C@H](NC(=O)[C@H](C)C[C@H](O)[C@@H]1CCCCCC[C@H](NC(=O)OC(C)(C)C)C(=O)N[C@@H](C)C(=O)N1)C(=O)NCc1ccncc1,4925.0,nM,5.31
CHEMBL200195,CC(C)[C@H](NC(=O)[C@H](C)C[C@H](O)[C@@H]1CCCCCC[C@H](NC(=O)OC(C)(C)C)C(=O)N[C@@H](C)C(=O)N1)C(=O)NCc1ccccc1,285.0,nM,6.54
CHEMBL561961,CCc1cn2c3c(cc(C(=O)N[C@@H](Cc4ccccc4)[C@H](O)CNC4CCCCC4)cc13)N(C)S(=O)(=O)CC2,9.0,nM,8.05
CHEMBL562555,CCc1cn2c3c(cc(C(=O)N[C@@H](Cc4ccccc4)[C@H](O)CNC4CCOCC4)cc13)N(CC)S(=O)(=O)CC2,48.0,nM,7.32
CHEMBL1917900,CCC(C)[C@H](N)C(=O)N[C@@H](CCc1ccccc1)C(=O)N[C@@H](CC(C)C)[C@@H](O)C[C@@H](C)C(=O)NCCCCc1ccccc1,88.0,nM,7.06
CHEMBL1917901,CCC(C)[C@@]1(N)CCN([C@@H](CCc2ccccc2)C(=O)N[C@@H](CC(C)C)[C@@H](O)C[C@@H](C)C(=O)NCCCCc2ccccc2)C1=O,141.0,nM,6.85
CHEMBL539654,CCCN(CCC)C(=O)c1cc(Oc2ccc(OC)cc2)cc(C(=O)N[C@@H](Cc2cc(F)cc(F)c2)[C@H](O)CNCc2cccc(OC)c2)c1,412.0,nM,6.38
CHEMBL1760729,CC(C)c1cccc(CN[C@H]2CS(=O)(=O)C[C@@H](Cc3ccc(O)cc3)[C@@H]2O)c1,1800.0,nM,5.75
CHEMBL1760860,CNC(=O)Oc1ccc(C[C@@H]2CS(=O)(=O)C[C@H](NCc3cccc(C(C)C)c3)[C@H]2O)cc1Br,60.0,nM,7.22
CHEMBL3236220,O=C(NC1CCCCC1)c1c[nH]c2ccc(S(=O)(=O)Nc3ccc(C(F)(F)F)cc3)cc2c1=O,7180.0,nM,5.14
CHEMBL311498,Oc1cc(O)c2c(c1)O[C@H](c1ccc(O)c(O)c1)[C@@H](O)C2,35000.0,nM,4.46
CHEMBL297910,CC(C)CC(NC(=O)C(O)c1cccc2ccccc12)[C@@H](O)CC(=O)N[C@@H](C(=O)N[C@H](C)C(=O)N[C@H](CCC(=O)O)C(=O)N[C@H](Cc1ccccc1)C(=O)O)C(C)C,4000.0,nM,5.4
CHEMBL49971,CC(C)C[C@H](NC(=O)C(O)c1ccccc1Br)[C@@H](O)CC(=O)N[C@H](C(=O)NCc1ccc(C(=O)O)cc1)C(C)C,40000.0,nM,4.4
CHEMBL509294,CC(C)C[C@H](NC(=O)c1cc(C(=O)N[C@H](C)c2ccc(F)cc2)cc(N(C)S(C)(=O)=O)c1)[C@@H](O)C[C@@H](C)C(=O)NCC1CCN(Cc2ccccc2)CC1,616.0,nM,6.21
CHEMBL2151151,CC(=O)N[C@@H](Cc1ccccc1)[C@H](O)CN[C@H]1CC2(CCC2)Oc2ncc(CC(C)(C)C)cc21,3.1,nM,8.51
CHEMBL3939642,Cc1ccc([C@]23CO[C@@H](C4CC4)C[C@H]2CSC(N)=N3)cc1F,897.0,nM,6.05
CHEMBL53919,CC(C)CC(NC(=O)Cc1cccc2ccccc12)[C@@H](O)CC(=O)N[C@@H](C(=O)N[C@H](C)C(=O)N[C@H](CCC(=O)O)C(=O)N[C@H](Cc1ccccc1)C(=O)O)C(C)C,42000.0,nM,4.38
CHEMBL50930,CSCC[C@H](NC(=O)[C@@H](NC(=O)OC(C)(C)C)C(C)C)C(=O)NC(CC(C)C)[C@@H](O)CC(=O)N[C@@H](C(=O)NC1C[C@@H](C(=O)O)C[C@@H](C(=O)O)C1)C(C)C,300.0,nM,6.52
CHEMBL3897411,NC1=N[C@](CF)(c2cc(NC(=O)c3ccc(OCC(F)(F)F)cn3)ccc2F)C[C@@H](C(F)(F)F)O1,263.0,nM,6.58
CHEMBL2381578,CCOc1cccc(-c2cccc([C@@H]3C[C@@H]3c3cc(=O)n(C)c(N)n3)c2)c1,39400.0,nM,4.41
CHEMBL208809,C[C@H](NC[C@H](Cc1ccccc1)NC(=O)c1cc(C(=O)N[C@H](C)c2ccc(F)cc2)cc(N(C)S(C)(=O)=O)c1)C(=O)NC1CC1,24.0,nM,7.62
CHEMBL211937,C[C@@H](NC(=O)c1cc(C(=O)N[C@H](CN)Cc2ccccc2)cc(N(C)S(C)(=O)=O)c1)c1ccc(F)cc1,5900.0,nM,5.23
CHEMBL3653489,CCn1ccnc1C(=O)Nc1ccc(F)c([C@]2(C(F)F)COCC(N)=N2)c1,1200.0,nM,5.92
CHEMBL129482,Oc1cc(O)c2c(c1)O[C@@H](c1ccc(O)c(O)c1)[C@@H](O)C2,23000.0,nM,4.64
CHEMBL243148,C=C(C)[C@H](CC=C(C)C)Cc1c(O)cc(O)c2c1O[C@H](c1ccc(O)cc1O)CC2=O,5200.0,nM,5.28
CHEMBL492828,COc1cc(O)c(CC=C(C)C)c2c1C(=O)CC(c1ccc(O)cc1)O2,27700.0,nM,4.56
CHEMBL243796,C=C(C)C(CC=C(C)C)Cc1c(O)cc(OC)c2c1O[C@H](c1ccc(O)cc1O)CC2=O,3300.0,nM,5.48
CHEMBL134730,CSCC[C@H](NC(=O)[C@@H](NC(=O)[C@@H](N)CCC(=O)O)C(C)C)C(=O)N[C@@H](CC(C)C)[C@@H](O)CC(=O)N[C@@H](CC(C)C)C(=O)N[C@@H](C)C(=O)N[C@@H](CCC(=O)O)C(=O)N[C@@H](Cc1ccccc1)C(=O)O,140.0,nM,6.85
CHEMBL201049,C=C(c1ccccc1)c1cc(C(=O)N[C@@H](Cc2ccccc2)[C@H](O)CNC2CC2)cc(N(C)S(C)(=O)=O)c1,1300.0,nM,5.89
CHEMBL402576,N/C(=N/C(=O)Cn1c(-c2ccccc2)ccc1C12CC3CC(CC(C3)C1)C2)N[C@H]1CC[C@H](O)CC1,283.0,nM,6.55
CHEMBL510798,CCNc1cc(C(=O)N[C@@H](Cc2ccccc2)[C@H](O)CNC(C)(C)c2cccc(C(F)(F)F)c2)cc(N2CCCCS2(=O)=O)c1,6.0,nM,8.22
CHEMBL443509,CCNc1cc(C(=O)N[C@@H](Cc2ccccc2)[C@H](O)CNCc2cccc(C(F)(F)F)c2)cc(N2CCCC2=O)c1OC,110.0,nM,6.96
CHEMBL464006,CC(C)=CCc1c(-c2ccc(O)cc2O)oc2c3c(cc(O)c2c1=O)OC(C)(C)C=C3,59400.0,nM,4.23
CHEMBL4861687,CC1(c2cc(NC(=O)c3ccc(C#N)cn3)ccc2F)Cc2c(F)cncc2C(N)=N1,12.0,nM,7.92
CHEMBL4856179,CC1(c2cc(NC(=O)c3ccc(C#N)cn3)ccc2F)Cc2cnccc2C(N)=N1,1.5,nM,8.82
CHEMBL2136098,CC1(C)Cc2ccccc2C(NC(Cc2ccccc2)C(=O)O)=N1,27200.0,nM,4.57
CHEMBL1258001,CC(=O)N[C@@H](Cc1cc(F)cc(F)c1)[C@H](O)CNC1(c2cc(NS(C)(=O)=O)cc(C(C)(C)C)c2)CCCCC1,93.0,nM,7.03
CHEMBL3941301,COc1cnc(C(=O)Nc2csc([C@]34CO[C@@H](C)C[C@H]3CSC(N)=N4)n2)cn1,536.0,nM,6.27
CHEMBL2386722,COCC[C@]1(c2nc(NC(=O)c3ncc(C#N)cc3C)ccc2F)N=C(N)OCC1(F)F,100.0,nM,7.0
CHEMBL4112705,C[C@]1(c2nc(NC(=O)c3ncc(C(F)F)nc3N)ccc2F)N=C(N)OCC1(F)F,190.0,nM,6.72
CHEMBL4126351,CO[C@]1(C)OC[C@@](C)(c2cc(NC(=O)c3ncc(C#N)cc3C)ccc2F)N=C1N,4.0,nM,8.4
CHEMBL1270883,CCOC(=O)CSc1nc2ccc(Nc3nc(N4CCCC4)nc(N4CCCC4)n3)cc2s1,1770.0,nM,5.75
CHEMBL1269866,O=C(CSc1nc2ccc(Nc3nc(N4CCOCC4)nc(N4CCOCC4)n3)cc2s1)NCc1ccccc1,50000.0,nM,4.3
CHEMBL1824144,CCn1cc(C2(c3cccc(-c4cccnc4F)c3)N=C(N)N(C)C2=O)cn1,30.0,nM,7.52
CHEMBL494015,COc1ccc(C(Cc2cc([N+](=O)[O-])ccc2OC)c2c[nH]c(N)n2)cc1,5700.0,nM,5.24
CHEMBL557554,CCCN(CCC)C(=O)c1cc(Oc2ccc(F)cc2)cc(C(=O)N[C@@H](Cc2cc(F)cc(F)c2)[C@H](O)CNCc2cccc(OC)c2)c1,94.0,nM,7.03
CHEMBL3934567,COC1CCC2(CC1)Cc1ccc(C#N)cc1C21N=C(N)N(C(C)C)C1=O,107.0,nM,6.97
CHEMBL5852955,CO[C@H]1CC[C@]2(CC1)Cc1ccc(CCC3CC3)cc1[C@]21N=C(N)N(C[C@@H]2CCO2)C1=O,415.0,nM,6.38
CHEMBL1270934,CC#Cc1cccc([C@@]2(c3ccc(OC(F)F)cc3)N=C(N)N(C)C2=O)c1,22.0,nM,7.66
CHEMBL5951673,CC1(C)C(N)=N[C@](C)(c2cc(NC(=O)c3ccc(Cl)cn3)cc(F)c2F)CS1(=O)=O,1.0,nM,9.0
CHEMBL6004516,CC1(C)C(N)=N[C@@](C)(c2cc(NC(=O)c3ccc(Cl)cn3)cc(F)c2F)CS1(=O)=O,1180.0,nM,5.93
CHEMBL1824341,CC(C)CCn1cc(C2(c3cccc(-c4cccnc4F)c3)N=C(N)N(C)C2=O)cn1,16.0,nM,7.8
CHEMBL5824239,COc1cc(Cl)cnc1C(=O)Nc1ccc(F)c([C@@]2(C)N=C(N)C3(CCC3)S(=O)(=O)[C@@H]2F)c1,3.8,nM,8.42
CHEMBL1824342,CN1C(=O)C(c2cccc(-c3cccnc3F)c2)(c2cnn(CCC(C)(C)C)c2)N=C1N,20.0,nM,7.7
CHEMBL1824354,CN1C(=O)C(c2ccsc2)(c2cccc(-c3cccnc3)c2)N=C1N,60.0,nM,7.22
CHEMBL1824337,CN1C(=O)C(c2cccc(-c3cccnc3F)c2)(c2cnn(CCF)c2)N=C1N,50.0,nM,7.3
CHEMBL297913,CSCC[C@H](NC(=O)[C@@H](NC(=O)OC(C)(C)C)C(C)C)C(=O)NC(CC(C)C)[C@@H](O)CC(=O)N[C@@H](C(=O)NCc1ccc(C(=O)O)cc1)C(C)C,4000.0,nM,5.4
CHEMBL1817737,CC(C)C[C@H](NC(=O)[C@@H](NC(=O)[C@@H](N)CNC(=O)c1[nH]c(=O)[nH]c(=O)c1F)C(C)C)C(=O)N[C@@H](Cc1ccccc1)[C@@H](O)C(=O)N[C@@H](C)c1ccccc1,20.4,nM,7.69
CHEMBL2347880,COc1ccccc1C(=O)N1CCN(c2ccc(Br)cc2NC(=O)c2cc3ccccc3o/c2=N\c2ccccc2)CC1,25740.0,nM,4.59
CHEMBL2408785,CC#Cc1cncc(-c2ccc3c(c2)C2(C=C(F)C(N)=N2)[C@]2(CC[C@@H](OC)CC2)C3)c1,1.1,nM,8.96
CHEMBL3964029,Cc1cc(C#N)cnc1C(=O)Nc1cc(F)c(F)c([C@]2(CF)C[C@@H](C(F)(F)F)OC(N)=N2)c1,55.0,nM,7.26
CHEMBL3688826,N#Cc1cnc2c(c1)CC[C@@H]2Nc1ccc(F)c([C@@]2(C(F)F)N=C(N)O[C@@H]3C[C@@H]32)c1,976.0,nM,6.01
CHEMBL3693226,CC1(C#Cc2ccc(C(=O)Nc3ccc(F)c([C@@]4(C(F)F)N=C(N)O[C@@H]5C[C@@H]54)c3)nc2)COC1,327.0,nM,6.49
CHEMBL200510,CC(C)[C@H](NC(=O)[C@H](C)C[C@H](O)[C@@H]1CCCCCC[C@H](N)C(=O)N[C@@H](C)C(=O)N1)C(=O)NCc1ccccc1,2397.0,nM,5.62
CHEMBL3657457,COc1cccc(-c2ccc3c(c2)C2(CCO3)N=C(C)C(N)=N2)c1F,1680.0,nM,5.78
CHEMBL3936953,CO[C@H]1CC[C@]2(CC1)Cc1ccc(-c3cc(Br)cc(C#N)c3)cc1C21N=C(C)C(N)=N1,1.8,nM,8.74
CHEMBL3639562,CC1=NC2(N=C1N)c1cc(-c3cc(Cl)cc(C#N)c3)ccc1C[C@]21CC[C@@H](OC(F)F)CC1,1.3,nM,8.89
CHEMBL4115023,COc1cnc(C(=O)Nc2ccc(F)c([C@]3(CF)C[C@H](C(F)(F)F)OC(N)=N3)c2)cn1,813.0,nM,6.09
CHEMBL3957032,COc1cnc(C(=O)Nc2ccc(F)c([C@]3(C)C[C@@H](C(F)(F)F)OC(NC(=O)c4ccccc4)=N3)c2)cn1,30.0,nM,7.52
CHEMBL3951015,NC1=N[C@](CF)(c2cc(Nc3nccc4nc(C(F)(F)F)cnc34)ccc2F)C[C@@H](C(F)(F)F)O1,118.0,nM,6.93
CHEMBL3925243,CNC(=O)c1ccc(C#Cc2ccc(F)c([C@]3(CF)C[C@@H](C(F)(F)F)OC(N)=N3)c2)nc1,26600.0,nM,4.58
CHEMBL3972614,Cc1cc(NC(=O)c2ccc(C#N)cn2)cc([C@]2(CF)C[C@@H](C(F)(F)F)OC(N)=N2)c1F,57.0,nM,7.24
CHEMBL3673189,N#Cc1cc(C23CO[C@@H](CO)C[C@H]2CSC(N)=N3)c(F)cc1F,5550.0,nM,5.26
CHEMBL3915000,NC1=N[C@](CF)(c2cc(NC(=O)c3ccc(Cl)cn3)cnc2F)C[C@@H](C(F)(F)F)O1,96.5,nM,7.01
CHEMBL1929421,C#CCN(C)Cc1cc2cc(OCCCC3CCN(Cc4ccccc4)CC3)ccc2n1C,460.0,nM,6.34
CHEMBL398775,CCCCS(=O)(=O)C[C@@H](NC(=O)COC)C(=O)N[C@@H](Cc1cc(F)cc(F)c1)[C@H](O)CNCc1cccc(CC)c1,22.0,nM,7.66
CHEMBL414145,CCCC(CCC)S(=O)(=O)C[C@@H](NC(=O)OC)C(=O)N[C@@H](Cc1cc(F)cc(F)c1)[C@H](O)CNCc1cccc(CC)c1,3.0,nM,8.52
CHEMBL3893892,CC#CCOc1cnc(C(=O)Nc2ccc(F)c([C@]3(CF)C[C@@H](C(F)(F)F)OC(N)=N3)c2)cn1,3.2,nM,8.49
CHEMBL3908739,COC1CCN(C(=O)Nc2ccc(F)c([C@]3(C)C[C@@H](C(F)(F)F)OC(N)=N3)c2)CC1,2080.0,nM,5.68
CHEMBL3657419,CCc1cc(C#N)cc(-c2ccc3c(c2)C2(N=C(C)C(N)=N2)[C@]2(CC[C@H](OC)CC2)C3)c1,5.3,nM,8.28
CHEMBL2443370,CC1=C(C(=O)Nc2nc(C)cs2)C(c2ccco2)C(C(=O)Nc2nc(C)cs2)=C(C)N1,6780.0,nM,5.17
CHEMBL2408741,CC(=O)N[C@@H](Cc1cc(F)cc(F)c1)[C@H](O)CN[C@H]1CS(=O)(=O)Cc2ccc(CC(C)(C)C)cc21,42.0,nM,7.38
CHEMBL510737,CCCN(CCC)C(=O)c1cc(C)cc(C(=O)N[C@@H](Cc2cc(F)cc(F)c2)[C@H](O)[C@H]2CN(c3ccccc3)CCN2)c1,345.0,nM,6.46
CHEMBL489052,CCCN(CCC)C(=O)c1cc(C)cc(C(=O)N[C@@H](Cc2cc(F)cc(F)c2)[C@H](O)[C@@H]2NCCNC2=O)c1,264.0,nM,6.58
CHEMBL3670911,C[C@]1(c2cc(N[C@H]3CCc4cc(Cl)cnc43)ccc2F)N=C(N)COCC1(F)F,90.0,nM,7.05
CHEMBL3688708,Cc1cc(C#N)cnc1C(=O)Nc1ccc(Cl)c([C@@]2(CF)N=C(N)O[C@@H]3C[C@@H]32)c1,31.0,nM,7.51
CHEMBL3656195,CCCCCc1ccc2c(c1)C1(N=C(N)N(C)O1)[C@]1(CC[C@H](OC)CC1)C2,29.8,nM,7.53
CHEMBL3656177,COC1CCC2(CC1)Cc1ccc(-c3cccnc3)cc1C21CC(=O)N(C)C(N)=N1,1554.9,nM,5.81
CHEMBL3656179,CN1OC2(N=C1N)c1cc(-c3cccc(C#N)c3)ccc1CCC21CCc2ccccc2CC1,5053.9,nM,5.3
CHEMBL4111976,CO[C@H]1[C@H](C)C[C@@]2(Cc3ccc(C#N)cc3[C@]23N=C(N)N(CC2CCOCC2)C3=O)C[C@@H]1C,11.0,nM,7.96
CHEMBL3957841,CC[C@@H]1C[C@@]2(Cc3ccc(C#N)cc3[C@]23N=C(N)N(CC(C)(C)F)C3=O)C[C@H](C)[C@H]1OC,9.0,nM,8.05
CHEMBL2178165,COc1ccc(-c2nsc(C)c2C(=O)/N=C(\N)NCc2cc(C)c(NC(=O)CN3CCC3)c(Cl)c2)cc1,5.0,nM,8.3
CHEMBL2177339,COc1ccc2c(c1)C1(COC(N)=N1)c1cc(-c3cncnc3)ccc1O2,1430.0,nM,5.84
CHEMBL2177320,COc1ccc2c(c1)C1(COC(N)=N1)c1cc(-c3ccccc3)ccc1O2,1180.0,nM,5.93
CHEMBL2177329,COc1ccc2c(c1)C1(COC(N)=N1)c1cc(-c3cccc(Cl)c3F)ccc1O2,1170.0,nM,5.93
CHEMBL2407491,CC(C)(C)Cc1cnc2c(c1)[C@@H](NC[C@@H](O)[C@@H]1Cc3cccc(c3)CCCCn3cc(ccc3=O)C(=O)N1)CC1(CCC1)O2,9.7,nM,8.01
CHEMBL2407338,C=CCCCCC(=O)N[C@@H](Cc1cccc(CC=C)c1)[C@H](O)CN[C@H]1CC2(CCC2)Oc2ccc(CC)cc21,92.0,nM,7.04
CHEMBL1257530,CC(=O)N[C@@H](Cc1cc(F)cc(F)c1)[C@H](O)CNC1(c2cccc(CC(C)(C)C)c2)CCCCC1,2100.0,nM,5.68
CHEMBL1257185,CC(=O)N[C@@H](Cc1cc(F)cc(F)c1)[C@H](O)CNC1(c2cn(C34CC5CC(CC(C5)C3)C4)nn2)CCCCC1,392.0,nM,6.41
CHEMBL510865,CCNc1cc(C(=O)N[C@@H](Cc2ccccc2)[C@H](O)CNCc2ccccc2)cc(N2CCCCS2(=O)=O)c1.O=CO,120.0,nM,6.92
CHEMBL2151182,CC#Cc1cncc(-c2cc([C@]3(C)CC(=O)N(C)C(=N)N3)c(Cl)s2)c1,67.0,nM,7.17
CHEMBL270154,CCCOc1ccc(-c2ccc(-c3ccccc3Cl)n2CC(=O)/N=C(/N)NCc2cccs2)cc1,752.0,nM,6.12
CHEMBL430034,CCCOc1ccc(-c2ccc(-c3ccccc3Cl)n2CC(=O)/N=C(/N)NCC(O)CO)cc1,124.0,nM,6.91
CHEMBL258315,C[C@H](O)CN/C(N)=N\C(=O)Cn1c(-c2ccccc2)ccc1C12CC3CC(CC(C3)C1)C2,942.0,nM,6.03
CHEMBL258356,N#CCCN/C(N)=N\C(=O)Cn1c(-c2ccccc2)ccc1C12CC3CC(CC(C3)C1)C2,310.0,nM,6.51
CHEMBL257091,CCCN(CCC)C(=O)c1cc(C)cc(C(=O)N[C@@H](Cc2cc(F)cc(F)c2)[C@H](O)[C@H]2C[C@@H](C3CCCCC3)CCN2)c1,610.0,nM,6.21
CHEMBL2011994,CN1C(=N)NC(c2cccc(-c3cccc(Cl)c3)c2)(c2ccccn2)C1=O,5900.0,nM,5.23
CHEMBL2012005,CN1C(=N)NC(c2cccc(-c3cncc(C#N)c3)c2)(C2CC2)C1=O,610.0,nM,6.21
CHEMBL409948,CCCCS(=O)(=O)C[C@@H](NC(=O)SC1CCOC1)C(=O)N[C@@H](Cc1cc(F)cc(F)c1)[C@H](O)CNCc1cccc(CC)c1,15.0,nM,7.82
CHEMBL232490,CCCCS(=O)(=O)C[C@@H](NC(C)=O)C(=O)N[C@@H](Cc1cc(F)cc(F)c1)[C@H](O)CNCc1cccc(CC)c1,13.0,nM,7.89
CHEMBL259547,O=C(N[C@@H](Cc1ccccc1)[C@H](O)CNCc1cccc(C(F)(F)F)c1)[C@@H]1CN(Cc2ccccc2)C(=O)N1,12330.0,nM,4.91
CHEMBL553387,CCc1cn2c3c(cc(C(=O)N[C@@H](Cc4ccccc4)[C@H](O)CNC4CCOCC4)cc13)N(C(C)C)S(=O)(=O)CC2,227.0,nM,6.64
CHEMBL3354696,NC1=N[C@]2(CO1)c1cc(OCC3CCCCC3)ccc1Oc1ccc(-c3cncnc3)cc12,269.0,nM,6.57
CHEMBL3354720,NC1=N[C@@]2(CO1)c1cc(-c3cccnc3F)ccc1Oc1c(F)cc(N3CC[C@H](F)C3)cc12,7.0,nM,8.15
CHEMBL3946842,CO[C@H]1CC[C@]2(CC1)Cc1ccc(C#CC3CCC3)cc1C21N=C(C)C(N)=N1,22.0,nM,7.66
CHEMBL3688783,COc1cnc2c(Nc3ccc(Cl)c([C@@]4(CF)N=C(N)O[C@@H]5C[C@@H]54)c3)nccc2n1,1260.0,nM,5.9
CHEMBL3688688,NC1=N[C@@](c2cc(NC(=O)C3CC3)ccc2F)(C(F)F)[C@H]2C[C@H]2O1,5170.0,nM,5.29
CHEMBL3688811,NC1=N[C@@](c2cc(Nc3coc4cc(Cl)ccc34)ccc2F)(C(F)F)[C@H]2C[C@H]2O1,253.0,nM,6.6
CHEMBL3688814,CN(C)c1cc(C#N)cnc1C(=O)Nc1ccc(F)c([C@@]2(C(F)F)N=C(N)O[C@@H]3C[C@@H]32)c1,91.5,nM,7.04
CHEMBL3693239,NC1=NC(CF)(c2cccc(NC(=O)c3ccc(Cl)cn3)c2)C2CC2O1,396.5,nM,6.4
CHEMBL3693241,NC1=N[C@](c2cc(-c3nc4ccc(Cl)cc4o3)ccc2F)(C(F)F)[C@@H]2C[C@@H]2O1,613.3,nM,6.21
CHEMBL3688790,COc1cnc2c(Nc3ccc(F)c([C@@]4(C(F)F)N=C(N)O[C@@H]5C[C@@H]54)c3)nccc2n1,139.0,nM,6.86
CHEMBL3359751,COC(C)(C)COc1cnc2c(c1)[C@]1(COC(N)=N1)c1cc(-c3cccnc3F)ccc1O2,6.6,nM,8.18
CHEMBL3683836,COC[C@]1(c2cc(NC(=O)c3cnc(OC)cn3)ccc2F)N=C(N)O[C@@H]2C[C@@H]21,7950.0,nM,5.1
CHEMBL3683882,COc1cnc(C(=O)Nc2ccc(F)c([C@@]3(C(F)F)N=C(N)O[C@@H]4C[C@@H]43)c2)c(C)c1,185.0,nM,6.73
CHEMBL4542470,Cc1noc(-c2ccccc2)c1[C@@H]1C[C@@](C)(c2ccc(F)cc2F)N=C(N)S1,230.0,nM,6.64
CHEMBL85378,CC(C)[C@H](O)C(=O)N[C@@H](COC(C)(C)C)C(=O)N[C@@H](Cc1ccccc1)[C@@H](O)C[C@@H](C)C(=O)N[C@H](C(=O)NCc1ccncc1)C(C)C,4490.0,nM,5.35
CHEMBL206557,COc1cccc2cc(C(=O)Nc3cc(Br)ccc3N3CCNCC3)c(=O)oc12.O=C(O)C(F)(F)F,5000.0,nM,5.3
CHEMBL4128727,CCOc1cccc(-c2nc(SC(C(N)=O)c3nc(-c4ccc([N+](=O)[O-])cc4)cs3)[nH]c(=O)c2C#N)c1,15000.0,nM,4.82
CHEMBL3937141,CC[C@]1(C)CCC2=C1CC[C@H]1[C@H]2C[C@@H](Cl)C2=C[C@@H](O)[C@@H]3C[C@@]21C(=O)O3,82000.0,nM,4.09
CHEMBL1915993,CCCO[C@H]1CN[C@@H]([C@@H](O)[C@H](Cc2cc(F)cc(F)c2)NC(=O)[C@H](CCc2ccccc2)N2CC[C@H](C(C)C)C2=O)C1,21.0,nM,7.68
CHEMBL1916170,CCC(C)[C@@]1(NC(C)=O)CCN([C@@H](CCc2ccccc2)C(=O)N[C@@H](Cc2cc(F)cc(F)c2)[C@H](O)[C@H]2C[C@@H](OCc3cccnc3)CN2)C1=O,1.4,nM,8.85
CHEMBL1791010,CC[C@H](C)[C@H](NC(C)=O)C(=O)N[C@@H](CCSC)C(=O)N[C@@H](CC(C)C)[C@@H](O)CC(=O)N[C@@H](Cc1ccc(O)cc1)C(=O)NCc1cccc(C(=O)O)c1,91.0,nM,7.04
CHEMBL2347190,N#Cc1ccc(C(=O)Nc2ccc(F)c([C@@]3(CF)N=C(N)OCC3(F)F)c2)nc1,49.0,nM,7.31
CHEMBL2425617,[2H]C([2H])(N[C@H]1C[S@+]([O-])C[C@@H](Cc2cc(F)c(N)c(O[C@H](COC)C(F)(F)F)c2)[C@@H]1O)c1cccc(C(C)(C)C)c1,12.0,nM,7.92
CHEMBL3414709,CC[C@H]1C[C@H]2CSC(N)=N[C@@]2(c2ccc(F)cc2F)CO1,470.0,nM,6.33
CHEMBL450491,CC(C)[C@H](NC(=O)C[C@H](O)[C@H](COc1cc(F)cc(F)c1)NC(=O)c1cc(C(=O)N[C@H](C)c2ccccc2)cc(N(C)S(C)(=O)=O)c1)C(=O)NCc1ccc(C(=O)O)cc1,13.0,nM,7.89
CHEMBL3086249,CC(C)(C)OC(=O)N(C[C@H](O)c1cccc(NC(=O)[C@@H](NC(=O)OCc2ccccc2)c2ccccc2)c1)[C@H](CO)Cc1ccccc1,6400.0,nM,5.19
CHEMBL3394042,NC1=N[C@@]2(CO1)c1cc(-c3cccnc3F)ccc1Oc1cnc(C3CCOCC3)cc12,7.1,nM,8.15
CHEMBL3394056,Cc1cc(-c2cc3c(cn2)Oc2ccc(-c4cccnc4F)cc2[C@@]32COC(N)=N2)ccn1,15.0,nM,7.82
CHEMBL3935175,NC1=N[C@@]2(c3ccc(F)cc3F)CO[C@@H](CC3CC3)C[C@H]2CS1,235.0,nM,6.63
CHEMBL3987022,NC1=N[C@@]2(c3ccc(F)cc3)CO[C@@H](C3CC3)C[C@H]2CS1,572.0,nM,6.24
CHEMBL3918509,NC1=N[C@@]2(c3ccccc3F)CO[C@@H](C3CC3)C[C@H]2CS1,422.0,nM,6.38
CHEMBL211384,CCCCNC(=O)[C@H](C)C[C@H](O)[C@H](CC(C)C)NC(=O)[C@H](C)N(C)C(=O)[C@H](CC(C)C)NC(C)=O,100.0,nM,7.0
CHEMBL137547,CC(C)C[C@H](NC(=O)[C@H](CC(N)=O)NC(=O)[C@@H](NC(=O)[C@@H](N)CCC(=O)O)C(C)C)[C@@H](O)CC(=O)N[C@H](C(N)=O)C(C)C,9400.0,nM,5.03
CHEMBL4746559,c1ccc(-c2nnc(N3CCN(c4ccccn4)CC3)o2)cc1,3220.0,nM,5.49
CHEMBL2380457,COc1cccc(-c2cccc(C3(C)N=C(N)CN3C(C)=O)c2)c1,20000.0,nM,4.7
CHEMBL2380446,COc1cccc(-c2cccc(C3(C)N=C(N)CCS3)c2)c1,630.0,nM,6.2
CHEMBL256823,N/C(=N/C(=O)Cn1c(-c2ccccc2)ccc1C12CC3CC(CC(C3)C1)C2)NCCCn1ccnc1,1710.0,nM,5.77
CHEMBL401832,N/C(=N/C(=O)Cn1c(-c2ccccc2)ccc1C12CC3CC(CC(C3)C1)C2)NCC(O)CO,536.0,nM,6.27
CHEMBL2322539,NCc1ccc(CNC(=O)Cc2ccc(-c3cc(C(F)(F)F)cc(C(F)(F)F)c3)cc2)cc1,63900.0,nM,4.19
CHEMBL266891,C[C@@H](NC(=O)c1cc(C(=O)N[C@@H](Cc2ccccc2)[C@H](O)CNC(C)(C)C)cc(N(C)S(C)(=O)=O)c1)c1ccc(F)cc1,15.0,nM,7.82
CHEMBL222209,C[C@@H](NC(=O)c1cc(NS(C)(=O)=O)cc(C(=O)N[C@@H](Cc2ccccc2)C(O)CNC2CC2)c1)c1ccc(F)cc1,63.0,nM,7.2
CHEMBL2314780,O=C(N[C@@H](C(=O)Nc1cc(C(CO)NCc2ccccc2)ccc1C(=O)c1ccccc1)c1ccccc1)OCc1ccccc1,4200.0,nM,5.38
CHEMBL2314788,O=C1Nc2cc(C(CO)NCc3ccccc3)ccc2C(c2ccccc2)=N[C@@H]1c1ccccc1,10900.0,nM,4.96
CHEMBL370801,CN(c1cc(/C=C/C2CC2)cc(C(=O)N[C@@H](Cc2ccccc2)[C@H](O)CNC2CC2)c1)S(C)(=O)=O,730.0,nM,6.14
CHEMBL201730,CN(c1cc(/C=C\C2CC2)cc(C(=O)N[C@@H](Cc2ccccc2)[C@H](O)CNC2CC2)c1)S(C)(=O)=O,35.0,nM,7.46
CHEMBL201155,CN(c1cc(CCC2CC2)cc(C(=O)N[C@@H](Cc2ccccc2)[C@H](O)CNC2CC2)c1)S(C)(=O)=O,420.0,nM,6.38
CHEMBL114169,CC(C)[C@H](NC(=O)C[C@H](O)[C@H](CC1CCCCC1)NC(=O)C[C@H](O)[C@H](Cc1ccccc1)NC(=O)[C@@H]1CCCN1)C(=O)NCc1ccc(C(=O)O)cc1,1300.0,nM,5.89
CHEMBL463864,C[C@@H](NC(=O)c1cc(C(=O)N[C@@H](Cc2ccccc2)[C@H](O)CNC2CC2)cc2c1CCCO2)c1ccc(F)cc1,740.0,nM,6.13
CHEMBL473652,C[C@@H](NC(=O)c1cc(C(=O)N[C@@H](Cc2ccccc2)[C@H](O)CNC2CC2)cc(-c2ccsc2)c1)c1ccccc1,2233.0,nM,5.65
CHEMBL1950045,OCCc1ccc(O)c(O)c1,35.0,nM,7.46
CHEMBL226335,C[C@@H]1O[C@@H](OC[C@H]2O[C@@H](Oc3c(-c4ccc(O)c(O)c4)oc4cc(O)cc(O)c4c3=O)[C@H](O)[C@@H](O)[C@@H]2O)[C@H](O)[C@H](O)[C@H]1O,3.8,nM,8.42
CHEMBL5266286,COc1ccccc1NC(=O)C1CCN(C(=O)c2ccccc2)CC1,18.5,nM,7.73
CHEMBL230807,CCCN(CCC)C(=O)c1cc(C(=O)N[C@@H](Cc2ccccc2)[C@H](O)CNCc2cccc(OC)c2)cc(C(=O)N(C)C)c1,70.0,nM,7.16
CHEMBL1270432,Cc1cc([C@]2(c3ccc(F)c(C#CC4CC4)c3)N=C(N)N(C)C2=O)ccc1OC(F)F,21.0,nM,7.68
CHEMBL1224769,CC(C)C(/C=C\[C@@H](C)[C@H]1CC[C@H]2[C@@H]3C[C@H](OS(=O)(=O)[O-])[C@H]4C[C@H](OS(=O)(=O)[O-])[C@@H](OS(=O)(=O)[O-])C[C@]4(C)[C@H]3CC[C@]12C)C(C)C.[Na+].[Na+].[Na+],1200.0,nM,5.92
CHEMBL2031000,CC(=O)N[C@@H](Cc1ccc(F)cc1)[C@H](O)CN[C@H]1C[C@]2(CC[C@@H]2C)Oc2ncc(CC(C)(C)C)cc21,7.0,nM,8.15
CHEMBL511390,Cc1ccc(Nc2cc(-c3ccc(CCCO)cc3)ncn2)cc1NS(C)(=O)=O,37000.0,nM,4.43
CHEMBL1083394,Oc1cc(O)cc(Oc2c(O)cc(O)cc2Oc2c(O)cc(O)cc2O)c1,11680.0,nM,4.93
CHEMBL3967984,C[C@H]1C[C@H]2CSC(N)=N[C@@]2(c2nc(NC(=O)c3ccc(Cl)cn3)cs2)CO1,29.1,nM,7.54
CHEMBL3261072,C[C@]1(c2cc(NC(=O)c3ccc(Cl)cn3)ccc2F)N=C(N)CO[C@H]1C(F)(F)F,20.4,nM,7.69
CHEMBL4160274,N=c1oc2ccccc2cc1C(=O)Nc1cc(Br)ccc1NCc1cn(CCCCN2C(=O)c3ccccc3C2=O)nn1,6800.0,nM,5.17
CHEMBL3654223,Cc1nc([C@H]2CC3CSC(N)=N[C@@]3(c3ccc(F)cc3F)CO2)co1,316.0,nM,6.5
CHEMBL3953596,C[C@H]1C[C@@]2(CC[C@@H]1O)Cc1ccc(C#N)cc1[C@]21N=C(N)N(CC2CC(F)(F)C2)C1=O,8.7,nM,8.06
CHEMBL1229518,CC(C)C[C@H](NC(=O)[C@@H](NC(=O)[C@@H](N)CNC(=O)c1nnn[nH]1)C(C)C)C(=O)NC[C@](O)(CCc1ccccc1)C(=O)Nc1cccc(C(=O)O)c1,190.0,nM,6.72
CHEMBL1645517,CC(C)C[C@H](NC(=O)[C@@H](NC(=O)[C@@H](N)CNC(=O)c1nn[nH]n1)C(C)C)C(=O)NCC(O)C(=O)Nc1cccc(C(=O)O)c1,440.0,nM,6.36
CHEMBL4165629,COc1cnc(C(=O)Nc2ccc(F)c([C@@]3(C)N=C(N)CO[C@H]3C(F)(F)F)c2)cn1,27.7,nM,7.56
CHEMBL567633,NC1=N[C@@](c2ccc(OC(F)(F)F)cc2)(c2cccc(-c3cncnc3)c2)C2=NCCCN12,790.0,nM,6.1
CHEMBL4092459,CC(=O)N[C@@H](Cc1cc(F)cc(F)c1)[C@H](O)[C@H]1C[C@@H](OCC2CCCCC2)CN1.Cl,1400.0,nM,5.85
CHEMBL501068,CC(=O)O.CCNc1cc(C(=O)N[C@@H](Cc2ccccc2)[C@H](O)CNC(C)(C)CCCC(C)C)cc(N2CCCCS2(=O)=O)c1,69.0,nM,7.16
CHEMBL504197,CCc1cn2c3c(cc(C(=O)N[C@@H](Cc4ccccc4)[C@H](O)CNC4CCCCC4)cc13)N(C)S(=O)(=O)CC2.O=CO,19.19,nM,7.72
CHEMBL3984506,COc1cnc(C(=O)Nc2ccc3c(c2)C2(CCSC(N)=N2)c2cc(C4=CCCOC4)ncc2O3)cn1,3.1,nM,8.51
CHEMBL569654,CN(Cc1cccc(CCc2cccnc2N)c1)Cc1ccco1,250000.0,nM,3.6
CHEMBL3653340,CC1(c2cccc(NC(=O)c3ccc(Br)cn3)c2)COCC(N)=N1,140.0,nM,6.85
CHEMBL3653345,CC1(c2cccc(NC(=O)c3ncc(Br)cn3)c2)COCC(N)=N1,540.0,nM,6.27
CHEMBL3653359,CC1(c2cccc(NC(=O)c3ccc(C(F)(F)F)cn3)c2)COCC(N)=N1,420.0,nM,6.38
CHEMBL3261065,NC1=NC(c2cccc(NC(=O)c3ccc(Cl)cn3)c2)(C(F)F)COC1,300.0,nM,6.52
CHEMBL3639522,N#Cc1ccc(C(=O)Nc2cccc(C3(C(F)F)COCC(N)=N3)c2)nc1,350.0,nM,6.46
CHEMBL3653372,Cc1cc(Br)cnc1C(=O)Nc1cccc(C2(C(F)F)COCC(N)=N2)c1,120.0,nM,6.92
CHEMBL3653376,Cc1cc(Cl)cnc1C(=O)Nc1cccc(C2(C(F)F)COCC(N)=N2)c1,350.0,nM,6.46
CHEMBL3653380,NC1=N[C@@](c2cc(NC(=O)c3ccc(C(F)(F)F)cn3)ccc2F)(C(F)F)COC1,56.0,nM,7.25
CHEMBL3653401,C[C@@]1(c2cc(NC(=O)c3ccc(Br)cn3)ccc2F)CO[C@@](C)(C(F)(F)F)C(N)=N1,11.0,nM,7.96
CHEMBL3653419,NC1=NC(CF)(c2cc(NC(=O)c3ccc(Cl)cn3)ccc2F)COC1,57.0,nM,7.24
CHEMBL3653438,NC1=NC(c2cccc(NC(=O)c3ncc(Br)cc3O)c2)(C(F)F)COC1,28.0,nM,7.55
CHEMBL3653447,CCOc1ccc(C(=O)Nc2ccc(F)c([C@]3(C(F)F)COCC(N)=N3)c2)nc1,180.0,nM,6.75
CHEMBL3653460,Cn1ccnc1C(=O)Nc1ccc(F)c([C@]2(C(F)F)COCC(N)=N2)c1,1000.0,nM,6.0
CHEMBL3968517,CC#CCOc1cnc(C(=O)Nc2ccc3c(c2)C2(CCOC(N)=N2)c2cc(Cl)nc(F)c2O3)cn1,0.4,nM,9.4
CHEMBL3908041,NC1=NC2(CCO1)c1cc(NC(=O)c3cnc(F)cn3)ccc1Oc1c2cc(-c2cccnc2)nc1F,1.1,nM,8.96
CHEMBL558471,CCn1cc2c3c(cc(C(=O)N[C@@H](Cc4ccccc4)C(=O)CNC4CCOCC4)cc31)N(C)S(=O)(=O)CC2,13.0,nM,7.89
CHEMBL556087,CCc1cn2c3c(cc(C(=O)N[C@@H](Cc4ccccc4)[C@H](O)CNC4CC4)cc13)OS(=O)(=O)CC2,250.0,nM,6.6
CHEMBL554146,CCc1cn2c3c(cc(C(=O)N[C@@H](Cc4ccccc4)[C@H](O)CNCc4cccc(C(F)(F)F)c4)cc13)OS(=O)(=O)CC2,8.0,nM,8.1
CHEMBL553612,CO/N=C(\C)c1cc(C(=O)N[C@@H](Cc2cc(F)cc(F)c2)[C@H](O)CNCc2cccc(OC)c2)cc(N(C)S(C)(=O)=O)c1,60.0,nM,7.22
CHEMBL540758,CCn1cc2c3c(cc(C(=O)N[C@@H](Cc4ccccc4)[C@H](O)CNCC(F)(F)F)cc31)N(C)S(=O)(=O)CC2,2109.0,nM,5.68
CHEMBL2047037,CC(C)c1cccc(CNC[C@@H](O)[C@@H]2COCCCCCNC(=O)c3cc(cc(N(C)S(C)(=O)=O)c3)C(=O)N2)c1,49.0,nM,7.31
CHEMBL1915989,CCC(C)[C@@]1(NC(C)=O)CCN([C@@H](CCc2ccccc2)C(=O)N[C@@H](Cc2cc(F)cc(F)c2)[C@H](O)[C@H]2Cc3cccc(OC)c3CN2)C1=O,4.2,nM,8.38
CHEMBL1916000,CCCO[C@H]1CN[C@@H]([C@@H](O)[C@H](Cc2cc(F)cc(F)c2)NC(=O)[C@H](C)N2CC[C@H]([C@H](O)CCC)C2=O)C1,70.0,nM,7.16
CHEMBL205309,COc1ccc2c(CC(=O)Nc3cc(Br)ccc3N3CCN(C(=O)OC(C)(C)C)CC3)cc(=O)oc2c1,93.0,nM,7.03
CHEMBL3422245,Cc1cc([C@H]2C[C@H]3[C@@H](CF)SC(N)=N[C@@]3(c3ccc(F)cc3F)CO2)on1,15.0,nM,7.82
CHEMBL370043,CN(C)c1ccc(NC(=O)Nc2cc(C(F)(F)F)cc(C(F)(F)F)c2)cc1C(=O)NCCCN1CCOCC1,57.8,nM,7.24
CHEMBL3683906,Cc1nc(OCC(F)(F)F)cnc1C(=O)Nc1cc(F)c(Cl)c([C@]2(CF)N=C(N)O[C@H]3C[C@H]32)c1,225.5,nM,6.65
CHEMBL211432,CCCCNC(=O)[C@H](C)C[C@H](O)[C@@H]1CSCCCCCSC[C@H](NC(=O)OC(C)(C)C)C(=O)N[C@@H](C)C(=O)N1,16900.0,nM,4.77
CHEMBL377149,CCCCNC(=O)[C@@H](NC(=O)[C@H](C)C[C@H](O)[C@@H]1CSC/C=C/CSC[C@H](NC(=O)OC(C)(C)C)C(=O)N[C@@H](C)C(=O)N1)C(C)C,156.0,nM,6.81
CHEMBL3640284,COc1nc(N2C[C@H]3C(=O)N(C)C(N)=N[C@@]3(c3ccc(F)cc3F)C2)nc(C2CC2)c1F,31.0,nM,7.51
CHEMBL3261059,CC1(c2cccc(Nc3ccon3)c2)COCC(N)=N1,580.0,nM,6.24
CHEMBL3645170,Cc1cc(C)c(C(=O)Nc2cc(Br)cc(C3(C)CCSC(N)=N3)c2)o1,160.0,nM,6.8
CHEMBL3645175,Cc1cnc(C(=O)Nc2cccc(C3(C)CCSC(N)=N3)c2)cn1,833.0,nM,6.08
CHEMBL3653445,NC1=N[C@@](c2cc(NC(=O)c3ccc(Br)cn3)ccc2F)(C(F)F)COC1,14.0,nM,7.85
CHEMBL3653486,NC1=N[C@@](c2cc(NC(=O)c3cc4cccn4cn3)ccc2F)(C(F)F)COC1,680.0,nM,6.17
CHEMBL2181998,O=C(OC1CCOCC1)[C@H]1C[C@]2(CN1)C(=O)Nc1ccccc12,32000.0,nM,4.5
CHEMBL3688679,NC1=N[C@@](c2cc(NC(=O)CC(F)(F)F)ccc2F)(C(F)F)[C@H]2C[C@H]2O1,4700.0,nM,5.33
CHEMBL3688767,N#Cc1cnc2c(Nc3ccc(F)c([C@@]4(CF)N=C(N)O[C@@H]5C[C@@H]54)c3)ncc(F)c2c1,94.9,nM,7.02
CHEMBL3693248,N=C1NC(CF)(c2cc(-c3cncc(F)c3)c(CO)cc2F)C2CC2O1,23099.0,nM,4.64
CHEMBL2181880,CO[C@H](C)C(=O)N[C@@H](Cc1ccc2c(c1)OCO2)[C@H](O)CN[C@H]1CC2(CCC2)Oc2ncc(CC(C)(C)C)cc21,18.0,nM,7.75
CHEMBL2180026,COc1ccc(C2(c3cccc(-c4cccnc4)c3)N=C(C)C(N)=N2)cc1,810.0,nM,6.09
CHEMBL3645150,C/C=C/COc1ccc(C(=O)Nc2cccc([C@]3(C)CCSC(N)=N3)c2)nc1,100.0,nM,7.0
CHEMBL3640267,COc1nc(N2C[C@H]3C(=O)N(C)C(N)=N[C@@]3(c3ccc(F)cc3)C2)nc(C2CC2)c1F,50.0,nM,7.3
CHEMBL3642603,CCOC(=O)/C=C/c1cccc(C2(C)CCSC(N)=N2)c1,5000.0,nM,5.3
CHEMBL3653661,CC1=NC2(CCOc3ccc(NC(=O)c4ccc(C(F)(F)F)cn4)cc32)N=C1N,1890.0,nM,5.72
CHEMBL3639525,COC1CCC2(CC1)Cc1ccc(Br)cc1[C@]21N=C(C)C(N)=N1,16600.0,nM,4.78
CHEMBL3901045,CC#Cc1ccnc(-c2ccc3c(c2)C2(N=C(C)C(N)=N2)[C@]2(CC[C@H](OC)CC2)C3)c1,2.3,nM,8.64
CHEMBL3890867,CO[C@H]1CC[C@]2(CC1)Cc1ccc(-c3cc(Cl)cc(C#N)c3)cc1[C@@]21N=C(C)C(N)=N1,0.63,nM,9.2
CHEMBL4111546,COc1cc(C#N)cc(-c2ccc3c(c2)[C@]2(N=C(C)C(N)=N2)[C@]2(CC[C@H](OC)CC2)C3)c1,5870.0,nM,5.23
CHEMBL3673193,C[C@H]1C[C@H]2CSC(N)=NC2(c2cccc(C#N)c2)CO1,1780.0,nM,5.75
CHEMBL3673201,NC1=N[C@@]2(c3cc(CNCC(F)(F)F)ccc3F)CO[C@@H](CF)C[C@H]2CS1,376.0,nM,6.42
CHEMBL3673230,COc1ccc2c(c1)C1(N=C2N)c2cc(C#CC3CC3)ccc2CC12CCC(OC)CC2,35.0,nM,7.46
CHEMBL3673234,COC1CCC2(CC1)Cc1ccc(C#CC3CC3)cc1C21N=C(N)c2c(F)cccc21,5.0,nM,8.3
CHEMBL3673237,COC1CCC2(CC1)Cc1ccc(C#CC3CC3)cc1C21N=C(N)c2cc(C#N)ccc21,4.09,nM,8.39
CHEMBL2012001,COc1cccc(-c2cccc(C3(C4CC4)NC(=N)N(C)C3=O)c2)c1,278.0,nM,6.56
CHEMBL2172797,CC(C)Oc1cccc(-c2ccc([C@@H]3C[C@@H]3c3cc(=O)n(C)c(N)n3)cc2)c1,54000.0,nM,4.27
CHEMBL2172795,CCOc1cccc(-c2ccc([C@@H]3C[C@@H]3c3cc(=O)n(C)c(N)n3)cc2)c1,10200.0,nM,4.99
CHEMBL2031142,CC(=O)N[C@@H](Cc1ccc(F)c(F)c1)[C@H](O)CN[C@H]1C[C@]2(C[C@@H](C)C2)Oc2ncc(CC(C)(C)C)cc21,0.7,nM,9.15
CHEMBL3981156,C[C@H]1C[C@H]2CSC(N)=NC2(c2nc(NC(=O)c3nn(C(F)F)cc3Cl)cs2)CO1,4.0,nM,8.4
CHEMBL3904953,NC1=N[C@@]2(c3cc(NC(=O)c4ccc(OC(F)F)cn4)ccc3F)CO[C@@H](C(F)(F)F)C[C@H]2CS1,6.0,nM,8.22
CHEMBL3943893,C[C@H]1C[C@H]2CSC(N)=N[C@@]2(c2nc(NC(=O)c3ccc(C(F)F)cn3)cs2)CO1,74.0,nM,7.13
CHEMBL3900666,CC(C)n1cnc(C(=O)Nc2csc(C34CO[C@@H](C)C[C@H]3CSC(N)=N4)n2)c1,1830.0,nM,5.74
CHEMBL3910123,C[C@H]1C[C@H]2CSC(N)=NC2(c2nc(NC(=O)c3cn(C)nn3)cs2)CO1,28100.0,nM,4.55
CHEMBL3945804,C[C@H]1C[C@H]2CSC(N)=NC2(c2nc(NC(=O)c3ccnn3C3CC3)cs2)CO1,4240.0,nM,5.37
CHEMBL3928689,C[C@H]1C[C@H]2CSC(N)=N[C@@]2(c2nc(NC(=O)c3coc(CC(F)(F)F)n3)cs2)CO1,215.0,nM,6.67
CHEMBL3937329,Cc1oc(CF)nc1C(=O)Nc1csc([C@]23CO[C@@H](C)C[C@H]2CSC(N)=N3)n1,12.0,nM,7.92
CHEMBL3670317,COc1ccc(C2(c3cccc(NC(=O)c4ncc(Cl)cc4Cl)c3)CSC(N)=N2)cc1O,186.0,nM,6.73
CHEMBL3670327,C[C@@]1(c2cc(NC(=O)c3ccc(F)cn3)ccc2F)C=CSC(N)=N1,62.0,nM,7.21
CHEMBL4108077,C[C@@H]1C[C@@]2(Cc3ccc(C#N)cc3[C@]23N=C(N)N(CC(C)(C)F)C3=O)C[C@H](C)[C@H]1O,10.3,nM,7.99
CHEMBL3984088,CC1=NC2(N=C1N)c1cc(OCCCF)ccc1C[C@]21CC[C@@H](OC(C)C)CC1,250.0,nM,6.6
CHEMBL3947671,CO[C@H]1CC[C@]2(CC1)Cc1cc(F)c(-c3cc(Cl)cc(C#N)c3)cc1C21N=C(C)C(N)=N1,23.0,nM,7.64
CHEMBL4112515,CO[C@H]1CC[C@]2(CC1)Cc1ccc(Br)cc1[C@@]21N=C(C)C(N)=N1,163.0,nM,6.79
CHEMBL2437441,CN1C(=O)C[C@@](C)([C@@H]2C[C@H]2c2cccc(-c3cccs3)c2)N=C1N.O=C(O)C(F)(F)F,6100.0,nM,5.21
CHEMBL3902253,COC1CCC2(CC1)Cc1ccc(-c3cc(F)cc(Cl)c3)cc1C21CN(CC(F)(F)F)C(N)=N1,339.7,nM,6.47
CHEMBL567053,CCN1C(=O)C(c2ccccc2)(c2ccccc2)N=C1N,7998.34,nM,5.1
CHEMBL592534,NC1=NC(c2ccccc2)(C2CCCCC2)C(=O)N1CC1CCCO1,1039.92,nM,5.98
CHEMBL3357664,C[C@]12CCCO[C@@H]1[C@]1(CSC(N)=N1)c1cc(-c3cccnc3F)ccc1O2,86.0,nM,7.07
CHEMBL3357671,C[C@]12CCCO[C@@H]1[C@]1(COC(N)=N1)c1cc(-c3cncnc3)ccc1O2,56.0,nM,7.25
CHEMBL2408756,CC(=O)N[C@@H](Cc1cc(F)cc(F)c1)[C@H](O)CN[C@H]1CC(C)(C)Oc2ccc(CC(C)(F)F)cc21,9.0,nM,8.05
CHEMBL3688692,NC1=N[C@](c2cccc(NC(=O)c3ccc(Cl)cn3)c2)(C(F)F)[C@@H]2C[C@@H]2O1,35904.0,nM,4.45
CHEMBL3688700,NC1=N[C@](CF)(c2cc(NC(=O)c3ccc(Br)cn3)ccc2Cl)[C@H]2C[C@H]2O1,32.2,nM,7.49
CHEMBL2346800,CC1(C)Cc2cc(Cl)ccc2C(N[C@@H](Cc2ccccc2)c2nc3ccncc3c(=O)[nH]2)=N1,170.0,nM,6.77
CHEMBL3680900,CC#CCOc1cnc(C(=O)Nc2ccc(F)c([C@@]3(C)N=C(N)OC[C@]3(C)F)c2)cn1,0.1,nM,10.0
CHEMBL257587,CC(C)C[C@H](NC(=O)[C@@H](NC(=O)[C@@H](N)CNC(=O)c1nn[nH]n1)C(C)C)C(=O)N[C@@H](Cc1ccccc1)[C@@H](O)C(=O)Nc1cc(Cl)cc(Cl)c1,14.0,nM,7.85
CHEMBL3688795,NC1=N[C@@](c2cc(NCC3CCC3)ccc2F)(C(F)F)[C@H]2C[C@H]2O1,2740.0,nM,5.56
CHEMBL3688801,NC1=N[C@@](c2cc(NCc3nn(C(F)F)cc3Cl)ccc2F)(C(F)F)[C@H]2C[C@H]2O1,95.4,nM,7.02
CHEMBL3909571,CO[C@H]1CC[C@]2(CC1)Cc1ccc(-c3cc(Cl)cnc3C)cc1C21N=C(C)C(N)=N1,19.0,nM,7.72
CHEMBL3653724,CCC1=NC2(N=C1N)c1cc(-c3cncc(C#N)c3)ccc1C[C@]21CC[C@@H](OC)CC1,21.0,nM,7.68
CHEMBL3985516,CO[C@H]1CC[C@]2(CC1)Cc1ccc(C#N)cc1C21N=C(C)C(N)=N1,188.0,nM,6.73
CHEMBL518294,C#Cc1cc(C(=O)N[C@@H](Cc2ccccc2)[C@H](O)CNC2CC2)cc(C(=O)N[C@H](C)c2ccccc2)c1,889.0,nM,6.05
CHEMBL3653669,CC#Cc1cncc(-c2ccc3c(c2)[C@]2(N=C(C)C(N)=N2)C2(CCC(OC)CC2)C3)c1,7720.0,nM,5.11
CHEMBL1915979,COc1cccc(CNC[C@@H](O)[C@H](Cc2cc(F)cc(F)c2)NC(=O)[C@H](C)N2CC[C@@](CC3CC3)(NC(C)=O)C2=O)c1,27.0,nM,7.57
CHEMBL2381680,Cn1c(N)nc([C@H]2C[C@H]2c2cccc(CCc3ccccc3)c2)cc1=O,22200.0,nM,4.65
CHEMBL522878,O=C1N=C(NC2CCCCC2)C2(CCN(Cc3cccc(-c4ccccc4)c3)CC2)N1c1cccc(F)c1,4600.0,nM,5.34
CHEMBL1094659,CC(C)C[C@H](NC(=O)[C@@H](NC(=O)[C@@H](N)CNC(=O)c1[nH]c(=O)[nH]c(=O)c1F)C(C)C)C(=O)N[C@@H](Cc1ccccc1)[C@@H](O)C(=O)Nc1cccc(-c2noc(=O)[nH]2)c1,7.9,nM,8.1
CHEMBL559870,Oc1cc(O)c2oc3cc(O)c4oc5cc(O)cc(O)c5oc4c3oc2c1,5350.0,nM,5.27
CHEMBL2380439,CCC1(c2cccc(-c3cncnc3)c2)N=C(N)c2ccccc2O1,100000.0,nM,4.0
CHEMBL2380450,COc1ccc(C2(c3cccc(-c4cncnc4)c3)N=C(N)c3nc(C)sc32)cc1,32.0,nM,7.5
CHEMBL1257184,CC(=O)N[C@@H](Cc1cc(F)cc(F)c1)[C@H](O)CNC1(c2cn(C[Si](C)(C)C)nn2)CCCCC1,154.0,nM,6.81
CHEMBL3920632,C[C@H]1C[C@H]2CSC(N)=NC2(c2nc(NC(=O)c3ccc(C#N)cn3)cs2)CO1,22.0,nM,7.66
CHEMBL3984503,NC1=N[C@](CF)(c2cc(Oc3ncccc3Cl)ccc2F)C[C@@H](C(F)(F)F)O1,1500.0,nM,5.82
CHEMBL3927936,N#Cc1ccc(C(=O)Nc2cnc(F)c([C@]3(CF)C[C@@H](C(F)(F)F)OC(N)=N3)c2)nc1,639.0,nM,6.19
CHEMBL3972761,N#Cc1ccc(C(=O)Nc2cccc([C@]3(CF)C[C@@H](C(F)(F)F)OC(N)=N3)c2)nc1,67.0,nM,7.17
CHEMBL3703259,NC1=NC2(CO1)c1cc(-c3cncc(OCC(F)(F)F)c3)ccc1OCC21CC1,1480.0,nM,5.83
CHEMBL3703261,NC1=NC2(CO1)c1cc(-c3cncc(OC(F)F)c3)ccc1OCC21CC1,1480.0,nM,5.83
CHEMBL3703265,NC1=NC2(CO1)c1cc(-c3cncc(OCC(F)(F)C(F)F)c3)ccc1OCC21CC1,6120.0,nM,5.21
CHEMBL3977074,[C-]#[N+]c1ccc2c(c1)[C@@]1(N=C(C)C(N)=N1)[C@@]1(C2)C[C@@H](C)[C@H](OC)[C@@H](C)C1,3.5,nM,8.46
CHEMBL3966981,COc1cnc(C(=O)Nc2cc(Cl)c(F)c([C@]3(C)C[C@@H](C(F)(F)F)OC(N)=N3)c2)cn1,3.0,nM,8.52
CHEMBL3905535,COc1ccc(C(=O)Nc2cccc([C@]3(CF)C[C@@H](C(F)(F)F)OC(N)=N3)c2)nc1,55.0,nM,7.26
CHEMBL4637181,C[C@@]1(c2cc(NC(=O)c3cnc(OCF)cn3)ccc2F)CCC(F)(F)C(N)=N1,11.5,nM,7.94
CHEMBL3124962,C[C@H]1OCC[C@H]2Oc3ccc(-c4cccnc4F)cc3[C@@]3(CSC(N)=N3)[C@H]12,170.0,nM,6.77
CHEMBL1270630,Cc1cc([C@]2(c3cccc(C#CC4CC4)c3)N=C(N)N(C)C2=O)ccc1OC(F)F,22.0,nM,7.66
CHEMBL3634129,C[C@]1(c2cc(NC(=O)c3cnc(Cl)cn3)ccc2F)N=C(N)CO[C@@H]1C(F)(F)F,14.0,nM,7.85
CHEMBL3680874,C[C@]1(c2cc(NC(=O)c3ccc(C4CC4)cn3)ccc2F)N=C(N)OC[C@@H]1F,14.0,nM,7.85
CHEMBL3680859,C[C@]1(c2cc(NC(=O)c3ncc(C#N)cc3Cl)ccc2F)N=C(N)OC[C@@H]1F,2.0,nM,8.7
CHEMBL4214785,C[C@H]1C[C@H]2CSC(N)=N[C@@]2(c2nccs2)CO1,2050.0,nM,5.69
CHEMBL3920799,NC1=N[C@@]2(c3cc(F)ccc3F)CO[C@@H](C3CC3)C[C@H]2CS1,1420.0,nM,5.85
CHEMBL3941299,NC1=N[C@@]2(c3ccccc3)CO[C@@H](C3CC3)C[C@H]2CS1,1280.0,nM,5.89
CHEMBL3980733,N#Cc1ccc(C(=O)Nc2ccc(F)c([C@@]34N=C(N)SC[C@@H]3CCO4)c2)nc1,37.0,nM,7.43
CHEMBL3798544,COc1nc(N2C[C@H]3C(=O)N(C)C(=N)N[C@@]3(c3ccc(C#N)s3)C2)nc(C)c1F,40.0,nM,7.4
CHEMBL473854,C[C@@H](NC(=O)c1cc(C(=O)N[C@@H](Cc2ccccc2)[C@H](O)CNC2CC2)cc2c1CCCO2)c1ccccc1,63.0,nM,7.2
CHEMBL499468,C[C@@H](NC(=O)c1cc(C(=O)N[C@@H](Cc2ccccc2)[C@H](O)CNC2CC2)cc(N2CCCCS2(=O)=O)c1)c1ccccc1,158.0,nM,6.8
CHEMBL3394222,NC1=N[C@@]2(CO1)c1cc(-c3cccnc3F)ccc1Oc1c2cc(C2CCCOC2)nc1F,1.0,nM,9.0
CHEMBL3394220,NC1=N[C@@]2(CO1)c1cc(-c3ncccc3F)ccc1Oc1c2cc(C2=CCCOC2)nc1F,4.0,nM,8.4
CHEMBL252962,CCCN(CCC)S(=O)(=O)CCCC(=O)N[C@@H](Cc1ccccc1)[C@H](O)CNCc1cccc(OC)c1,7950.0,nM,5.1
CHEMBL3650806,CC1(C)Oc2ccc(-c3cccc4cc[nH]c34)cc2C2(COC(N)=N2)C12COC2,3230.0,nM,5.49
CHEMBL3650819,NC1=NC2(CO1)c1cc(Br)ccc1OCC21CC(F)(F)C1,50600.0,nM,4.3
CHEMBL3650831,NC1=NC2(CO1)c1cc(-c3cncnc3)ccc1OC(Cc1ccccc1)C21COC1,128.0,nM,6.89
CHEMBL3650815,CC1(C)Oc2ccc(-c3ccccc3OC(F)(F)F)cc2C2(COC(N)=N2)C12COC2,2720.0,nM,5.57
CHEMBL2047229,COc1ccc(CNc2ccnc(NC3CCN(Cc4ccccc4)CC3)n2)cc1,600.0,nM,6.22
CHEMBL3672731,CO[C@H]1CC[C@@]2(CCc3ccc(-c4cc(Cl)cc(C#N)c4)cc3C23N=C(C)C(N)=N3)CC1,392.0,nM,6.41
CHEMBL4127062,CCOc1cccc(-c2nc(SC(C(N)=O)c3nc(-c4ccccc4)c[nH]3)[nH]c(=O)c2C#N)c1,4600.0,nM,5.34
CHEMBL4288556,NC1=N[C@@]2(CO1)c1cc(-c3cncc(F)c3)ccc1Oc1cnc(Cl)cc12,320.0,nM,6.5
CHEMBL4289749,Cc1cc2c(cn1)Oc1ccc(NC(=O)c3ccc(Cl)cn3)cc1[C@@]21COC(N)=N1,31.0,nM,7.51
CHEMBL4277255,NC1=N[C@@]2(CO1)c1cc(-c3cccc(F)n3)ccc1Oc1cnc(Cl)cc12,830.0,nM,6.08
CHEMBL4290822,NC1=N[C@@]2(CO1)c1cc(-c3cncc(C#CCO)c3)ccc1Oc1cnc(C3=CCOCC3)cc12,2.4,nM,8.62
CHEMBL253865,O=C(N[C@@H](Cc1ccccc1)[C@H](O)C(=O)Nc1cccc(-c2nn[nH]n2)c1)c1cc(=O)cc(C(=O)N2COC[C@@H]2c2ccccc2)[nH]1,360.0,nM,6.44
CHEMBL4227851,C[C@]1(c2cc(NC(=O)c3cnc(OCF)cn3)ccc2F)N=C(N)O[C@H](C2(F)CC2)[C@@H]1F,3.0,nM,8.52
CHEMBL464887,CC(C)[C@H](NC(=O)C[C@H](O)[C@H](COCc1ccccc1)NC(=O)c1cc(C(=O)N[C@H](C)c2ccccc2)cc(N(C)S(C)(=O)=O)c1)C(=O)Nc1cc(C(=O)O)cc(C(=O)O)c1,12.0,nM,7.92
CHEMBL500876,CC(C)[C@H](NC(=O)C[C@H](O)[C@H](COc1cc(F)cc(F)c1)NC(=O)c1cc(C(=O)N[C@H](C)c2ccccc2)cc(N(C)S(C)(=O)=O)c1)C(=O)Nc1cc(C(=O)O)cc(C(=O)O)c1,37.0,nM,7.43
CHEMBL4779999,Brc1ccc(-c2nnc(N3CCN(c4ccccn4)CC3)o2)cc1,126.0,nM,6.9
CHEMBL5556374,COc1cc2ncnc(N3CCN(c4ccc(F)cc4)CC3)c2cc1OC,1470.0,nM,5.83
CHEMBL4078371,CC#Cc1cncc(-c2ccc3c(c2)[C@]2(CO3)N=C(N)C[C@@H]2C(F)(F)F)c1,114.8,nM,6.94
CHEMBL5557329,COc1cc2ncnc(N3CCN(c4ccccc4)CC3)c2cc1OC,1314.0,nM,5.88
CHEMBL272766,Cc1nnc(CN/C(N)=N\C(=O)Cn2c(-c3ccccc3)ccc2C23CC4CC(CC(C4)C2)C3)o1,665.0,nM,6.18
CHEMBL4451133,CO[C@H]1CSC(N)=N[C@]1(C)c1cc(NC(=O)c2cnc(OCF)cn2)ccc1F,8.3,nM,8.08
CHEMBL4473080,C[C@]1(c2cc(NC(=O)c3cnc(OCF)cn3)ccc2F)N=C(N)SC[C@@H]1c1ccccc1,1.7,nM,8.77
CHEMBL455679,C=C(C)[C@H](CC=C(C)C)Cc1c(O)cc(O)c2c1O[C@H](c1ccccc1O)CC2=O,2600.0,nM,5.58
CHEMBL2322537,CC(C)C(C(=O)NCc1ccc(CN)cc1)c1ccc(-c2ccccc2)cc1,33500.0,nM,4.47
CHEMBL255400,CCCCCN1C[C@@H](C(=O)N[C@@H](Cc2cc(F)cc(F)c2)[C@H](O)[C@H]2C[C@@H](OCc3ccccc3)CN2)[C@H](Cc2ccccc2)C1=O,293.0,nM,6.53
CHEMBL248922,CCN(Cc1ccccc1)Cc1ccc(-c2cc3cc(OCCNC(=O)CCc4ccc(F)c(F)c4)ccc3oc2=O)cc1,116.0,nM,6.94
CHEMBL403241,O=C(N[C@@H](Cc1cc(F)cc(F)c1)[C@H](O)[C@H]1C[C@@H](OCc2ccccc2)CN1)[C@H]1CC(=O)N(Cc2ccc(F)cc2)C1,2800.0,nM,5.55
CHEMBL271249,O=C(N[C@@H](Cc1cc(F)cc(F)c1)[C@H](O)[C@H]1C[C@@H](OCc2ccccc2)CN1)[C@H]1CC(=O)N(Cc2ccccc2)C1,290.0,nM,6.54
CHEMBL258350,CC(C)N1C[C@@H](C(=O)N[C@@H](Cc2cc(F)cc(F)c2)[C@H](O)[C@H]2C[C@@H](OCc3ccccc3)CN2)CC1=O,3000.0,nM,5.52
CHEMBL402330,NC(N)=NC(=O)Cn1c(-c2ccccc2)ccc1C12CC3CC(CC(C3)C1)C2,600.0,nM,6.22
CHEMBL254273,CCNc1cc(C(=O)N[C@@H](C(C)C)[C@H](O)CNCc2cccc(OC)c2)cc(N2CCCCS2(=O)=O)c1,5750.0,nM,5.24
CHEMBL399862,CCNc1cc(C(=O)N[C@@H](Cn2cccn2)[C@H](O)CNCc2cccc(OC)c2)cc(N2CCCCS2(=O)=O)c1,2690.0,nM,5.57
CHEMBL400654,CCOc1cc(C(=O)N[C@@H](Cc2ccccc2)[C@H](O)CNCc2cccc(C(F)(F)F)c2)cc(C2=C(C)CCC2=O)c1,250.0,nM,6.6
CHEMBL403427,CCNc1cc(C(=O)N[C@@H](Cc2ccccc2)[C@H](O)CNC2(c3cccc(OC)c3)CCCCC2)cc(N2CCCC2=O)c1,14.0,nM,7.85
CHEMBL404501,CCNc1cc(C(=O)N[C@@H](Cc2ccccc2)[C@H](O)CNCCc2ccccc2)cc(N2CCCC2=O)c1,600.0,nM,6.22
CHEMBL252860,CCNc1cc(C(=O)N[C@@H](Cc2ccccc2)[C@H](O)CNCc2ccccc2)cc(N2CCCC2=O)c1,760.0,nM,6.12
CHEMBL252263,CCNc1cc(C(=O)N[C@@H](Cc2ccccc2)[C@H](O)CNC(C)CCCC(C)C)cc(N2CCCC2=O)c1,33.0,nM,7.48
CHEMBL430400,CCNc1cc(C(=O)N[C@@H](Cc2ccccc2)[C@H](O)CNC2CCCCCC2)cc(N2CCCC2=O)c1,1120.0,nM,5.95
CHEMBL409950,CCCCS(=O)(=O)C[C@@H](NC(=O)OCc1ccncc1)C(=O)N[C@@H](Cc1cc(F)cc(F)c1)[C@H](O)CNCc1cccc(CC)c1,11.0,nM,7.96
CHEMBL231669,CCCCS(=O)(=O)C[C@@H](NC(=O)C1CC1)C(=O)N[C@@H](Cc1cc(F)cc(F)c1)[C@H](O)CNCc1cccc(CC)c1,10.0,nM,8.0
CHEMBL394270,CCCC(CCC)S(=O)(=O)C[C@@H](NC(=O)OCc1ccncc1)C(=O)N[C@@H](Cc1cc(F)cc(F)c1)[C@H](O)CNCc1cccc(CC)c1,3.0,nM,8.52
CHEMBL1257532,CC(=O)N[C@@H](Cc1cc(F)cc(F)c1)[C@H](O)CNC1(c2cncc(CC(C)(C)C)c2)CC1,780.0,nM,6.11
CHEMBL248876,C#C[C@H]1CCc2cccc(c2)C[C@@](C)(N)COCc2cc(cc(N(CCC)S(C)(=O)=O)c2)C(=O)N1,53.0,nM,7.28
CHEMBL400530,CCCN(c1cc2cc(c1)C(=O)N[C@@H](c1ccccc1)CCc1cccc(c1)C[C@@](C)(N)C(=O)OC2)S(C)(=O)=O,5.0,nM,8.3
CHEMBL566012,COc1ccc(C2(c3cccc(-c4cncnc4)c3)N=C(N)N(C)C2=O)cc1C,30.0,nM,7.52
CHEMBL571320,COc1ccc([C@]2(C34CC5CC(CC(C5)C3)C4)N=C(N)N(C)C2=O)cc1C,170.0,nM,6.77
CHEMBL1270026,CCCc1cccc([C@@]2(c3ccc(OC(F)F)cc3)N=C(N)N(C)C2=O)c1,90.0,nM,7.05
CHEMBL1270339,CN1C(=O)[C@@](c2ccc(OC(F)F)cc2)(c2ccc(F)c(OCC(F)F)c2)N=C1N,70.0,nM,7.16
CHEMBL401171,C=CCOc1ccc(-c2ccc(-c3ccccc3)n2CC(=O)NC(=N)N)cc1,1700.0,nM,5.77
CHEMBL399083,N=C(N)NC(=O)Cn1c(-c2ccc(Oc3ccccc3)cc2)ccc1-c1ccc(C(F)(F)F)cc1,600.0,nM,6.22
CHEMBL1270362,CC(=O)N[C@@H](Cc1cc(F)cc(F)c1)[C@H](O)CNC1(c2cccc(C(C)(C)C(F)F)c2)CC1,230.0,nM,6.64
CHEMBL254091,COc1cccc(-c2ccc(-c3ccc(Oc4ccccc4)cc3)n2CC(=O)NC(=N)N)c1,1500.0,nM,5.82
CHEMBL583303,COc1ccc(COC[C@@H](C[C@H](O)[C@H](COc2cc(F)cc(F)c2)NC(=O)c2cc(N(C)C[C@H]3C[C@@H]3C)nc(N(C)S(C)(=O)=O)c2)OC)cc1,1800.0,nM,5.75
CHEMBL242323,CC(C)CC(NC(=O)[C@H](CC(=O)O)NC(=O)[C@H](CC(C)C)NC(=O)[C@@H](N)CCC(=O)O)P(=O)(O)CC(C)C(=O)N[C@H](C(=O)N[C@@H](CCC(=O)O)C(=O)N[C@@H](Cc1ccccc1)C(=O)O)C(C)C,675.0,nM,6.17
CHEMBL390456,CC(C)C[C@H](NC(=O)[C@@H](N)CCC(=O)O)C(=O)N[C@@H](CC(=O)O)C(=O)N[C@@H](CC(C)C)[C@@H](O)C[C@@H](C)C(=O)N[C@H](C(=O)N[C@@H](CCC(=O)O)C(=O)N[C@@H](Cc1ccccc1)C(=O)O)C(C)C,6.0,nM,8.22
CHEMBL242315,CC(C)C[C@H](NC(=O)[C@@H](N)CCC(=O)O)C(=O)N[C@@H](CC(=O)O)C(=O)N[C@@H](CC(C)C)P(=O)(O)CC(C)C(=O)N[C@H](C(=O)N[C@@H](CCC(=O)O)C(=O)N[C@@H](Cc1ccccc1)C(=O)O)C(C)C,12.0,nM,7.92
CHEMBL394850,CCCN(CC1CC1)c1cc(C(=O)N[C@H](CO)Cc2cc(F)cc(F)c2)cc(N(C)S(=O)(=O)C(C)C)n1,350.0,nM,6.46
CHEMBL4439134,C[C@]1(c2cc(NC(=O)c3ccc(C#N)cn3)ccc2F)N=C(N)OCC12CC(F)(F)C2,0.615,nM,9.21
CHEMBL4460912,NC1=N[C@](CF)(c2cc(NC(=O)c3cnc(Cl)cn3)ccc2F)[C@@H]2C[C@]2(C(F)F)S1,3.7,nM,8.43
CHEMBL4526395,COc1cnc(C(=O)Nc2ccnc([C@]34CN(c5ncc(F)cn5)C[C@H]3CSC(N)=N4)c2)cn1,0.9,nM,9.05
CHEMBL3805852,COc1cnc(C(=O)Nc2cc(F)c(F)c([C@]3(C)C[C@@H](c4c(C)noc4C)SC(N)=N3)c2)cn1,0.7,nM,9.15
CHEMBL3953708,C[C@@H]1C[C@H]1[C@H]1C[C@H]2CSC(N)=N[C@@]2(c2ccc(F)cc2F)CO1,116.0,nM,6.94
CHEMBL4471085,C[C@@]1(c2nc(NC(=O)c3ccc(C#N)cn3)ccc2F)CS2(=O)=NCCCCN2C(N)=N1,49.0,nM,7.31
CHEMBL4561849,Cc1cc(C#N)cnc1C(=O)Nc1ccc(F)c([C@@]2(C)N=C(N)C(C)(C)[S@@]3(=O)=NCC[C@@H]23)c1,0.09,nM,10.05
CHEMBL4565391,C[C@@]1(S(C)(=O)=O)CC[C@@](CF)(c2cc(NC(=O)c3ccc(OCF)cn3)ccc2F)N=C1N,1.6,nM,8.8
CHEMBL3897492,NC1=N[C@@]2(c3cc(NC(=O)c4ccccn4)ccc3F)OCC[C@H]2CS1,860.0,nM,6.07
CHEMBL3806093,Cc1noc(C)c1[C@]1(C)C[C@@H](c2cc(-c3cncnc3)c(F)cc2F)N=C(N)S1,3700.0,nM,5.43
CHEMBL3086246,CC(C)(C)OC(=O)N(Cc1ccccc1)C[C@@H](O)c1cccc(NC(=O)[C@H](NC(=O)OCc2ccccc2)c2ccccc2)c1,4700.0,nM,5.33
CHEMBL3086242,CC(C)(C)OC(=O)N1CCN(c2ccc(-c3ccccc3)c(C=O)c2NC(=O)[C@@H](NC(=O)OCC2c3ccccc3-c3ccccc32)c2ccccc2)CC1,14800.0,nM,4.83
CHEMBL3086238,CC(C)(C)OC(=O)N1CCN(c2ccc(-c3ccccc3)c3c2NC(=O)[C@H](c2ccccc2)N=C3)CC1,12800.0,nM,4.89
CHEMBL3979124,C[C@H]1C[C@H]2CSC(N)=N[C@@]2(c2nc(NC(=O)c3ccc(F)cn3)cs2)CO1,23.7,nM,7.62
CHEMBL2380818,CC1(C)Cc2cc(Cl)ccc2C(NC(Cc2cscc2C2CC2)C(=O)O)=N1,2430.0,nM,5.61
CHEMBL2380816,CCCc1cscc1CC(NC1=NC(C)(C)Cc2cc(Cl)ccc21)C(=O)O,610.0,nM,6.21
CHEMBL2380812,CC1(C)Cc2cc(Cl)ccc2C(NC(Cc2cscc2-c2cc[nH]n2)C(=O)O)=N1,1260.0,nM,5.9
CHEMBL3898875,[C-]#[N+]c1ccc(C(=O)Nc2cc([C@]3(C)C[C@@H](C(F)(F)F)OC(N)=N3)c(=O)n(C)c2)nc1,21.0,nM,7.68
CHEMBL3940322,NC1=N[C@](CF)(c2cc(Nc3ncc(F)c4cc(Cl)cnc34)ccc2F)C[C@@H](C(F)(F)F)O1,552.0,nM,6.26
CHEMBL3961919,CC(C)(C)OC(=O)N(C(=O)c1ccccc1)C1=N[C@](C)(c2nc(Br)ccc2F)C[C@@H](C(F)(F)F)O1,123.0,nM,6.91
CHEMBL3923927,Cc1cc(C(F)F)cnc1C(=O)Nc1cc(C)c(F)c([C@]2(CF)C[C@@H](C(F)(F)F)OC(N)=N2)c1,35.0,nM,7.46
CHEMBL3972899,COc1cnc(C(=O)Nc2cc(F)c(F)c([C@]3(C)C[C@@H](C(F)(F)F)OC(N)=N3)c2)c(C)c1,35.0,nM,7.46
CHEMBL3763264,O=C(/C=C(O)/C=C/c1ccc(OCc2cccc(F)c2)cc1)/C=C/c1ccc(OCc2cccc(F)c2)cc1,1080.0,nM,5.97
CHEMBL251970,CC(=O)c1ccccc1-c1cc(C(=O)N[C@@H](Cc2ccccc2)[C@H](O)CN[C@H](C)c2ccccc2)cc(C(=O)N[C@H](C)c2ccccc2)c1,348.0,nM,6.46
CHEMBL254634,CC(=O)c1ccccc1-c1cc(C(=O)N[C@@H](Cc2ccccc2)[C@H](O)CNCc2ccccc2)cc(C(=O)N[C@H](C)c2ccccc2)c1,115.0,nM,6.94
CHEMBL399748,CC(=O)c1ccccc1-c1cc(C(=O)N[C@@H](Cc2ccccc2)[C@H](O)CNC2CC2)cc(C(=O)N[C@H](C)c2ccccc2)c1,317.0,nM,6.5
CHEMBL252351,CC(=O)c1ccccc1-c1cc(C(=O)N[C@H](CO)Cc2ccccc2)cc(C(=O)N[C@H](C)c2ccccc2)c1,9900.0,nM,5.0
CHEMBL454420,CCNc1cc(C(=O)N[C@@H](Cc2ccccc2)[C@H](O)CNC2CCCCC2)cc(N2CCCCS2(=O)=O)c1.O=CO,75.11,nM,7.12
CHEMBL500275,CCc1cn2c3c(cc(C(=O)N[C@@H](Cc4ccccc4)[C@H](O)CNC(C)(C)CCCC(C)C)cc13)N(C)S(=O)(=O)CC2.O=CO,21.31,nM,7.67
CHEMBL4217620,CC#Cc1cncc(-c2ccc3c(c2)[C@@]2(N=C(C)C(N)=N2)[C@]2(CC[C@@H](OC)CC2)C3)c1,0.6,nM,9.22
CHEMBL3261067,Cc1cc(C#N)cnc1C(=O)Nc1ccc(F)c([C@]2(C)CO[C@@](C)(C(F)(F)F)C(N)=N2)c1,5.0,nM,8.3
CHEMBL2151139,CN1C(=N)N[C@](C)(c2ccc(-c3cccc(C#N)c3)s2)CC1=O,120.0,nM,6.92
CHEMBL4092875,CO[C@H]1CC[C@]2(CC1)Cc1ccc(-c3cc(Cl)cc(C#N)c3)cc1[C@]21COC(N)=N1,212.0,nM,6.67
CHEMBL4084381,COc1cc(C#N)cc(-c2ccc3c(c2)[C@@]2(COC(N)=N2)[C@]2(CC[C@H](OC)CC2)C3)c1,2.7,nM,8.57
CHEMBL4204163,C[C@H]1C[C@H]2CSC(N)=N[C@@]2(c2nc(NC(=O)c3cnc(OC(F)F)cn3)cs2)CO1,72.5,nM,7.14
CHEMBL1824335,CCn1cc([C@@]2(c3cccc(-c4cccnc4F)c3)N=C(N)N(C)C2=O)cn1,1960.0,nM,5.71
CHEMBL3427248,Cc1noc(C)c1[C@@H]1C[C@@H](c2cc(-c3cccc(C#N)c3)cs2)N=C(N)S1,300.0,nM,6.52
CHEMBL3422239,NC1=N[C@@]2(c3ccc(F)cc3F)CO[C@@H](c3cn[nH]c3)C[C@H]2CS1,599.0,nM,6.22
CHEMBL2181018,CC(C)C[C@H](NC(=O)C[C@H](O)[C@H](Cc1ccccc1)NC(=O)[C@H](CCC(N)=O)N(C)C(=O)[C@@H](NC(=O)[C@H](C)O)C(C)C)C(=O)N[C@@H](C)C(=O)N(C)[C@H](Cc1ccccc1)C(=O)O,78.0,nM,7.11
CHEMBL4159379,O=C(NCCNc1ccnc2cc(Cl)ccc12)c1cnccn1,1700.0,nM,5.77
CHEMBL2019040,COc1cc2oc(C(=O)NCCCCCCCCCCNc3c4c(nc5ccccc35)CCCC4)cc(=O)c2cc1OC.Cl,3000.0,nM,5.52
CHEMBL3260841,COC1CCC2(CC1)Cc1ccc(-c3cccc(C#N)c3)cc1C21N=C(N)N(C)C1=O,4.0,nM,8.4
CHEMBL3260842,COc1cccc(-c2cccc([C@@]3(c4ccncc4)N=C(N)N4CC(F)(F)CN=C43)c2)c1F,30.9,nM,7.51
CHEMBL3349234,CC#Cc1cncc(-c2ccc3c(c2)[C@@]2(N=C(C)C(N)=N2)C2(CCC(OC)CC2)C3)c1,0.2,nM,9.7
CHEMBL2396987,C[C@@]1(c2ccccc2)CCSC(N)=N1,22000.0,nM,4.66
CHEMBL3261046,C[C@@]1(c2cc(NC(=O)c3cnc(-n4cccn4)cn3)ccc2F)CCSC(N)=N1,20.0,nM,7.7
CHEMBL3261050,COc1cnc(C(=O)Nc2cccc([C@]3(C4CCCCC4)CSC(N)=N3)c2)cn1,514.0,nM,6.29
CHEMBL553424,C=CCO/N=C(/C)c1cc(C(=O)N[C@@H](Cc2cc(F)cc(F)c2)[C@H](O)CNCc2cccc(OC)c2)cc(C(=O)N[C@H](C)c2ccccc2)c1,86.0,nM,7.07
CHEMBL557267,CCCN(CCC)C(=O)c1cc(Sc2ccccc2)cc(C(=O)N[C@@H](Cc2cc(F)cc(F)c2)[C@H](O)CNCc2cccc(OC)c2)c1,13.0,nM,7.89
CHEMBL557343,C=CCO/N=C(/C)c1cc(C(=O)N[C@@H](Cc2cc(F)cc(F)c2)[C@H](O)CNCc2cccc(OC)c2)cc(N(c2ccccc2)S(C)(=O)=O)c1,162.0,nM,6.79
CHEMBL1089137,N#CCCCOc1ccc(-c2ccc(-c3ccccc3Cl)n2Cc2cccc(N)n2)cc1,420.0,nM,6.38
CHEMBL3261044,NC1=N[C@](c2ccc(OC(F)F)cc2)(c2cccc(OCCF)c2)C2=NCC(F)(F)CN12,32.0,nM,7.5
CHEMBL2047913,CO[C@@H](Cc1cc(C[C@@H]2CS(=O)(=O)C[C@H](NCc3cccc(C(C)(C)C)c3)[C@H]2O)cc(F)c1N)C(F)(F)F,78.0,nM,7.11
CHEMBL4644249,C[C@@H]1C[C@H]1CNC(=O)[C@@H]1C[C@H]1[C@]12COC[C@H]1CSC(N)=N2,991.0,nM,6.0
CHEMBL5092328,CCS(=O)(=O)[C@]1(C)CC[C@@](CF)(c2cc(NC(=O)c3cc4c(cn3)OC(F)(F)O4)ccc2F)N=C1N,2.7,nM,8.57
CHEMBL5074719,C[C@@]1(S(C)(=O)=O)CC[C@@](CF)(c2cc(NC(=O)c3ccc(F)cn3)ccc2F)N=C1N,3.0,nM,8.52
CHEMBL5083750,[2H]C1([2H])Oc2cnc(C(=O)Nc3ccc(F)c([C@]4(CF)CC[C@@](C)(S(C)(=O)=O)C(N)=N4)c3)cc2OC1([2H])[2H],4.0,nM,8.4
CHEMBL5090362,C[C@@]1(S(C)(=O)=O)CC[C@@](CF)(c2cc(NC(=O)c3cc4c(cn3)OC(F)(F)O4)ccc2F)N=C1N,6.5,nM,8.19
CHEMBL5089679,CC(C)S(=O)(=O)[C@]1(C)CC[C@@](CF)(c2cc(NC(=O)c3cc4c(cn3)OC(F)(F)O4)ccc2F)N=C1N,6.8,nM,8.17
CHEMBL4637426,C[C@@H]1C[C@H]1COC(C)(C)[C@@H]1C[C@H]1[C@]12CN(c3ncccn3)C[C@H]1CSC(N)=N2,10.1,nM,8.0
CHEMBL5517638,COc1cc2ncnc(N3CCN(Cc4ccc(C)cc4)CC3)c2cc1OC,1432.0,nM,5.84
CHEMBL5505910,COc1cc2ncnc(N3CCN(C(C)=O)CC3)c2cc1OC,3660.0,nM,5.44
CHEMBL2158257,CC(=O)N[C@@H](Cc1ccccc1)[C@H](O)CN[C@H]1CC(C)(C)Cc2nn(CC(C)C)cc21,19.0,nM,7.72
CHEMBL4069747,CCCN(CCC)C(=O)c1cccc(C(=O)N[C@@H](Cc2ccccc2)[C@H](O)CNC2CC2)c1.Cl,6300.0,nM,5.2
CHEMBL3645166,CC1(c2cc(Cl)cc(NC(=O)c3ccc(Cl)cn3)c2)CCSC(N)=N1,49.0,nM,7.31
CHEMBL3964909,CO[C@H]1CC[C@]2(CC1)Cc1ccc(NC(=O)c3ccc(F)cn3)cc1C21N=C(C)C(N)=N1,121.0,nM,6.92
CHEMBL3907727,COc1cc(C#N)cc(-c2ccc3c(c2)C2(N=C(C)C(N)=N2)[C@]2(CC[C@H](OC)CC2)C3)c1,2.2,nM,8.66
CHEMBL3897786,CO[C@H]1CC[C@]2(CC1)Cc1ccc(-c3cccc(F)c3F)cc1[C@@]21N=C(C)C(N)=N1,19.8,nM,7.7
CHEMBL254272,CCNc1cc(C(=O)N[C@@H](Cc2ccco2)[C@H](O)CNCc2cccc(OC)c2)cc(N2CCCCS2(=O)=O)c1,129.0,nM,6.89
CHEMBL409752,CCOc1cc(C(=O)N[C@@H](Cc2ccccc2)[C@H](O)CNCc2cccc(OC(F)(F)F)c2)cc(N2CCCCS2(=O)=O)c1,216.0,nM,6.67
CHEMBL1257533,CC(=O)N[C@@H](Cc1cc(F)cc(F)c1)[C@H](O)CNC1(c2cc(CC(C)(C)C)c[n+]([O-])c2)CC1,720.0,nM,6.14
CHEMBL5276750,CC#Cc1cncc(-c2ccc3c(c2)[C@@]2(CO3)N=C(N)C[C@H]2C(F)(F)F)c1,114.8,nM,6.94
CHEMBL3923394,[C-]#[N+]c1cnc(C(=O)Nc2cc([C@]3(C)C[C@@H](C(F)(F)F)OC(N)=N3)c(=O)n(C)c2)c(C)c1,10.1,nM,8.0
CHEMBL3970713,NC1=N[C@](CF)(c2cc(Nc3nccc4cc(C#CC5CC5)cnc34)ccc2F)C[C@@H](C(F)(F)F)O1,1020.0,nM,5.99
CHEMBL3940040,C#CCOc1ccc(C(=O)Nc2cc(F)c(F)c([C@]3(C)C[C@@H](C(F)(F)F)OC(N)=N3)c2)nc1,12.0,nM,7.92
CHEMBL3656182,COC1CCC2(CC1)Oc1ccc(-c3cccc(C#N)c3)cc1C21N=C(N)N(C)O1,1778.6,nM,5.75
CHEMBL3975328,COC1CCC2(CC1)Cc1ccc(OCC(F)(F)F)cc1C21N=C(N)N(C(C)C)O1,56.7,nM,7.25
CHEMBL3927880,CN1OC2(N=C1N)c1cc(-c3cccnn3)ccc1CC21CCc2ccccc2CC1,56.2,nM,7.25
CHEMBL3952092,CN1OC2(N=C1N)c1cc(-c3ccnnc3)ccc1CC21CCc2ccccc2CC1,42.5,nM,7.37
CHEMBL3951272,CCN1C(=O)C2(N=C1N)c1cc(Br)ccc1CC21CCC(OC)CC1,14.4,nM,7.84
CHEMBL3656178,CN1O[C@]2(N=C1N)c1cc(-c3cccc(C#N)c3)ccc1C[C@]21CCc2ccccc2C1,1856.1,nM,5.73
CHEMBL3897179,CN1OC2(C=C1N)c1cc(-c3cccc(C#N)c3)ccc1CCC21CCc2ccccc2CC1,5053.9,nM,5.3
CHEMBL3650775,CC1(C)Oc2ccc(-c3cccc(OCC(F)(F)F)c3)cc2C2(COC(N)=N2)C12COC2,1260.0,nM,5.9
CHEMBL253237,CC(=O)c1ccc(Oc2ccc(-c3ccc(-c4ccccc4Cl)n3CC(=O)NC(=N)N)cc2)cc1,700.0,nM,6.16
CHEMBL398316,N#Cc1cccc(-c2ccc(-c3ccc(Oc4ccccc4)cc3)n2CC(=O)NC(=N)N)c1,600.0,nM,6.22
CHEMBL5290864,Cn1c(N)nc(Cc2ccc3cc[nH]c3c2)cc1=O,77000.0,nM,4.11
CHEMBL3691365,Cc1ccc([C@]23COCC[C@H]2CSC(N)=N3)c(F)c1,3730.0,nM,5.43
CHEMBL3691380,C[C@H]1SC(N)=N[C@@]2(c3cc(Br)ccc3F)COCC[C@@H]12,27800.0,nM,4.56
CHEMBL3670908,C[C@]1(c2cc(NC3CCOCC3)ccc2F)N=C(N)COC[C@@H]1F,2400.0,nM,5.62
CHEMBL3672708,COC1CCC2(CC1)Cc1cc(F)c(Br)cc1C21N=C(C)C(N)=N1,516.0,nM,6.29
CHEMBL3670910,CC[C@]1(c2cc(NCc3nn(C(F)F)cc3Cl)ccc2F)N=C(N)COCC1(F)F,170.0,nM,6.77
CHEMBL3975998,O=C(/C=C/c1ccc(O)cc1)CC(=O)/C=C/c1ccc(O)cc1O,1700.0,nM,5.77
CHEMBL4089910,Cc1cc2c(c(C)c1CCO[C@@H]1O[C@H](CO)[C@@H](O)[C@H](O)[C@H]1O)C(=O)[C@H](C)C2,18000.0,nM,4.75
CHEMBL5278532,Cc1cc2c(c(C)c1CCO[C@@H]1O[C@H](CO)[C@@H](O)[C@H](O)[C@H]1O)C(=O)[C@H](C)[C@H]2O,9740.0,nM,5.01
CHEMBL5279409,O=C1Cc2cc(N3C(=O)c4ccccc4C3=O)ccc2CN1C(=O)c1ccccc1,5.87,nM,8.23
CHEMBL5269238,COc1cc(/C=C/c2nnc(-c3ccc(F)cc3)o2)ccc1O,0.479,nM,9.32
CHEMBL5265752,COc1ccc(/C=C/C(=O)c2cc(I)c(Cl)cc2O)cc1,13.82,nM,7.86
CHEMBL5288752,O=c1c(/C=N/Nc2ccc(C(F)(F)F)cc2)coc2cc3oc(-c4cccc(F)c4)cc3cc12,17300.0,nM,4.76
CHEMBL5288184,COc1ccc(-c2cc3cc4c(=O)c(/C=N/Nc5ccc(C(F)(F)F)cc5)coc4cc3o2)cc1,25300.0,nM,4.6
CHEMBL3642639,CC1(c2cccc(NC(=O)c3nc4ccccc4s3)c2)CCSC(N)=N1,175.0,nM,6.76
CHEMBL1233882,CC(C)n1nc(-c2ccc3ncccc3c2)c2c(N)ncnc21,220.0,nM,6.66
CHEMBL3659646,Cn1cc(C2(Cc3ccccc3)CCc3ccccc32)nc1N,12000.0,nM,4.92
CHEMBL3659639,COc1ccc(C(Cc2cccc(Br)c2)c2cn(C)c(N)n2)cc1,900.0,nM,6.05
CHEMBL403207,CCNc1cc(C(=O)N[C@@H](Cc2ccccc2)[C@H](O)CNC(C)(C)c2cccc(C(F)(F)F)c2)cc(N2CCCC2=O)c1,17.0,nM,7.77
CHEMBL5074678,C[C@@]1(S(C)(=O)=O)CC[C@@](CF)(c2cc(NC(=O)c3cc4c(cn3)OCCO4)ccc2F)N=C1N,2.3,nM,8.64
CHEMBL402120,C[C@H](NC[C@@H](O)[C@H](Cc1ccccc1)NC(=O)c1cccc(S(C)(=O)=O)c1)C(=O)NC1CCCCC1,5400.0,nM,5.27
CHEMBL238409,C[C@@H](NC(c1cc(-c2nnc([C@](C)(N)Cc3ccc(F)cc3)o2)cc(N(C)S(C)(=O)=O)c1)C(F)(F)F)c1ccc(F)cc1,15000.0,nM,4.82
CHEMBL394225,CC1CCc2cccc(c2)C[C@@](C)(N)C(=O)OCc2cc(cc(N(C)S(C)(=O)=O)c2)CC1,1700.0,nM,5.77
CHEMBL235645,CN(c1cc2cc(n1)N(Cc1ccccc1)CCCCc1cccc(c1)C[C@@](C)(N)C(=O)OC2)S(C)(=O)=O,13000.0,nM,4.89
CHEMBL5072129,C[C@H]1SC(N)=N[C@](C)(c2cc(NC(=O)c3cc4c(cn3)OCCC4)ccc2F)[C@H]1F,47.0,nM,7.33
CHEMBL434943,CC(C)C[C@H](NC(=O)[C@H](CC(N)=O)NC(=O)[C@@H](NC(=O)[C@@H](N)CCC(=O)O)C(C)C)[C@@H](O)[C@@H]1CCC[C@H]1C(=O)N[C@@H](C)C(=O)N[C@@H](CCC(=O)O)C(=O)N[C@@H](Cc1ccccc1)C(=O)O,16.0,nM,7.8
CHEMBL364664,CCCCNC(=O)[C@@H](NC(=O)[C@@H]1OCC[C@H]1[C@H](O)[C@H](CC(C)C)NC(=O)[C@H](CCSC)NC(=O)[C@H](CC(C)C)NC(C)=O)C(C)C,9560.0,nM,5.02
CHEMBL504438,CCNc1cc(C(=O)N[C@@H](Cc2ccccc2)[C@H](O)CNCc2cccc(C(F)(F)F)c2)cc(N2CCCCS2(=O)=O)c1.O=CO,3.0,nM,8.52
CHEMBL2031151,C=CC[C@H](NC(C)=O)[C@H](O)CN[C@H]1C[C@]2(C[C@H](O)C2)Oc2ncc(CC(C)(C)C)cc21,5.0,nM,8.3
CHEMBL4127807,NC1=N[C@@](c2cccc(NC(=O)c3ccc(Br)cn3)c2)(C(F)F)COC1,15.0,nM,7.82
CHEMBL4280586,CN(C)Cc1ccccc1-c1ccc(NCCN2CCCCC2)c(OCCCN2CCCCC2)c1,2000.0,nM,5.7
CHEMBL4287392,c1ccc(-c2cccc(OCCN3CCCCC3)c2)cc1,13700.0,nM,4.86
CHEMBL2012002,CN1C(=N)NC(c2cccc(-c3cccc(C#N)c3)c2)(C2CC2)C1=O,940.0,nM,6.03
CHEMBL4128947,COc1cccc(-c2nc(SC(C(N)=O)c3nc(-c4ccccc4)cs3)[nH]c(=O)c2C#N)c1,37400.0,nM,4.43
CHEMBL4126751,COc1cccc(-c2nc(SC(C(N)=O)c3nc(-c4ccc([N+](=O)[O-])cc4)cs3)[nH]c(=O)c2C#N)c1,26100.0,nM,4.58
CHEMBL4128807,N#Cc1c(-c2cccc(C(F)(F)F)c2)nc(SC(C(N)=O)c2nc(-c3ccccc3)cs2)[nH]c1=O,19100.0,nM,4.72
CHEMBL2047035,CC(C)c1cccc(CNC[C@@H](O)[C@@H]2COC/C=C/CCCNC(=O)c3cc(cc(N(C)S(C)(=O)=O)c3)C(=O)N2)c1,180.0,nM,6.75
CHEMBL2047032,CN(c1cc2cc(c1)C(=O)N[C@H]([C@H](O)CNCc1ccccc1)COC/C=C/CCNC2=O)S(C)(=O)=O,270.0,nM,6.57
CHEMBL2047666,CC(C)C[C@H](NC(=O)[C@@H](NC(=O)[C@@H](N)CNC(=O)c1[nH]c(=O)[nH]c(=O)c1F)C(C)C)C(=O)N[C@@H](Cc1ccccc1)C(=O)O,184.0,nM,6.74
CHEMBL2047140,CC(C)C[C@H](NC(=O)[C@@H](NC(=O)[C@@H](N)CNC(=O)c1[nH]c(=O)[nH]c(=O)c1F)C(C)C)C(=O)N[C@@H](Cc1ccccc1)C(=O)N[C@H](CO)C(=O)O,138.0,nM,6.86
CHEMBL4066837,CC[C@H](C)Nc1cc(C(=O)N[C@@H](Cc2ccccc2)[C@H](O)[C@H]2CCCN2)cc(S(C)(=O)=O)n1.Cl,5.0,nM,8.3
CHEMBL2011985,CN1C(=N)NC(C)(c2cccc(-c3cccc(Cl)c3)c2)C1=O,4800.0,nM,5.32
CHEMBL2011987,CC(C)C1(c2cccc(-c3cccc(Cl)c3)c2)NC(=N)N(C)C1=O,4600.0,nM,5.34
CHEMBL2347205,C[C@]1(c2cc(NC(=O)c3ccc(C#N)cn3)ccc2F)N=C(N)OC[C@H]1F,1170.0,nM,5.93
CHEMBL5201184,CC(C)(C)C(=O)N[C@H]1CC[C@@H]2Oc3ccc(-c4cncc(F)c4)cc3C3(CSC(N)=N3)[C@H]2C1,1.1,nM,8.96
CHEMBL2011981,COc1cccc(-c2cccc([C@@]3(c4ccccc4)NC(=N)N(C)C3=O)c2)c1,2300.0,nM,5.64
CHEMBL5093159,C[C@H]1SC(N)=N[C@](C)(c2cc(NC(=O)c3ccc(OCF)cn3)ccc2F)[C@H]1F,1.1,nM,8.96
CHEMBL1923705,C[C@H](NC(=O)c1cc(-c2ncc(-c3cccc(F)c3)[nH]2)cc(N(C)S(C)(=O)=O)c1)c1ccccc1,187.0,nM,6.73
CHEMBL2011964,Cc1cncc(-c2cccc(C3(C4CC4)NC(=N)N(C)C3=O)c2)c1,640.0,nM,6.19
CHEMBL4276834,CC#Cc1cncc(-c2ccc3c(c2)[C@@]2(COC(N)=N2)c2cc(C4=CCCOC4)ncc2O3)c1,0.46,nM,9.34
CHEMBL235763,NC1=NC(c2ccc(Cl)c(Cl)c2)CC(=O)N1,480000.0,nM,3.32
CHEMBL4171250,C[C@]1(c2cc(NC(=O)c3cnc(NC4CC4)cn3)ccc2F)N=C(N)CO[C@H]1C(F)(F)F,3020.0,nM,5.52
CHEMBL4167898,C[C@@]1(c2cc(NC(=O)c3cncnc3)ccc2F)COCC(N)=N1,1862.0,nM,5.73
CHEMBL1275914,O=S(=O)(c1ccc(Cl)cc1)N(CCc1ccccc1)C[C@H](O)CN1CCN(C(c2ccccc2)c2ccccc2)CC1,2300.0,nM,5.64
CHEMBL1278097,O=S(=O)(c1ccccc1)N(CCc1ccccc1)C[C@H](O)CN1CCN(C(c2ccccc2)c2ccccc2)CC1,5100.0,nM,5.29
CHEMBL2031147,CC(=O)N[C@@H](Cc1ccc(F)cc1)[C@H](O)CN[C@H]1C[C@]2(C[C@@H](O)C2)Oc2ncc(CC(C)(C)C)cc21,14.0,nM,7.85
CHEMBL2030998,CC(=O)N[C@@H](Cc1cc(F)cc(F)c1)[C@H](O)CN[C@H]1CC2(CCC2)Oc2ncc(CC(C)(C)C)cc21,7.0,nM,8.15
CHEMBL2031149,COCC(=O)N[C@@H](Cc1ccc(F)cc1)[C@H](O)CN[C@H]1C[C@]2(C[C@H](O)C2)Oc2ncc(CC(C)(C)C)cc21,2.0,nM,8.7
CHEMBL2314782,CC(C)(C)OC(=O)N1CCN(c2cccc3c2NC(=O)[C@H](c2ccccc2)N=C3c2ccccc2)CC1,35000.0,nM,4.46
CHEMBL2047045,Cc1cc2cc(c1)C(=O)N[C@@H](c1ccccc1)C/C=C/COC[C@@H]([C@H](O)CNCc1cccc(C(C)C)c1)NC2=O,78.0,nM,7.11
CHEMBL2048051,CCOC[C@@H](Oc1cc(C[C@@H]2CS(=O)(=O)C[C@H](NCc3cccc(C(C)(C)C)c3)[C@H]2O)cc(F)c1N)C(F)(F)F,126.0,nM,6.9
CHEMBL1483796,O=C1CSC2(CCN(CCCN3c4ccccc4Sc4ccc(Cl)cc43)CC2)N1,6600.0,nM,5.18
CHEMBL1165534,CC(=O)C1=C(C)N(CC(=O)OC(C)C)C=C(C(=O)N[C@@H](Cc2ccccc2)[C@H](O)CNc2cccc(F)c2)C1C,29300.0,nM,4.53
CHEMBL4059546,CCCN(CCC)C(=O)c1cccc(C(=O)N[C@@H](Cc2ccccc2)[C@H](O)[C@H]2CCCN2)c1.Cl,5700.0,nM,5.24
CHEMBL3902306,CO[C@H]1CC[C@]2(CC1)Cc1ccc(-c3ncc(C)s3)cc1C21N=C(N)N(CC(F)(F)F)C1=O,320.0,nM,6.5
CHEMBL3656225,COCCN1C(=O)C2(N=C1N)c1cc(OC(F)F)ccc1C[C@]21CC[C@@H](OC)CC1,128.0,nM,6.89
CHEMBL3640264,COc1nc(N2C[C@H]3C(=O)N(C)C(N)=N[C@@]3(c3ccccc3F)C2)nc(C)c1Cl,32.0,nM,7.5
CHEMBL3640271,Cc1nc(N2C[C@H]3C(=O)N(C)C(N)=N[C@@]3(c3ccccc3)C2)nc(C2CC2)c1F,349.0,nM,6.46
CHEMBL3640275,COc1nc(N2C[C@H]3C(=O)N(C)C(N)=N[C@@]3(c3c(F)cc(F)c(F)c3F)C2)nc(C)c1F,93.0,nM,7.03
CHEMBL3640268,CCc1nc(N2C[C@H]3C(=O)N(C)C(N)=N[C@@]3(c3cc(F)c(F)cc3F)C2)nc(OC)c1F,18.0,nM,7.75
CHEMBL3642606,CC1(c2cccc(/C=C/C(=O)Nc3ccc(Cl)cn3)c2)CCSC(N)=N1,2500.0,nM,5.6
CHEMBL3642605,CC1(c2cc(Br)cc(NC(=O)c3cccs3)c2)CCSC(N)=N1,5100.0,nM,5.29
CHEMBL3690089,COc1cnc(C(=O)Nc2cccc(CNc3cccnc3N)c2)cn1,1985.0,nM,5.7
CHEMBL3656155,CN1OC2(N=C1N)c1cc(-c3cccc(C#N)c3)ccc1CC21CCOc2ccccc2C1,121.7,nM,6.92
CHEMBL3656164,CN1OC2(N=C1N)c1cc(-c3cccc(C#N)c3)ccc1CC21CCc2ccccc2C1,194.7,nM,6.71
CHEMBL3656170,CN1OC2(N=C1N)c1cc(-c3cccc(C#N)c3)ccc1CC21CCOCC1,465.8,nM,6.33
CHEMBL4071284,O=C(Nc1ccncc1)c1cccc(-c2cnc(-c3c[nH]c4ccccc34)[nH]2)c1,660.0,nM,6.18
CHEMBL4093064,O=C(Nc1cccc(-c2cnc(-c3c[nH]c4ccccc34)[nH]2)c1)c1cccnc1,220.0,nM,6.66
CHEMBL1909686,O=C(c1ccc(Cl)c(Cl)c1)N(CC(O)Cn1c2ccccc2c2ccccc21)c1ccccc1,2500.0,nM,5.6
CHEMBL3354707,CC(C)(C)COc1ccc2c(c1)[C@]1(COC(N)=N1)c1cc(-c3cncc(F)c3)ccc1O2,4.0,nM,8.4
CHEMBL3354703,CC(C)(C)COc1ccc2c(c1)[C@]1(COC(N)=N1)c1cc(-c3ccncc3)ccc1O2,2830.0,nM,5.55
CHEMBL4285211,NC1=N[C@@]2(CO1)c1cc(-c3cccc(F)n3)ccc1Oc1cnc(-c3ccnc(F)c3)cc12,0.92,nM,9.04
CHEMBL4286331,NC1=N[C@@]2(CO1)c1cc(NC(=O)c3ccc(Cl)cn3)ccc1Oc1cnc(C3CCOCC3)cc12,0.57,nM,9.24
CHEMBL1092228,CC(C)NC(=O)c1ccc(-c2ccc(-c3ccccc3)n2Cc2cccc(N)n2)cc1,1780.0,nM,5.75
CHEMBL1923709,CC(C)(C)Nc1c(-c2cccc(-c3nc4ccccc4[nH]3)c2)nc2ccccn12,514.0,nM,6.29
CHEMBL1917912,CCCS[C@H]1CN[C@@H]([C@@H](O)[C@H](Cc2cc(F)cc(F)c2)NC(=O)[C@H](CCc2ccccc2)N2CC[C@](NC(C)=O)(C(C)CC)C2=O)C1,15.0,nM,7.82
CHEMBL1214217,NCCCCCCNCCOc1ccc(Br)cc1NC(=O)Cc1ccccc1Cl,27850.0,nM,4.55
CHEMBL3703212,C[C@@H]1Oc2ccc(Br)cc2[C@@]2(COC(N)=N2)C12COC2,39700.0,nM,4.4
CHEMBL3703216,CCCC1Oc2ccc(Br)cc2C2(C=C(N)OC2)C12COC2,15600.0,nM,4.81
CHEMBL3953251,C[C@@]1(c2cc(Nc3nccc4cc(Cl)cnc34)cnc2F)C[C@@H](C(F)(F)F)OC(N)=N1,42.0,nM,7.38
CHEMBL3911117,C[C@@]1(c2cc(Nc3ncnc4cc(Cl)cnc34)cnc2F)C[C@@H](C(F)(F)F)OC(N)=N1,37.6,nM,7.42
CHEMBL3934911,N#Cc1cncc(-c2ccc(F)c([C@]3(CF)C[C@@H](C(F)(F)F)OC(N)=N3)c2)c1,3850.0,nM,5.42
CHEMBL3968711,NC1=N[C@](CF)(c2nc(NC(=O)c3nn(C(F)F)cc3Cl)ccc2F)C[C@@H](C(F)(F)F)O1,31.0,nM,7.51
CHEMBL3939821,COc1cnc(C(=O)Nc2cnc(F)c([C@]3(C)C[C@@H](C(F)(F)F)OC(N)=N3)c2)cn1,31.0,nM,7.51
CHEMBL1271399,O=C(CSc1nc2ccc(Nc3nc(N4CCCCC4)nc(N4CCCCC4)n3)cc2s1)c1ccc(F)cc1,20000.0,nM,4.7
CHEMBL1086716,CC(C)CNC(=O)[C@H](C)C[C@H](O)[C@H](CC(C)C)NC(=O)[C@H](Cc1ccccc1)NC(=O)c1cccc2ccccc12,4670.0,nM,5.33
CHEMBL5287982,COc1ccc(NCC2CCN(Cc3ccccc3)CC2)cc1OC,243.0,nM,6.61
CHEMBL2403762,C[C@]1(c2cccc(NC(=O)c3ccc(Cl)cn3)c2)N=C(N)c2ccccc21,550.0,nM,6.26
CHEMBL2403774,C[C@@]1(c2cc(NC(=O)c3ccc(Cl)cn3)ccc2F)Cc2ccccc2C(N)=N1,25.0,nM,7.6
CHEMBL2331708,NC1=N[C@@]2(c3cccc(NC(=O)c4ccc(Cl)cn4)c3)C[C@H]2CCS1,2.0,nM,8.7
CHEMBL2403777,C[C@@]1(c2cc(NC(=O)c3ccc(Cl)cn3)ccc2F)CCOCC(N)=N1,1.0,nM,9.0
CHEMBL256399,CCCCCOc1cc(C(=O)N[C@@H](Cc2ccccc2)[C@H](O)CN[C@@H](C)C(=O)NC2CCCCC2)cc(N2CCCC2=O)c1,32.0,nM,7.5
CHEMBL562290,C#CCNC[C@@H](O)[C@H](Cc1ccccc1)NC(=O)c1cc2c3c(c1)c(CC)cn3CCS(=O)(=O)N2C,118.0,nM,6.93
CHEMBL556660,CCc1cn2c3c(cc(C(=O)N[C@@H](Cc4ccccc4)[C@H](O)CN[C@H](C)CC)cc13)N(C)S(=O)(=O)CC2,144.0,nM,6.84
CHEMBL558273,CCCNC[C@@H](O)[C@H](Cc1ccccc1)NC(=O)c1cc2c3c(cn(CC)c3c1)CCS(=O)(=O)N2C,8.0,nM,8.1
CHEMBL220428,Nc1ncccc1NCc1cc(-c2ccc3cc[nH]c3c2)ccc1OCc1ccccn1,4200.0,nM,5.38
CHEMBL2047900,CCc1c[nH]c2ccc(C[C@@H]3CS(=O)(=O)C[C@H](NCc4cccc(C(C)(C)C)c4)[C@H]3O)cc12,740.0,nM,6.13
CHEMBL2031150,CC(C)(C)Cc1cnc2c(c1)[C@@H](NC[C@@H](O)[C@H](Cc1ccc(F)cc1)NC(=O)CF)C[C@]1(C[C@H](O)C1)O2,10.0,nM,8.0
CHEMBL2011983,CN1C(=N)N[C@](c2ccccc2)(c2cccc(-c3cccnc3)c2)C1=O,630.0,nM,6.2
CHEMBL2180018,COc1cccc(-c2cccc(C3(C)N=C(C)C(N)=N3)c2)c1,2200.0,nM,5.66
CHEMBL2180035,COc1cccc(-c2cccc(C3(C4CCOCC4)N=C(C)C(N)=N3)c2)c1,3000.0,nM,5.52
CHEMBL2180020,CC(C)C1=NC(c2ccccc2)(c2cccc(-c3cncnc3)c2)N=C1N,18000.0,nM,4.75
CHEMBL4166588,Cl.Nc1ncnc2c1ncn2CCNCC/N=C/c1ccc(O)cc1O,42000.0,nM,4.38
CHEMBL3086247,CC(C)(C)OC(=O)N(Cc1ccccc1)C[C@@H](O)c1cccc(NC(=O)[C@@H](NC(=O)OCc2ccccc2)c2ccccc2)c1,5200.0,nM,5.28
CHEMBL4205656,C[C@@]1(c2cc(NC(=O)c3ccc(C#N)cn3)ccc2F)C=COC(N)=N1,218.0,nM,6.66
CHEMBL4213486,C[C@@]1(c2cc(NC(=O)c3ccc(C#N)cn3)ccc2F)C=C(CF)OC(N)=N1,59.0,nM,7.23
CHEMBL4211790,C[C@@]1(c2cc(NC(=O)c3ncc(OCF)nc3N)ccc2F)C=C(CF)OC(N)=N1,34.8,nM,7.46
CHEMBL4847749,COC(=O)c1c(C)cc(O)c(C/C=C(\C)CCCC2=C/C(=C\C(C)(C)O)OC2=O)c1O,10900.0,nM,4.96
CHEMBL513978,CC(C)=CCC/C(C)=C/CC/C(C)=C/Cc1c(O)cc(C)c(C(=O)O)c1O,1400.0,nM,5.85
CHEMBL1795873,C#Cc1cccc(NC2CC(O)C(Nc3cccc(-c4cn([C@H](CNCc5cccc(Br)c5)Cc5ccccc5)nn4)c3)CC2O)c1,3400.0,nM,5.47
CHEMBL5093835,Cl.NC1=N[C@@]2(c3cccs3)CN(c3ncc(F)cn3)C[C@H]2CS1,83.1,nM,7.08
CHEMBL3650760,N#Cc1cccc(-c2ccc3c(c2)C2(COC(N)=N2)C2(COC2)C2(CCC2)O3)c1,1500.0,nM,5.82
CHEMBL3650770,NC1=NC2(CO1)c1cc(-c3cccc(F)c3F)ccc1OC1(CCC1)C21COC1,1500.0,nM,5.82
CHEMBL3895166,COc1ccc2c(c1)C1(NC(N)N(C)C1=O)C1(CCc3ccccc3CC1)C2,46.8,nM,7.33
CHEMBL3980777,COCCOc1ccc2c(c1)C1(N=C(N)N(C)C1=O)C1(CCc3ccccc3CC1)C2,11.4,nM,7.94
CHEMBL3650847,COc1cnc(C(=O)Nc2ccc3c(c2)[C@@]2(COC(N)=N2)C2(COC2)C(C)(C)O3)cn1,3.1,nM,8.51
CHEMBL3934938,CO[C@H]1CC[C@]2(CC1)Cc1ccc(CCC(C)C)cc1C21N=C(N)N(CC(F)F)C1=O,9.0,nM,8.05
CHEMBL3974295,CO[C@H]1CC[C@]2(CC1)Cc1cc(F)c(OCC(F)(F)F)cc1C21N=C(N)N(C)O1,53.0,nM,7.28
CHEMBL2386720,C[C@]1(c2nc(NC(=O)c3ncc(C#N)cc3Cl)ccc2F)N=C(N)OCC1(F)F,12.0,nM,7.92
CHEMBL3946221,CN1C(=O)C2(N=C1N)c1cc(OCC(F)(F)F)ccc1C[C@]21CC[C@@H](OC(F)F)CC1,8.0,nM,8.1
CHEMBL3904189,COC1CCC2(CC1)Cc1ccc(OCC(C)C)cc1C21N=C(N)N(CCF)C1=O,7.0,nM,8.15
CHEMBL3260838,CN1C(=O)C2(N=C1N)c1cc(-c3cccnc3)ccc1Oc1ccc(-c3cccnc3)cc12,0.3,nM,9.52
CHEMBL1222029,Nc1nc2cc(Cl)ccc2n1CCCC(=O)NCCC1CCNC1,444000.0,nM,3.35
CHEMBL4159178,N=c1oc2ccccc2cc1C(=O)Nc1cc(Br)ccc1NCc1cn(Cc2cccc(Cl)c2Cl)nn1,15600.0,nM,4.81
CHEMBL4162197,COc1cnc(C(=O)Nc2ccc(F)c([C@@]3(C)N=C(N)CO[C@H]3C(F)F)c2)cn1,11.4,nM,7.94
CHEMBL4167487,C[C@]1(c2cc(NC(=O)c3cnc(OCC(F)(F)F)cn3)ccc2F)N=C(N)CO[C@H]1C(F)(F)F,24.5,nM,7.61
CHEMBL225442,C[C@@H](NC(=O)c1cc(C(=O)N[C@@H](Cc2ccccc2)[C@H](O)CN)cc(N(C)S(C)(=O)=O)c1)c1ccc(F)cc1,23.0,nM,7.64
CHEMBL3642622,CC1(c2cccc(OCCCc3ccc(Cl)cc3)c2)CCSC(N)=N1,4000.0,nM,5.4
CHEMBL3642615,CC1(c2cccc(/C=C/C(=O)Nc3ccc(Cl)cc3)c2)CCSC(N)=N1,4500.0,nM,5.35
CHEMBL3950821,CC1(c2cccc(C=Cc3ccc(Cl)cn3)c2)CCSC(=N)N1,5900.0,nM,5.23
CHEMBL3907072,CC1(c2cccc(C=CC(=O)Nc3ccc(Cl)cn3)c2)CCSC(=N)N1,2500.0,nM,5.6
CHEMBL1241578,CC(C)n1nc(-c2ccc(Br)c(O)c2)c2c(N)ncnc21,175.0,nM,6.76
CHEMBL3645172,CC1(c2cc(NC(=O)c3ccc(Cl)cn3)ccc2Cl)CCSC(N)=N1,32.0,nM,7.5
CHEMBL3656191,CCCc1ccc2c(c1)C1(N=C(N)N(C)O1)[C@]1(CC[C@H](OC)CC1)C2,92.8,nM,7.03
CHEMBL3983108,COc1ccc(COc2ccc3c(c2)C2(N=C(N)N(C)C2=O)[C@]2(CC[C@H](OC)CC2)C3)cc1,807.0,nM,6.09
CHEMBL3656242,CN1C(=O)C2(N=C1N)c1cc(CCC3CC3)ccc1O[C@]21CC[C@@H](OC(F)F)CC1,149.0,nM,6.83
CHEMBL3986110,CO[C@H]1CC[C@]2(CC1)Cc1ccc(C#CC3CC3)cc1C21N=C(N)N(CCC(=O)OC(C)C)C1=O,21.0,nM,7.68
CHEMBL3656245,CN1C(=O)[C@@]2(N=C1N)c1ccccc1CC21CCc2ccccc2CC1,8052.0,nM,5.09
CHEMBL3642602,CC1(c2cccc(OCC(=O)Nc3cccc(O)c3)c2)CCSC(N)=N1,7000.0,nM,5.16
CHEMBL3955419,CC1(c2cccc(C=CC(=O)Nc3ccc(Cl)cc3)c2)CCSC(=N)N1,4500.0,nM,5.35
CHEMBL404341,CCCOc1ccc(-c2ccc(-c3ccccc3Cl)n2CC(=O)/N=C(/N)NCc2ccco2)cc1,558.0,nM,6.25
CHEMBL256000,CCCOc1ccc(-c2ccc(-c3ccccc3Cl)n2CC(=O)/N=C(/N)NCCCC(N)=O)cc1,137.0,nM,6.86
CHEMBL401587,CCCOc1ccc(-c2ccc(-c3ccccc3Cl)n2CC(=O)/N=C(/N)NCCCO)cc1,121.0,nM,6.92
CHEMBL428075,CCCOc1ccc(-c2ccc(-c3ccccc3Cl)n2CC(=O)/N=C(/N)N[C@H]2CC[C@H](O)CC2)cc1,125.0,nM,6.9
CHEMBL256063,C[C@@H](O)CN/C(N)=N\C(=O)Cn1c(-c2ccccc2)ccc1C12CC3CC(CC(C3)C1)C2,437.0,nM,6.36
CHEMBL3236224,Cc1ccccc1-c1ccc2[nH]cc(C(=O)NCc3cccc(C(F)(F)F)c3)c(=O)c2c1,6180.0,nM,5.21
CHEMBL3703242,Cc1cc(-c2ccc3c(c2)C2(COC(N)=N2)C2(COC2)CO3)ccn1,55400.0,nM,4.26
CHEMBL1097319,CCCN(CCC)C(=O)c1cc(C)cc(C(=O)N[C@@H](Cc2cc(F)cc(F)c2)[C@H](O)[C@H]2CN(S(=O)(=O)c3ccccc3)CCN2)c1,120.0,nM,6.92
CHEMBL1097325,CCCN(CCC)C(=O)c1cc(C)cc(C(=O)N[C@@H](Cc2cc(F)cc(F)c2)[C@H](O)[C@H]2CN(S(=O)(=O)c3ccc(Cl)cc3)CCN2)c1,1700.0,nM,5.77
CHEMBL571860,CC(=O)N[C@@H](Cc1cc(F)cc(F)c1)[C@H](O)CNC1(c2cccc(C(C)(C)C)c2)CCCCC1,47.0,nM,7.33
CHEMBL1257649,CC(=O)N[C@@H](Cc1cc(F)cc(F)c1)[C@H](O)CNC1(c2cc(Br)cc(C(C)(C)C)c2)CCCCC1,174.0,nM,6.76
CHEMBL1257772,CC(=O)N[C@@H](Cc1cc(F)cc(F)c1)[C@H](O)CNC1(c2cc(C)cc(C(C)(C)C)c2)CCCCC1,180.0,nM,6.75
CHEMBL1258353,CC(=O)N[C@@H](Cc1cc(F)cc(F)c1)[C@H](O)CNC1(c2cc(C(C)C)cs2)CCCCC1,352.0,nM,6.45
CHEMBL4458644,Clc1ccc2nc(-c3cccc(N4CCc5ccccc5C4)c3)[nH]c2c1,1300.0,nM,5.89
CHEMBL1097348,COC[C@H]1CCCN1C(=O)c1cc(C)cc(C(=O)N[C@@H](Cc2cc(F)cc(F)c2)[C@H](O)[C@H]2CN(S(=O)(=O)c3ccccc3)CCN2)c1,13.0,nM,7.89
CHEMBL592533,NC1=NC(c2ccccc2)(C2CCCCC2)C(=O)N1Cc1cc(F)cc(F)c1,1080.0,nM,5.97
CHEMBL572772,CO[C@@H](COC(C)C)C[C@H](O)[C@H](COc1cc(F)cc(F)c1)NC(=O)c1cc(C(=O)N[C@H](C)c2ccccc2)cc(N(C)S(C)(=O)=O)c1,480.0,nM,6.32
CHEMBL583700,C=CCOC[C@@H](C[C@H](O)[C@H](COc1cc(F)cc(F)c1)NC(=O)c1cc(C(=O)N[C@H](C)c2ccccc2)cc(N(C)S(C)(=O)=O)c1)OC,2030.0,nM,5.69
CHEMBL573378,CO[C@@H](COc1ccccc1)C[C@H](O)[C@H](COc1cc(F)cc(F)c1)NC(=O)c1cc(C(=O)N[C@H](C)c2ccccc2)cc(N(C)S(C)(=O)=O)c1,6500.0,nM,5.19
CHEMBL1163020,CC(=O)N[C@@H](Cc1cc(F)cc(F)c1)[C@H](O)CNC1(c2cccc(C(C)(C)C)c2)CCc2nc(C)ncc2C1,93.0,nM,7.03
CHEMBL1269949,CC(=O)N[C@@H](Cc1cc(F)cc(F)c1)[C@H](O)CNC(C)(C)c1cccc(C(C)(C)C)c1,200.0,nM,6.7
CHEMBL2030997,CC(=O)N[C@@H](Cc1ccc(F)cc1)[C@H](O)CN[C@H]1CC2(CCC2)Oc2ncc(CC(C)(C)C)cc21,5.0,nM,8.3
CHEMBL4071843,COC[C@H]1CCCN1C(=O)c1cc(OC)cc(C(=O)N[C@@H](Cc2cc(F)cc(F)c2)[C@H](O)C2C[C@@H](Oc3ccccc3)CN2)c1,21.0,nM,7.68
CHEMBL4164046,C[C@]1(c2cc(NC(=O)c3cnc(NCC(F)(F)F)cn3)ccc2F)N=C(N)CO[C@H]1C(F)(F)F,4500.0,nM,5.35
CHEMBL1271091,O=C(CSc1nc2ccc(Nc3nc(N4CCCC4)nc(N4CCCC4)n3)cc2s1)NCc1ccco1,690.0,nM,6.16
CHEMBL1270985,O=C(CSc1nc2ccc(Nc3nc(N4CCCC4)nc(N4CCCC4)n3)cc2s1)NCCOc1ccccc1,3000.0,nM,5.52
CHEMBL1269613,O=C(CSc1nc2ccc(Nc3nc(N4CCOCC4)nc(N4CCOCC4)n3)cc2s1)N1c2ccccc2CCc2ccccc21,14700.0,nM,4.83
CHEMBL4225225,CO[C@H]1[C@@H](CF)OC(N)=N[C@]1(C)c1cc(NC(=O)c2ccc(C#N)cn2)ccc1F,27.6,nM,7.56
CHEMBL4226077,C[C@]1(c2cc(NC(=O)c3ccc(C#N)cn3)ccc2F)N=C(N)O[C@H](CF)[C@@H]1F,0.58,nM,9.24
CHEMBL167970,Oc1c(CN2CCCC2)cc(Nc2ccnc3cc(Cl)ccc23)cc1CN1CCCC1,11200.0,nM,4.95
CHEMBL4278741,c1ccc(-c2ccc(NCCCN3CCCCC3)c(OCCN3CCCCC3)c2)c(CN2CCCCC2)c1,4100.0,nM,5.39
CHEMBL4206426,C=C1C[C@H]2[C@]3(C)CCC(=O)C(C)(C)[C@@H]3C(=O)[C@@H](O)[C@]2(C)[C@@H](C(=O)OC)[C@]1(C)C(=O)[C@](C)(O)C(=O)OC,31680.0,nM,4.5
CHEMBL4282611,c1cc(-c2ccc(NCCCN3CCCCC3)c(OCCN3CCCCC3)c2)ccc1CN1CCCCC1,2100.0,nM,5.68
CHEMBL2047225,Clc1ccc(CNc2ccnc(NC3CCN(Cc4ccccc4)CC3)n2)cc1,3200.0,nM,5.5
CHEMBL2425607,COC[C@@H](Oc1cc(C[C@@H]2C[S@@+]([O-])C[C@H](NCc3cc(C(C)(C)C)ccn3)[C@H]2O)cc(F)c1N)C(F)(F)F,422.0,nM,6.38
CHEMBL2425613,CC(C)(C)c1cccc(CN[C@H]2C[S@+]([O-])C[C@@H](Cc3cc(F)c(N)c(O[C@H](CO)C(F)(F)F)c3)[C@@H]2O)c1,21.0,nM,7.68
CHEMBL2425608,CC(C)(C)c1cccc(CN[C@H]2C[S@+]([O-])C[C@@H](Cc3cc(F)c(N)c(OC(C(F)(F)F)C(F)(F)F)c3)[C@@H]2O)c1,14.0,nM,7.85
CHEMBL2425605,COC[C@@H](Oc1cc(C[C@@H]2C[S@@+]([O-])C[C@H](NCc3cnn(CC(C)(C)C)c3)[C@H]2O)cc(F)c1N)C(F)(F)F,21.0,nM,7.68
CHEMBL2425612,COC[C@@H](Oc1cc(C[C@@H]2C[S@@+]([O-])C[C@H](NCc3cccc(C(C)(C)C)c3)[C@H]2O)cc(F)c1N)C(F)(F)F,4.0,nM,8.4
CHEMBL2047034,CN(c1cc2cc(c1)C(=O)N[C@H]([C@H](O)CNCc1cccc(C(C)(C)C)c1)COC/C=C/CCNC2=O)S(C)(=O)=O,4.6,nM,8.34
CHEMBL2012000,CN1C(=N)NC(c2cccc(-c3cc(Cl)cc(Cl)c3)c2)(C2CC2)C1=O,2400.0,nM,5.62
CHEMBL2012003,CN1C(=N)NC(c2cccc(-c3cccnc3)c2)(C2CC2)C1=O,880.0,nM,6.06
CHEMBL2012004,COc1cncc(-c2cccc(C3(C4CC4)NC(=N)N(C)C3=O)c2)c1,390.0,nM,6.41
CHEMBL2048054,COCCOC[C@@H](Oc1cc(C[C@@H]2CS(=O)(=O)C[C@H](NCc3cccc(C(C)(C)C)c3)[C@H]2O)cc(F)c1N)C(F)(F)F,131.0,nM,6.88
CHEMBL3670348,CC1(c2cccc(NC(=O)c3ccc(Br)cn3)n2)COCC(N)=N1,790.0,nM,6.1
CHEMBL1163540,C[C@@]12CC[C@H](O)[C@@H]3COC(=C31)C(=O)c1cc3cccc(O)c3cc12,93000.0,nM,4.03
CHEMBL3586133,NC1=NC2CCC(OC(=O)c3cccc(Cl)c3)CC2CS1.O=C(O)C(F)(F)F,761.0,nM,6.12
CHEMBL3586130,Cl.NC1=NC2CCC(NC(=O)c3cccc(Cl)c3)CC2CS1,1830.0,nM,5.74
CHEMBL2059453,Cc1ccccc1SCC(O)Cn1c2c(c3ccccc31)CCC2,21400.0,nM,4.67
CHEMBL2059605,Oc1ccc(SCC(O)Cn2c(-c3ccccc3)cc3ccccc32)cc1,13600.0,nM,4.87
CHEMBL2059611,CCc1ccccc1SCC(O)Cn1c(-c2ccccc2)cc2ccccc21,10300.0,nM,4.99
CHEMBL2179138,CCC[C@H](O)[C@H](NC[C@H](Cc1ccccc1)NC(=O)c1cc2c3c(c1)c(CC)cn3CC(C)(C)S(=O)(=O)N2C)C(=O)NCC(C)C,15.0,nM,7.82
CHEMBL2179136,CCc1cn2c3c(cc(C(=O)N[C@H](CN[C@H](C(=O)NCC(C)C)[C@H](C)O)Cc4ccccc4)cc13)N(C)S(=O)(=O)CC2,22.0,nM,7.66
CHEMBL5835682,Cc1cc(OC(F)F)cnc1C(=O)Nc1csc([C@]23COC(C)(C)C[C@H]2COC(N)=N3)n1,475.0,nM,6.32
CHEMBL5809855,COc1cnc(C(=O)Nc2csc([C@]34CO[C@@H](C(F)(F)F)C[C@H]3COC(N)=N4)n2)c(C)n1,162.0,nM,6.79
CHEMBL6065354,N#Cc1ccc(C(=O)Nc2csc([C@]34CO[C@@H](C(F)(F)F)C[C@H]3COC(N)=N4)n2)nc1,27.0,nM,7.57
CHEMBL4787115,CNC(=O)[C@]12C[C@H]1[C@@](C)(c1cc(/C=C(\F)c3ccc(C#N)cn3)ccc1F)N=C(N)S2,1.8,nM,8.74
CHEMBL3945121,CO[C@H]1CC[C@]2(CC1)Cc1ccc(OCCCF)cc1C21N=C(C)C(N)=N1,25.0,nM,7.6
CHEMBL3653693,CC1=NC2(N=C1N)c1cc(-c3cncc(Cl)c3)ccc1CC21CCC(F)(F)CC1,53.0,nM,7.28
CHEMBL3910370,C[C@H]1C[C@H]2CSC(N)=N[C@@]2(c2nc(NC(=O)c3nc(C(F)F)co3)cs2)CO1,75.0,nM,7.12
CHEMBL3670318,C[C@@]1(c2cc(NC(=O)c3ncc(C#N)cc3Cl)ccc2F)C=CSC(N)=N1,19.0,nM,7.72
CHEMBL591070,CN1C(=O)C(c2cccc(NC(=O)c3cccn3C)c2)(C2CCCCC2)N=C1N,860.0,nM,6.07
CHEMBL6002570,COc1cnc2c(Nc3ccc(Cl)c([C@@]4(CF)N=C(N)O[C@@H]5C[C@@H]54)c3)nccc2c1,1260.0,nM,5.9
CHEMBL3925344,CO[C@H]1CC[C@]2(CC1)Cc1ccc(C#CC3CC3)cc1C21N=C(N)N(Cc2nnc(C)s2)C1=O,9.4,nM,8.03
CHEMBL3656185,CCOC1CCC2(CC1)Cc1ccc(-c3cccc(C#N)c3)cc1C21N=C(N)N(C)O1,432.3,nM,6.36
CHEMBL3640248,CC1(c2cccc(/N=C(\NO)c3ncc(Cl)cc3Cl)c2)CCSC(N)=N1,4850.0,nM,5.31
CHEMBL3645151,CSc1ccc(C(=O)Nc2ccc(F)c([C@]3(C)CCSC(N)=N3)c2)s1,140.0,nM,6.85
CHEMBL3640245,COc1cnc(C(=O)Nc2ccc(F)c([C@@]3(C)N=C(N)SCC3=O)c2)cn1,40.0,nM,7.4
CHEMBL3640289,COc1nc(N2C[C@H]3C(=O)N(C)C(N)=N[C@@]3(c3ccc(F)cc3F)C2)nc(CO)c1F,21.0,nM,7.68
CHEMBL3683795,CC#CCOc1cnc(C(=O)Nc2cc(F)c(F)c([C@@]3(CF)N=C(N)O[C@@H]4C[C@@H]43)c2)cn1,1.6,nM,8.8
CHEMBL3683851,C#CCOc1cnc(C(=O)Nc2ccc(F)c([C@@]3(C(F)F)N=C(N)O[C@@H]4C[C@@H]43)c2)cn1,3.5,nM,8.46
CHEMBL3893841,CO[C@H]1CC[C@]2(CC1)Cc1ccc(Cl)cc1C21N=C(N)N(C)O1,212.0,nM,6.67
CHEMBL3954597,CO[C@H]1CC[C@]2(CC1)Cc1ccc(Oc3cccc(Cl)c3)cc1C21N=C(N)N(C)O1,99.0,nM,7.0
CHEMBL3642616,Cc1ccc(NC(=O)COc2cccc(C3(C)CCSC(N)=N3)c2)cc1F,8000.0,nM,5.1
CHEMBL533064,CCc1cn2c3c(cc(C(=O)N[C@@H](Cc4ccccc4)[C@H](O)CNC4CC4)cc13)N(CC)S(=O)(=O)CC2,17.0,nM,7.77
CHEMBL537797,CCc1cn2c3c(cc(C(=O)N[C@@H](Cc4ccccc4)[C@H](O)CNC4CCCCC4)cc13)N(C)S(=O)(=O)C2,60.0,nM,7.22
CHEMBL539436,CCc1cn2c3c(cc(C(=O)N[C@@H](Cc4ccccc4)[C@H](O)CNCc4cccc(OC)c4)cc13)N(C)S(=O)(=O)CC2,2.0,nM,8.7
CHEMBL3707011,CCN1CCN2CCS(=O)(=O)N(C)c3cc(C(=O)N[C@@H](Cc4ccccc4)[C@H](O)CNCc4cccc(C(F)(F)F)c4)cc1c32,26.0,nM,7.58
CHEMBL2158256,CC(=O)N[C@@H](Cc1ccccc1)[C@H](O)CNC1CC(C)(C)Cc2nn(CC(C)(C)C)cc21,65.0,nM,7.19
CHEMBL3653416,NC1=NC(c2cc(NC(=O)c3ncc(Br)cc3O)c(F)cc2F)(C(F)F)COC1,930.0,nM,6.03
CHEMBL3653417,NC1=N[C@](CF)(c2cc(NC(=O)c3ccc(Cl)cn3)ccc2F)COC1,26.0,nM,7.58
CHEMBL3653451,NC1=N[C@@](c2cc(NC(=O)c3cnc(OCC(F)(F)F)cn3)ccc2F)(C(F)F)COC1,25.0,nM,7.6
CHEMBL3653454,Cc1nc(C(=O)Nc2ccc(F)c([C@]3(C(F)F)COCC(N)=N3)c2)co1,98.0,nM,7.01
CHEMBL3653457,COc1cc(Br)cnc1C(=O)Nc1ccc(F)c([C@]2(C(F)F)COCC(N)=N2)c1,93.0,nM,7.03
CHEMBL3653470,Cc1ccc(C(=O)Nc2ccc(F)c([C@]3(C(F)F)COCC(N)=N3)c2)cn1,110.0,nM,6.96
CHEMBL3653473,Cc1cnc(C(=O)Nc2ccc(F)c([C@]3(C(F)F)COCC(N)=N3)c2)s1,700.0,nM,6.16
CHEMBL3653487,CC#CCOc1cnc(C(=O)Nc2ccc(F)c([C@]3(C(F)F)COCC(N)=N3)c2)cn1,1.0,nM,9.0
CHEMBL3653506,COCc1cnc(C(=O)Nc2ccc(F)c([C@]3(C(F)F)COCC(N)=N3)c2)c(Cl)c1,700.0,nM,6.16
CHEMBL3422237,Cc1cc([C@H]2C[C@H]3CSC(N)=N[C@@]3(c3ccc(F)cc3F)CO2)on1,3.0,nM,8.52
CHEMBL3422238,Cn1cc([C@H]2C[C@H]3CSC(N)=N[C@@]3(c3ccc(F)cc3F)CO2)cn1,52.0,nM,7.28
CHEMBL589368,CC(C)c1cccc(CNC[C@@H](O)[C@@H]2Cc3cccc(c3)OCCCCNc3cccc(c3)C(=O)N2)c1,292.0,nM,6.54
CHEMBL3394218,NC1=N[C@@]2(CO1)c1cc(-c3cccnc3F)ccc1Oc1c2cc(C2=COCCC2)nc1F,0.2,nM,9.7
CHEMBL566223,COc1ccc(C2(c3cccc(-c4cccnc4)c3)N=C(N)N(C)C2=O)cc1F,50.0,nM,7.3
CHEMBL6015897,CN1C(=O)NC2(C1=O)c1cc(B3OC(C)(C)C(C)(C)O3)ccc1CC21CCC(OC(F)F)CC1,8.0,nM,8.1
CHEMBL3891866,CO[C@H]1CC[C@]2(CC1)Cc1ccc(C#CC3CC3)cc1[C@@]21N=C(N)N(CC2CCO2)C1=O,78.6,nM,7.11
CHEMBL3936918,COCCN1C(=O)[C@@]2(N=C1N)c1cc(C#CC3CC3)ccc1C[C@]21CC[C@@H](OC)CC1,181.0,nM,6.74
CHEMBL3896307,COC1CCC2(CC1)Cc1ccc(C#CC3CC3)cc1[C@@]21N=C(N)N(C)C1=O,694.0,nM,6.16
CHEMBL3656210,CCCCc1ccc2c(c1)C1(N=C(N)N(C(C)C)C1=O)[C@]1(CC[C@H](OC)CC1)C2,48.0,nM,7.32
CHEMBL3656216,CCN1C(=O)C2(N=C1N)c1cc(CCC(C)C)ccc1C[C@]21CC[C@@H](OC)CC1,8.0,nM,8.1
CHEMBL1915976,COc1cccc(CNC[C@@H](O)[C@H](Cc2cc(F)cc(F)c2)NC(=O)[C@H](CCc2ccccc2)N2CC[C@H](CC(C)C)C2=O)c1,240.0,nM,6.62
CHEMBL491265,CCCCN1CC(C(=O)N[C@@H](Cc2cc(F)cc(F)c2)[C@H](O)[C@@H]2NCN(Cc3ccccc3)C2=O)CC1=O,21500.0,nM,4.67
CHEMBL3414702,C[C@@]1(c2ccc(F)cc2F)CCSC(N)=N1,36000.0,nM,4.44
CHEMBL3427246,Cc1noc(C)c1[C@@H]1C[C@@H](c2cccc(-c3cncnc3)c2)N=C(N)S1,230.0,nM,6.64
CHEMBL3427247,Cc1noc(C)c1[C@@H]1C[C@@H](c2cc(-c3cncnc3)c(F)cc2F)N=C(N)S1,200.0,nM,6.7
CHEMBL5944430,CC[C@H]1C[C@@]2(CC[C@@H]1OC)Cc1ccc(C#N)cc1[C@]21NC(=S)N(C[C@H]2CCCO2)C1=O,8.0,nM,8.1
CHEMBL2047228,Cc1ccc(CNc2ccnc(NC3CCN(Cc4ccccc4)CC3)n2)cc1,11100.0,nM,4.96
CHEMBL3657453,COc1ccc(OC)c(-c2ccc3c(c2)C2(CCO3)N=C(C)C(N)=N2)c1,3640.0,nM,5.44
CHEMBL5964696,N#Cc1ccc(C(=O)Nc2ccc(F)c([C@@]3(C(F)F)N=C(N)O[C@@H]4C[C@@H]43)n2)nc1,26700.0,nM,4.57
CHEMBL5844624,O=C(NC1=N[C@](c2cc(Br)ccc2F)(C(F)F)[C@@H]2C[C@@H]2O1)c1ccccc1,613.0,nM,6.21
CHEMBL598257,Cc1cc(C2(c3cccc(-c4cccnc4)c3)N=C(N)N(C)C2=O)ccn1,100.0,nM,7.0
CHEMBL5880946,CC1(c2cc(NC(=O)c3ccc(F)cn3)ccc2F)N=C(N)OC2(CCOCC2)C1(F)F,277.0,nM,6.56
CHEMBL3653403,C[C@@]1(c2cc(NC(=O)c3ncc(C#N)cn3)ccc2F)CO[C@@](C)(C(F)(F)F)C(N)=N1,34.0,nM,7.47
CHEMBL2011965,CN1C(=N)N[C@@](c2cccc(-c3cncc(Cl)c3)c2)(C2CC2)C1=O,150.0,nM,6.82
CHEMBL3703218,CC(C)CC1Oc2ccc(Br)cc2C2(COC(N)=N2)C12COC2,19300.0,nM,4.71
CHEMBL3703236,NC1=NC2(CO1)c1cc(NC(=O)c3ccc(F)cn3)ccc1OCC21CC1,1060.0,nM,5.97
CHEMBL3703243,Cc1cccc(CCc2ccc3c(c2)C2(COC(N)=N2)C2(COC2)CO3)c1,17300.0,nM,4.76
CHEMBL3703272,NC1=NC2(CO1)c1cc(-c3cc(Cl)cnc3F)ccc1OC1(CCC1)C21COC1,827.0,nM,6.08
CHEMBL3670363,C[C@@]1(c2cccc(NC(=O)c3ncc(Br)cc3Cl)n2)CO[C@@](C)(C(F)(F)F)C(N)=N1,13.0,nM,7.89
CHEMBL2346789,Cc1ccc2c(c1)CC(C)(C)N=C2N[C@@H](Cc1ccccc1)C(=O)O,5410.0,nM,5.27
CHEMBL3216554,CC1=CC2Cc3nc4cc(Cl)ccc4c(NCCCCCCCCCCNc4c5c(nc6ccccc46)CCCC5)c3C(C1)C2.Cl.Cl.Cl,7300.0,nM,5.14
CHEMBL2314791,CC(C)(C)OC(=O)N1CCN(CC(O)c2ccc(C(=O)c3ccccc3)c(NC(=O)[C@H](NC(=O)OCc3ccccc3)c3ccccc3)c2)CC1,4900.0,nM,5.31
CHEMBL3086244,CC(C)(C)OC(=O)N(Cc1ccccc1)C[C@H](O)c1ccc(C(=O)c2ccccc2)c(NC(=O)[C@@H](NC(=O)OCc2ccccc2)c2ccccc2)c1,14900.0,nM,4.83
CHEMBL3973871,COC1CCC2(CC1)Cc1ccc(-c3ccn(C4CC4)c(=O)c3)cc1C21N=C(N)N(C)C1=O,187.8,nM,6.73
CHEMBL3980965,COC1CCC2(CC1)Cc1ccc(C(=O)N(C)C)cc1C21N=C(N)N(C)C1=O,647.5,nM,6.19
CHEMBL508753,CCNc1cc(C(=O)N[C@@H](Cc2ccccc2)[C@H](O)CNCc2cccc(C(F)(F)F)c2)cc(N2CCCCS2(=O)=O)c1C,23.0,nM,7.64
CHEMBL4547910,Clc1ccc(Cn2cc(COc3ccc(/C=N/Nc4nnc(-c5ccccc5)c(-c5ccccc5)n4)cc3)nn2)cc1,8550.0,nM,5.07
CHEMBL4556299,O=[N+]([O-])c1ccc(Cn2cc(COc3ccc(/C=N/Nc4nnc(-c5ccccc5)c(-c5ccccc5)n4)cc3)nn2)cc1,11420.0,nM,4.94
CHEMBL1092125,CN1C(=O)C(c2ccncc2)(c2cccc(-c3cccc(OC(F)(F)F)c3)c2)N=C1N,250.0,nM,6.6
CHEMBL1093388,CCCCNC(=O)[C@H](C)C[C@H](O)[C@H](Cc1ccccc1)NC(=O)[C@@H]1CCC[C@H](C(C)(C)NC(C)=O)C1,3700.0,nM,5.43
CHEMBL471187,Oc1cc(O)cc(Oc2c(O)cc(O)c3c2Oc2c(O)cc(O)cc2O3)c1,12200.0,nM,4.91
CHEMBL5798935,Cc1cnc([C@]23C[C@H]2[C@@](C)(c2cc(/C=C(\F)c4ccc(C#N)cn4)ccc2F)N=C(N)S3)o1,3.3,nM,8.48
CHEMBL6041129,CC(C)[C@@H]1CN(C(=O)[C@]23C[C@H]2[C@@](C)(c2cc(/C=C(\F)c4ccc(C#N)cn4)ccc2F)N=C(N)S3)CCO1,1.8,nM,8.74
CHEMBL1093394,C[C@@H](NC(=O)c1cc(COCC(N)(CF)Cc2ccccc2)cc(N(C)S(C)(=O)=O)c1)c1ccc(F)cc1,997.0,nM,6.0
CHEMBL1096682,C[C@@H](NC(=O)c1cc(-c2nnc([C@](C)(N)Cc3ccccc3)s2)cc(N(C)S(C)(=O)=O)c1)c1ccc(F)cc1,29900.0,nM,4.52
CHEMBL1090415,C[C@@H](NC(=O)c1cc(N(C)S(C)(=O)=O)cc(-n2cc([C@](C)(N)Cc3ccccc3)nn2)c1)c1ccc(F)cc1,16300.0,nM,4.79
CHEMBL5789475,NC1=N[C@@](c2cc(N[C@@H]3CCc4cc(Br)cnc43)ccc2F)(C(F)F)[C@H]2C[C@H]2O1,143.0,nM,6.84
CHEMBL3693222,NC1=N[C@@](c2cc(NC(=O)c3ccc(C#CC4CC4)cn3)ccc2F)(C(F)F)[C@H]2C[C@H]2O1,23.7,nM,7.62
CHEMBL3693237,NC1=N[C@@](c2cc(NS(=O)(=O)c3ccc(Cl)cn3)ccc2F)(C(F)F)[C@H]2C[C@H]2O1,14150.0,nM,4.85
CHEMBL3260840,COc1ccc2c(c1C)CCc1ccc(-c3cncnc3)cc1C21N=C(N)N(C)C1=O,77.0,nM,7.11
CHEMBL454559,CC(C)C[C@H](NC(=O)c1cc(C(=O)N[C@H](C)c2ccc(F)cc2)cc(N(C)S(C)(=O)=O)c1)[C@@H](O)C[C@@H](C)C(=O)NCCC1CCN(Cc2ccccc2)CC1,1339.0,nM,5.87
CHEMBL455667,C=C(C)[C@H](CCC(C)(C)O)Cc1c(O)cc(OC)c2c1O[C@H](c1ccc(O)cc1O)CC2=O,39200.0,nM,4.41
CHEMBL5965334,C[C@@]1(c2cc(NC(=O)C3CC3)ccc2F)CC2(CCC(F)(F)CC2)OC(N)=N1,801.0,nM,6.1
CHEMBL5819027,CC1(c2cc(NC(=O)c3ccc(C#N)cn3)ccc2F)CC2(CCOCC2)OC(N)=N1,9.0,nM,8.05
CHEMBL6034650,CC1(c2cc(NC(=O)c3ccc(F)cn3)ccc2F)CC2(CCCCC2)SC(N)=N1,28.0,nM,7.55
CHEMBL3672688,CC1=N[C@@]2(N=C1N)c1cc(Br)ccc1C[C@]21CC[C@@H](O)CC1,270.0,nM,6.57
CHEMBL3688761,COc1cnc2c(Nc3ccc(F)c([C@@]4(C)N=C(N)O[C@H]5C[C@H]54)c3)nccc2c1,3345.0,nM,5.48
CHEMBL3688771,NC1=N[C@](CF)(c2cc(Nc3ncnc4cc(Cl)cnc34)ccc2F)[C@H]2C[C@H]2O1,132.5,nM,6.88
CHEMBL3688781,Cn1cc2ccnc(Nc3ccc(F)c([C@@]4(C(F)F)N=C(N)O[C@@H]5C[C@@H]54)c3)c2n1,2090.0,nM,5.68
CHEMBL3688803,NC1=N[C@@](c2cc(NCC3(C(F)(F)F)CC3)ccc2F)(C(F)F)[C@H]2C[C@H]2O1,2100.0,nM,5.68
CHEMBL3693227,NC1=N[C@@](c2cc(NC(=O)c3cnc(OCC#CC4CC4)cn3)ccc2F)(C(F)F)[C@H]2C[C@H]2O1,7.6,nM,8.12
CHEMBL3693230,C=CCOc1cnc(C(=O)Nc2ccc(F)c([C@@]3(C(F)F)N=C(N)O[C@@H]4C[C@@H]43)c2)cn1,48.0,nM,7.32
CHEMBL3693238,NC1=N[C@@](c2cc(N[C@H](c3ccc(Cl)cn3)C(F)(F)F)ccc2F)(C(F)F)[C@H]2C[C@H]2O1,5245.0,nM,5.28
CHEMBL3693253,COc1cnc(C(=O)Nc2cccc([C@@]3(C(F)F)N=C(N)O[C@@H]4C[C@@H]43)c2)cn1,500.0,nM,6.3
CHEMBL3688744,Cc1cc(NC(=O)c2ccc(Cl)cc2CF)cc([C@@]2(C(F)F)N=C(N)O[C@@H]3C[C@@H]32)c1F,10.5,nM,7.98
CHEMBL3688681,NC1=N[C@@](c2cc(NC(=O)[C@@H]3CCOC3)ccc2F)(C(F)F)[C@H]2C[C@H]2O1,34304.0,nM,4.46
CHEMBL3688691,NC1=N[C@@](c2cccc(NC(=O)c3ccc(Cl)cn3)c2)(C(F)F)[C@H]2C[C@H]2O1,525.0,nM,6.28
CHEMBL3677270,NC1=N[C@]2(c3cc(-c4cccnc4F)ccc3Oc3c(F)cc(-c4ccnc(F)c4)cc32)c2nccn21,10.0,nM,8.0
CHEMBL3677271,NC1=N[C@@]2(c3cc(-c4cccnc4F)ccc3Oc3c(F)cc(-c4ccnc(F)c4)cc32)c2nccn21,0.3,nM,9.52
CHEMBL3672411,COc1ccc(/C=C/C(=O)CC(=O)/C=C/c2ccc(O)cc2Cl)cc1O,1500.0,nM,5.82
CHEMBL3653344,Cc1cnc(C(=O)Nc2cccc(C3(C)COCC(N)=N3)c2)cn1,4700.0,nM,5.33
CHEMBL3653354,Cc1ccn(-c2cnc(C(=O)Nc3cccc(C4(C)COCC(N)=N4)c3)cn2)n1,9200.0,nM,5.04
CHEMBL3653369,NC1=NC(CF)(c2cc(Cl)cc(NC(=O)c3ccc(Br)cn3)c2)COC1,1400.0,nM,5.85
CHEMBL3653375,NC1=NC(c2cccc(NC(=O)c3ncc(C(F)(F)F)cc3Cl)c2)(C(F)F)COC1,1000.0,nM,6.0
CHEMBL3653377,NC1=NC(c2cc(NC(=O)c3ccc(Br)cn3)ccc2F)(C(F)F)COC1,56.0,nM,7.25
CHEMBL3653395,CC1(c2cc(NC(=O)c3ccc(C#N)cn3)ccc2F)COCC(N)=N1,95.0,nM,7.02
CHEMBL3653422,Cc1cc(Br)cnc1C(=O)Nc1ccc(F)c(C2(CF)COCC(N)=N2)c1,39.0,nM,7.41
CHEMBL3653426,N#Cc1ccc(C(=O)Nc2ccc(F)c([C@]3(C(F)F)CCOCC(N)=N3)c2)nc1,27.0,nM,7.57
CHEMBL3653431,CC1(c2cc(NC(=O)c3ccc(Br)cn3)ccc2F)N=C(N)COCC1(F)F,30.0,nM,7.52
CHEMBL3653440,NC1=NC(c2cccc(NC(=O)c3cnc(C(F)F)cn3)c2)(C(F)F)COC1,1900.0,nM,5.72
CHEMBL3653443,Cc1c(C(=O)Nc2ccc(F)c([C@]3(C(F)F)COCC(N)=N3)c2)oc2ccc(Br)cc12,6.0,nM,8.22
CHEMBL3653455,Cc1nc(C(=O)Nc2ccc(F)c([C@]3(C(F)F)COCC(N)=N3)c2)c(C)o1,170.0,nM,6.77
CHEMBL568115,CN1C(=O)[C@@](c2ccc(OC(F)(F)F)cc2)(c2ccc(F)c(-c3cncnc3)c2)N=C1N,20.0,nM,7.7
CHEMBL585128,COc1ccc([C@]2(C34CC5CC(CC(C5)C3)C4)N=C(N)N(C)C2=O)cc1,70.0,nM,7.16
CHEMBL1098682,CC(C)CNC(=O)[C@H](C)C[C@H](O)[C@H](CC(C)C)NC(=O)[C@H](Cc1ccccc1)NC(=O)/C=C/c1ccc(C(F)(F)F)cc1,19540.0,nM,4.71
CHEMBL1099021,CC(C)CNC(=O)[C@H](C)C[C@H](O)[C@H](CC(C)C)NC(=O)[C@H](Cc1ccc([N+](=O)[O-])cc1)NC(=O)/C=C/c1ccc(C(F)(F)F)cc1,3790.0,nM,5.42
CHEMBL1099025,CC(C)CNC(=O)[C@H](C)C[C@H](O)[C@H](CC(C)C)NC(=O)[C@H](Cc1ccc([N+](=O)[O-])cc1)NC(=O)c1ccc(Cl)cc1Cl,4240.0,nM,5.37
CHEMBL4102593,C[C@@]1(c2cc(CNC34CC(C3)C4)c(F)cc2F)CCSC(N)=N1,4.0,nM,8.4
CHEMBL181826,CC(C)C[C@H](NC(=O)[C@@H](NC(=O)[C@@H](N)CNC(=O)C(=O)O)C(C)C)C(=O)N[C@@H](Cc1ccccc1)[C@@H](O)C(=O)Nc1cc(C(=O)O)cc(C(=O)O)c1,4.7,nM,8.33
CHEMBL4064412,CC(C)=CCC/C(=C/CC/C(C)=C/CC/C(C)=C/CC1=CC(=O)C=C(C)C1=O)C(=O)O,12100.0,nM,4.92
CHEMBL5186218,COc1cnc(-c2ccc(F)c([C@]3(C)CC[C@@](C)(S(C)(=O)=O)C(N)=N3)c2)cn1,4.0,nM,8.4
CHEMBL5175673,COc1cnc(C(=O)Nc2ccc(F)c([C@@]3(C)N=C(N)[C@](C)(S(C)(=O)=O)C[C@@H]3F)c2)cn1,31.0,nM,7.51
CHEMBL2437443,COc1ccccc1-c1cccc([C@@H]2C[C@H]2[C@]2(C)CC(=O)N(C)C(N)=N2)c1.O=C(O)C(F)(F)F,7500.0,nM,5.12
CHEMBL5188873,CC(C)C[C@H](NC(=O)C[C@H](O)[C@H](Cc1ccccc1)NC(=O)[C@H](CCC(N)=O)N(C)C(=O)[C@@H](NC(=O)OCc1ccccc1)C(C)C)C(=O)N[C@@H](C)C(=O)N(C)[C@H](Cc1ccc(OC(C)(C)C)cc1)C(=O)N1CCC[C@H]1C(=O)O,341.0,nM,6.47
CHEMBL1210351,CS(=O)(=O)N(c1cccc(C(=O)N[C@@H](Cc2ccccc2)[C@H](O)CNCc2cccc(C(F)(F)F)c2)c1)c1ccccn1,290.0,nM,6.54
CHEMBL1210346,C[C@H](NC[C@@H](O)[C@H](Cc1ccccc1)NC(=O)c1cccc(N(c2ccc(C(F)(F)F)cc2)S(C)(=O)=O)c1)C(=O)NC1CCCCC1,20.0,nM,7.7
CHEMBL2059596,OC(CSc1ccccc1F)Cn1c2ccccc2c2ccccc21,5360.0,nM,5.27
CHEMBL2059104,OC(Cn1c2ccccc2c2ccccc21)C(O)Cn1c2ccccc2c2ccccc21,8820.0,nM,5.05
CHEMBL295109,CCCN(CCC)C(=O)c1cccc(C(=O)N[C@@H](Cc2cc(F)cc(F)c2)[C@@H](O)C[C@@H](CC)C(=O)N[C@H]2C[C@@H](OC)C[C@@H](OC)C2)c1,6600.0,nM,5.18
CHEMBL3604597,CCC[C@H](NC(=O)[C@H](O)[C@H](CC1CCCCC1)NC(=O)[C@H](Cc1cccs1)NC(=O)[C@@H](NC(=O)[C@@H](N)CCC(=O)O)[C@@H](C)CC)C(=O)O,64000.0,nM,4.19
CHEMBL4873667,CC[C@H](C)[C@H](NC(=O)[C@@H](N)CCC(=O)O)C(=O)N[C@@H](Cc1cccs1)C(=O)N[C@@H](CC(C)C)[C@H](O)CNc1ccc(C)c(C(=O)O)c1,4900.0,nM,5.31
CHEMBL4864653,CC[C@H](C)[C@H](NC(=O)[C@@H](N)CCC(=O)O)C(=O)N[C@@H](Cc1cccs1)C(=O)N[C@@H](CC(C)C)[C@H](O)CNc1ccc2c(c1)CCCC2,14000.0,nM,4.85
CHEMBL4849016,CC[C@H](C)[C@H](NC(=O)[C@@H](N)CCC(=O)O)C(=O)N[C@@H](Cc1cccs1)C(=O)N[C@@H](CC(C)C)[C@H](O)CNC1CCCCC1,4400.0,nM,5.36
CHEMBL82504,CC[C@H](C[C@H](O)[C@H](Cc1ccccc1)NC(=O)[C@H](C)NC(=O)[C@@H](O)C(C)C)C(=O)N[C@H](C(=O)N[C@H](C)c1ccccc1)C(C)C,100.0,nM,7.0
CHEMBL3261058,CC1(c2cccc(NC(=O)c3ncc(F)cc3F)c2)COCC(N)=N1,120.0,nM,6.92
CHEMBL3354693,NC1=N[C@]2(CO1)c1cc(C3=CCOCC3)ccc1Oc1ccc(-c3cncnc3)cc12,16.0,nM,7.8
CHEMBL3640249,CCSc1cnc(C(=O)Nc2cccc([C@]3(C)CCSC(N)=N3)c2)cn1,70.0,nM,7.16
CHEMBL3695735,CN1C(=O)[C@@]2(N=C1N)c1cc(-c3cccc(Cl)c3)ccc1Oc1c(F)cc(C3=CCOCC3)cc12,24.3,nM,7.61
CHEMBL3695733,Cc1ccc(-c2cc(F)c3c(c2)[C@@]2(N=C(N)N(C)C2=O)c2cc(-c4cccc(Cl)c4)ccc2O3)cc1,2.9,nM,8.54
CHEMBL3670373,Cc1cc(OCF)cnc1C(=O)Nc1ccc(F)c([C@]2(C)CO[C@@](C)(C(F)(F)F)C(N)=N2)n1,45.0,nM,7.35
CHEMBL3670381,N#Cc1cnc(C(=O)Nc2ccc(F)c([C@]3(C(F)F)COCC(N)=N3)n2)c(Cl)c1,42.0,nM,7.38
CHEMBL3670383,C[C@@]1(c2nc(NC(=O)c3ncc(OCCCF)nc3N)ccc2F)CO[C@@](C)(C(F)(F)F)C(N)=N1,200.0,nM,6.7
CHEMBL3656252,CN1C(=O)C2(N=C1N)c1cc(Br)ccc1CC21CNC1,13500.0,nM,4.87
CHEMBL3952491,CO[C@H]1CC[C@]2(CC1)Cc1ccc(OCC(F)(F)F)cc1C21N=C(N)N(CCF)C1=O,25.0,nM,7.6
CHEMBL3896933,CO[C@H]1[C@H](C)C[C@@]2(Cc3ccc(C#N)cc3[C@]23N=C(N)N(C[C@@H]2CCCO2)C3=O)C[C@@H]1C,11.0,nM,7.96
CHEMBL2011990,CN1C(=N)NC(c2cccc(-c3cccc(Cl)c3)c2)(C2CCCC2)C1=O,6900.0,nM,5.16
CHEMBL3985492,Cc1nc(OC(F)F)cnc1C(=O)Nc1csc([C@]23CO[C@@H](C)C[C@H]2CSC(N)=N3)n1,33.0,nM,7.48
CHEMBL5763996,CN(C)C(=O)[C@]12C[C@H]1[C@@](C)(c1cc(/C=C(\F)I)ccc1F)N=C(N)S2,10.0,nM,8.0
CHEMBL6032934,Cc1nnc(COc2cnc(/C(F)=C/c3ccc(F)c([C@@]4(C)N=C(N)S[C@@]5(S(C)(=O)=O)C[C@H]54)c3)cn2)o1,24.6,nM,7.61
CHEMBL5794780,C[C@]1(c2cc(/C=C(\F)c3ccc(Cl)cn3)ccc2F)N=C(N)S[C@]2(CO)[C@H]1C2(F)F,47.7,nM,7.32
CHEMBL5853030,C[C@@H]1CN(C(=O)[C@]23C[C@H]2[C@@](C)(c2cc(/C=C(\F)c4ccc(C#N)cn4)ccc2F)N=C(N)S3)[C@H](C)CO1,8.6,nM,8.07
CHEMBL2048045,CC(C)(C)c1cccc(CN[C@H]2CS(=O)(=O)C[C@@H](Cc3cc(F)c(N)c(OCC(F)(F)F)c3)[C@@H]2O)c1,6.0,nM,8.22
CHEMBL3683794,C#CCOc1cnc(C(=O)Nc2cc(F)c(F)c([C@]3(CF)N=C(N)O[C@H]4C[C@H]43)c2)cn1,6215.0,nM,5.21
CHEMBL3683792,NC1=N[C@@](CF)(c2cc(NC(=O)c3ccc(Cl)cn3)cc(F)c2F)[C@@H]2C[C@@H]2O1,306.0,nM,6.51
CHEMBL2048207,O=C(N[C@@H](Cc1ccccc1)[C@H](O)C(=O)Nc1cccc(-c2nn[nH]n2)c1)c1cccc(C(=O)N2COC[C@@H]2c2ccccc2)c1,192.0,nM,6.72
CHEMBL2048209,O=C(N[C@@H](Cc1ccccc1)[C@H](O)C(=O)Nc1cccc(-c2nn[nH]n2)c1)c1cc(Br)cc(C(=O)N2COC[C@@H]2c2ccccc2)c1,25.0,nM,7.6
CHEMBL2425610,COc1cc(C[C@@H]2C[S@@+]([O-])C[C@H](NCc3cccc(C(C)(C)C)c3)[C@H]2O)cc(F)c1N,26.0,nM,7.58
CHEMBL150,O=c1c(O)c(-c2ccc(O)cc2)oc2cc(O)cc(O)c12,14700.0,nM,4.83
CHEMBL5776191,COCCN1C(=O)C2(N=C1N)c1cc(C#N)ccc1C[C@]21CC[C@@H](OC)CC1,49.0,nM,7.31
CHEMBL5763246,C[C@]1(c2cc(NC(=O)c3ccc(C#N)cn3)ccc2F)N=C(N)OC2(CCC2)C1(F)F,40.0,nM,7.4
CHEMBL2152900,C[C@@]1(c2cc(NC(=O)c3ccn(C(F)F)n3)ccc2F)Cn2c(C#N)cnc2C(N)=N1,44.67,nM,7.35
CHEMBL367139,CC(C)C[C@H](NC(=O)[C@@H](NC(=O)[C@@H](N)CNC(=O)C(=O)O)C(C)C)C(=O)N[C@@H](Cc1ccccc1)[C@@H](O)C(=O)Nc1cccc(C(=O)O)c1,16.0,nM,7.8
CHEMBL1821811,Cc1ccccc1-c1ccc2nc(N)c(CCC(=O)NC3CCCCC3)cc2c1,74.0,nM,7.13
CHEMBL3672434,COc1cccc(/C=C/C(=O)CC(=O)/C=C/c2ccc(O)cc2)c1O,750.0,nM,6.12
CHEMBL3677224,O=C(/C=C/c1ccc(O)cc1)CC(=O)/C=C/c1cc(C(F)(F)F)ccc1F,510.0,nM,6.29
CHEMBL3677228,COC(=O)c1ccccc1/C=C/C(=O)CC(=O)/C=C/c1ccc(O)cc1,1200.0,nM,5.92
CHEMBL3975091,NC1=N[C@](CF)(c2cc(Nc3ncnc4cc(Cl)cnc34)ccc2F)C[C@@H](C(F)(F)F)O1,27.2,nM,7.57
CHEMBL3923385,C[C@@]1(c2cc(NC(=O)c3ncc(Cl)cc3Cl)cc(F)c2F)C[C@@H](C(F)(F)F)OC(N)=N1,19.0,nM,7.72
CHEMBL3901027,COc1cnc(C(=O)Nc2cc(F)c(F)c([C@]3(C)C[C@@H](C(F)(F)F)OC(N)=N3)c2)c(C)n1,118.0,nM,6.93
CHEMBL3928397,Cc1cc(C#N)cnc1C(=O)Nc1cc(C)c(F)c([C@]2(CF)C[C@@H](C(F)(F)F)OC(N)=N2)c1,20.0,nM,7.7
CHEMBL3948355,COc1cc(Cl)cnc1C(=O)Nc1cc(C)c(F)c([C@]2(CF)C[C@@H](C(F)(F)F)OC(N)=N2)c1,91.0,nM,7.04
CHEMBL3653468,NC1=N[C@@](c2cc(NC(=O)c3cnc(Cl)cn3)ccc2F)(C(F)F)COC1,33.0,nM,7.48
CHEMBL3653477,CC1(c2cc(NC(=O)c3ncc(C(F)(F)F)cc3Cl)ccc2F)N=C(N)COCC1(F)F,120.0,nM,6.92
CHEMBL3653494,CCOc1cnc(C(=O)Nc2ccc(F)c([C@]3(C(F)F)COCC(N)=N3)c2)cn1,49.0,nM,7.31
CHEMBL3653500,Cc1cc(OCF)cnc1C(=O)Nc1ccc(F)c([C@]2(C(F)F)COCC(N)=N2)c1,29.0,nM,7.54
CHEMBL3653504,COCCOc1cnc(C(=O)Nc2ccc(F)c([C@]3(C(F)F)COCC(N)=N3)c2)c(F)c1,340.0,nM,6.47
CHEMBL3653508,NC1=N[C@@](c2cc(NC(=O)c3ncc(CC(F)F)cc3Cl)ccc2F)(C(F)F)COC1,50.0,nM,7.3
CHEMBL190010,CSCC[C@H](NC(=O)[C@H](CC(C)C)NC(C)=O)C(=O)N[C@@H](CC(C)C)[C@@H](O)[C@@H]1CCC[C@H]1C(=O)N[C@@H](C)C(=O)O,60.0,nM,7.22
CHEMBL429668,CCNc1cc(C(=O)N[C@@H](Cc2ccccc2)[C@H](O)CNCc2ccccc2OC)cc(N2CCCC2=O)c1,1350.0,nM,5.87
CHEMBL252459,CCCCCC(C)(C)NC[C@@H](O)[C@H](Cc1ccccc1)NC(=O)c1cc(NCC)cc(N2CCCC2=O)c1,550.0,nM,6.26
CHEMBL252262,CCNc1cc(C(=O)N[C@@H](Cc2ccccc2)[C@H](O)CNCC2CCCCC2)cc(N2CCCC2=O)c1,5890.0,nM,5.23
CHEMBL252058,CCNc1cc(C(=O)N[C@@H](Cc2ccccc2)[C@H](O)CNC2CCSCC2)cc(N2CCCC2=O)c1,650.0,nM,6.19
CHEMBL253930,C[C@@H](NC(=O)c1cc(C(=O)N[C@@H](Cc2ccccc2)[C@H](O)CNCc2ccc3ccn(S(C)(=O)=O)c3c2)cc(N(C)S(C)(=O)=O)c1)c1ccccc1,200.0,nM,6.7
CHEMBL3947194,C[C@H]1C[C@H]2CSC(N)=N[C@@]2(c2nc(NC(=O)c3ccc(OC(F)(F)F)cn3)cs2)CO1,108.0,nM,6.97
CHEMBL3973335,Cc1nc(C(=O)Nc2csc([C@]34CO[C@@H](C)C[C@H]3CSC(N)=N4)n2)c(C(F)(F)F)o1,145.0,nM,6.84
CHEMBL3977620,C[C@H]1C[C@H]2CSC(N)=N[C@@]2(c2nc(NC(=O)c3ccc(OC(C)(F)F)cn3)cs2)CO1,185.0,nM,6.73
CHEMBL3938206,C[C@H]1C[C@H]2CSC(N)=N[C@@]2(c2nc(NC(=O)c3ccc(OC(F)F)nc3)cs2)CO1,232.0,nM,6.63
CHEMBL3911702,C[C@H]1C[C@H]2CSC(N)=NC2(c2nc(NC(=O)c3cn(C)nc3C(F)(F)F)cs2)CO1,3840.0,nM,5.42
CHEMBL3930808,C[C@@]1(c2nc(NC(=O)c3ncc(Br)cc3Cl)ccc2F)C[C@@H](C(F)(F)F)OC(N)=N1,21.9,nM,7.66
CHEMBL3944240,C[C@@]1(c2cc(Nc3nc4ccc(Cl)cc4o3)ccc2F)C[C@@H](C(F)(F)F)OC(N)=N1,3010.0,nM,5.52
CHEMBL3908985,NC1=N[C@](CO)(c2cc(Oc3cc(Br)ccn3)ccc2F)C[C@@H](C(F)(F)F)O1,19.0,nM,7.72
CHEMBL3899306,COc1cnc2c(Nc3cc(F)c(F)c([C@]4(C)C[C@@H](C(F)(F)F)OC(N)=N4)c3)nccc2n1,240.0,nM,6.62
CHEMBL3983828,Cc1cc(C#N)cnc1C(=O)Nc1ccc(F)c([C@]2(CF)C[C@@H](C(F)(F)F)OC(N)=N2)c1,7460.0,nM,5.13
CHEMBL3926156,Cc1nc(OCC(F)(F)F)cnc1C(=O)Nc1cc(F)c(F)c([C@]2(C)C[C@@H](C(F)(F)F)OC(N)=N2)c1,49.0,nM,7.31
CHEMBL3973889,COCc1cc(Cl)cnc1C(=O)Nc1cc(F)c(F)c([C@]2(C)C[C@@H](C(F)(F)F)OC(N)=N2)c1,13.0,nM,7.89
CHEMBL3670353,Cc1cc(C#N)cnc1C(=O)Nc1cccc([C@]2(C)CO[C@@](C)(C(F)(F)F)C(N)=N2)n1,5.0,nM,8.3
CHEMBL3670367,C[C@@]1(c2nc(NC(=O)c3ncc(OCC(F)(F)F)nc3N)ccc2F)CO[C@@](C)(C(F)(F)F)C(N)=N1,400.0,nM,6.4
CHEMBL191122,CC(C)C[C@H](NC(=O)[C@H](CC(N)=O)NC(=O)[C@@H](NC(=O)[C@@H](N)CCC(=O)O)C(C)C)[C@@H](O)[C@@H]1CCC[C@H]1C(=O)N[C@@H](C)C(=O)O,39.0,nM,7.41
CHEMBL3640227,COc1nc(Nc2ccc(F)c([C@]3(C)CCSC(N)=N3)c2)nc(OC)n1,2140.0,nM,5.67
CHEMBL3653349,Cc1nc(C(=O)Nc2cccc(C3(C)COCC(N)=N3)c2)cs1,3800.0,nM,5.42
CHEMBL3653381,Cc1cnc(C(=O)Nc2ccc(F)c([C@]3(C(F)F)COCC(N)=N3)c2)cn1,550.0,nM,6.26
CHEMBL3653387,C[C@@]1(c2cc(Br)cc(NC(=O)c3ccc(C(F)(F)F)cn3)c2)COCC(N)=N1,440.0,nM,6.36
CHEMBL3653390,Cc1cnc(C(=O)Nc2cc(Br)cc([C@]3(C)COCC(N)=N3)c2)cn1,1700.0,nM,5.77
CHEMBL401172,N#CCCCOc1ccc(-c2ccc(-c3ccccc3)n2CC(=O)NC(=N)N)cc1,900.0,nM,6.05
CHEMBL401289,CC(=O)c1ccc(Oc2ccc(-c3ccc(-c4ccccc4)n3CC(=O)NC(=N)N)cc2)cc1,1000.0,nM,6.0
CHEMBL3986014,NC1=N[C@](CF)(c2cc(Oc3cccc(C(F)(F)F)n3)ccc2F)C[C@@H](C(F)(F)F)O1,4560.0,nM,5.34
CHEMBL3952503,NC1=N[C@](CF)(c2cc(Oc3cc(Br)cc(Cl)n3)ccc2F)C[C@@H](C(F)(F)F)O1,2900.0,nM,5.54
CHEMBL3912808,C#CCOc1ccc(C(=O)Nc2ccc(F)c([C@]3(C)C[C@@H](C(F)(F)F)OC(N)=N3)c2)nc1,9.3,nM,8.03
CHEMBL3961630,C[C@@]1(c2cc(NC(=O)N3CC=CCC3)ccc2F)C[C@@H](C(F)(F)F)OC(N)=N1,908.0,nM,6.04
CHEMBL3898408,CC(C)n1cc(Cl)c(C(=O)Nc2cnc(F)c([C@]3(C)C[C@@H](C(F)(F)F)OC(N)=N3)c2)n1,5140.0,nM,5.29
CHEMBL3971569,COc1cnc(C(=O)Nc2cc(C)c(F)c([C@]3(CF)C[C@@H](C(F)(F)F)OC(N)=N3)c2)c(C)c1,49.0,nM,7.31
CHEMBL3905422,C[C@@]1(c2cc(NC(=O)c3cnc(C(F)F)cn3)cc(Cl)c2F)C[C@@H](C(F)(F)F)OC(N)=N1,47.0,nM,7.33
CHEMBL297739,CC(C)CC(NC(=O)c1ccc2ccccc2c1)[C@@H](O)CC(=O)N[C@@H](C(=O)N[C@H](C)C(=O)N[C@H](CCC(=O)O)C(=O)N[C@H](Cc1ccccc1)C(=O)O)C(C)C,48000.0,nM,4.32
CHEMBL1271451,CN1C(=O)[C@](c2ccccc2)(c2ccc(OC(F)(F)F)cc2)N=C1N,1420.0,nM,5.85
CHEMBL1271345,CN1C(=O)[C@@](c2ccc(OC(F)F)cc2)(c2cccc(C#CC3CCCCC3)c2)N=C1N,330.0,nM,6.48
CHEMBL1269920,C[C@@H](O)C#Cc1cccc([C@@]2(c3ccc(OC(F)F)cc3)N=C(N)N(C)C2=O)c1,20.0,nM,7.7
CHEMBL1269921,CN1C(=O)[C@@](c2ccc(OC(F)F)cc2)(c2cccc(C#CCCCCO)c2)N=C1N,10.0,nM,8.0
CHEMBL1270834,CCCC#Cc1cc([C@@]2(c3ccc(OC(F)F)c(C)c3)N=C(N)N(C)C2=O)ccc1F,30.0,nM,7.52
CHEMBL1210431,CC(C)CCCC(C)NC[C@@H](O)[C@H](Cc1ccccc1)NC(=O)c1cccc(N(c2ccccc2)S(C)(=O)=O)c1,32.0,nM,7.5
CHEMBL2048210,O=C(N[C@@H](Cc1ccccc1)[C@H](O)C(=O)Nc1cccc(-c2nn[nH]n2)c1)c1cc(I)cc(C(=O)N2COC[C@@H]2c2ccccc2)c1,34.0,nM,7.47
CHEMBL2048211,Cc1cc(C(=O)N[C@@H](Cc2ccccc2)[C@H](O)C(=O)Nc2cccc(-c3nn[nH]n3)c2)cc(C(=O)N2COC[C@@H]2c2ccccc2)c1,67.0,nM,7.17
CHEMBL2048214,O=C(N[C@@H](Cc1ccccc1)[C@H](O)C(=O)Nc1cccc(-c2nn[nH]n2)c1)c1cc(C(=O)N2COC[C@@H]2c2ccc(F)cc2)cc([N+](=O)[O-])c1,13.0,nM,7.89
CHEMBL2403772,C[C@@]1(c2cc(NC(=O)c3ccc(Cl)cn3)ccc2F)CCC2(CC2)C(N)=N1,31.0,nM,7.51
CHEMBL3127069,CN1C(=O)[C@]2(N=C1N)c1cc(-c3cccnc3F)ccc1C[C@H]1CCOC[C@@H]12,16.0,nM,7.8
CHEMBL210240,CCCCNC(=O)[C@H](C)C[C@H](O)[C@@H]1CSC/C=C/CS[C@H]2CCCN[C@H]2C(=O)N[C@@H](C)C(=O)N1,190.0,nM,6.72
CHEMBL381272,O=C(Nc1cc(Br)ccc1N1CCNCC1)c1cc(=O)c2ccccc2o1.O=C(O)C(F)(F)F,1600.0,nM,5.8
CHEMBL205241,COc1ccc2c(CC(=O)Nc3cc(Br)ccc3N3CCNCC3)cc(=O)oc2c1.O=C(O)C(F)(F)F,1700.0,nM,5.77
CHEMBL3650765,CCOc1cc(F)cc(-c2ccc3c(c2)C2(COC(N)=N2)C2(COC2)C2(CCC2)O3)c1,2800.0,nM,5.55
CHEMBL3929655,CO[C@H]1CC[C@]2(CC1)Cc1ccc(Br)cc1C21NC(=O)N(Cc2ccccc2)C1=O,17.2,nM,7.76
CHEMBL3901821,COC1CCC2(CC1)Cc1ccc(-c3cc(Cl)cc(C#N)c3)cc1C21N=C(N)N(C)C1=O,0.8,nM,9.1
CHEMBL3670370,Cc1cc(OC(F)F)cnc1C(=O)Nc1ccc(F)c([C@]2(C)CO[C@@](C)(C(F)(F)F)C(N)=N2)n1,26.0,nM,7.58
CHEMBL602233,COC(=O)CCc1c(OC)cc2occc2c1OCC=C(C)C,16200.0,nM,4.79
CHEMBL2178183,CCC(=O)Nc1c(C)cc(CN/C(N)=N/C(=O)c2c(-c3ccc(OC)cc3)noc2C)cc1Cl,780.0,nM,6.11
CHEMBL2158259,CC(=O)N[C@@H](Cc1ccccc1)[C@H](O)CN[C@H]1CC(C)(C)Cn2nc(CC(C)(C)C)cc21,440.0,nM,6.36
CHEMBL2158252,CC(=O)N[C@@H](Cc1ccccc1)[C@H](O)CN[C@H]1CC(C)(C)Oc2ccc(CC(C)(C)C)cc21,12.0,nM,7.92
CHEMBL2158258,CC(=O)N[C@@H](Cc1ccccc1)[C@H](O)CN[C@@H]1CC(C)(C)Cc2nn(CC(C)C)cc21,5600.0,nM,5.25
CHEMBL230314,CCCNC(=O)c1cc(C#N)cc(C(=O)N[C@@H](Cc2ccccc2)[C@H](O)CNCc2cccc(OC)c2)c1,770.0,nM,6.11
CHEMBL2151150,CC(=O)N[C@@H](Cc1ccccc1)[C@H](O)CN[C@H]1CC2(CCC2)Oc2ccc(CC(C)(C)C)cc21,81.0,nM,7.09
CHEMBL506251,CCCN(CCC)C(=O)c1cccc(C(=O)N[C@@H](COCc2cc(F)cc(F)c2)[C@@H](O)CC(=O)N[C@H](C(=O)Nc2cc(C(=O)O)cc(C(=O)O)c2)C(C)C)c1,2230.0,nM,5.65
CHEMBL506759,CC(C)[C@H](NC(=O)C[C@H](O)[C@H](COCc1cc(F)cc(F)c1)NC(=O)c1cc(C(=O)N[C@H](C)c2ccccc2)cc(N(C)S(C)(=O)=O)c1)C(=O)NCc1ccc(C(=O)O)cc1,120.0,nM,6.92
CHEMBL1271192,Cc1cccc(NC(=O)CSc2nc3ccc(Nc4nc(N5CCCC5)nc(N5CCCC5)n4)cc3s2)c1C,2830.0,nM,5.55
CHEMBL4104527,CN(Cc1cc([C@]2(C)CCSC(N)=N2)c(F)cc1F)CC(F)(F)F,1013.0,nM,5.99
CHEMBL1645518,CC(C)[C@H](NC(=O)[C@@H](NC(=O)[C@@H](N)CNC(=O)c1nn[nH]n1)C(C)C)C(=O)NCC(O)C(=O)Nc1cccc(C(=O)O)c1,3000.0,nM,5.52
CHEMBL2152904,CCn1cc([C@]2(c3cccc(-c4cncc(C#N)c4)c3)N=C(N)c3c(F)cccc32)cc(C)c1=O,8.0,nM,8.1
CHEMBL565251,COc1cccc(C2(c3ccccc3)N=C(N)N3CCCN=C32)c1,20300.0,nM,4.69
CHEMBL1165089,O=C(Nc1cc(Br)ccc1N1CCNCC1)c1cc2ccccc2oc1=O,670.0,nM,6.17
CHEMBL206854,COc1cccc2cc(C(=O)Nc3cc(Br)ccc3N3CCN(C(=O)OC(C)(C)C)CC3)c(=O)oc12,1000.0,nM,6.0
CHEMBL1164397,O=C(O)c1cccc(-c2ccc(/C=N/Nc3nc(Nc4ccccc4)nc(N4CCCCC4)n3)o2)c1,100000.0,nM,4.0
CHEMBL1164972,COc1ccc(OC)c(/N=c2\oc3c(C)ncc(CO)c3cc2C(=O)Nc2ccc(Cl)cc2)c1,100000.0,nM,4.0
CHEMBL1163651,CSc1ccc(C(O)C(CO)NC(=O)c2cc3c(n(-c4ccc(Cl)cc4)c2=O)CC(C)(C)CC3=O)cc1,100000.0,nM,4.0
CHEMBL201940,CN(c1cc(Cc2ccccc2)cc(C(=O)N[C@@H](Cc2ccccc2)[C@H](O)CNC2CC2)c1)S(C)(=O)=O,4630.0,nM,5.33
CHEMBL403820,CCNc1cc(C(=O)N[C@@H](Cc2ccccc2)[C@H](O)CNCc2cc(OC)cc(OC)c2)cc(N2CCCC2=O)c1,100.0,nM,7.0
CHEMBL402348,CCNc1cc(C(=O)N[C@@H](Cc2ccccc2)[C@H](O)CNCc2cccc(OC(F)(F)F)c2)cc(N2CCCC2=O)c1,20.0,nM,7.7
CHEMBL252495,CCNc1cc(C(=O)N[C@@H](Cc2ccccc2)[C@H](O)CN[C@@H]2CCc3ccccc32)cc(N2CCCC2=O)c1,34670.0,nM,4.46
CHEMBL252655,CCNc1cc(C(=O)N[C@@H](Cc2ccccc2)[C@H](O)CNC(C)(C)COCC(C)C)cc(N2CCCC2=O)c1,790.0,nM,6.1
CHEMBL252458,CCNc1cc(C(=O)N[C@@H](Cc2ccccc2)[C@H](O)CNC(C)(C)CCCC(C)C)cc(N2CCCC2=O)c1,33.0,nM,7.48
CHEMBL576258,NC1=N[C@](c2ccc(OC(F)(F)F)cc2)(c2cccc(-c3cccnc3F)c2)C2=NCCCN12,20.0,nM,7.7
CHEMBL521912,CCCN(CCC)C(=O)c1cc(C)cc(C(=O)N[C@@H](Cc2cc(F)cc(F)c2)[C@H](O)[C@@H]2NCCN(CC)C2=O)c1,175.0,nM,6.76
CHEMBL399425,C[C@@]1(N)Cc2ccc(F)c(c2)CC[C@H](c2ccc(F)cc2)NC(=O)c2cc(cc(-c3cccc(F)c3C#N)c2)COC1=O,46.0,nM,7.34
CHEMBL251307,C[C@@]1(N)Cc2cccc(c2)CC[C@H](c2ccccc2)NC(=O)c2cc(cc(-c3ncco3)c2)COC1=O,780.0,nM,6.11
CHEMBL501927,CCNc1cc(C(=O)N[C@@H](Cc2ccccc2)[C@H](O)CNCc2cccc(C(F)(F)F)c2)cc(N2CCCCS2(=O)=O)c1OC,18.0,nM,7.75
CHEMBL3650162,O=C([C@@H]1CNC[C@]12CCc1cc(Br)ccc12)N1CCC(c2ccccc2)CC1,14000.0,nM,4.85
CHEMBL3597549,CN(Cc1ccccc1)Cc1ccc(/C=C2\Cc3ccc(OCCCCCN4CCN(c5ccccc5)CC4)cc3C2=O)cc1,11670.0,nM,4.93
CHEMBL3951464,COc1cncc(-c2ccc3c(c2)[C@]2(COC(=N)N2)C2(COC2)[C@H](C)O3)c1,1890.0,nM,5.72
CHEMBL3650794,COc1cc(-c2ccc3c(c2)C2(COC(N)=N2)C2(COC2)C(C)(C)O3)c(Cl)cn1,1040.0,nM,5.98
CHEMBL4108797,CO[C@H]1[C@H](C)C[C@@]2(Cc3ccc(C#N)cc3[C@]23N=C(N)N(CC2COC2)C3=O)C[C@@H]1C,9.0,nM,8.05
CHEMBL3640236,CC1(C)C[C@@](C)(c2cc(NC(=O)c3ncccc3F)ccn2)N=C(N)S1,10.0,nM,8.0
CHEMBL3650810,CC1(C)Oc2ccc(-c3cccc4cccnc34)cc2C2(COC(N)=N2)C12COC2,3240.0,nM,5.49
CHEMBL3650821,CC1(C)Oc2ccc(NC(=O)c3ncc(Br)cn3)cc2C2(COC(N)=N2)C12COC2,125.0,nM,6.9
CHEMBL3650823,N#Cc1cnc(C(=O)Nc2ccc3c(c2)C2(COC(N)=N2)C2(CC2)CO3)c(Cl)c1,318.0,nM,6.5
CHEMBL3703225,CC#Cc1cc(-c2ccc3c(c2)C2(COC(N)=N2)C2(COC2)CO3)ccn1,2710.0,nM,5.57
CHEMBL3394057,NC1=N[C@@]2(CO1)c1cc(-c3cccnc3F)ccc1Oc1cnc(-c3ccnc(F)c3)cc12,0.9,nM,9.05
CHEMBL1821820,Cc1ccccc1-c1ccc2nc(N)c(C[C@@H](C)C(=O)NCCC(C)(C)C)cc2c1,0.65,nM,9.19
CHEMBL584963,CC(C)CC1(C)NC(=N)N(Cc2ccc(CNC(=O)Nc3ccc(C#N)cc3)cc2)C1=O,7000.0,nM,5.16
CHEMBL5923202,CN1C(=O)C2(CC3(CC=CC3)c3ccc(Br)cc32)N=C1N,13500.0,nM,4.87
CHEMBL572692,COc1ccc(COC[C@@H](C[C@H](O)[C@H](COc2cc(F)cc(F)c2)NC(=O)c2cc(C(=O)N[C@H](C)c3ccccc3)cc(N(C)S(C)(=O)=O)c2)OC)cc1,140.0,nM,6.85
CHEMBL3957970,COc1ccc(C(=O)Nc2ccc(F)c([C@]3(CF)C[C@@H](C(F)(F)F)OC(N)=N3)c2)nc1,19.7,nM,7.71
CHEMBL3966600,COc1cnc2c(Nc3ccc(F)c([C@]4(CF)C[C@@H](C(F)(F)F)OC(N)=N4)c3)ncnc2c1,95.9,nM,7.02
CHEMBL3943888,NC1=N[C@](CF)(c2cc(-c3nc4ccc(Cl)cc4o3)ccc2F)C[C@@H](C(F)(F)F)O1,2810.0,nM,5.55
CHEMBL1821810,Cc1ccccc1-c1ccc2nc(N)c(CCC(=O)N(C)C3CCCCC3)cc2c1,5200.0,nM,5.28
CHEMBL584109,CCc1cc(C2(C34CC5CC(CC(C5)C3)C4)N=C(N)N(C)C2=O)ccc1OC,280.0,nM,6.55
CHEMBL3659641,COc1ccc(C2(c3cn(C)c(N)n3)CCCCC2)cc1,27000.0,nM,4.57
CHEMBL3659642,COc1ccc(C(Cc2ccc(-c3ccc(=O)[nH]c3)cc2)c2cn(C)c(N)n2)cc1,17000.0,nM,4.77
CHEMBL1645504,CC(C)C[C@H](NC(=O)[C@@H](NC(=O)[C@@H](N)CNC(=O)c1nn[nH]n1)C(C)C)C(=O)NCC(O)(Cc1ccccc1)C(=O)Nc1cccc(C(=O)O)c1,430.0,nM,6.37
CHEMBL394596,CCCN(CCC)C(=O)c1cc(C(=O)N[C@@H](Cc2ccccc2)[C@H](O)CNCc2cccc(OC)c2)cc(C(=O)OCC)c1,132.0,nM,6.88
CHEMBL231646,CCCN(CCC)C(=O)c1cc(C#N)cc(C(=O)N[C@@H](Cc2ccccc2)[C@H](O)CNCc2cccc(OC)c2)c1,90.0,nM,7.05
CHEMBL3656248,CN1C(=O)[C@@]2(N=C1N)c1cc(C#N)ccc1CC21CCc2ccccc2CC1,1452.5,nM,5.84
CHEMBL3970197,CCO[C@H]1CC[C@]2(CC1)Cc1ccc(-c3cccc(C#N)c3)cc1C21N=C(N)N(C)O1,41.7,nM,7.38
CHEMBL589163,CN1C(=O)C(C2CCCCC2)(C2CCCCC2)N=C1N,1080.0,nM,5.97
CHEMBL594896,COc1cccc(C(=O)Nc2cccc(C3(C4CCCCC4)N=C(N)N(C)C3=O)c2)c1,1360.0,nM,5.87
CHEMBL5802529,Cc1cc(OC(F)F)cnc1C(=O)Nc1csc([C@@]23CO[C@H](C(F)(F)F)C[C@@H]2COC(N)=N3)n1,10800.0,nM,4.97
CHEMBL5858986,NC1=N[C@]2(c3nc(NC(=O)c4ccc(OC(F)F)cn4)cs3)CO[C@H](C(F)(F)F)C[C@@H]2CO1,15000.0,nM,4.82
CHEMBL6025628,NC1=N[C@@]2(c3nc(NC(=O)c4ccc(OC(F)F)cn4)cs3)CO[C@@H](C(F)(F)F)C[C@H]2CO1,371.0,nM,6.43
CHEMBL6009419,C[C@H]1C[C@H]2CSC(NC(=O)c3ccccc3)=N[C@@]2(c2nc(NC(=O)c3ccc(Cl)cn3)cs2)CO1,33.0,nM,7.48
CHEMBL5774065,COC1CCC2(CC1)Cc1ccc(-c3cncc(C#N)c3)cc1C21N=C(N)N(CC(F)(F)F)C1=O,22.5,nM,7.65
CHEMBL5781381,COC1CCC2(CC1)Cc1ccc(OCC3CC3)cc1C21N=C(SCC(F)(F)F)N(CC(F)(F)F)C1=O,13.5,nM,7.87
CHEMBL6048083,COC1CCC2(CC1)Cc1ccc(CCC3CC3)cc1C21N=C(SCC(F)(F)F)N(CC(F)(F)F)C1=O,61.5,nM,7.21
CHEMBL5859618,COC1CCC2(CC1)Cc1ccc(CCC3CC3)cc1C21N=C(SCc2ccccc2)N(Cc2ccccc2)C1=O,22.9,nM,7.64
CHEMBL2203629,CCCN(c1cc(COC(=O)[C@](C)(N)Cc2ccccc2)cc(C(=O)N[C@H](C)c2ccc(F)cc2)c1)S(C)(=O)=O,27.0,nM,7.57
CHEMBL2178178,COc1ccc(-c2nsc(C)c2C(=O)/N=C(\N)NCc2cc(Cl)c(N)c(Cl)c2)cc1,1700.0,nM,5.77
CHEMBL2178190,COc1ccc(-c2noc(C)c2C(=O)/N=C(\N)NCc2cc(C)c(NC(=O)c3ccco3)c(Cl)c2)cc1,1400.0,nM,5.85
CHEMBL2178179,COc1ccc(-c2noc(C)c2C(=O)/N=C(\N)NCc2cc(Cl)c(NC(C)=O)c(Cl)c2)cc1,790.0,nM,6.1
CHEMBL2047036,CN(c1cc2cc(c1)C(=O)N[C@H]([C@H](O)CNCc1ccccc1)COCCCCCNC2=O)S(C)(=O)=O,5300.0,nM,5.28
CHEMBL2030999,C=CC[C@H](NC(C)=O)[C@H](O)CN[C@H]1CC2(CCC2)Oc2ncc(CC(C)(C)C)cc21,31.0,nM,7.51
CHEMBL2031138,CC(=O)N[C@@H](Cc1ccc(F)cc1)[C@H](O)CN[C@H]1C[C@@]2(CC[C@H]2C)Oc2ncc(CC(C)(C)C)cc21,30500.0,nM,4.52
CHEMBL461867,COc1ccc(Nc2cc(-c3ccccc3)ncn2)cc1NS(C)(=O)=O,69000.0,nM,4.16
CHEMBL3354717,NC1=N[C@@]2(CO1)c1cc(-c3cccnc3F)ccc1Oc1c(F)cc(C3=CCCOC3)cc12,3.0,nM,8.52
CHEMBL3354692,COC(C)(C)C#Cc1ccc2c(c1)[C@]1(COC(N)=N1)c1cc(-c3cncnc3)ccc1O2,19.0,nM,7.72
CHEMBL3354695,CC1(C)CN(c2ccc3c(c2)[C@]2(COC(N)=N2)c2cc(-c4cncnc4)ccc2O3)CCO1,30.0,nM,7.52
CHEMBL3354699,CC(C)(F)COc1ccc2c(c1)[C@]1(COC(N)=N1)c1cc(-c3cncnc3)ccc1O2,30.0,nM,7.52
CHEMBL3354701,CC1(COc2ccc3c(c2)[C@]2(COC(N)=N2)c2cc(-c4cncnc4)ccc2O3)COC1,10.0,nM,8.0
CHEMBL3354705,CC(C)(C)COc1ccc2c(c1)[C@]1(COC(N)=N1)c1cc(-c3ccc(F)nc3)ccc1O2,113.0,nM,6.95
CHEMBL3359759,NC1=N[C@@]2(CO1)c1cc(-c3cccnc3F)ccc1Oc1ncc(-c3ccnc(F)c3)cc12,15.0,nM,7.82
CHEMBL3359750,CC(C)(C)COc1ccc2c(c1)[C@]1(COC(N)=N1)c1cc(-c3cncnc3)cnc1O2,1350.0,nM,5.87
CHEMBL3357658,CN1C(=O)[C@]2(N=C1N)c1cc(-c3cccnc3F)ccc1O[C@@]1(C)CCCO[C@@H]12,13.0,nM,7.89
CHEMBL3357663,NC1=N[C@@]2(CS1)c1cc(-c3cccnc3F)ccc1O[C@@H]1CCCO[C@H]12,550.0,nM,6.26
CHEMBL598259,CCc1cc(C2(c3cccc(-c4cncnc4)c3)N=C(N)N(C)C2=O)ccn1,29.99,nM,7.52
CHEMBL383772,CN(c1cc(C(=O)N[C@@H](Cc2ccccc2)[C@H](O)CNC2CC2)cc(C(=O)C2CCCC2)c1)S(C)(=O)=O,180.0,nM,6.75
CHEMBL1644463,CC(C)S[C@H](NC(=O)[C@@H](C[C@H](O)[C@@H]1COCc2cccc(c2)C(c2ccccc2)NC(=O)c2cc(cc(N(C)S(C)(=O)=O)c2)C(=O)N1)C(C)C)C(=O)NCc1ccccc1,240.0,nM,6.62
CHEMBL3216556,CC1=C[C@@H]2Cc3nc4cc(Cl)ccc4c(NCCCCCCCNc4c5c(nc6cc(Cl)ccc46)CCCC5)c3[C@H](C1)C2.Cl.Cl.Cl.Cl,5700.0,nM,5.24
CHEMBL270248,CCN(Cc1ccccc1)Cc1ccc(-c2cc3ccc(OCCNC(=O)/C=C/c4ccc(Cl)c(Cl)c4)cc3oc2=O)cc1,151.0,nM,6.82
CHEMBL271440,CCCOc1ccc(-c2ccc(-c3ccccc3Cl)n2CC(=O)/N=C(/N)NCc2ccc(O)c(OC)c2)cc1,651.0,nM,6.19
CHEMBL272719,CCCOc1ccc(-c2ccc(-c3ccccc3Cl)n2CC(=O)/N=C(/N)NCCCn2ccnc2)cc1,241.0,nM,6.62
CHEMBL271422,CCCOc1ccc(-c2ccc(-c3ccccc3Cl)n2CC(=O)/N=C(/N)NCC(C)(C)CO)cc1,203.0,nM,6.69
CHEMBL272970,CCCOc1ccc(-c2ccc(-c3ccccc3Cl)n2CC(=O)/N=C(/N)NCCC(N)=O)cc1,172.0,nM,6.76
CHEMBL2347198,CC#CCOc1cnc(C(=O)Nc2ccc(F)c([C@@]3(C)N=C(N)OCC3(F)F)c2)cn1,1.0,nM,9.0
CHEMBL2347193,C[C@]1(c2cc(NC(=O)c3ncc(Cl)cc3Cl)ccc2F)N=C(N)OCC1(F)F,13.0,nM,7.89
CHEMBL2347364,C#Cc1ccc(C(=O)Nc2ccc(F)c([C@@]3(C)N=C(N)OCC3(F)F)c2)nc1,24.0,nM,7.62
CHEMBL2347874,O=C(Nc1cc(Br)ccc1N1CCN(CCN2C(=O)c3ccccc3C2=O)CC1)c1cc2ccccc2o/c1=N\c1ccccc1,98.0,nM,7.01
CHEMBL2031143,CC(=O)N[C@@H](Cc1ccc(F)c(F)c1)[C@H](O)CN[C@H]1C[C@]2(C[C@H](C)C2)Oc2ncc(CC(C)(C)C)cc21,0.7,nM,9.15
CHEMBL1097347,CCCCN1CC(C(=O)N[C@@H](Cc2cc(F)cc(F)c2)[C@H](O)[C@H]2CN(S(=O)(=O)c3cccc(C)c3)CCN2)CC1=O,1350.0,nM,5.87
CHEMBL1097349,COC[C@H]1CCCN1C(=O)c1cc(C)cc(C(=O)N[C@@H](Cc2cc(F)cc(F)c2)[C@H](O)[C@H]2CN(S(=O)(=O)c3cccc(Cl)c3)CCN2)c1,22.0,nM,7.66
CHEMBL2048049,CC(C)Oc1cc(C[C@@H]2CS(=O)(=O)C[C@H](NCc3cccc(C(C)(C)C)c3)[C@H]2O)cc(F)c1N,443.0,nM,6.35
CHEMBL2048052,CCOC[C@H](Oc1cc(C[C@@H]2CS(=O)(=O)C[C@H](NCc3cccc(C(C)(C)C)c3)[C@H]2O)cc(F)c1N)C(F)(F)F,346.0,nM,6.46
CHEMBL1096681,C[C@@H](NC(=O)c1cc(-c2noc([C@](C)(N)Cc3ccccc3)n2)cc(N(C)S(C)(=O)=O)c1)c1ccc(F)cc1,2060.0,nM,5.69
CHEMBL567258,CN1C(=O)C(c2ccc(OC(F)(F)F)cc2)(c2cccc(-c3cccnc3F)c2)N=C1N,60.0,nM,7.22
CHEMBL583697,CO[C@@H](COCC1CC1)C[C@H](O)[C@H](COc1cc(F)cc(F)c1)NC(=O)c1cc(C(=O)N[C@H](C)c2ccccc2)cc(N(C)S(C)(=O)=O)c1,1860.0,nM,5.73
CHEMBL573106,CO[C@H](C[C@H](O)[C@H](COc1cc(F)cc(F)c1)NC(=O)c1cc(C(=O)N[C@H](C)c2ccccc2)cc(N(C)S(C)(=O)=O)c1)C(=O)N[C@H](C(=O)NCc1ccccc1)C(C)C,0.32,nM,9.49
CHEMBL577905,COc1ccc(C2(c3ccccc3)N=C(N)N(C)C2=O)cc1,3100.0,nM,5.51
CHEMBL3707022,COc1ccc2c(c1F)CCC2(Cc1ccc(C(F)(F)F)cc1)c1cn(C)c(N)n1,63.0,nM,7.2
CHEMBL2011988,CN1C(=N)NC(c2cccc(-c3cccc(Cl)c3)c2)(C2CC2)C1=O,1900.0,nM,5.72
CHEMBL3586138,Cl.NC1=NC2CCC(NC(=O)c3ccccc3)CC2CS1,21700.0,nM,4.66
CHEMBL3586137,Cl.NC1=NC2CCC(NC(=O)c3ccc(F)cn3)CC2CS1,37500.0,nM,4.43
CHEMBL202057,CN(c1cc(C(=O)N[C@@H](Cc2ccccc2)[C@H](O)CNC2CC2)cc(C(=O)C2CCCCC2)c1)S(C)(=O)=O,450.0,nM,6.35
CHEMBL4061602,C[C@@H](NCc1cc([C@]2(C)CCSC(N)=N2)c(F)cc1F)C(F)(F)F,64.0,nM,7.19
CHEMBL3703270,NC1=NC2(CO1)c1cc(-c3cccnc3F)ccc1OC1(CCC1)C21COC1,1080.0,nM,5.97
CHEMBL3703273,Cc1ncccc1-c1ccc2c(c1)C1(COC(N)=N1)C1(COC1)C1(CCC1)O2,35400.0,nM,4.45
CHEMBL3703286,NC1=NC2(CO1)c1cc(-c3cncnc3)ccc1OC(C1CC1)C21COC1,2510.0,nM,5.6
CHEMBL3691370,NC1=N[C@@]2(c3ccc(O)cc3F)COCC[C@H]2CS1,5350.0,nM,5.27
CHEMBL4086961,CC#CCOc1cnc(C(=O)Nc2ccc(F)c([C@]3(C)CC(=O)N(C)C(N)=N3)c2)cn1,1.05,nM,8.98
CHEMBL52174,COC(=O)CCCNC(=O)[C@H](NC(=O)C[C@H](O)C(CC(C)C)NC(=O)[C@H](CCSC)NC(=O)[C@@H](NC(=O)OC(C)(C)C)C(C)C)C(C)C,47000.0,nM,4.33
CHEMBL3958521,C[C@@]1(c2cc(Nc3ncc(F)c4cc(C#N)cnc34)cnc2F)C[C@@H](C(F)(F)F)OC(N)=N1,61.3,nM,7.21
CHEMBL3265333,N#Cc1cccc(-c2ccc3c(c2)[C@@]2(COC(N)=N2)[C@@H]2CCOC[C@H]2O3)c1,300.0,nM,6.52
CHEMBL3670350,NC1=NC(CF)(c2cccc(NC(=O)c3ccc(Br)cn3)n2)COC1,1600.0,nM,5.8
CHEMBL3670355,C[C@@]1(c2cccc(NC(=O)c3ccc(C#N)cn3)n2)CO[C@@](C)(C(F)(F)F)C(N)=N1,39.0,nM,7.41
CHEMBL3672445,COc1cc(O)cc(/C=C/C(=O)CC(=O)/C=C/c2cc(O)cc(OC)c2)c1,480.0,nM,6.32
CHEMBL3677235,O=C(/C=C/c1ccc(O)cc1)CC(=O)/C=C/c1cc(O)ccc1-c1ccccc1,1000.0,nM,6.0
CHEMBL3677239,O=C(/C=C/c1cc(O)ccc1[N+](=O)[O-])CC(=O)CCc1ccc(O)cc1,600.0,nM,6.22
CHEMBL3703293,NC1=NC2(CO1)c1cc(-c3cncc(C(F)(F)F)c3)ccc1OC1(CCC1)C21COC1,2970.0,nM,5.53
CHEMBL3954417,CC(C)[C@H]1C[C@@H](c2ccccc2)CCN1C(=O)[C@H]1CNC[C@@]12CCCc1ccccc12,22000.0,nM,4.66
CHEMBL3693231,NC1=N[C@@](c2cc(NC(=O)c3cnc(OCC4CC4)cn3)ccc2F)(C(F)F)[C@H]2C[C@H]2O1,43.0,nM,7.37
CHEMBL3422243,C[C@H]1SC(N)=N[C@@]2(c3ccc(F)cc3F)CO[C@@H](c3cnn(C)c3)C[C@@H]12,24.6,nM,7.61
CHEMBL384496,CC[C@H](NCC1Cc2cccc(c2)OCCNC(=O)c2cc(cc(N(C)S(C)(=O)=O)c2)C(=O)N1)C(=O)NCC(C)C,32.0,nM,7.5
CHEMBL385374,CCCC[C@H](NC[C@@H]1Cc2cccc(c2)CCCCc2cc(cc(N(CCC)S(C)(=O)=O)c2)C(=O)N1)C(=O)NCC(C)C,76.0,nM,7.12
CHEMBL217374,CC[C@H](NCC1Cc2cccc(c2)CCCCc2cc(cc(N(C)S(C)(=O)=O)c2)C(=O)N1)C(=O)NCC(C)C,1139.0,nM,5.94
CHEMBL2346799,CC1(C)Cc2cc(Cl)ccc2C(N[C@@H](Cc2ccccc2)c2nc3ccccc3c(=O)[nH]2)=N1,7230.0,nM,5.14
CHEMBL2349466,CC1(C)Cc2ccc(-c3cncnc3)cc2C2(COC(N)=N2)C1,4892.0,nM,5.31
CHEMBL2349463,CN1C(=O)CC2(CC(C)(C)Cc3ccc(-c4cncc(Cl)c4)cc32)N=C1N,32863.0,nM,4.48
CHEMBL2349507,CN1C(=O)C2(CC(C)(C)Oc3ccc(-c4cccnc4F)cc32)N=C1N,130.0,nM,6.89
CHEMBL2349502,CN1C(=O)C2(CC(C)(C)Oc3ccc(-c4ccccn4)cc32)N=C1N,2363.0,nM,5.63
CHEMBL2349491,CN1C(=O)C2(CC(C)(C)Oc3ccc(-c4cc(Cl)ccc4F)cc32)N=C1N,36.0,nM,7.44
CHEMBL2349614,COc1cccc(-c2ccc3c(c2)C2(CC(C)(C)O3)N=C(N)N(C)C2=O)c1,68.0,nM,7.17
CHEMBL2349613,CN1C(=O)C2(CC(C)(C)Oc3ccc(-c4cccc(C#N)c4)cc32)N=C1N,94.0,nM,7.03
CHEMBL2349611,CN1C(=O)C2(CC(C)(C)Oc3ccc(-c4ccccc4)cc32)N=C1N,455.0,nM,6.34
CHEMBL2047665,CC(C)[C@H](NC(=O)[C@@H](N)CNC(=O)c1[nH]c(=O)[nH]c(=O)c1F)C(=O)N[C@@H](CC1CCCCC1)C(=O)N[C@@H](Cc1ccccc1)C(=O)N[C@H](CC(N)=O)C(=O)O,141.0,nM,6.85
CHEMBL2047223,Clc1ccccc1CNc1ccnc(NC2CCN(Cc3ccccc3)CC2)n1,1700.0,nM,5.77
CHEMBL2047664,CC(C)[C@H](NC(=O)[C@@H](N)CNC(=O)c1[nH]c(=O)[nH]c(=O)c1F)C(=O)N[C@@H](CC1CCCCC1)C(=O)N[C@@H](Cc1ccccc1)C(=O)N[C@H](CO)C(=O)O,163.0,nM,6.79
CHEMBL3746896,CC(C)c1ccc(CO[C@H]2CN(S(=O)(=O)c3ccccc3)C[C@@H]2Nc2nc3cc(F)ccc3[nH]2)cc1,480.0,nM,6.32
CHEMBL3747445,CCCS(=O)(=O)N1C[C@H](Nc2nc3cc(F)ccc3[nH]2)[C@@H](OCc2ccc(C(C)C)cc2)C1,640.0,nM,6.19
CHEMBL2151138,CN1C(=N)N[C@](C)(c2cc(-c3cccc(C#N)c3)cs2)CC1=O,68.0,nM,7.17
CHEMBL4640948,NC1=N[C@@]2([C@@H]3C[C@H]3C(=O)Nc3ccc(F)cn3)COC[C@H]2CS1,92400.0,nM,4.03
CHEMBL4636311,CCCNC(=O)[C@@H]1C[C@H]1[C@]12COC[C@H]1CSC(N)=N2,14000.0,nM,4.85
CHEMBL164,O=c1c(O)c(-c2cc(O)c(O)c(O)c2)oc2cc(O)cc(O)c12,2800.0,nM,5.55
CHEMBL4554770,FC(F)(F)Oc1ccc2nc(-c3cccc(N4CCc5ccccc5C4)n3)[nH]c2c1,1100.0,nM,5.96
CHEMBL3640255,COc1nc(N2C[C@H]3C(=O)N(C)C(N)=N[C@@]3(c3cc(F)c(F)cc3F)C2)nc(C)c1F,35.0,nM,7.46
CHEMBL3640259,COc1nc(N2C[C@H]3C(=O)N(C)C(N)=N[C@@]3(c3ccccc3)C2)nc(C)c1F,58.0,nM,7.24
CHEMBL3640290,COc1nc(N2C[C@H]3C(=O)N(C)C(=N)N[C@@]3(c3ccc(F)cc3F)C2)nc(C)c1F,14.0,nM,7.85
CHEMBL3800286,COc1nc(N2C[C@H]3C(=O)N(C)C(=N)N[C@@]3(c3cc(-c4cccc(C#N)c4)cs3)C2)ncc1F,18.0,nM,7.75
CHEMBL4126598,COc1cccc(-c2nc(SCC(=O)Nc3nc(-c4cccc(Br)c4)cs3)[nH]c(=O)c2C#N)c1,17500.0,nM,4.76
CHEMBL3765711,O=C(/C=C/c1ccc(OCc2cc(F)cc(F)c2)cc1)CC(=O)/C=C/c1ccc(OCc2cc(F)cc(F)c2)cc1,730.0,nM,6.14
CHEMBL443087,C[C@@H](NC(=O)c1cc(C(=O)N[C@@H](Cc2ccccc2)[C@H](O)CNC2CC2)cc(N2CCCS2(=O)=O)c1)c1ccccc1,1774.0,nM,5.75
CHEMBL3763815,COc1ccc(/C=C/C(=O)/C=C(O)/C=C/c2ccc(OCc3ccccc3)cc2)cc1,2280.0,nM,5.64
CHEMBL2048060,CC1(C)OCc2ccc(CN[C@H]3CS(=O)(=O)C[C@@H](Cc4cc(F)c(N)c(OC(C(F)(F)F)C(F)(F)F)c4)[C@@H]3O)cc21,130.0,nM,6.89
CHEMBL2047915,CCCOc1cc(C[C@@H]2CS(=O)(=O)C[C@H](NCc3cccc(C(C)(C)C)c3)[C@H]2O)ccc1N,45.0,nM,7.35
CHEMBL2048037,CC(C)(C)c1cccc(CN[C@H]2CS(=O)(=O)C[C@@H](Cc3ccc(N)c(OCC(F)(F)F)c3)[C@@H]2O)c1,36.0,nM,7.44
CHEMBL4064708,COCCCNCc1cc([C@]2(C)CCSC(N)=N2)c(F)cc1F,53.0,nM,7.28
CHEMBL449938,CCn1nnc2c(N3CCCC3=O)cc(C(=O)N[C@@H](Cc3ccccc3)[C@H](O)CNCc3cccc(C(F)(F)F)c3)cc21,34.0,nM,7.47
CHEMBL448939,CCn1c(=O)[nH]c2c(N3CCCC3=O)cc(C(=O)N[C@@H](Cc3ccccc3)[C@H](O)CNCc3cccc(OC)c3)cc21,420.0,nM,6.38
CHEMBL2349488,CC1(C)Cc2ccc(-c3cncc(Cl)c3)cc2C2(CSC(N)=N2)C1,1994.0,nM,5.7
CHEMBL2349486,CC(=O)N1CCC(CN2C(=O)C3(CC(C)(C)Oc4ccc(-c5cccc(Cl)c5)cc43)N=C2N)CC1,22.0,nM,7.66
CHEMBL507571,CCCN(CCC)C(=O)c1cc(C)cc(C(=O)N[C@@H](Cc2cc(F)cc(F)c2)[C@H](O)[C@@H]2NCCN(CC3CC3)C2=O)c1,10.0,nM,8.0
CHEMBL3236215,O=C(NCc1cccc(F)c1)c1c[nH]c2ccc(S(=O)(=O)Nc3ccc(C(F)(F)F)cc3)cc2c1=O,1850.0,nM,5.73
CHEMBL202015,CN(c1cc(C(=O)N[C@@H](Cc2ccccc2)[C@H](O)CNC2CC2)cc(C(O)Cc2ccccc2)c1)S(C)(=O)=O,5500.0,nM,5.26
CHEMBL4289410,c1ccc(-c2ccc(NCCCN3CCCCC3)c(OCCN3CCCCC3)c2)c(CN2CCOCC2)c1,2800.0,nM,5.55
CHEMBL231864,CCCCS(=O)(=O)CC(NC(=O)OCCC#N)C(=O)N[C@@H](Cc1cc(F)cc(F)c1)[C@H](O)CNCc1cccc(CC)c1,8.0,nM,8.1
CHEMBL394271,CCCCS(=O)(=O)C[C@@H](NC(=O)c1ccncc1)C(=O)N[C@@H](Cc1cc(F)cc(F)c1)[C@H](O)CNCc1cccc(CC)c1,5.0,nM,8.3
CHEMBL2349469,CN1C(=O)[C@]2(CC(C)(C)Cc3ccc(-c4cccnc4F)cc32)N=C1N,30.0,nM,7.52
CHEMBL2349608,CN1C(=O)C2(CC(C)(C)Oc3ccc(-c4ccns4)cc32)N=C1N,501.0,nM,6.3
CHEMBL2349607,CN1C(=O)C2(CC(C)(C)Oc3ccc(-c4cncnc4)cc32)N=C1N,151.0,nM,6.82
CHEMBL2349499,CC(C)COc1ccc2c(c1)C1(CC(C)(C)O2)N=C(N)N(C)C1=O,431.0,nM,6.37
CHEMBL2349494,CN1C(=O)C2(CC(C)(C)Oc3ccc(-c4cccc(C(F)(F)F)c4)cc32)N=C1N,74.0,nM,7.13
CHEMBL4535964,C[C@@]1(c2cc(NC(=O)c3ccc(C#N)cn3)ccc2F)CCSC(N)=N1,3.2,nM,8.49
CHEMBL2011496,CC1=CC2Cc3nc4cc(Cl)ccc4c(NCCCCCCCCNc4c5c(nc6cc(Cl)ccc46)CCCC5)c3C(C1)C2.Cl,4900.0,nM,5.31
CHEMBL4563915,C[C@@]1(c2cc(NC(=O)c3cnc(C(F)F)cn3)ccc2F)CCSC(N)=N1,7.2,nM,8.14
CHEMBL4568202,C[C@@]1(c2cc(NC(=O)c3cnc(OCF)cn3)ccc2F)CCSC(N)=N1,1.8,nM,8.74
CHEMBL2177485,C[C@H]1C[C@]2(CCN1Cc1ccccc1)CNS(=O)(=O)N2c1cccc(F)c1,20900.0,nM,4.68
CHEMBL3654229,NC1=N[C@@]2(c3ccc(F)cc3F)CO[C@@H](c3ccn(C4CC4)n3)C[C@H]2CS1,444.0,nM,6.35
CHEMBL6049263,COc1cnc(C(=O)Nc2ccc(F)c([C@]3(C)CC4(CCC4)OC(N)=N3)c2)cn1,10.5,nM,7.98
CHEMBL6000519,CC1(c2cc(NC(=O)c3ccc(F)cn3)ccc2F)CC2(CCC2)OC(N)=N1,366.0,nM,6.44
CHEMBL3673204,COC[C@@H](C)NCc1ccc(F)c([C@]23CO[C@@H](c4cnn(C)c4)C[C@H]2CSC(N)=N3)c1,36.0,nM,7.44
CHEMBL3673208,COC1CCC2(CC1)Cc1ccc(-c3cccc(OC(F)(F)F)c3)cc1C21N=C(N)N2CCON=C21,2.19,nM,8.66
CHEMBL3672718,CC1=NC2(N=C1N)c1cc(-c3cc(F)cc(C#N)c3)ccc1CCC21CC1,79.0,nM,7.1
CHEMBL6011189,Cc1cc(C#N)cnc1C(=O)Nc1ccc(F)c([C@]2(C(F)F)CC(C)(C)OC(N)N2)c1,90.2,nM,7.04
CHEMBL5809357,C[C@@]1(c2cc(NC(=O)c3ccc(F)cn3)ccc2F)CC2(CCOCC2)OC(N)=N1,112.0,nM,6.95
CHEMBL5977856,C[C@@]1(c2cc(NC(=O)c3ccc(Cl)cn3)ccc2F)CC2(CCC2)OC(N)=N1,107.0,nM,6.97
CHEMBL5835791,C[C@]1(c2cc(NC(=O)c3ccc(Cl)cn3)ccc2F)CC2(CCOCC2)SC(N)=N1,1560.0,nM,5.81
CHEMBL137319,CCCC[C@H](NC(C)=O)C(=O)N[C@@H](C)C(=O)N[C@@H](CC(C)C)[C@@H](O)CC(=O)N[C@H](C(=O)NCc1cccc(C(=O)O)c1)C(C)C,1400.0,nM,5.85
CHEMBL3216779,CC1=CC2Cc3nc4cc(Cl)ccc4c(NCCCCCCCCCCNc4c5c(nc6cc(Cl)ccc46)CCCC5)c3C(C1)C2.Cl.Cl.Cl.Cl,6600.0,nM,5.18
CHEMBL216593,C[C@@H](NC(=O)c1cc(C2=NC(CO)(Cc3ccccc3)CO2)cc(N(C)S(C)(=O)=O)c1)c1ccc(F)cc1,12500.0,nM,4.9
CHEMBL501338,CCn1ccc2c(N3CCCC3=O)cc(C(=O)N[C@@H](Cc3ccccc3)[C@H](O)CNCc3cccc(C(F)(F)F)c3)cc21,23.0,nM,7.64
CHEMBL501958,CCc1ccnc2c(N3CCCC3=O)cc(C(=O)N[C@@H](Cc3ccccc3)[C@H](O)CNCc3cccc(C(F)(F)F)c3)cc12,210.0,nM,6.68
CHEMBL381919,O=C(Nc1cc(Br)ccc1N1CCNCC1)c1cc2ccccc2oc1=O.O=C(O)C(F)(F)F,670.0,nM,6.17
CHEMBL3901213,C[C@H]1C[C@H]2CSC(N)=N[C@@]2(c2nc(NC(=O)c3cnccn3)cs2)CO1,647.0,nM,6.19
CHEMBL3900921,C[C@H]1C[C@H]2CSC(N)=NC2(c2nc(NC(=O)c3ccncn3)cs2)CO1,575.0,nM,6.24
CHEMBL263333,CC[C@H](C)[C@H](NC(=O)[C@H](CCC(=O)O)NC(=O)[C@H](CCC(=O)O)NC(=O)[C@@H](NC(=O)[C@H](CCCCN)NC(=O)[C@@H](NC(=O)[C@H](CC(N)=O)NC(=O)[C@@H](N)[C@@H](C)O)[C@@H](C)CC)[C@@H](C)O)C(=O)N[C@@H](CO)C(=O)N[C@@H](CCC(=O)O)C(=O)N[C@H](C(=O)N[C@@H](CC(N)=O)C(=O)N[C@@H](CC(C)C)C(=O)N[C@@H](Cc1ccccc1)C(=O)N[C@@H](C)C(=O)N[C@@H](CCC(=O)O)C(=O)N[C@@H](Cc1ccccc1)C(=O)N[C@@H](CCCN=C(N)N)C(=O)O)C(C)C,40000.0,nM,4.4
CHEMBL3973408,C[C@H]1C[C@H]2CSC(N)=N[C@@]2(c2nc(NC(=O)c3ccc(OCF)cn3)cs2)CO1,68.0,nM,7.17
CHEMBL3929412,Cc1nn(C)cc1C(=O)Nc1csc([C@]23CO[C@@H](C)C[C@H]2CSC(N)=N3)n1,1990.0,nM,5.7
CHEMBL3893462,C[C@H]1C[C@H]2CSC(N)=N[C@@]2(c2nc(NC(=O)c3cnn(C)n3)cs2)CO1,134.0,nM,6.87
CHEMBL3962126,COc1cnc(C(=O)Nc2csc([C@]34CO[C@@H](C)C[C@H]3CSC(N)=N4)n2)c(C)c1,101.0,nM,7.0
CHEMBL3963139,Cc1nc(C(=O)Nc2csc([C@]34CO[C@@H](C)C[C@H]3CSC(N)=N4)n2)c(C)o1,65.0,nM,7.19
CHEMBL3901805,C[C@H](F)COc1cnc(C(=O)Nc2csc([C@]34CO[C@@H](C)C[C@H]3CSC(N)=N4)n2)cn1,372.0,nM,6.43
CHEMBL3967330,CN1C(=O)C2(N=C1N)c1cc(C#CC3CC3)ccc1CC21CCc2ccccc2CC1,72.5,nM,7.14
CHEMBL4111184,COCCOc1ccc2c(c1)[C@]1(N=C(N)N(C)C1=O)C1(CCc3ccccc3CC1)C2,2134.0,nM,5.67
CHEMBL2151141,CC#Cc1cncc(-c2csc([C@]3(C)CC(=O)N(C)C(=N)N3)c2)c1,13.0,nM,7.89
CHEMBL5766974,NC1=N[C@@]2(c3nc(NC(=O)c4cnc(OC(F)F)cn4)cs3)CO[C@@H](C(F)(F)F)C[C@H]2CO1,124.0,nM,6.91
CHEMBL2181917,C[C@@H](O)C(=O)N[C@@H](Cc1cccc(-c2nccs2)c1)[C@H](O)CN[C@H]1CC2(CCC2)Oc2ncc(CC(C)(C)C)cc21,3.2,nM,8.49
CHEMBL2180024,CC1=NC(c2ccc(F)cc2)(c2cccc(-c3cccnc3)c2)N=C1N,490.0,nM,6.31
CHEMBL201802,CN(c1cc(C(=O)N[C@@H](Cc2ccccc2)[C@H](O)CNC2CC2)cc(C(O)c2ccccc2)c1)S(C)(=O)=O,5900.0,nM,5.23
CHEMBL4062728,C[C@@]1(c2cc(CNC3(C(F)F)CC3)c(F)cc2F)CCSC(N)=N1,12.0,nM,7.92
CHEMBL4088234,C[C@@H]1C[C@@](C)(c2cc(CNC3(C(F)(F)F)CC3)c(F)cc2F)N=C(N)S1,0.024,nM,10.62
CHEMBL3693249,CC#Cc1cnn(-c2ccc(F)c([C@@]3(C(F)F)N=C(N)O[C@@H]4C[C@@H]43)c2)c1,1210.0,nM,5.92
CHEMBL3693252,NC1=N[C@@](c2cc(N3Cc4cc(Cl)cnc4C3=O)ccc2F)(C(F)F)[C@H]2C[C@H]2O1,2185.0,nM,5.66
CHEMBL3634339,COc1cnc(C(=O)Nc2cc([C@@]3(C)N=C(N)CO[C@@H]3F)ccn2)cn1,3467.0,nM,5.46
CHEMBL3688726,Cc1cc(NC(=O)c2ncc(Cl)cc2F)cc([C@@]2(C(F)F)N=C(N)O[C@@H]3C[C@@H]32)c1F,31.5,nM,7.5
CHEMBL3680882,Cc1cc(C(=O)Nc2ccc(F)c([C@@]3(C)N=C(N)OC[C@@H]3F)c2)nn1C,760.0,nM,6.12
CHEMBL3653710,CC1=NC2(CCCc3ccc(-c4cncc(Cl)c4)cc32)N=C1N,325.0,nM,6.49
CHEMBL3657430,CC1=NC2(N=C1N)c1cc(-c3cncc(C(F)(F)F)c3)ccc1C[C@]21CC[C@@H](OC(F)F)CC1,21.0,nM,7.68
CHEMBL3657441,CC1=NC2(N=C1N)c1cc(Br)ccc1CC21CCC(C(F)(F)F)CC1,19300.0,nM,4.71
CHEMBL3657445,CC1=NC2(N=C1N)c1cc(-c3cncc(Cl)c3)ccc1CC21CCC(C(F)F)CC1,748.0,nM,6.13
CHEMBL3972810,CCO[C@H]1CC[C@]2(CC1)Cc1ccc(-c3cncc(Cl)c3)cc1C21N=C(C)C(N)=N1,25.0,nM,7.6
CHEMBL3683825,Cc1c(C(=O)Nc2ccc(F)c([C@@]3(C(F)F)N=C(N)O[C@@H]4C[C@@H]43)c2)nc2ccc(Cl)cn12,126.0,nM,6.9
CHEMBL3683847,Cc1cc(C#N)cnc1C(=O)Nc1cc(Cl)c(F)c([C@@]2(CF)N=C(N)O[C@@H]3C[C@@H]32)c1,50.6,nM,7.3
CHEMBL3683863,N#Cc1ccc(C(=O)Nc2cc(F)c(F)c([C@]3(C(F)F)N=C(N)O[C@H]4C[C@H]43)c2)nc1,12050.0,nM,4.92
CHEMBL3683869,NC1=N[C@](CF)(c2cc(NC(=O)c3ccc(Cl)cn3)ccc2F)[C@H]2C[C@H]2O1,21.1,nM,7.68
CHEMBL3688752,C[C@]1(c2nc(NC(=O)c3ccc(Cl)cn3)ccc2F)N=C(N)O[C@@H]2C[C@@H]21,242.5,nM,6.62
CHEMBL3670917,CC1(C)OCC(N)=N[C@](C)(c2cc(NC3COc4cc(Cl)cnc43)ccc2F)C1(F)F,40.0,nM,7.4
CHEMBL3670364,C[C@@]1(c2cccc(NC(=O)c3ncc(OCC(F)(F)F)nc3N)n2)CO[C@@](C)(C(F)(F)F)C(N)=N1,1200.0,nM,5.92
CHEMBL3670377,C[C@@]1(c2cc(NC(=O)c3ncc(OC(F)F)cc3Cl)ncc2F)CO[C@@](C)(C(F)(F)F)C(N)=N1,410.0,nM,6.39
CHEMBL3703209,NC1=NC2(CO1)c1cc(-c3cncnc3)ccc1OC1(CCC1)C21COC1,1560.0,nM,5.81
CHEMBL3691369,NC1=N[C@@]2(c3ccc(Cl)cc3F)COCC[C@H]2CS1,10200.0,nM,4.99
CHEMBL3695737,CN1C(=O)[C@]2(N=C1N)c1cc(-c3cccnc3F)ccc1Oc1c(F)cc(-c3ccnc(F)c3)cc12,0.2,nM,9.7
CHEMBL3765050,O=C(/C=C(O)/C=C/c1ccc(OCc2cc(F)cc(F)c2)cc1)/C=C/c1ccc(OCc2cc(F)cc(F)c2)cc1,390.0,nM,6.41
CHEMBL454662,COc1ccc(/C=C/C(=O)/C=C(O)/C=C/c2ccc(OC)cc2)cc1,1650.0,nM,5.78
CHEMBL4465534,C[C@]1(c2cc(NC(=O)c3cnc(OCF)cn3)ccc2F)N=C(N)SCC12CCS(=O)(=O)CC2,3.8,nM,8.42
CHEMBL4443968,C[C@]1(c2cc(NC(=O)c3cnc(OCF)cn3)ccc2F)N=C(N)SCC12CCC(F)(F)CC2,4.3,nM,8.37
CHEMBL1760732,CC(C)c1cccc(CN[C@H]2CS(=O)(=O)C[C@@H](Cc3cccc(Br)c3)[C@@H]2O)c1,760.0,nM,6.12
CHEMBL1760734,CCCOCc1cccc(C[C@@H]2CS(=O)(=O)C[C@H](NCc3cccc(C(C)C)c3)[C@H]2O)c1,1100.0,nM,5.96
CHEMBL3910646,NC1=N[C@@]2(c3cc(NC(=O)c4ccc(OC(F)F)cn4)ccc3F)OCC[C@H]2CS1,160.0,nM,6.8
CHEMBL3752467,c1ccc2oc(CNCCCCCCCNc3c4c(nc5ccccc35)CCCC4)cc2c1,1350.0,nM,5.87
CHEMBL3753957,COc1cccc2cc(CN(CCCCCCNc3c4c(nc5ccccc35)CCCC4)Cc3cc4cccc(OC)c4o3)oc12,190.0,nM,6.72
CHEMBL2349465,CC1(C)Cc2ccc(-c3cccnc3F)cc2C2(COC(N)=N2)C1,1908.0,nM,5.72
CHEMBL2349473,CN1C(=O)C2(CC(C)(C)Cc3ccc(-c4cc(F)cc(Cl)c4)cc32)N=C1N,24.0,nM,7.62
CHEMBL2012070,CC#Cc1cncc(-c2cccc([C@@]3(C4CC4)NC(=N)N(C)C3=O)c2)c1,82.0,nM,7.09
CHEMBL597277,CCc1cc(C2(c3cccc(-c4cncnc4)c3)N=C(N)N(C)C2=O)cc(CC)n1,29.99,nM,7.52
CHEMBL1762553,O=C1C=C(c2ccc(O)cc2)C(=O)c2ccccc21,8220.0,nM,5.08
CHEMBL4549145,COc1ncc(Cc2c(C)cccc2C)c2c1C[C@]1(c3ccc(F)cc3F)N=C(N)SC[C@@H]1C2,10.23,nM,7.99
CHEMBL1614769,O=S1(=O)C[C@@H](Cc2ccc(O)c(Br)c2)[C@H](O)[C@@H](NCc2cccc(C3CC3)c2)C1,950.0,nM,6.02
CHEMBL3634122,C[C@@]1(c2cccc(NC(=O)c3ccc(Cl)cn3)c2)COCC(N)=N1,44.0,nM,7.36
CHEMBL3634127,C[C@]1(c2cc(NC(=O)c3cnc(Cl)cn3)ccc2F)N=C(N)CO[C@]1(F)C(F)(F)F,324.0,nM,6.49
CHEMBL578410,CN1C(=O)C(c2ccccc2)(c2cccc(Cl)c2)N=C1N,2500.35,nM,5.6
CHEMBL605079,NC1=NC(c2ccccc2)(C2CCCCC2)C(=O)N1CCCO,4797.33,nM,5.32
CHEMBL1762678,COc1ccc(C2=CC(=O)C(c3ccc(OC)cc3)=CC2=O)cc1,23260.0,nM,4.63
CHEMBL2177489,CCCOc1cccc(CN2CC[C@]3(CNS(=O)(=O)N3c3cccc(F)c3)C[C@@H]2C)c1,23100.0,nM,4.64
CHEMBL2181019,CC(C)C[C@H](NC(=O)C[C@H](O)[C@H](Cc1ccccc1)NC(=O)[C@H](CCC(N)=O)N(C)C(=O)[C@@H](NC(=O)[C@H](C)O)C(C)C)C(=O)N[C@@H](C)C(=O)N(C)[C@H](Cc1ccccc1)C(=O)NCc1ccccc1,124.0,nM,6.91
CHEMBL1957482,NC1=NC(c2ccc(OC(F)F)cc2)(c2cccc(OCCCF)c2)C2=NCC(F)(F)CN12,14.79,nM,7.83
CHEMBL2180036,COc1cccc(-c2cccc(C3(C4CCN(C(C)=O)CC4)N=C(C)C(N)=N3)c2)c1,1700.0,nM,5.77
CHEMBL2180034,CC1=NC(c2cccc(-c3cccnc3)c2)(C2CCCCC2)N=C1N,660.0,nM,6.18
CHEMBL387771,CC(C)C[C@H](NC(=O)c1cc(C(=O)N[C@H](C)c2ccccc2)cc(N(C)S(C)(=O)=O)c1)[C@@H](O)C[C@@H](C)C(=O)N[C@H](C(=O)NC(C)C)C(C)C,39.0,nM,7.41
CHEMBL314014,COCC[C@H](NC(=O)[C@@H](NC(=O)OC(C)(C)C)C(C)C)C(=O)N[C@@H](Cc1ccccc1)[C@@H](O)C[C@@H](C)C(=O)N[C@H](C(=O)NCc1ccncc1)C(C)C,127.0,nM,6.9
CHEMBL565914,NC1=NC(c2ccc(OC(F)(F)F)cc2)(c2cccc(-c3cccnc3F)c2)C2=NCCCCN12,80.0,nM,7.1
CHEMBL2177309,NC1=NC(c2ccncc2)(c2cccc(-c3cncnc3)c2)c2cccc(F)c21,158.0,nM,6.8
CHEMBL271231,CC(=O)Nc1ccc(C(=O)N[C@@H](Cc2ccccc2)[C@H](O)CN[C@@H](C)C(=O)NC2CCCCC2)cc1,62000.0,nM,4.21
CHEMBL3327246,COc1ccc2oc(=O)c(C(=O)NCCCCCCCNc3c4c(nc5ccccc35)CCCC4)cc2c1,20200.0,nM,4.7
CHEMBL3394039,NC1=N[C@@]2(CO1)c1cc(-c3cccnc3F)ccc1Oc1cnc(C3=CCOCC3)cc12,0.7,nM,9.15
CHEMBL3394047,CC1(C)CN(c2cc3c(cn2)Oc2ccc(-c4cccnc4F)cc2[C@@]32COC(N)=N2)CCO1,4.0,nM,8.4
CHEMBL3654228,NC1=N[C@@]2(c3ccc(F)cc3F)CO[C@@H](c3ccncn3)C[C@H]2CS1,390.0,nM,6.41
CHEMBL4107914,C[C@@H]1C[C@@]2(Cc3ccc(C#N)cc3[C@]23N=C(N)N(CC2CC2)C3=O)C[C@H](C)[C@H]1O,10.6,nM,7.97
CHEMBL5846673,C[C@@]1(c2cc(NC(=O)c3ccc(C#N)cn3)ccc2F)CC2(CCC2)OC(N)=N1,6.0,nM,8.22
CHEMBL5845613,C[C@@]1(c2cc(NC(=O)c3ncc(Cl)cc3F)ccc2F)CC2(CCC(F)(F)CC2)OC(N)=N1,9.0,nM,8.05
CHEMBL3673195,C[C@H]1C[C@H]2CSC(N)=N[C@@]2(c2cc(CNCC(F)(F)F)c(F)cc2F)CO1,76.0,nM,7.12
CHEMBL3673200,C[C@H]1C[C@H]2CSC(N)=NC2(c2cc(C#N)ccc2F)CO1,967.0,nM,6.01
CHEMBL4206331,O=S(=O)(c1ccc(Cl)cc1)N(CCc1ccccc1)CC(O)Cn1c2ccccc2c2ccccc21,3800.0,nM,5.42
CHEMBL4204309,O=S(=O)(c1ccccc1)N(CCc1ccccc1)CC(O)Cn1c2ccccc2c2ccccc21,2800.0,nM,5.55
CHEMBL255493,COc1cc(O)c2c(=O)cc(-c3ccc(O)c(-c4c(O)cc(O)c5c(=O)cc(-c6ccc(O)cc6)oc45)c3)oc2c1,1400.0,nM,5.85
CHEMBL1208793,COc1cc(O)c2c(=O)cc(-c3ccc(O)c(-c4c(OC)cc(O)c5c(=O)cc(-c6ccc(O)cc6)oc45)c3)oc2c1,6250.0,nM,5.2
CHEMBL1209420,CC(=O)N[C@@H](Cc1cc(F)cc(F)c1)[C@H](O)CNC1(c2cccc(N3CC4CCC3C4)c2)CC1,1900.0,nM,5.72
CHEMBL1209419,CC(=O)N[C@@H](Cc1cc(F)cc(F)c1)[C@H](O)CNC1(c2cccc(N3CC4CC3CO4)c2)CC1,2400.0,nM,5.62
CHEMBL1209285,CC(=O)N[C@@H](Cc1cc(F)cc(F)c1)[C@H](O)CNC1(c2cccc(N3CCCOCC3=O)c2)CCCCC1,750.0,nM,6.12
CHEMBL1209223,CC(=O)N[C@@H](Cc1cc(F)cc(F)c1)[C@H](O)CNC1(c2cccc(N3CCOCC3=O)c2)CCCCC1,1300.0,nM,5.89
CHEMBL1208997,CC(=O)N[C@@H](Cc1cc(F)cc(F)c1)[C@H](O)CNC1(c2cccc(-c3ccco3)c2)CCCCC1,1100.0,nM,5.96
CHEMBL1208933,CC(=O)N[C@@H](Cc1cc(F)cc(F)c1)[C@H](O)CNC1(c2cccc(C(C)(C)C#N)c2)CCCCC1,166.0,nM,6.78
CHEMBL1209894,C=C(C)c1cccc(C2(NC[C@@H](O)[C@H](Cc3cc(F)cc(F)c3)NC(C)=O)CCCCC2)c1,100.0,nM,7.0
CHEMBL3976114,COc1cnc(C(=O)Nc2ccc3c(c2)C2(CCSC(N)=N2)c2cc(Cl)nc(F)c2O3)cn1,6.2,nM,8.21
CHEMBL3952809,NC1=N[C@@]2(CCO1)c1cc(NC(=O)c3ccc(Cl)cn3)ccc1Oc1c2cc(C2=CCOCC2)nc1F,1.4,nM,8.85
CHEMBL3980947,N#Cc1ccc(C(=O)Nc2ccc3c(c2)C2(CCOC(N)=N2)c2cc(C4=CCOCC4)nc(F)c2O3)nc1,0.74,nM,9.13
CHEMBL3914230,NC1=NC2(CCS1)c1cc(NC(=O)c3ccc(Cl)cn3)ccc1Oc1c2cc(C2=CCCOC2)nc1F,0.8,nM,9.1
CHEMBL3930557,NC1=NC2(CCO1)c1cc(NC(=O)c3ccc(F)cn3)ccc1Oc1c2cc(C2=CCCOC2)nc1F,9.3,nM,8.03
CHEMBL3896381,C[C@H]1C[C@H]2CSC(N)=N[C@@]2(c2nc(NC(=O)c3cnc(OCC(C)(F)F)cn3)cs2)CO1,161.0,nM,6.79
CHEMBL3943102,Cc1nc(C)c(C(=O)Nc2csc(C34CO[C@@H](C)C[C@H]3CSC(N)=N4)n2)o1,740.0,nM,6.13
CHEMBL3895618,C[C@H]1C[C@H]2CSC(N)=NC2(c2nc(NC(=O)c3cnn(C4CC4)c3)cs2)CO1,8070.0,nM,5.09
CHEMBL3938762,COCCn1ccc(C(=O)Nc2csc([C@]34CO[C@@H](C)C[C@H]3CSC(N)=N4)n2)n1,418.0,nM,6.38
CHEMBL1819176,Clc1ccc2c(NCCCCCCCNc3c4c(nc5ccccc35)-c3ccccc3C4)c3c(nc2c1)CCCC3,1000.0,nM,6.0
CHEMBL1819180,c1ccc2c(c1)Cc1c-2nc2ccccc2c1NCCCCCCCNc1c2c(nc3ccccc13)-c1ccccc1C2,400.0,nM,6.4
CHEMBL4205504,COc1ccc(S(=O)(=O)N(Cc2ccccc2)CC(O)Cn2c3ccccc3c3ccccc32)cc1,1600.0,nM,5.8
CHEMBL1492021,O=S(=O)(c1ccccc1)N(CC(O)Cn1c2ccccc2c2ccccc21)c1ccccc1,3000.0,nM,5.52
CHEMBL4203158,Cc1cccc2nc(-c3ccc(OCCCN4C(=O)c5ccccc5C4=O)cc3)c(NC3CCCCC3)n12,5930.0,nM,5.23
CHEMBL4453649,Cc1cc(F)ccc1-c1cccc(C2(c3ccccc3)N=C(N)N(C)C2=O)c1,456.2,nM,6.34
CHEMBL343757,CC(C)C[C@H](NC(=O)[C@H](CC(N)=O)NC(=O)[C@@H](NC(=O)[C@@H](N)CCC(=O)O)C(C)C)[C@@H](O)CC(=O)N[C@H](C(=O)N[C@@H](C)C(=O)N[C@@H](CCC(=O)O)C(N)=O)C(C)C,110.0,nM,6.96
CHEMBL3884069,N[C@@H](Cc1c[nH]c2ccccc12)Cn1cc(-c2ccc(Cl)c(Cl)c2)nn1,20750.0,nM,4.68
CHEMBL3891839,COc1cnc(C(=O)Nc2ccc(F)c([C@]3(C)C=CSC(N)=N3)c2)cn1,4.4,nM,8.36
CHEMBL5174392,CC1(C)C(=N)N[C@](C)(c2nc(NC(=O)c3ccc(C#N)cn3)ccc2F)CS1(=O)=O,1.0,nM,9.0
CHEMBL5195634,COc1cnc(C(=O)Nc2ccc(F)c([C@]3(C)CS(=O)(=O)[C@](C)(CF)C(=N)N3)c2)cn1,14.0,nM,7.85
CHEMBL2180021,COc1ccc(C2(c3cccc(-c4cncnc4)c3)N=C(N)C(C(C)C)=N2)cc1,2100.0,nM,5.68
CHEMBL5178174,C[C@@]1(S(C)(=O)=O)CC[C@@](CF)(c2nc(-c3cnc(OCF)cn3)ccc2F)N=C1N,38.0,nM,7.42
CHEMBL5186838,C[C@@]1(c2cc(NC(=O)c3ccc(F)cn3)ccc2F)CC[C@@](CF)(S(C)(=O)=O)C(N)=N1,15.0,nM,7.82
CHEMBL3127099,C[C@]12CCOC[C@@H]1[C@]1(COC(N)=N1)c1cc(-c3cccc(C#N)c3)ccc1O2,35.0,nM,7.46
CHEMBL3127077,C[C@H]1OCC[C@H]2Oc3ccc(-c4cccnc4F)cc3[C@]3(N=C(N)N(C)C3=O)[C@H]12,17.0,nM,7.77
CHEMBL3127087,CN1C(=O)[C@]2(N=C1N)c1cc(-c3cncc(Cl)c3)ccc1O[C@H]1CCOC[C@@H]12,11.0,nM,7.96
CHEMBL3127095,NC1=N[C@@]2(CO1)c1cc(-c3cncnc3)ccc1O[C@H]1CCOC[C@@H]12,2500.0,nM,5.6
CHEMBL3127086,CN1C(=O)[C@]2(N=C1N)c1cc(-c3cncc(F)c3)ccc1O[C@H]1CCOC[C@@H]12,33.0,nM,7.48
CHEMBL2204316,CC(C)C[C@H](NC(=O)[C@H](CC(N)=O)NC(=O)[C@H](C)NC(=O)[C@@H](N)CCC(=O)O)[C@@H](O)C[C@@H](C)C(=O)N[C@@H](C)C(=O)N[C@@H](CCC(=O)O)C(=O)N[C@@H](Cc1ccccc1)C(=O)O,1.6,nM,8.8
CHEMBL2178144,CSCC[C@H](NC(=O)[C@H](CC(C)C)NC(C)=O)C(=O)N[C@@H](CC(C)C)[C@@H](O)CC(=O)N[C@@H](Cc1ccc(O)cc1)C(=O)NCc1cccc(C(=O)O)c1,91.0,nM,7.04
CHEMBL2181978,COC(=O)N1CCC(OC(=O)[C@H]2C[C@]3(CN2)C(=O)Nc2ccccc23)CC1,14000.0,nM,4.85
CHEMBL3703278,C[C@@H]1Oc2ccc(-c3cccnc3F)cc2[C@@]2(COC(N)=N2)C12COC2,1690.0,nM,5.77
CHEMBL3703295,NC1=NC2(CO1)c1cc(-c3cncnc3)ccc1OCC21CCC1,7650.0,nM,5.12
CHEMBL3650756,NC1=NC2(CO1)c1cc(-c3ccccc3F)ccc1OC1(CCC1)C21COC1,3590.0,nM,5.45
CHEMBL4065393,O=C(Nc1cccnc1)c1cccc(-c2cnc(-c3c[nH]c4ccccc34)[nH]2)c1,310.0,nM,6.51
CHEMBL3634125,COc1cnc(C(=O)Nc2ccc(F)c([C@@]3(C)N=C(N)CO[C@@H]3F)c2)cn1,12.0,nM,7.92
CHEMBL2048053,COC[C@@H](Oc1cc(C[C@@H]2CS(=O)(=O)C[C@H](NCc3cccc(C(C)(C)C)c3)[C@H]2O)cc(F)c1N)C(F)(F)F,50.0,nM,7.3
CHEMBL3261069,Cc1cc(C#N)cnc1C(=O)Nc1ccc(F)c([C@]2(C)CO[C@@](C)(C(F)(F)F)C(N)=N2)n1,4.0,nM,8.4
CHEMBL3650187,Cc1ncc([C@H]2C[C@H]3CSC(N)=N[C@@]3(c3ccc(F)cc3F)CO2)cn1,1400.0,nM,5.85
CHEMBL3650173,NC1=N[C@@]2(c3ccc(F)cc3F)CO[C@@H](c3ccc4nccn4c3)C[C@H]2CS1,2150.0,nM,5.67
CHEMBL2152906,CC#Cc1ccnc(-c2cccc([C@@]3(c4cc(C)c(=O)n(CC)c4)N=C(N)c4c(F)cccc43)c2)c1,5.0,nM,8.3
CHEMBL1957472,NC1=NC(c2ccncc2)(c2cccc(-c3cncnc3)c2)C2=NCC(F)(F)CN12,1202.26,nM,5.92
CHEMBL2177469,CCOc1cc(CN2CC[C@@]3(C[C@@H]2C)CN(C)S(=O)(=O)N3c2cccc(F)c2)ccc1O,1600.0,nM,5.8
CHEMBL2177470,CC(C)Oc1cc(CN2CC[C@@]3(C[C@@H]2C)CN(C)S(=O)(=O)N3c2cccc(F)c2)ccc1O,100.0,nM,7.0
CHEMBL3654221,Cc1csc([C@H]2CC3CSC(N)=N[C@@]3(c3ccc(F)cc3F)CO2)n1,260.0,nM,6.58
CHEMBL3634123,COc1cnc(C(=O)Nc2ccc(F)c([C@]3(C)COCC(N)=N3)c2)cn1,44.0,nM,7.36
CHEMBL1917911,CCCCN(C)C(=O)n1cc(C(=O)N[C@@H](Cc2cc(F)cc(F)c2)[C@H](O)[C@H]2Cc3ccccc3CN2)c2cccnc21,1200.0,nM,5.92
CHEMBL3937729,[C-]#[N+]c1cc(Cl)cc(-c2cc3c(cc2C)C[C@]2(CC[C@@H](OC)CC2)C32N=C(C)C(N)=N2)c1,24.0,nM,7.62
CHEMBL3359752,NC1=N[C@@]2(CO1)c1cc(-c3cccnc3F)ccc1Oc1ncc(C3=CCOCC3)cc12,1.5,nM,8.82
CHEMBL3658616,CC1=C[C@@](C)(c2cc(NC(=O)c3ccc(C#N)cn3)ccc2F)N=C(N)O1,97.0,nM,7.01
CHEMBL344932,CC(=O)N[C@H](C(=O)N[C@@H](C)C(=O)N[C@@H](CC(C)C)[C@@H](O)CC(=O)N[C@H](C(=O)NCc1cccc(C(=O)O)c1)C(C)C)C(C)C,3800.0,nM,5.42
CHEMBL2177336,COc1ccc2c(c1)C1(COC(N)=N1)c1cc(-c3cnccc3F)ccc1O2,900.0,nM,6.05
CHEMBL2177107,CC(=O)N[C@@H](Cc1ccccc1)[C@H](O)CN[C@H]1CC2(CCC2)Oc2ncc(CC(C)C)cc21,5.0,nM,8.3
CHEMBL1651460,COc1ccc(C2(c3ccc(F)c(-c4cncnc4)c3)N=C(N)N(C)C2=O)cc1,20.0,nM,7.7
CHEMBL2047224,Clc1cccc(CNc2ccnc(NC3CCN(Cc4ccccc4)CC3)n2)c1,600.0,nM,6.22
CHEMBL4760131,COC[C@]12C[C@H]1[C@@](CF)(c1cc(NC(=O)c3ccc(Cl)cn3)ccc1F)N=C(N)S2,6.0,nM,8.22
CHEMBL4800593,C[C@]1(c2cc(/C=C(\F)c3cnc(C#N)cn3)ccc2F)N=C(N)S[C@@]2(C(=O)N3CCOCC3)C[C@H]21,1.0,nM,9.0
CHEMBL4749152,COC[C@]12C[C@H]1[C@@](CF)(c1cc(/C=C(/F)c3ccc(Cl)cn3)ccc1F)N=C(N)S2,1600.0,nM,5.8
CHEMBL4746645,C[C@]1(c2cc(/C=C(\F)c3ccc(C#N)cn3)ccc2F)N=C(N)S[C@@]2(C(=O)N3CCCCC3)C[C@H]21,11.0,nM,7.96
CHEMBL594656,COCCC(=O)Nc1cccc(C2(C3CCCCC3)N=C(N)N(C)C2=O)c1,7860.0,nM,5.11
CHEMBL2178143,Cc1cnc(N2C[C@H]3C(=O)N(C)C(=N)N[C@@]3(c3cc(-c4cccc(C#N)c4)cs3)C2)nc1,29.0,nM,7.54
CHEMBL2177920,CCn1cc(C2(c3cccc(-c4cncnc4)c3)N=C(N)c3c(F)cccc32)cc(C)c1=O,9.09,nM,8.04
CHEMBL2177301,CCn1cc(C2(c3cccc(-c4cncc(F)c4)c3)N=C(N)c3c(F)cccc32)cc(C)c1=O,12.9,nM,7.89
CHEMBL4873309,COc1ccc2c(=O)n(-c3ccc(F)c([C@]4(C)CS(=O)(=O)N(C)C(N)=N4)c3)[se]c2c1,1550.0,nM,5.81
CHEMBL4851556,COc1ccc2[se]n(-c3ccc(F)c([C@]4(C)CS(=O)(=O)N(C)C(N)=N4)c3)c(=O)c2c1,1490.0,nM,5.83
CHEMBL2159662,CC(=O)c1ccccc1NC(=O)c1ccc(OCCCCC[n+]2cccc3ccccc32)cc1.[Br-],85000.0,nM,4.07
CHEMBL2151237,CC(=O)N[C@@H](Cc1ccc(F)c(F)c1)[C@H](O)CN[C@H]1CC2(CCC2)Oc2ncc(CC(C)(C)C)cc21,2.4,nM,8.62
CHEMBL2172800,CCCc1cccc(-c2ccc([C@@H]3C[C@@H]3c3cc(=O)n(C)c(N)n3)cc2)c1,11000.0,nM,4.96
CHEMBL2169942,Cn1c(N)nc([C@H]2C[C@H]2c2ccc(-c3cccs3)cc2)cc1=O,14100.0,nM,4.85
CHEMBL2177482,C[C@H]1C[C@]2(CCN1Cc1ccc3[nH]ccc3c1)CN(C)S(=O)(=O)N2c1cccc(F)c1,6100.0,nM,5.21
CHEMBL1082893,C[C@@H](NC(=O)c1cc(CNC(=O)C(C)(N)Cc2ccccc2)cc(N(C)S(C)(=O)=O)c1)c1ccc(F)cc1,5720.0,nM,5.24
CHEMBL1082894,C[C@@H](NC(=O)c1cc(-c2nc([C@](C)(N)Cc3ccccc3)no2)cc(N(C)S(C)(=O)=O)c1)c1ccc(F)cc1,1830.0,nM,5.74
CHEMBL456228,Oc1cc(O)cc(Oc2c(O)cc(O)c3c2Oc2c(O)cc(Oc4c(O)cc(O)cc4O)cc2O3)c1,8590.0,nM,5.07
CHEMBL1094664,CC(C)C[C@H](NC(=O)[C@@H](NC(=O)[C@@H](N)CNC(=O)c1cc(O)ccc1O)C(C)C)C(=O)N[C@@H](Cc1ccccc1)[C@@H](O)C(=O)Nc1cccc(-c2noc(=S)[nH]2)c1,10.6,nM,7.97
CHEMBL4108996,CO[C@H]1[C@H](C)C[C@@]2(Cc3ccc(C#N)cc3[C@]23N=C(N)N(C[C@H]2CCCO2)C3=O)C[C@@H]1C,5.0,nM,8.3
CHEMBL3967706,CO[C@H]1[C@H](C)C[C@@]2(Cc3ccc(C#N)cc3[C@]23N=C(N)N(C[C@@H]2CCO2)C3=O)C[C@@H]1C,9.0,nM,8.05
CHEMBL3921692,CO[C@H]1CC[C@@]2(Cc3ccc(C#N)cc3[C@]23N=C(N)N(CC2COCCO2)C3=O)C[C@@H]1C,6.0,nM,8.22
CHEMBL3261070,CC1(c2cc(NC(=O)c3ccc(Cl)cn3)ccc2F)N=C(N)CO[C@@H]1F,20.0,nM,7.7
CHEMBL2047897,CC(C)(C)c1cccc(CN[C@H]2CS(=O)(=O)C[C@@H](Cc3ccc4[nH]ccc4c3)[C@@H]2O)c1,2750.0,nM,5.56
CHEMBL3672726,CO[C@H]1CC[C@]2(CCc3ccc(-c4cncc(Cl)c4)cc3C23N=C(C)C(N)=N3)CC1,333.0,nM,6.48
CHEMBL3703222,NC1=NC2(CO1)c1cc(Br)ccc1OCC21CC1,30200.0,nM,4.52
CHEMBL3703247,NC1=NC2(CO1)c1cc(Nc3ncccc3Cl)ccc1OCC21COC1,1960.0,nM,5.71
CHEMBL3703260,NC1=NC2(CO1)c1cc(-c3cncc(OCC(F)F)c3)ccc1OCC21CC1,1110.0,nM,5.96
CHEMBL1093121,Nc1cccc(Cn2c(-c3ccccc3)ccc2-c2ccc(C(=O)NC3CCC3)cc2)n1,3400.0,nM,5.47
CHEMBL3127096,NC1=N[C@@]2(CO1)c1cc(-c3cncnc3)ccc1O[C@@H]1CCOC[C@H]12,940.0,nM,6.03
CHEMBL3127074,C[C@]12CCOC[C@@H]1[C@]1(COC(N)=N1)c1cc(-c3cncc(F)c3)ccc1O2,99.0,nM,7.0
CHEMBL1214216,O=C(Cc1ccccc1Cl)Nc1cc(Br)ccc1OCCNC1CC1,37630.0,nM,4.42
CHEMBL4580797,COc1ccc2c(c1)[C@@H](O)[C@@]1(CCN(C(=O)CCc3cc4cc(-c5ccccc5C)ccc4nc3N)C1)C2,6165.95,nM,5.21
CHEMBL4585673,Nc1nc2ccccc2cc1CCC(=O)NC[C@@]12CCCO[C@@H]1CCOC2,28840.32,nM,4.54
CHEMBL4565226,CC(Cc1cc2ccccc2nc1N)C(=O)NC[C@@]12CCCO[C@@H]1CCOC2,34000.0,nM,4.47
CHEMBL1092146,C[C@@H](NC(=O)c1cc(-c2ccc(C(C)(N)Cc3ccccc3)o2)cc(N(C)S(C)(=O)=O)c1)c1ccc(F)cc1,20.0,nM,7.7
CHEMBL2322535,CC(C(=O)NCc1ccc(CN)cc1)c1ccc(-c2ccccc2)c(F)c1,77100.0,nM,4.11
CHEMBL3650788,CC1(C)Oc2ccc(-c3cccnc3Cl)cc2C2(COC(N)=N2)C12COC2,2610.0,nM,5.58
CHEMBL3964236,CC(C)c1cccc2c1CCC[C@]21CNC[C@H]1C(=O)N1CCC(c2ccccc2)CC1,24.0,nM,7.62
CHEMBL3650176,NC1=N[C@@]2(c3ccc(F)cc3F)CO[C@@H](c3ccc(F)cn3)C[C@H]2CS1,233.0,nM,6.63
CHEMBL3650178,NC1=N[C@@]2(c3ccc(F)cc3F)CO[C@@H](c3cn4cccnc4n3)C[C@H]2CS1,1840.0,nM,5.74
CHEMBL2152913,NC1=N[C@@]2(CCOC1)c1cc(-c3cccnc3F)ccc1Oc1cnc(C3CCC(F)(F)C3)cc12,3.0,nM,8.52
CHEMBL2151058,CC#Cc1cccc(-c2ccc3c(c2)C2(N=C(C)C(N)=N2)[C@]2(CC[C@H](OC)CC2)C3)c1,1.4,nM,8.85
CHEMBL3640021,Cc1cn2cc(-c3ccc4c(c3)C3(COC(N)=N3)C3(COC3)C3(CCC3)O4)ccc2n1,96500.0,nM,4.01
CHEMBL3650839,NC1=NC2(CO1)c1cc(-c3cnc4ccccc4c3)ccc1OC1(CCC1)C21COC1,19400.0,nM,4.71
CHEMBL2181882,C[C@@H](F)C(=O)N[C@@H](Cc1ccc2c(c1)OCO2)[C@H](O)CN[C@H]1CC2(CCC2)Oc2ncc(CC(C)(C)C)cc21,55.5,nM,7.26
CHEMBL2177480,CC(C)Oc1cccc(CN2CC[C@@]3(C[C@@H]2C)CN(c2ncco2)S(=O)(=O)N3c2cccc(F)c2)c1,1700.0,nM,5.77
CHEMBL2346803,CC1(C)Cc2cc(Cl)ccc2C(N[C@@H](Cc2ccccc2)c2ncc3ccoc3n2)=N1,73700.0,nM,4.13
CHEMBL4463101,COc1cccc(OC)c1-c1cccc(C2(c3ccccc3)N=C(N)N(C)C2=O)c1,720.5,nM,6.14
CHEMBL3653509,Cc1cc(Cl)cnc1C(=O)Nc1ccc(F)c([C@]2(CF)COCC(N)=N2)c1,8.0,nM,8.1
CHEMBL3653511,Cc1cc(Br)cnc1C(=O)Nc1ccc(F)c([C@]2(C(F)F)COCC(N)=N2)c1,18.0,nM,7.75
CHEMBL3688678,NC1=N[C@@](c2cc(NC(=O)c3ccc(OCC#CC4CC4)cn3)ccc2F)(C(F)F)[C@H]2C[C@H]2O1,21.8,nM,7.66
CHEMBL3693254,CNc1cnc(C(=O)Nc2ccc(F)c([C@@]3(C(F)F)N=C(N)O[C@@H]4C[C@@H]43)c2)nc1,473.0,nM,6.33
CHEMBL3677244,COCOc1cc(O)ccc1/C=C/C(=O)CC(=O)/C=C/c1ccc(O)cc1,1700.0,nM,5.77
CHEMBL3656141,COC1CCC2(CC1)Cc1ccc(-c3cccc(C(F)(F)F)c3)cc1C21N=C(N)N(C)O1,18.7,nM,7.73
CHEMBL3656142,CN1OC2(N=C1N)c1cc(-c3cc(Cl)cc(Cl)c3)ccc1CC21CCc2ccccc2CC1,18.9,nM,7.72
CHEMBL5934190,CC(C)(C)[Si](OC1CCC2(CC1)Cc1ccc(-c3cccc(C#N)c3)cc1C2=O)(c1ccccc1)c1ccccc1,28.3,nM,7.55
CHEMBL3936117,COC1CCC2(CC1)Cc1ccc(C#CC(C)(C)C)cc1C21N=C(N)N(C)O1,24.6,nM,7.61
CHEMBL2048062,CC(C)(C)Cn1cc(CN[C@H]2CS(=O)(=O)C[C@@H](Cc3cc(F)c(N)c(OC(C(F)(F)F)C(F)(F)F)c3)[C@@H]2O)cn1,36.0,nM,7.44
CHEMBL5785463,CO[C@H]1CC[C@]2(CC1)Cc1c(F)ccc(-c3cccc(C#N)c3)c1C21N=C(N)N(C)C1=O,13500.0,nM,4.87
CHEMBL5753187,COC1CCC2(CC1)Cc1cc(F)ccc1C21N=C(SC)N(C)C1=O,825.0,nM,6.08
CHEMBL3956398,COC1CCC2(CC1)C(C)(C)c1ccc(Br)cc1C21N=C(N)N(C)C1=O,22780.0,nM,4.64
CHEMBL5776318,COCC(C)N1C(=O)C2(N=C1N)c1cc(Br)ccc1CC21CCC(OC)CC1,333.0,nM,6.48
CHEMBL5886004,COCCN1C(=O)NC2(C1=O)c1cc(Br)ccc1CC21CCC(OC)CC1,48.9,nM,7.31
CHEMBL5790815,COC1CCC2(CC1)Cc1ccc(Br)cc1C21N=C(SCC2CCO2)N(CC2CCO2)C1=O,13.7,nM,7.86
CHEMBL5813420,CCC(C)SC1=NC2(C(=O)N1C(C)CC)c1cc(C#CC3CC3)ccc1CC21CCC(OC)CC1,22.2,nM,7.65
CHEMBL3906436,COC1CCC2(CC1)Cc1ccc(-c3cncs3)cc1C21N=C(N)N(C)O1,76.7,nM,7.12
CHEMBL5877058,COC1CCC2(CC1)Cc1ccc(OCC(F)(F)F)cc1C21N=C(N)N(C)O1,9.0,nM,8.05
CHEMBL3953186,COC1CCC2(CC1)Cc1ccc(CCCC(C)C)cc1C21N=C(N)N(C)C1=O,16.0,nM,7.8
CHEMBL2177316,NC1=N[C@](c2ccc(OC(F)F)cc2)(c2cccc(-c3cccnc3F)c2)CO1,1210.0,nM,5.92
CHEMBL2047914,CCCOc1cccc(C[C@@H]2CS(=O)(=O)C[C@H](NCc3cccc(C(C)(C)C)c3)[C@H]2O)c1,4450.0,nM,5.35
CHEMBL2151236,CC(=O)N[C@@H](Cc1ccc(F)cc1F)[C@H](O)CN[C@H]1CC2(CCC2)Oc2ncc(CC(C)(C)C)cc21,6.5,nM,8.19
CHEMBL2151241,CC(=O)N[C@@H](Cc1ccc(F)c(C#N)c1)[C@H](O)CN[C@H]1CC2(CCC2)Oc2ncc(CC(C)(C)C)cc21,2.4,nM,8.62
CHEMBL537300,CCc1cn2c3c(cc(C(=O)N[C@@H](Cc4ccccc4)[C@H](O)CNC4CCOCC4)cc13)N(CC(F)(F)F)S(=O)(=O)CC2,248.0,nM,6.61
CHEMBL1957470,COc1cccc(-c2cccc(C3(c4ccncc4)N=C(N)N4CC(F)(F)CN=C43)c2)c1F,40.74,nM,7.39
CHEMBL1934289,O=C([C@@H]1CNC[C@H]1c1ccccc1Br)N1CC[C@@H](c2ccccc2)C[C@H]1c1ccccc1,600.0,nM,6.22
CHEMBL3236216,COc1ccc(CNC(=O)c2c[nH]c3ccc(S(=O)(=O)Nc4ccc(C(F)(F)F)cc4)cc3c2=O)cc1,7040.0,nM,5.15
CHEMBL82102,CC(C)C[C@H](O)C(=O)N[C@@H](C)C(=O)N[C@@H](Cc1ccccc1)[C@@H](O)C[C@@H](C)C(=O)N[C@H](C(=O)NCc1ccncc1)C(C)C,230.0,nM,6.64
CHEMBL2178163,CCNCC(=O)Nc1c(C)cc(CN/C(N)=N/C(=O)c2c(-c3ccc(OC)cc3)nsc2C)cc1Cl,10.0,nM,8.0
CHEMBL2178162,CCNCC(=O)Nc1c(Cl)cc(CN/C(N)=N/C(=O)c2c(-c3ccc(OC)cc3)nsc2C)cc1Cl,20.0,nM,7.7
CHEMBL2178200,COc1ccc(-c2noc(C)c2C(=O)/N=C(\N)NCc2cc(Cl)cc(Cl)c2)cc1,1600.0,nM,5.8
CHEMBL84835,CC(C)CC(=O)N[C@@H](C)C(=O)N[C@@H](Cc1ccccc1)[C@@H](O)C[C@@H](C)C(=O)N[C@H](C(=O)NCc1ccncc1)C(C)C,1740.0,nM,5.76
CHEMBL2322541,NCc1ccc(CNC(=O)Cc2ccc(-c3cccc(C(F)(F)F)c3)cc2)cc1,58900.0,nM,4.23
CHEMBL3680875,C[C@]1(c2cc(NC(=O)c3ccc(OCC4CC4)cn3)ccc2F)N=C(N)OC[C@@H]1F,15.0,nM,7.82
CHEMBL386666,CN(c1cc2cc(c1)C(=O)NC(CO)Cc1cccc(c1)OCCNC2=O)S(C)(=O)=O,2900.0,nM,5.54
CHEMBL3688765,NC1=C[C@@](CF)(c2cc(Nc3nccc4cc(Cl)cnc34)cc(F)c2F)[C@@H]2C[C@@H]2O1,3410.0,nM,5.47
CHEMBL3688780,CC(C)Oc1cnc2c(Nc3cc(Cl)c(F)c([C@@]4(CF)N=C(N)O[C@@H]5C[C@@H]54)c3)nccc2n1,375.0,nM,6.43
CHEMBL3634341,Cc1cc(Cl)cnc1C(=O)Nc1ccc(F)c([C@@]2(C)N=C(N)CO[C@@H]2F)c1,6.9,nM,8.16
CHEMBL3688737,CC#Cc1ccc(C(=O)Nc2ccc(F)c([C@@]3(C(F)F)N=C(N)O[C@@H]4C[C@@H]43)c2)nc1,46.7,nM,7.33
CHEMBL3703206,NC1=NC2(CO1)c1cc(Br)ccc1OCC21COC1,59600.0,nM,4.22
CHEMBL3400765,CCCN(CCC)C(=O)c1cccc(C(=O)N[C@@H](Cc2ccccc2)[C@@H](O)CC(=O)N[C@@H](CC(C)C)C(=O)N[C@@H](C)C(=O)N(C)[C@H](Cc2ccccc2)C(=O)OCc2ccccc2)c1,1010.0,nM,6.0
CHEMBL3400755,COC(=O)[C@H](C)NC(=O)[C@H](CC(C)C)NC(=O)C[C@H](O)[C@H](Cc1ccccc1)NC(=O)[C@H](CCC(N)=O)N(C)C(=O)[C@@H](NC(=O)OCc1ccccc1)C(C)C,2610.0,nM,5.58
CHEMBL3688620,Cc1cc(OCC(F)(F)F)cnc1C(=O)Nc1ccc(F)c([C@@]2(C(F)F)N=C(N)O[C@@H]3C[C@@H]32)c1,119.5,nM,6.92
CHEMBL3688634,CC#CCOc1ccc(C(=O)Nc2ccc(F)c([C@@]3(CF)N=C(N)O[C@@H]4C[C@@H]43)c2)nc1,8.9,nM,8.05
CHEMBL3688637,C#CCOc1cnc(C(=O)Nc2cnc(F)c([C@@]3(CF)N=C(N)O[C@@H]4C[C@@H]43)c2)cn1,9.4,nM,8.03
CHEMBL3688654,COc1cnc(C(=O)Nc2ccc(Cl)c([C@@]3(C(F)F)N=C(N)O[C@@H]4C[C@@H]43)c2)cn1,89.5,nM,7.05
CHEMBL3688655,N#Cc1cnc(C(=O)Nc2ccc(F)c([C@]3(CF)N=C(N)O[C@H]4C[C@H]43)c2)c(Cl)c1,46.9,nM,7.33
CHEMBL3688657,COc1cnc(C(=O)Nc2ccc(F)c([C@@]3(CF)N=C(N)O[C@@H]4C[C@@H]43)c2)c(Cl)c1,34.1,nM,7.47
CHEMBL3985518,COc1ccc(F)c(-c2ccc3c(c2)[C@@]2(N=C(C)C(N)=N2)[C@]2(CC[C@H](OC)CC2)C3)c1,1.5,nM,8.82
CHEMBL3981574,CO[C@H]1CC[C@]2(CC1)Cc1ccc(-c3cnc4[nH]cc(C)c4c3)cc1C21N=C(C)C(N)=N1,26.0,nM,7.58
CHEMBL3963582,CCO[C@H]1CC[C@]2(CC1)Cc1ccc(-c3cc(F)cc(C#N)c3)cc1C21N=C(C)C(N)=N1,21.0,nM,7.68
CHEMBL3673228,COC1CCC2(CC1)Oc1ccc(Cl)cc1C21N=C(N)c2ccc(C#N)cc21,83.0,nM,7.08
CHEMBL3673235,COC1CCC2(CC1)Cc1ccc(CCC3CC3)cc1C21N=C(N)c2c(F)cccc21,13.0,nM,7.89
CHEMBL399840,CS(=O)(=O)Oc1cc(C(=O)N[C@@H](Cc2ccccc2)[C@H](O)C(=O)Nc2cccc(-c3nn[nH]n3)c2)nc(C(=O)N2COC[C@@H]2c2ccccc2)c1,96.0,nM,7.02
CHEMBL2370116,CC(C)C[C@H](NC(=O)[C@H](CC(N)=O)NC(=O)[C@@H](NC(=O)[C@@H](N)CCC(=O)O)C(C)C)C(O)CC(=O)N[C@H](C(=O)N[C@@H](C)C(=O)N[C@@H](CCC(=O)O)C(=O)N[C@@H](Cc1ccccc1)C(=O)O)C(C)C,40.0,nM,7.4
CHEMBL1760852,COc1ccc(C[C@@H]2CS(=O)(=O)C[C@H](NCc3cccc(C(C)C)c3)[C@H]2O)cc1Br,2800.0,nM,5.55
CHEMBL1760864,CC(C)c1ccnc(CN[C@H]2CS(=O)(=O)C[C@@H](Cc3ccc(O)c(Br)c3)[C@@H]2O)c1,4300.0,nM,5.37
CHEMBL1275915,O=S(=O)(c1ccc(Cl)cc1)N(CCc1ccccc1)C[C@@H](O)CN1CCN(C(c2ccccc2)c2ccccc2)CC1,1900.0,nM,5.72
CHEMBL3261064,NC1=N[C@](CF)(c2cccc(NC(=O)c3ccc(Cl)cn3)c2)COC1,26.0,nM,7.58
CHEMBL4113644,CC[C@@H]1C[C@]2(CC[C@H]1OC)Cc1ccc(C#N)cc1[C@]21N=C(N)N(CC2(F)CCOCC2)C1=O,5.0,nM,8.3
CHEMBL4109666,CO[C@H]1[C@H](C)C[C@@]2(Cc3ccc(C#N)cc3[C@]23N=C(N)N(CC2(C)COC2)C3=O)C[C@@H]1C,4.0,nM,8.4
CHEMBL3640220,C[C@@]1(c2cccc(NC(=O)c3cnc(OCC4CCO4)cn3)c2)CCSC(N)=N1,170.0,nM,6.77
CHEMBL2181829,CC(=O)N[C@@H](Cc1ccc2c(c1)OCCO2)[C@H](O)CN[C@H]1CC2(CCC2)Oc2ncc(CC(C)(C)C)cc21,22.8,nM,7.64
CHEMBL1824139,CC(C)CCn1cc(C2(c3cccc(-c4cncnc4)c3)N=C(N)N(C)C2=O)cn1,30.0,nM,7.52
CHEMBL1824140,CN1C(=O)C(c2cccc(-c3cncnc3)c2)(c2cnn(CCC(C)(C)C)c2)N=C1N,20.0,nM,7.7
CHEMBL183059,CC(C)C[C@H](NC(=O)[C@@H](NC(=O)[C@@H](N)CNC(=O)C(=O)O)C(C)C)C(=O)N[C@@H](Cc1ccccc1)[C@@H](O)C(=O)N[C@@H](CC(=O)O)C(=O)N[C@@H](C)C(=O)N[C@@H](CCC(=O)O)C(=O)O,84.0,nM,7.08
CHEMBL2347872,N#Cc1cccc(CN2CCN(c3ccc(Br)cc3NC(=O)c3cc4ccccc4o/c3=N\c3ccccc3)CC2)c1,119.0,nM,6.92
CHEMBL3746752,Cc1ccc2[nH]c(N[C@H]3CN(C(=O)OC(C)(C)C)C[C@@H]3OC(=O)c3cccc(-c4ccc(F)cc4)c3)nc2c1,190.0,nM,6.72
CHEMBL3746636,CC(C)(C)OC(=O)N1C[C@H](Nc2nc3cc(Cl)ccc3[nH]2)[C@@H](OC(=O)c2cccc(Oc3ccccc3)c2)C1,360.0,nM,6.44
CHEMBL3747274,CN(C)c1ccc(C(=O)O[C@H]2CN(C(=O)OC(C)(C)C)C[C@@H]2Nc2nc3cc(F)ccc3[nH]2)cc1,1350.0,nM,5.87
CHEMBL1760730,CC(C)c1cccc(CN[C@H]2COC[C@@H](Cc3ccc(O)c(Br)c3)[C@@H]2O)c1,55000.0,nM,4.26
CHEMBL28626,O=c1c(O)c(-c2ccc(O)cc2O)oc2cc(O)cc(O)c12,21700.0,nM,4.66
CHEMBL3234040,CC1=CC2Cc3nc4cc(Cl)ccc4c(NCc4ccc(CNC(=O)c5cc(O)c6c(c5)C(=O)c5cccc(O)c5C6=O)cc4)c3C(C1)C2.Cl,2020.0,nM,5.7
CHEMBL209632,O=C(Nc1cc(-c2ccccc2)ccc1N1CCNCC1)c1cc2ccccc2oc1=O.O=C(O)C(F)(F)F,580.0,nM,6.24
CHEMBL5279449,Cn1c(N)nc(Cc2ccc3ccccc3c2)cc1=O,36000.0,nM,4.44
CHEMBL5289974,COc1nc(N)nc(Nc2ccccc2)c1/N=C/Cc1ccc(C)cc1,44000.0,nM,4.36
CHEMBL4854550,CN(CCC=C1c2ccccc2CCc2ccccc21)C(CCN)C(=O)NCc1ccccc1,6680.0,nM,5.17
CHEMBL2177314,COc1ccc(C2(c3cccc(-c4ccc(F)nc4)c3)COC(N)=N2)cc1,8300.0,nM,5.08
CHEMBL2178152,CC#Cc1cncc(-c2csc([C@]34CN(c5cccc(OC(C)C)c5)C[C@H]3C(=O)N(C)C(=N)N4)c2)c1,13.0,nM,7.89
CHEMBL2177911,COc1cc(C2(c3cccc(-c4cncnc4)c3)N=C(N)c3c(F)cccc32)ccn1,21.5,nM,7.67
CHEMBL2177305,CCn1cc([C@]2(c3cccc(NC(=O)c4ccc(Cl)cn4)c3)N=C(N)c3c(F)cccc32)cc(C)c1=O,2.49,nM,8.6
CHEMBL1916006,CCC(C)[C@@]1(NC(C)=O)CCN([C@@H](C)C(=O)N[C@@H](Cc2cc(F)cc(F)c2)[C@H](O)[C@H]2C[C@H](O)CN2)C1=O,31.0,nM,7.51
CHEMBL1915984,CCC[C@@H](O)[C@H]1CCN([C@@H](C)C(=O)N[C@@H](Cc2cc(F)cc(F)c2)[C@H](O)CNCc2cccc(OC)c2)C1=O,27.0,nM,7.57
CHEMBL1923751,c1cc(-c2cn3ccccc3n2)cc(-c2nc3ccccc3[nH]2)c1,961.0,nM,6.02
CHEMBL558582,CCc1cn2c3c(cc(C(=O)N[C@@H](Cc4ccccc4)[C@H](O)CNC4CCCCC4)cc13)N(CC)S(=O)(=O)CC2,7.0,nM,8.15
CHEMBL455207,CCCCNC(=O)[C@H](C)C[C@H](O)[C@@H]1C[C@H](C)CCCCCCCCCC(=O)N[C@@H](C)C(=O)N1,2100.0,nM,5.68
CHEMBL1762688,COc1ccc(-c2cc(OC(C)=O)cc(-c3ccccc3)c2OC(C)=O)cc1,11150.0,nM,4.95
CHEMBL3680870,Cc1cc(C(=O)Nc2ccc(F)c([C@@]3(C)N=C(N)OC[C@@H]3F)c2)c(C)o1,8.0,nM,8.1
CHEMBL2158253,CC(=O)N[C@@H](Cc1ccccc1)[C@H](O)CNC1CC(C)(C)Oc2sc(CC(C)(C)C)cc21,8.5,nM,8.07
CHEMBL2152921,CO[C@H]1CC[C@]2(CC1)Cc1ccc(-c3cc(Cl)c(F)c(C#N)c3)cc1C21N=C(C)C(N)=N1,0.72,nM,9.14
CHEMBL2151148,CCc1ccc2c(c1)[C@@H](NC[C@@H](O)[C@H](Cc1ccccc1)NC(=O)c1cc(-c3ccccn3)c(=O)n(C3CCCC3)c1)CC1(CCC1)O2,8.8,nM,8.06
CHEMBL3672945,NC1=N[C@@]2(c3cc(NC(=O)c4cnc(OCC5(F)CC5)cn4)ccc3F)COC[C@@]2(F)CO1,25.7,nM,7.59
CHEMBL3654220,CC1N=CC([C@H]2CC3CSC(N)=N[C@@]3(c3ccc(F)cc3F)CO2)=N1,55.0,nM,7.26
CHEMBL3939963,CO[C@H]1CC[C@]2(CC1)Cc1ccc(OCCC3CC3)cc1C21N=C(C)C(N)=N1,3.7,nM,8.43
CHEMBL3667412,[C-]#[N+]c1ccc(C(=O)Nc2cccc([C@]34CN(c5ncc(F)cn5)C[C@H]3CSC(N)=N4)c2)nc1,0.45,nM,9.35
CHEMBL5542098,COc1cc2ncnc(N3CCN(c4ccc(Br)cc4)CC3)c2cc1OC,1714.0,nM,5.77
CHEMBL5779507,CC#Cc1cncc(-c2csc(C3(C)CC4(CCC4)OC(N)=N3)c2)c1,30.0,nM,7.52
CHEMBL3604596,CCC[C@H](NC(=O)[C@H](O)[C@H](CC(C)C)NC(=O)[C@H](Cc1cccs1)NC(=O)[C@@H](NC(=O)[C@@H](N)CCC(=O)O)[C@@H](C)CC)C(=O)O,56000.0,nM,4.25
CHEMBL449357,COc1ccc(C2(c3csc(N)n3)CCCC2)cc1,25000.0,nM,4.6
CHEMBL522520,COc1ccc(C(Cc2cc([N+](=O)[O-])ccc2OC)c2c[nH]c(N)n2)cc1F,3200.0,nM,5.5
CHEMBL6015507,C[C@@]1(c2cc(NC(=O)c3ccc(F)cn3)ccc2F)CC2(CCC2)OC(N)=N1,321.0,nM,6.49
CHEMBL6035461,CC1(c2cc(NC(=O)c3ccc(F)cn3)ccc2F)N=C(N)OC2(CCC2)C1(F)F,210.0,nM,6.68
CHEMBL591547,Cc1cc2cc(n1)OCCCCOc1cccc(c1)C[C@@H]([C@H](O)CNC(C)c1cccc(C(C)C)c1)NC2=O,83.0,nM,7.08
CHEMBL595065,CC(C)c1cccc(CNC[C@@H](O)[C@@H]2Cc3cccc(c3)OCCCCNc3cc(cc(N4C=COC4)c3)C(=O)N2)c1,19.0,nM,7.72
CHEMBL3670907,C[C@]1(c2cc(NC3CCCOC3)ccc2F)N=C(N)COC[C@@H]1F,400.0,nM,6.4
CHEMBL3746637,CC(C)(C)OC(=O)N1C[C@H](Nc2nc3cc(F)ccc3[nH]2)[C@@H](OC(=O)c2ccc(-c3ccccc3)cc2)C1,50.0,nM,7.3
CHEMBL3940148,C[C@H]1C[C@H]2CSC(N)=N[C@@]2(c2nc(NC(=O)c3cnc(OCC(F)F)cn3)cs2)CO1,280.0,nM,6.55
CHEMBL3895844,CC#CCOc1cnc(C(=O)Nc2csc([C@]34CO[C@@H](C)C[C@H]3CSC(N)=N4)n2)cn1,13.0,nM,7.89
CHEMBL1085190,C[C@@H](NC(=O)c1cc(CNC(=O)C(N)(CO)Cc2ccccc2)cc(N(C)S(C)(=O)=O)c1)c1ccc(F)cc1,18100.0,nM,4.74
CHEMBL508095,CCCN1CC(C(=O)N[C@@H](Cc2cc(F)cc(F)c2)[C@H](O)[C@@H]2NCCN(Cc3ccccc3)C2=O)N(C(C)C)C1=O,1100.0,nM,5.96
CHEMBL3688786,N#Cc1cnc2c(Nc3ccc(Cl)c([C@@]4(CF)N=C(N)O[C@@H]5C[C@@H]54)c3)ncc(F)c2c1,68.2,nM,7.17
CHEMBL6032553,N#Cc1ccc(C(=O)Nc2cccc(C3(CF)COCC(N)=N3)n2)nc1,270.0,nM,6.57
CHEMBL4441612,C[C@@]1(c2cc(NC(=O)c3ccc(C#N)cn3)ccc2F)Cn2nncc2C(N)=N1,1.995,nM,8.7
CHEMBL4466470,C[C@@]1(c2cc(NC(=O)c3ccc(Cl)cn3)ccc2F)Cn2ccnc2C(N)=N1,10.47,nM,7.98
CHEMBL1824347,Cc1cc(C2(c3cccc(-c4cncnc4)c3)N=C(N)N(C)C2=O)cs1,140.0,nM,6.85
CHEMBL1824145,CCn1cc([C@]2(c3cccc(-c4cccnc4F)c3)N=C(N)N(C)C2=O)cn1,10.0,nM,8.0
CHEMBL1795871,COc1cccc(CNC[C@H](Cc2ccccc2)n2cc(-c3cc(C(=O)N[C@H](C)c4ccccc4)cc(N(C)S(C)(=O)=O)c3)nn2)c1,7000.0,nM,5.16
CHEMBL1824344,CCCCn1cc(C2(c3cccc(-c4cccnc4F)c3)N=C(N)N(C)C2=O)cn1,10.0,nM,8.0
CHEMBL2322830,O=C(Cc1ccc(-c2ccccc2)cc1)NCc1ccc(CN2Cc3ccccc3C2)cc1,63300.0,nM,4.2
CHEMBL3693229,NC1=N[C@@](c2cc(NC(=O)c3cnc(OCC4CCOC4)cn3)ccc2F)(C(F)F)[C@H]2C[C@H]2O1,145.0,nM,6.84
CHEMBL3688805,C[C@@H](Nc1ccc(F)c([C@@]2(C(F)F)N=C(N)O[C@@H]3C[C@@H]32)c1)c1ccc(Cl)cn1,13850.0,nM,4.86
CHEMBL4173236,C[C@@]1(c2cc(NC(=O)c3ncccc3C#N)ccc2F)COCC(N)=N1,129.0,nM,6.89
CHEMBL3688614,CS(=O)(=O)c1ccc(C(=O)Nc2ccc(F)c([C@@]3(C(F)F)N=C(N)O[C@@H]4C[C@@H]43)c2)nc1,13100.0,nM,4.88
CHEMBL3357670,C[C@]12CCCO[C@@H]1[C@]1(CSC(N)=N1)c1cc(-c3cccc(C#N)c3)ccc1O2,140.0,nM,6.85
CHEMBL3680893,C[C@]1(F)COC(N)=N[C@]1(C)c1cc(NC(=O)c2ccc(F)cn2)ccc1F,11.0,nM,7.96
CHEMBL3670916,CC1(C)OCC(N)=N[C@](C)(c2cc(NC3CCc4cc(Cl)cnc43)ccc2F)C1(F)F,71.0,nM,7.15
CHEMBL3670918,CC1(C)OCC(N)=N[C@](C)(c2cc(NC3CCCc4cc(C#N)cnc43)ccc2F)C1(F)F,120.0,nM,6.92
CHEMBL3680894,C[C@]1(F)COC(N)=N[C@]1(C)c1cc(NC(=O)C2CC2(F)F)ccc1F,32.0,nM,7.5
CHEMBL3741282,C[C@@]1(c2cc(-c3cc(-c4ncc(Cl)cn4)no3)ccc2F)C[S@]2(=O)=NCCCCN2C(N)=N1,9.5,nM,8.02
CHEMBL3653713,CC1=NC2(N=C1N)c1cc(-c3cncc(Cl)c3)ccc1CC21CCC1,284.0,nM,6.55
CHEMBL3683904,COc1cnc(C(=O)Nc2cc(F)c(Cl)c([C@@]3(CF)N=C(N)O[C@@H]4C[C@@H]43)c2)cn1,55.0,nM,7.26
CHEMBL3745864,COC(=O)CN1C[C@H](Nc2nc3cc(C)ccc3[nH]2)[C@@H](OC(=O)c2ccc(-c3ccccc3)cc2)C1,570.0,nM,6.24
CHEMBL3653658,CC1=NC2(CCOc3ccc(-c4cncc(Cl)c4)cc32)N=C1N,743.0,nM,6.13
CHEMBL3653689,CC1=NC2(N=C1N)c1cc(Br)ccc1CC21CCOCC1,7530.0,nM,5.12
CHEMBL3673213,COC1CCC2(CC1)Cc1ccc(-c3cc(F)cc(Cl)c3)cc1C21N=C(N)N2CC(C)(C)CN=C21,2816.0,nM,5.55
CHEMBL3673216,COC1CCC2(CC1)Cc1ccc(C#CC3CC3)cc1C21N=C(N)N2CC3(CC3)CN=C21,733.0,nM,6.13
CHEMBL3673225,COC1CCC2(CC1)Cc1ccc(-c3cc(F)cc(Cl)c3)cc1C21N=C(N)c2ccc(C#N)cc21,20.0,nM,7.7
CHEMBL3673233,COC1CCC2(CC1)Cc1ccc(OCC3CC3)cc1C21N=C(N)c2ccccc21,13.0,nM,7.89
CHEMBL3680886,C[C@]1(c2cc(NC(=O)c3ncc(C#N)cc3Cl)ccc2F)N=C(N)OC[C@H]1F,82.0,nM,7.09
CHEMBL3688770,N#Cc1cnc2c(Nc3ccc(F)c([C@@]4(CF)N=C(N)O[C@@H]5C[C@@H]54)c3)nccc2c1,53.9,nM,7.27
CHEMBL5884513,N#Cc1ccc2c(c1)OCC[C@@H]2Nc1ccc(F)c([C@@]2(C(F)F)N=C(N)O[C@@H]3C[C@@H]32)c1,968.0,nM,6.01
CHEMBL3688784,NC1=N[C@@](c2cc(Nc3ncc(F)c4cc(Cl)cnc34)ccc2F)(C(F)F)[C@H]2C[C@H]2O1,27.8,nM,7.56
CHEMBL5885398,C[C@@]1(c2cc(-c3cc(-c4cnc(OCC(F)F)cn4)no3)ccc2F)C[S@@]2(=O)=NCCCCN2C(N)=N1,14.0,nM,7.85
CHEMBL3688684,NC1=N[C@@](c2cc(NC(=O)COc3ccccc3)ccc2F)(C(F)F)[C@H]2C[C@H]2O1,6660.0,nM,5.18
CHEMBL5996105,NC1=N[C@@](c2cc(NC(=O)c3cnc(CCC#CC4CC4)cn3)ccc2F)(C(F)F)[C@H]2C[C@H]2O1,7.6,nM,8.12
CHEMBL3653692,CC1=NC2(N=C1N)c1cc(Br)ccc1CC21CCC(F)(F)CC1,1760.0,nM,5.75
CHEMBL5823983,CC1=N[C@]2(C[C@@]3(CCCOC3)Oc3ccc(-c4ccc(F)c(Cl)c4)cc32)N=C1N,180.0,nM,6.75
CHEMBL5964410,CC1=N[C@@]2(C[C@]3(CCCOC3)Oc3ccc(-c4ccc(F)c(Cl)c4)cc32)N=C1N,147.0,nM,6.83
CHEMBL6038361,CC1=N[C@]2(C[C@@H]([C@H]3CCCOC3)Oc3ccc(Br)cc32)N=C1N,1030.0,nM,5.99
CHEMBL3741614,COc1cnc(-c2cc(-c3ccc(F)c([C@]4(C)C[S@@]5(=O)=NCCCCN5C(N)=N4)c3)on2)cn1,9.0,nM,8.05
CHEMBL4470897,C#CCOc1cnc(/C(F)=C/c2ccc(F)c([C@]3(C)CS(=O)(=O)C(C)(C)C(N)=N3)c2)cn1,3.0,nM,8.52
CHEMBL4574502,C[C@H]1C[C@H]2CSC(N)=N[C@@]2(c2ncc(NC(=O)c3ccc(OC(F)F)cn3)s2)CO1,13600.0,nM,4.87
CHEMBL3693232,NC1=N[C@@](c2cc(NC(=O)c3cnc(OCC4CCCCC4)cn3)ccc2F)(C(F)F)[C@H]2C[C@H]2O1,12.1,nM,7.92
CHEMBL2177318,CC(=O)N[C@@H](Cc1ccccc1)[C@H](O)CN[C@H]1CC2(CCC2)Oc2ncc(Cl)cc21,1880.0,nM,5.73
CHEMBL5075795,C[C@@]1(S(C)(=O)=O)CC[C@@](CF)(c2cc(NC(=O)c3cc4c(cn3)OCCCO4)ccc2F)N=C1N,76.0,nM,7.12
CHEMBL2047909,CC(C)(C)c1cccc(CN[C@H]2CS(=O)(=O)C[C@@H](Cc3cc(F)c(N)c(-c4ccco4)c3)[C@@H]2O)c1,79.0,nM,7.1
CHEMBL5992946,COc1cccc(-n2nc(Nc3ccc(OCCN4CCCC4)cc3)nc2N)n1,28100.0,nM,4.55
CHEMBL6016396,COC(=O)C1CCCN1CCOc1ccc(Nc2nc(N)n(-c3cnc4ccccc4n3)n2)cc1,1080.0,nM,5.97
CHEMBL4102842,Nc1nc(Nc2ccc(OCCN3CCCC3)cc2)nn1-c1nc(Cl)nc2ccccc12,671.0,nM,6.17
CHEMBL3740508,COc1cnc(-c2cc(-c3ccc(F)c([C@]4(C)C[S@]5(=O)=NCCCCN5C(N)=N4)c3)on2)cn1,694.0,nM,6.16
CHEMBL3680864,C[C@]1(c2cc(NC(=O)c3ncc(C(F)(F)F)cc3F)ccc2F)N=C(N)OC[C@@H]1F,4.0,nM,8.4
CHEMBL5810423,CNC(=O)[C@]12C[C@H]1[C@@](C)(c1cc(/C=C(\F)c3ccc(Br)cn3)ccc1F)N=C(N)S2,10.0,nM,8.0
CHEMBL3894514,Cc1noc2c1CC1(CC2)Cc2ccc(-c3cncc(Cl)c3)cc2C12N=C(N)N(C)O2,7.0,nM,8.15
CHEMBL3746566,Cc1ccc2[nH]c(N[C@H]3CN(C(=O)OC(C)(C)C)C[C@@H]3OC(=O)c3ccc(-c4ccccc4)cc3)nc2c1,210.0,nM,6.68
CHEMBL3747444,CCCS(=O)(=O)N1C[C@H](Nc2nc3cc(F)ccc3[nH]2)[C@@H](OC(=O)c2ccc(C(C)C)cc2)C1,670.0,nM,6.17
CHEMBL3937992,NC1=NC2(CCO1)c1cc(NC(=O)c3ccc(F)cn3)ccc1Oc1c(F)cc(-c3ccnc(F)c3)cc12,8.8,nM,8.06
CHEMBL3970199,NC1=NC2(CCO1)c1cc(NC(=O)c3ccc(Cl)cn3)ccc1Oc1ncc(C3CC3)cc12,12.7,nM,7.9
CHEMBL3900583,NC1=N[C@](CF)(c2cc(NC(=O)c3nn(C(F)F)cc3Cl)ccc2F)C[C@@H](C(F)(F)F)O1,20.0,nM,7.7
CHEMBL3924932,NC1=N[C@](CF)(c2cc(NC(=O)c3ncc(C(F)F)cc3Cl)ccc2F)C[C@@H](C(F)(F)F)O1,130.0,nM,6.89
CHEMBL3695740,CN1C(=O)C[C@@]2(N=C1N)c1cc(-c3cccnc3F)ccc1Oc1cnc(C3=CCOCC3)cc12,1750.0,nM,5.76
CHEMBL4796231,C[C@@]1(c2cc(NC(=O)c3cnc(C#N)cn3)ccc2F)C[S@@]2(=O)=NCC(F)(F)CN2C(N)=N1,2.0,nM,8.7
CHEMBL3969985,NC1=N[C@@]2(c3ccc(F)cc3F)CO[C@@H](C3CCCO3)C[C@H]2CS1,447.0,nM,6.35
CHEMBL3908098,NC1=N[C@]2(c3ccccc3F)CO[C@H](C3CC3)C[C@@H]2CS1,25710.0,nM,4.59
CHEMBL3233832,CC1=C[C@@H]2Cc3nc4cc(Cl)ccc4c(NCCCCCCCCCNC(=O)c4cc(O)c5c(c4)C(=O)c4cccc(O)c4C5=O)c3[C@H](C1)C2.Cl,80.0,nM,7.1
CHEMBL4108635,C[C@]1(c2nc(NC(=O)c3ncc(OCC(F)(F)F)nc3N)ccc2F)N=C(N)OCC1(F)F,590.0,nM,6.23
CHEMBL4110655,C[C@]1(c2nc(NC(=O)c3nccnc3N)ccc2F)N=C(N)OCC1(F)F,540.0,nM,6.27
CHEMBL4111103,CC(F)(F)c1cnc(C(=O)Nc2ccc(F)c([C@@]3(C)N=C(N)OCC3(F)F)n2)c(N)n1,64.0,nM,7.19
CHEMBL3261076,C[C@]1(c2cccc(NC(=O)c3ccc(Cl)cn3)c2)N=C(N)Cn2nccc21,48.98,nM,7.31
CHEMBL3634338,COc1cnc(C(=O)Nc2ccnc([C@@]3(C)N=C(N)CO[C@@H]3F)c2)cn1,257.0,nM,6.59
CHEMBL4856599,CN1C(N)=N[C@](C)(c2cc(-n3[se]c4ccccc4c3=O)ccc2F)CS1(=O)=O,1920.0,nM,5.72
CHEMBL3813928,CC[C@H](C)[C@H](NC(=O)C[C@H](O)[C@H](Cc1ccccc1)NC(=O)[C@H](CCC(N)=O)N(C)C(=O)[C@@H](NC(=O)[C@H](C)O)[C@@H](C)CC)C(=O)NCC(=O)N(C)[C@H](Cc1ccccc1)C(=O)N1CCC[C@H]1C(=O)OC,690.0,nM,6.16
CHEMBL2180475,O=C(/C=C/c1cccc(O)c1O)c1ccc(O)cc1O,270.0,nM,6.57
CHEMBL3745922,Cc1ccc2[nH]c(N[C@H]3CNC[C@@H]3OC(=O)c3ccc(-c4ccccc4)cc3)nc2c1,3200.0,nM,5.5
CHEMBL6048230,CC1(C)C[C@H]2COC(N)=N[C@@]2(c2nc(NC(=O)c3ccc(OC(F)F)cn3)cs2)CO1,610.0,nM,6.21
CHEMBL3688745,NC1=N[C@](CF)(c2cc(NC(=O)c3ccc(F)cn3)ccc2Cl)[C@H]2C[C@H]2O1,290.0,nM,6.54
CHEMBL5911959,COc1cnc(C(=O)Nc2ccc(F)c([C@]3(C)Cn4nncc4C(N)=N3)c2)cn1,2.04,nM,8.69
CHEMBL3909030,C[C@H]1C[C@H]2CSC(N)=N[C@@]2(c2nc(NC(=O)c3ccc(=O)n(C)c3)cs2)CO1,1410.0,nM,5.85
CHEMBL6032465,C[C@H]1C[C@H]2CSC(N)=N[C@@]2(c2nc(NC(=O)c3cnc(C4CC4)cn3)cs2)CO1,1080.0,nM,5.97
CHEMBL3927854,C[C@H]1C[C@H]2CSC(N)=N[C@@]2(c2nc(NC(=O)C3(C)CCC3)cs2)CO1,461.0,nM,6.34
CHEMBL5913107,C[C@H]1C[C@H]2CSC(N)N[C@@]2(c2cc(NC(=O)c3ccc(C#N)cn3)cs2)CO1,19.0,nM,7.72
CHEMBL3680857,C[C@]1(c2cc(NC(=O)c3ccc(OCF)cn3)ccc2F)N=C(N)OC[C@@H]1F,1.0,nM,9.0
CHEMBL3680873,C[C@]1(c2cc(NC(=O)c3ccc(OCC(F)F)cn3)ccc2F)N=C(N)OC[C@@H]1F,13.0,nM,7.89
CHEMBL2179140,CCC[C@H](O)[C@H](NC[C@H](Cc1ccccc1)NC(=O)c1cc2c3c(c1)c(CC)cn3CC1(CC1)S(=O)(=O)N2C)C(=O)NC(C)C,14.0,nM,7.85
CHEMBL2179131,CC(C)CNC(=O)[C@@H](NC[C@H](Cc1ccccc1)NC(=O)c1cc(C(=O)N[C@H](C)c2ccccc2)cc(N(C)S(C)(=O)=O)c1)[C@H](C)O,1.0,nM,9.0
CHEMBL2380811,CC1(C)Cc2cc(Cl)ccc2C(NC(Cc2cscc2-c2ncco2)C(=O)O)=N1,820.0,nM,6.09
CHEMBL3597550,CCOC(=O)C1(c2ccccc2)CCN(CCCCCOc2ccc3c(c2)C(=O)/C(=C/c2ccc(CN(C)Cc4ccccc4)cc2)C3)CC1,8230.0,nM,5.08
CHEMBL4874621,CC[C@H](C)[C@H](NC(=O)[C@@H](N)CCC(=O)O)C(=O)N[C@@H](Cc1cccs1)C(=O)N[C@@H](CC(C)C)[C@H](O)CNc1cccc(C)c1,14000.0,nM,4.85
CHEMBL4872824,CC[C@H](C)[C@H](NC(=O)[C@@H](N)CCC(=O)O)C(=O)N[C@@H](Cc1cccs1)C(=O)N[C@@H](CC(C)C)[C@H](O)CNC1CCCCCC1,9200.0,nM,5.04
CHEMBL3701713,Cl.NC1=N[C@@]2(c3ccns3)CN(c3ncc(F)cn3)C[C@H]2CS1,172.0,nM,6.76
CHEMBL3667410,NC1=N[C@@]2(c3cc(NC(=O)c4ccc(F)cn4)ccc3F)CN(c3ncc(F)cn3)C[C@H]2CS1,0.603,nM,9.22
CHEMBL5948237,Cc1cn(C[C@]23C[C@H]2[C@@](CF)(c2cc(C#Cc4ccc(C#N)cn4)ccc2F)N=C(N)S3)nn1,109.0,nM,6.96
CHEMBL5763652,Cc1cc(C#N)cnc1C#Cc1ccc(F)c([C@@]2(CF)N=C(N)S[C@@]3(/C=C/C(=O)N4CCOCC4)C[C@H]32)c1,5.0,nM,8.3
CHEMBL5557161,O=C(Cn1nc(-c2ccccc2)c(-c2ccccc2)nc1=O)Nc1ccc([N+](=O)[O-])cc1Cl,1831.0,nM,5.74
CHEMBL5555058,COc1cc(NC(=O)Cn2nc(-c3ccccc3)c(-c3ccccc3)nc2=O)cc(OC)c1,542.0,nM,6.27
CHEMBL4790663,CN(C)C(=O)[C@]12C[C@H]1[C@@](C)(c1cc(/C=C(\F)c3ccc(C#N)cn3)ccc1F)N=C(N)S2,2.0,nM,8.7
CHEMBL4760458,C[C@]1(c2cc(/C=C(\F)c3ccc(C#N)cn3)ccc2F)N=C(N)S[C@@]2(C(=O)N3CCOCC3)C[C@H]21,1.5,nM,8.82
CHEMBL5897007,CCCNC1=NC(c2ccc(F)cc2)NC(=O)N1,36830.0,nM,4.43
CHEMBL3939930,COCCN1C(=O)C2(N=C1N)c1cc(-c3cccnc3F)ccc1CC21CCc2ccccc2CC1,6.3,nM,8.2
CHEMBL4108517,CN1OC2(N=C1N)c1cc(Br)ccc1C[C@@]21C[C@@H]1c1ccccc1,9805.0,nM,5.01
CHEMBL3667408,NC1=N[C@@]2(c3cccc(NC(=O)c4ccc(F)cn4)c3)CN(c3ncc(F)cn3)C[C@H]2CS1,0.61,nM,9.21
CHEMBL4109501,[C-]#[N+]c1ccc2c(c1)[C@]1(N=C(N)N(Cc3ncccn3)C1=O)[C@]1(CC[C@H](OC)[C@H](CC)C1)C2,11.0,nM,7.96
CHEMBL3892262,CO[C@H]1CC[C@@]2(Cc3ccc(C#N)cc3[C@]23N=C(N)N(Cc2ccncn2)C3=O)C[C@@H]1C,9.0,nM,8.05
CHEMBL4112862,CO[C@H]1[C@H](C)C[C@@]2(Cc3ccc(C#N)cc3[C@]23N=C(N)N(C2COC2)C3=O)C[C@@H]1C,3.0,nM,8.52
CHEMBL3695734,CN1C(=O)[C@]2(N=C1N)c1cc(-c3cccc(Cl)c3)ccc1Oc1c(F)cc(C3=CCOCC3)cc12,0.3,nM,9.52
CHEMBL3695742,CN1C(=O)C[C@@]2(N=C1N)c1cc(-c3cccnc3F)ccc1Oc1cnc(-c3ccnc(F)c3)cc12,437.0,nM,6.36
CHEMBL3695747,CN1C(=O)C[C@]2(N=C1N)c1cc(-c3cccnc3F)ccc1Oc1c2cc(-c2ccnc(F)c2)nc1F,1.4,nM,8.85
CHEMBL3695748,CN1C(=N)NC2(CC1=O)c1cc(-c3cccnc3F)ccc1Oc1cnc(-c3cccnc3F)cc12,48.3,nM,7.32
CHEMBL5906449,CC(C)N1C(=O)NC2(C1=O)c1cc(Br)ccc1CC21CCc2ccccc2CC1,91.4,nM,7.04
CHEMBL6022033,COC1CCC2(CC1)Cc1ccc(Br)cc1C21NC(=S)N(C2COC2)C1=O,55.8,nM,7.25
CHEMBL3983383,C[C@H]1C[C@H]2CSC(N)=N[C@@]2(c2nc(NC(=O)c3cccnn3)cs2)CO1,2160.0,nM,5.67
CHEMBL3914734,C[C@H]1C[C@H]2CSC(N)=N[C@@]2(c2nc(NC(=O)c3cc(C4CC4)on3)cs2)CO1,3820.0,nM,5.42
CHEMBL3985734,CCc1nc(C(=O)Nc2csc([C@]34CO[C@@H](C)C[C@H]3CSC(N)=N4)n2)co1,341.0,nM,6.47
CHEMBL3688812,COCc1cc(C#N)cnc1C(=O)Nc1ccc(Cl)c([C@@]2(CF)N=C(N)O[C@@H]3C[C@@H]32)c1,25.1,nM,7.6
CHEMBL3688816,COCc1cc(C#N)cnc1C(=O)Nc1ccc(F)c([C@@]2(C(F)F)N=C(N)O[C@@H]3C[C@@H]32)c1,11.6,nM,7.94
CHEMBL3688743,Cc1cc(Cl)cnc1C(=O)Nc1ccc(Cl)c([C@@]2(CF)N=C(N)O[C@@H]3C[C@@H]32)c1,37.3,nM,7.43
CHEMBL3683910,NC1=N[C@](CF)(c2cc(NC(=O)c3nn(C(F)F)cc3Cl)ccc2F)[C@H]2C[C@H]2O1,23.2,nM,7.63
CHEMBL3688640,Cc1cc(OC(F)F)cnc1C(=O)Nc1ccc(Cl)c(C2(C(F)F)N=C(N)O[C@@H]3C[C@@H]32)c1,90.8,nM,7.04
CHEMBL3688643,Cc1cc(OC(F)F)cnc1C(=O)Nc1ccc(Cl)c([C@@]2(C(F)F)N=C(N)O[C@@H]3C[C@@H]32)c1,46.9,nM,7.33
CHEMBL3688652,Cc1cc(C#N)cnc1C(=O)Nc1ccc(Cl)c([C@@]2(C(F)F)N=C(N)O[C@@H]3C[C@@H]32)c1,18.4,nM,7.74
CHEMBL6035803,C[C@@]1(c2cc(NC(=O)c3ccc(F)cn3)ccc2F)CC2(CCC(F)(F)CC2)OC(N)=N1,8.7,nM,8.06
CHEMBL3656137,COc1cc(Cl)cc(-c2ccc3c(c2)C2(N=C(N)N(C)C2=O)C2(CCC(OC)CC2)C3)c1,11.5,nM,7.94
CHEMBL3656144,CCOC1CCC2(CC1)Cc1ccc(C#CC3CC3)cc1C21N=C(N)N(C)O1,21.0,nM,7.68
CHEMBL3656151,COC1CCC2(CC1)Cc1ccc(-c3cc(F)ccc3C)cc1C21N=C(N)N(C)O1,74.1,nM,7.13
CHEMBL3948426,NC1=N[C@@]2(c3ccc(F)cc3F)CO[C@@H](c3ccccc3F)C[C@H]2CS1,86.0,nM,7.07
CHEMBL3907417,NC1=N[C@@]2(c3ccc(F)cc3F)CO[C@@H](c3ccccc3OC(F)(F)F)C[C@H]2CS1,21.0,nM,7.68
CHEMBL3909266,C[C@H]1C[C@H]2CSC(N)=N[C@@]2(c2cc(NC(=O)c3ccc(C#N)cn3)cs2)CO1,73.0,nM,7.14
CHEMBL3954200,C[C@H]1C[C@H]2CSC(N)=N[C@@]2(c2nc(NC(=O)c3cnc(C(F)(F)F)cn3)cs2)CO1,193.0,nM,6.71
CHEMBL3922902,COc1ccc(C(=O)Nc2csc([C@]34CO[C@@H](C)C[C@H]3CSC(N)=N4)n2)nc1,259.0,nM,6.59
CHEMBL3936965,COCc1cc(C(=O)Nc2csc([C@]34CO[C@@H](C)C[C@H]3CSC(N)=N4)n2)no1,5860.0,nM,5.23
CHEMBL3983343,NC1=N[C@](CF)(c2cc(Oc3cnccn3)ccc2F)C[C@@H](C(F)(F)F)O1,1650.0,nM,5.78
CHEMBL3642614,CC1(c2cc(NC(=O)c3cc4cc(F)ccc4[nH]3)ccc2F)CCSC(N)=N1,450.0,nM,6.35
CHEMBL3908843,CO[C@H]1CC[C@]2(CC1)Cc1ccc(Oc3cc(Cl)cc(Cl)c3)cc1C21N=C(N)N(C)C1=O,6.0,nM,8.22
CHEMBL3898955,NC1=N[C@](CF)(c2cc(NC(=O)c3ccc(Br)cn3)cc(F)c2F)C[C@@H](C(F)(F)F)O1,81.0,nM,7.09
CHEMBL3936271,CCOC1=CC=C/C(=C\Nc2cc(C)cc(C)c2O)C1=O,61.0,nM,7.21
CHEMBL3642641,CC1(c2cc(NC(=O)c3ccco3)cc(C(F)(F)F)c2)CCSC(N)=N1,2278.0,nM,5.64
CHEMBL3645159,C=CCCOc1cnc(C(=O)Nc2cccc([C@]3(C)CCSC(N)=N3)c2)cn1,190.0,nM,6.72
CHEMBL3640280,COc1nc(N2C[C@H]3C(=O)N(C)C(N)=N[C@@]3(c3cc(F)ccc3F)C2)nc(C2CC2)c1F,86.0,nM,7.07
CHEMBL2178195,COc1ccc(-c2nsc(C)c2C(=O)/N=C(\N)NCc2cc(Cl)c(NC(=O)CNCc3ccccc3)c(Cl)c2)cc1,140.0,nM,6.85
CHEMBL2178191,COc1ccc(-c2noc(C)c2C(=O)/N=C(\N)NCc2cc(Cl)c(NC(=O)CN(C)C)c(Cl)c2)cc1,210.0,nM,6.68
CHEMBL3688787,COc1cnc2c(Nc3ccc(F)c([C@@]4(C(F)F)N=C(N)O[C@@H]5C[C@@H]54)c3)ncnc2c1,224.0,nM,6.65
CHEMBL2181024,COC(=O)[C@@H]1CCCN1C(=O)[C@@H](Cc1ccccc1)N(C)C(=O)[C@H](C)NC(=O)[C@H](CC(C)C)NC(=O)C[C@H](O)[C@H](Cc1ccccc1)NC(=O)[C@H](CCC(N)=O)N(C)C(=O)[C@@H](NC(=O)OC(C)(C)C)C(C)C,48.8,nM,7.31
CHEMBL2181020,CC(C)C[C@H](NC(=O)C[C@H](O)[C@H](Cc1ccccc1)NC(=O)[C@H](CCC(N)=O)N(C)C(=O)[C@@H](NC(=O)[C@H](C)O)C(C)C)C(=O)N[C@@H](C)C(=O)N(C)[C@H](Cc1ccccc1)C(=O)NC(C)C,166.0,nM,6.78
CHEMBL501578,COC(=O)[C@@H]1CCCN1C(=O)[C@H](Cc1ccccc1)N(C)C(=O)[C@H](C)NC(=O)[C@H](CC(C)C)NC(=O)C[C@H](O)[C@H](Cc1ccccc1)NC(=O)[C@H](CCC(N)=O)N(C)C(=O)[C@@H](NC(=O)[C@H](C)O)C(C)C,353.0,nM,6.45
CHEMBL3654218,Cc1cnc([C@H]2C[C@H]3[C@@H](C)SC(N)=N[C@@]3(c3ccc(F)cc3F)CO2)o1,473.0,nM,6.33
CHEMBL3654227,Cc1nc([C@H]2CC3CSC(N)=N[C@@]3(c3ccc(F)cc3F)CO2)oc1C,112.0,nM,6.95
CHEMBL3654230,NC1=N[C@@]2(c3ccc(F)cc3F)CO[C@@H](c3nc(C(F)(F)F)co3)C[C@H]2CS1,467.0,nM,6.33
CHEMBL3919635,CCOC(=O)C(F)=Cc1cccc(C2(C)CCSC(=N)N2)c1,8100.0,nM,5.09
CHEMBL3642635,COCc1cc(NC(=O)c2ccc(C(F)(F)F)cc2)cc(C2(C)CCSC(N)=N2)c1,4586.0,nM,5.34
CHEMBL3667411,NC1=N[C@@]2(c3cc(NC(=O)c4cnc(CO)cn4)ccc3F)CN(c3ncc(F)cn3)C[C@H]2CS1,0.569,nM,9.24
CHEMBL6057856,COc1cnc2c(Nc3ccc(F)c([C@]4(C(F)F)CS(=O)(=O)C(C)(C)C(N)=N4)c3)nccc2c1,68.0,nM,7.17
CHEMBL257433,CCCCN1C[C@@H](C(=O)N[C@@H](Cc2cc(F)cc(F)c2)[C@H](O)[C@H]2C[C@@H](OCc3ccccc3)CN2)[C@H](CC)C1=O,142.0,nM,6.85
CHEMBL402307,Cc1cccc(CN2C[C@@H](C(=O)N[C@@H](Cc3cc(F)cc(F)c3)[C@H](O)[C@H]3C[C@@H](OCc4ccccc4)CN3)CC2=O)c1,350.0,nM,6.46
CHEMBL255336,COCCCN1C[C@@H](C(=O)N[C@@H](Cc2cc(F)cc(F)c2)[C@H](O)[C@H]2C[C@@H](OCc3ccccc3)CN2)CC1=O,2950.0,nM,5.53
CHEMBL3688610,N#Cc1csc(C(=O)Nc2ccc(F)c([C@@]3(C(F)F)N=C(N)O[C@@H]4C[C@@H]43)c2)c1,1075.0,nM,5.97
CHEMBL4744470,Fc1ccc(/C=N\C2CCN(Cc3ccccc3)C2)c(F)c1,2648.0,nM,5.58
CHEMBL4763724,Cc1ccc(CNC2CCN(Cc3ccccc3)C2)cc1,2245.0,nM,5.65
CHEMBL3914952,C[C@H]1SC(N)=N[C@@]2(c3ccc(F)cc3F)CO[C@@H](C3CC3)C[C@@H]12,337.0,nM,6.47
CHEMBL253866,CCOc1cc(C(=O)N[C@@H](Cc2ccccc2)[C@H](O)CNCc2cccc(C(F)(F)F)c2)cc(-c2ccccc2C#N)c1,160.0,nM,6.8
CHEMBL5996228,C[C@@]1(c2cc(NC(=O)c3ccc(F)cn3)ccc2F)Cn2nncc2C(N)=N1,5.25,nM,8.28
CHEMBL3670349,NC1=NC(CF)(c2cccc(NC(=O)c3ccc(Cl)cn3)n2)COC1,2600.0,nM,5.58
CHEMBL5769411,Cc1cc(Cl)cnc1C(=O)Nc1cccc(C2(CF)COCC(N)=N2)n1,550.0,nM,6.26
CHEMBL5924394,COC[C@]12C[C@H]1[C@@](C)(c1cc(/C=C(\F)c3cnc(OCC(F)(F)F)cn3)ccc1F)N=C(N)S2,112.0,nM,6.95
CHEMBL5798882,COC[C@]12C[C@H]1[C@@](C)(c1cc(/C=C(\F)c3cnc(OCCF)cn3)ccc1F)N=C(N)S2,839.0,nM,6.08
CHEMBL6050818,COC[C@]12C[C@H]1[C@@](C)(c1cc(/C=C(\F)c3cnc(OCC(C)C)cn3)ccc1F)N=C(N)S2,1900.0,nM,5.72
CHEMBL3927120,COc1cc(F)c2c(c1)C1(CCOC(N)=N1)c1cc(NC(=O)c3ccc(C#N)cn3)ccc1O2,10.8,nM,7.97
CHEMBL3921606,NC1=NC2(CCO1)c1cc(NC(=O)c3ccc(Cl)cn3)ccc1Oc1cnc(C3CC3)cc12,10.7,nM,7.97
CHEMBL3936498,COc1cnc(C(=O)Nc2ccc3c(c2)C2(CCOC(N)=N2)c2cc(C#CC(C)(C)C)ncc2O3)cn1,12.0,nM,7.92
CHEMBL3922952,NC1=NC2(CCO1)c1cc(NC(=O)c3ccc(Cl)cn3)ccc1Oc1c2cc(-c2ccnc(F)c2)nc1F,0.9,nM,9.05
CHEMBL3890449,COc1cnc(C(=O)Nc2ccc3c(c2)C2(CCOC(N)=N2)c2cc(-c4ccnc(F)c4)nc(F)c2O3)cn1,1.8,nM,8.74
CHEMBL3973933,COc1cnc(C(=O)Nc2ccc3c(c2)C2(CCOC(N)=N2)c2cc(-c4ccnc(F)c4)cc(F)c2O3)cn1,6.5,nM,8.19
CHEMBL3913825,COc1nc(C2=CCOCC2)cc2c1Oc1ccc(NC(=O)c3ccc(F)cn3)cc1C21CCOC(N)=N1,25.9,nM,7.59
CHEMBL3975637,NC1=NC2(CCO1)c1cc(NC(=O)c3ccc(F)cn3)ccc1Oc1c2cc(-c2ccnc(F)c2)nc1F,1.2,nM,8.92
CHEMBL3894188,COc1cnc(C(=O)Nc2ccc3c(c2)C2(CCSC(N)=N2)c2cc(-c4ccnc(F)c4)nc(F)c2O3)cn1,3.1,nM,8.51
CHEMBL3979006,NC1=NC2(CCS1)c1cc(NC(=O)c3ccc(Cl)cn3)ccc1Oc1c2cc(C2=CCOCC2)nc1F,1.0,nM,9.0
CHEMBL2177306,NC1=N[C@@](c2ccnc(C(F)(F)F)c2)(c2ccc(F)c(-c3cncnc3)c2)c2cccc(F)c21,7000.0,nM,5.16
CHEMBL2177303,CC#Cc1cncc(-c2cccc([C@@]3(c4cc(C)c(=O)n(CC)c4)N=C(N)c4c(F)cc(F)cc43)c2)c1,0.38,nM,9.42
CHEMBL2177311,COc1ccc(C2(c3cccc(-c4cccc(Cl)c4)c3)COC(N)=N2)cc1,18000.0,nM,4.75
CHEMBL2172799,CCc1cccc(-c2ccc([C@@H]3C[C@@H]3c3cc(=O)n(C)c(N)n3)cc2)c1,23200.0,nM,4.63
CHEMBL2172794,COc1cccc(-c2ccc([C@@H]3C[C@@H]3c3cc(=O)n(C)c(N)n3)cc2)c1,14300.0,nM,4.84
CHEMBL2169937,Cn1c(N)nc([C@H]2C[C@H]2c2ccc(-c3ccccc3)cc2)cc1=O,25600.0,nM,4.59
CHEMBL3659643,COc1ccc2c(c1)CCC2(Cc1cc([N+](=O)[O-])ccc1OC)c1cn(C)c(N)n1,3200.0,nM,5.5
CHEMBL5758246,CC(C)N1C(=O)C2(NC1=S)c1cc(Br)ccc1CC21CCC(OC(F)F)CC1,14.8,nM,7.83
CHEMBL5948368,COC(=O)CCN1C(=O)C2(NC1=S)c1cc(C#CC3CC3)ccc1CC21CCC(OC)CC1,4.7,nM,8.33
CHEMBL5990950,COC1CCC2(CC1)Cc1ccc(CCC3CC3)cc1C21NC(=S)N(CCN(C)C)C1=O,12.3,nM,7.91
CHEMBL4864591,CC#C[C@]1(c2cc(NC(=O)c3cnc(OCF)cn3)ccc2F)N=C(N)OC[C@@H]1F,15.0,nM,7.82
CHEMBL4854629,CC#C[C@]1(c2cc(NC(=O)c3cnc(OCF)cn3)ccc2F)N=C(N)OCC12CC(F)(F)C2,6.9,nM,8.16
CHEMBL4741398,Brc1ccc(CNC2CCN(Cc3ccccc3)C2)cc1,648.0,nM,6.19
CHEMBL4752715,Fc1ccc(CNC2CCN(Cc3ccccc3)C2)c(F)c1,97.0,nM,7.01
CHEMBL3936827,COCC(C)N1C(=O)[C@@]2(N=C1N)c1cc(CCC3CC3)ccc1CC21CCC(OC)CC1,39.8,nM,7.4
CHEMBL5742082,COc1cccc(CSC2=NC3(C(=O)N2Cc2cccc(OC)c2)c2cc(CCC4CC4)ccc2CC32CCC(OC)CC2)c1,192.0,nM,6.72
CHEMBL3656261,CN1C(=O)C2(N=C1N)c1cc(Br)ccc1O[C@]21CC[C@@H](OC(F)F)CC1,424.0,nM,6.37
CHEMBL5784270,COC1CCC2(CC1)Cc1ccc(CCC3CC3)cc1C21N=C(SCCc2nccs2)N(CCc2nccs2)C1=O,19.6,nM,7.71
CHEMBL3983940,COC1CCC2(CC1)Cc1ccc(CCC3CC3)cc1C21N=C(N)N(CC2CCO2)C1=O,416.0,nM,6.38
CHEMBL3962966,COc1cnc(C(=O)Nc2ccc3c(c2)C2(CCOC(N)=N2)c2cc(-c4ccnc(F)c4)ncc2O3)cn1,2.9,nM,8.54
CHEMBL3902974,NC1=NC2(CCO1)c1cc(NC(=O)c3ccc(Cl)cn3)ccc1Oc1cnc(-c3ccnc(F)c3)cc12,1.6,nM,8.8
CHEMBL3904830,COc1ccc(C(=O)Nc2ccc3c(c2)C2(CCOC(N)=N2)c2cc(-c4ccnc(F)c4)nc(F)c2O3)nc1,1.1,nM,8.96
CHEMBL3955960,N#Cc1ccc(C(=O)Nc2ccc3c(c2)C2(CCOC(N)=N2)c2cc(-c4ccnc(F)c4)nc(F)c2O3)nc1,0.6,nM,9.22
CHEMBL3943795,C[C@@]1(c2cc(Nc3ncnc4cc(C(F)(F)F)cnc34)ccc2F)CO[C@@](C)(C(F)(F)F)C(N)=N1,83.0,nM,7.08
CHEMBL3929329,COC1CCC2(CC1)Cc1ccc(-c3cccc(S(C)(=O)=O)c3)cc1C21N=C(N)N(C)C1=O,40.8,nM,7.39
CHEMBL3898229,CO[C@H]1CC[C@]2(CC1)Cc1ccc(C#CC3CC3)cc1C21CC(=O)N(C)C(N)=N1,670.4,nM,6.17
CHEMBL3690086,CC#CCOc1cnc(C(=O)Nc2cccc(C3(C)CC(=O)N(C)C(N)=N3)c2)cn1,12.0,nM,7.92
CHEMBL3690087,CN1C(=O)CC(C)(c2cccc(NC(=O)c3cnc(Cl)cn3)c2)N=C1N,37.0,nM,7.43
CHEMBL3653366,Cc1cc(Br)cnc1C(=O)Nc1cccc([C@]2(C)COCC(=N)N2)c1,56.0,nM,7.25
CHEMBL3653368,NC1=NC(CF)(c2cccc(NC(=O)c3ccc(Br)cn3)c2)COC1,160.0,nM,6.8
CHEMBL3653394,Cc1cnc(C(=O)Nc2ccc(F)c(C3(C)COCC(N)=N3)c2)cn1,1970.0,nM,5.71
CHEMBL3653411,CC1(C)OCC(c2cc(NC(=O)c3ccc(C#N)cn3)ccc2F)(C(F)F)N=C1N,120.0,nM,6.92
CHEMBL3653414,N#Cc1ccc(C(=O)Nc2cc(C3(C(F)F)COCC(N)=N3)c(F)cc2F)nc1,3000.0,nM,5.52
CHEMBL3653425,COc1cc(Br)cnc1C(=O)Nc1ccc(F)c([C@]2(CF)COCC(N)=N2)c1,390.0,nM,6.41
CHEMBL3653428,N#Cc1ccc(C(=O)Nc2ccc(F)c(C3(C(F)(F)F)CCOCC(N)=N3)c2)nc1,240.0,nM,6.62
CHEMBL3653429,NC1=NC(c2cc(NC(=O)c3ccc(Br)cn3)ccc2F)(C(F)(F)F)CCOC1,140.0,nM,6.85
CHEMBL3653430,CC1(c2cc(NC(=O)c3ccc(Cl)cn3)ccc2F)N=C(N)COCC1(F)F,34.0,nM,7.47
CHEMBL3653433,NC1=NC(c2cccc(NC(=O)c3ccc(O)nn3)c2)(C(F)F)COC1,7800.0,nM,5.11
CHEMBL3653437,COc1cc(Br)cnc1C(=O)Nc1cccc(C2(C(F)F)COCC(N)=N2)c1,820.0,nM,6.09
CHEMBL3653453,NC1=N[C@@](c2cc(NC(=O)c3cc4ccccn4n3)ccc2F)(C(F)F)COC1,740.0,nM,6.13
CHEMBL3653463,NC1=N[C@@](c2cc(NC(=O)c3cnc(OCCF)cn3)ccc2F)(C(F)F)COC1,130.0,nM,6.89
CHEMBL3653490,C#CCOc1cnc(C(=O)Nc2ccc(F)c([C@]3(C(F)F)COCC(N)=N3)c2)cn1,3.0,nM,8.52
CHEMBL3640285,COc1nc(N2C[C@H]3C(=O)N(C)C(N)=N[C@@]3(c3ccc(F)c(Cl)c3F)C2)nc(C)c1F,40.0,nM,7.4
CHEMBL3640282,COc1nc(N2C[C@H]3C(=O)N(C)C(N)=N[C@@]3(c3cccc(C#N)c3)C2)nc(C)c1F,63.0,nM,7.2
CHEMBL3640266,COc1nc(N2C[C@H]3C(=O)N(C)C(N)=N[C@@]3(c3ccc(F)cc3Cl)C2)nc(C)c1F,9.5,nM,8.02
CHEMBL3653351,CC1(c2cccc(NC(=O)c3ccccn3)c2)COCC(N)=N1,3400.0,nM,5.47
CHEMBL3261063,CC1(c2cccc(NC(=O)c3ccc(Cl)cn3)c2)COCC(N)=N1,240.0,nM,6.62
CHEMBL3653465,NC1=N[C@@](c2cc(NC(=O)c3ccc(OC(F)F)cn3)ccc2F)(C(F)F)COC1,42.0,nM,7.38
CHEMBL3653495,Cc1c(C(=O)Nc2ccc(F)c([C@]3(C(F)F)COCC(N)=N3)c2)oc2ccc(CN(C)C)cc12,9.0,nM,8.05
CHEMBL4229101,C[C@H]1COC(N)=N[C@]1(C)c1cc(NC(=O)c2ccc(C#N)cn2)ccc1F,83.6,nM,7.08
CHEMBL4226994,CC(F)(F)[C@H]1OC(N)=N[C@](C)(c2cc(NC(=O)c3cnc(OCF)cn3)ccc2F)[C@H]1F,8.74,nM,8.06
CHEMBL3265337,NC1=N[C@]2(CO1)c1cc(-c3cncc(Cl)c3)ccc1O[C@H]1COCC[C@@H]12,7700.0,nM,5.11
CHEMBL4203599,COc1cnc(C(=O)Nc2ccc(F)c([C@]3(C)C=C(CF)OC(N)=N3)c2)cn1,22.0,nM,7.66
CHEMBL3261071,C[C@]1(c2cc(NC(=O)c3ccc(Cl)cn3)ccc2F)N=C(N)CO[C@H]1C(F)F,40.0,nM,7.4
CHEMBL4287483,CC#Cc1cncc(-c2ccc3c(c2)[C@@]2(COC(N)=N2)c2cc(-c4ccnc(F)c4)ncc2O3)c1,0.43,nM,9.37
CHEMBL4279496,CC1(C#Cc2cncc(-c3ccc4c(c3)[C@@]3(COC(N)=N3)c3cc(C5=CCOCC5)ncc3O4)c2)COC1,5.5,nM,8.26
CHEMBL1097324,CCCN(CCC)C(=O)c1cc(C)cc(C(=O)N[C@@H](Cc2cc(F)cc(F)c2)[C@H](O)[C@H]2CN(S(=O)(=O)c3cccc(Cl)c3)CCN2)c1,240.0,nM,6.62
CHEMBL1097329,CCCN(CCC)C(=O)c1cc(C)cc(C(=O)N[C@@H](Cc2cc(F)cc(F)c2)[C@H](O)[C@H]2CN(S(=O)(=O)c3ccc(Cl)c(Cl)c3)CCN2)c1,1500.0,nM,5.82
CHEMBL1097332,CCCN(CCC)C(=O)c1cc(C)cc(C(=O)N[C@@H](Cc2cc(F)cc(F)c2)[C@H](O)[C@H]2CN(S(=O)(=O)c3cn(C)cn3)CCN2)c1,100.0,nM,7.0
CHEMBL3688622,CC(F)(F)Oc1ccc(C(=O)Nc2ccc(F)c([C@@]3(C(F)F)N=C(N)O[C@@H]4C[C@@H]43)c2)nc1,414.0,nM,6.38
CHEMBL3688695,Cc1ccc(NC(=O)c2ccc(C#N)cn2)cc1[C@@]1(C(F)F)N=C(N)O[C@@H]2C[C@@H]21,93.6,nM,7.03
CHEMBL4227054,C[C@]1(c2cc(NC(=O)c3ncc(C#N)cc3Cl)ccc2F)N=C(N)O[C@H](CF)[C@@H]1F,1.7,nM,8.77
CHEMBL5985520,COc1cnc2c(Nc3ccc(F)c([C@]4(C)CS(=O)(=O)C5(CC5)C(N)=N4)c3)nccc2c1,13.6,nM,7.87
CHEMBL5968022,NC1=N[C@@](c2cc(NC(=O)c3cnc(OCC(F)(F)F)cn3)ccc2F)(C(F)F)[C@H]2C[C@H]2O1,29.1,nM,7.54
CHEMBL4282964,NC1=N[C@@]2(CO1)c1cc(-c3cncc(C#CC4CC4)c3)ccc1Oc1cnc(C3=CCOCC3)cc12,87.0,nM,7.06
CHEMBL5093195,Cc1nc(C(=O)Nc2ccc(F)c([C@]3(C)Cn4nc(C#N)cc4C(N)=N3)c2)co1,4.5,nM,8.35
CHEMBL4852444,CC#C[C@@]1(c2cc(NC(=O)c3ccc(C#N)cn3)ccc2F)CCOC(N)=N1,71.0,nM,7.15
CHEMBL5915754,CNC(=O)[C@]12C[C@H]1[C@@](C)(c1cc(/C=C(\F)c3ccc(C#CC4CC4)cn3)ccc1F)N=C(N)S2,18.0,nM,7.75
CHEMBL3894452,CO[C@H]1CC[C@]2(CC1)Cc1ccc(-c3cc(C#N)ccc3F)cc1[C@@]21N=C(C)C(N)=N1,3.3,nM,8.48
CHEMBL4847981,COc1ccccc1CNC[C@H](O)[C@H](Cc1ccccc1)NC(=O)CC(c1ccccc1)c1ccccc1,23400.0,nM,4.63
CHEMBL4858894,CC(C)(C)c1cccc(CNC[C@@H](O)[C@H](Cc2ccccc2)NC(=O)CC(c2ccccc2)c2ccccc2)c1,6000.0,nM,5.22
CHEMBL3941263,COCCOc1ccc2c(c1)[C@@]1(N=C(N)N(C)C1=O)C1(CCC(OC)CC1)C2,960.0,nM,6.02
CHEMBL5942806,C[C@]1(c2cc(/C=C(\F)c3ccc(C#N)cn3)ccc2F)N=C(N)S[C@@]2(C(=O)N3Cc4ccccc4C3)C[C@H]21,1.17,nM,8.93
CHEMBL6049013,CC1=N[C@]2(C[C@@]3(CCCOC3)Oc3ccc(-c4cccc(Cl)c4)cc32)N=C1N,124.0,nM,6.91
CHEMBL5956155,CC1=N[C@]2(C[C@@H]([C@@H]3CCCOC3)Oc3ccc(Br)cc32)N=C1N,1380.0,nM,5.86
CHEMBL5843313,CC1=N[C@]2(C[C@H]([C@@H]3CCCOC3)Oc3ccc(Br)cc32)N=C1N,8100.0,nM,5.09
CHEMBL5780538,COC1CCC2(CC1)Cc1ccc(-c3cnc(C)s3)cc1[C@]21N=C(N)N(C)C1=O,691.0,nM,6.16
CHEMBL63354,O=c1cc(-c2ccc(O)c(-c3c(O)cc(O)c4c(=O)cc(-c5ccc(O)cc5)oc34)c2)oc2cc(O)cc(O)c12,1540.0,nM,5.81
CHEMBL378188,COc1ccc(-c2cc(=O)c3c(O)cc(O)cc3o2)cc1-c1c(O)cc(O)c2c(=O)cc(-c3ccc(O)cc3)oc12,2020.0,nM,5.7
CHEMBL377324,COc1cc(O)c2c(=O)cc(-c3ccc(OC)c(-c4c(O)cc(O)c5c(=O)cc(-c6ccc(O)cc6)oc45)c3)oc2c1,4180.0,nM,5.38
CHEMBL1210358,CS(=O)(=O)N(c1cccnc1)c1cccc(C(=O)N[C@@H](Cc2ccccc2)[C@H](O)CNCc2cccc(C(F)(F)F)c2)c1,25.0,nM,7.6
CHEMBL1210345,COc1ccc(N(c2cccc(C(=O)N[C@@H](Cc3ccccc3)[C@H](O)CN[C@@H](C)C(=O)NC3CCCCC3)c2)S(C)(=O)=O)cc1,11.0,nM,7.96
CHEMBL1210342,C[C@H](NC[C@@H](O)[C@H](Cc1ccccc1)NC(=O)c1cccc(N(c2ccccc2C#N)S(C)(=O)=O)c1)C(=O)NC1CCCCC1,310.0,nM,6.51
CHEMBL1210334,C[C@H](NC[C@@H](O)[C@H](Cc1ccccc1)NC(=O)c1cccc(NS(=O)(=O)c2ccccc2)c1)C(=O)NC1CCCCC1,7900.0,nM,5.1
CHEMBL1210432,CS(=O)(=O)N(c1ccccc1)c1cccc(C(=O)N[C@@H](Cc2ccccc2)[C@H](O)CNC2CCCCC2)c1,243.0,nM,6.61
CHEMBL1209166,CC(=O)N[C@@H](Cc1cc(F)cc(F)c1)[C@H](O)CNC1(c2cccc(N3CCNC3=O)c2)CCCCC1,1400.0,nM,5.85
CHEMBL1209055,CC(=O)N[C@@H](Cc1cc(F)cc(F)c1)[C@H](O)CNC1(c2cccc(-c3cscn3)c2)CCCCC1,110.0,nM,6.96
CHEMBL1208998,CC(=O)N[C@@H](Cc1cc(F)cc(F)c1)[C@H](O)CNC1(c2cccc(-c3ccoc3)c2)CCCCC1,120.0,nM,6.92
CHEMBL1208871,C/C=C(\C)c1cccc(C2(NC[C@@H](O)[C@H](Cc3cc(F)cc(F)c3)NC(C)=O)CCCCC2)c1,380.0,nM,6.42
CHEMBL1210359,CCNc1cc(C(=O)N[C@@H](Cc2ccccc2)[C@H](O)CN[C@@H](C)C(=O)NC2CCCCC2)cc(N(c2ccccc2)S(C)(=O)=O)c1,53.0,nM,7.28
CHEMBL3890269,NC1=NC2(CCO1)c1cc(NC(=O)c3ccc(Cl)cn3)ccc1Oc1c2cc(C2=CCCOC2)nc1F,2.0,nM,8.7
CHEMBL3893463,Cc1ccc(C(=O)Nc2ccc3c(c2)[C@@]2(CCOC(N)=N2)c2cc(C4=CCCOC4)ncc2O3)nc1,3.0,nM,8.52
CHEMBL3109551,COc1cccc(C2(c3cccc(OC)c3)NC(=N)N(C3CCCCC3)C2=O)c1,28900.0,nM,4.54
CHEMBL3975645,CC(C)C(C)Nc1ccc(F)c([C@]2(C)COCC(N)=N2)c1,2190.0,nM,5.66
CHEMBL3957693,C[C@@]1(c2cc(NC3CCc4cc(Cl)cnc43)ccc2F)COCC(N)=N1,320.0,nM,6.5
CHEMBL3935621,C[C@@]1(c2cc(Nc3ccccc3OCC(F)F)ccc2F)COCC(N)=N1,2140.0,nM,5.67
CHEMBL3985430,C[C@@]1(c2cc(NCc3nn(C(F)F)cc3Cl)ccc2F)COCC(N)=N1,17.0,nM,7.77
CHEMBL3906250,NC1=N[C@](CF)(c2cc(Nc3nccc4cc(Cl)cnc34)ccc2F)C[C@@H](C(F)(F)F)O1,21.0,nM,7.68
CHEMBL3966313,C[C@@]1(c2cc(NC(=O)c3cnc(C(F)F)cn3)cc(F)c2F)C[C@@H](C(F)(F)F)OC(N)=N1,46.1,nM,7.34
CHEMBL3955892,NC1=N[C@](CF)(c2cc(Oc3cc(C(F)(F)F)ccn3)ccc2F)C[C@@H](C(F)(F)F)O1,3170.0,nM,5.5
CHEMBL3902829,Cc1cc(OC(F)F)cnc1C(=O)Nc1ccc(F)c([C@]2(C)C[C@@H](C(F)(F)F)OC(N)=N2)n1,103.0,nM,6.99
CHEMBL3924137,NC1=N[C@](CF)(c2cc(-c3cncc(-c4nnco4)c3)ccc2F)C[C@@H](C(F)(F)F)O1,8360.0,nM,5.08
CHEMBL3921416,NC1=N[C@](CF)(c2cc(Oc3cccc(Cl)n3)ccc2F)C[C@@H](C(F)(F)F)O1,1570.0,nM,5.8
CHEMBL3964372,C#CCOc1cnc(C(=O)Nc2cc(F)c(F)c([C@]3(C)C[C@@H](C(F)(F)F)OC(N)=N3)c2)cn1,2.0,nM,8.7
CHEMBL3940888,Cc1cc(F)cc([C@H]2C[C@H]3CSC(N)=N[C@@]3(c3ccc(F)cc3F)CO2)c1,16.0,nM,7.8
CHEMBL3972178,COc1ccc([C@H]2C[C@H]3CSC(N)=N[C@@]3(c3ccc(F)cc3F)CO2)cc1F,44.0,nM,7.36
CHEMBL3922261,CCOc1ccc([C@H]2C[C@H]3CSC(N)=N[C@@]3(c3ccc(F)cc3F)CO2)cc1,11.0,nM,7.96
CHEMBL3913262,N#Cc1cccc([C@H]2C[C@H]3CSC(N)=N[C@@]3(c3ccc(F)cc3F)CO2)c1,99.0,nM,7.0
CHEMBL3944166,C[C@H]1C[C@H]2CSC(N)=N[C@@]2(c2nc(NC(=O)c3ccc(OCC(F)F)cn3)cs2)CO1,485.0,nM,6.31
CHEMBL3948054,Cc1noc(C(=O)Nc2csc([C@]34CO[C@@H](C)C[C@H]3CSC(N)=N4)n2)n1,98.0,nM,7.01
CHEMBL3695731,CC#Cc1cncc(-c2ccc3c(c2)[C@@]2(N=C(N)N(C)C2=O)c2cc(C4=CCOCC4)cc(F)c2O3)c1,179.0,nM,6.75
CHEMBL3670921,CC1(C)OCC(N)=N[C@](C)(c2cc(Nc3ccc(F)cc3)ccc2F)C1(F)F,310.0,nM,6.51
CHEMBL3653343,Cc1nc(C(=O)Nc2cccc(C3(C)COCC(N)=N3)c2)co1,640.0,nM,6.19
CHEMBL3394055,NC1=N[C@@]2(CO1)c1cc(-c3cccnc3F)ccc1Oc1cnc(-c3ccncc3)cc12,2.5,nM,8.6
CHEMBL3354718,NC1=N[C@@]2(CO1)c1cc(-c3cccnc3F)ccc1Oc1c(F)cc(C3=CCOCC3)cc12,0.3,nM,9.52
CHEMBL4077211,C[C@@]1(c2cc(CNC3(C#N)CC3)c(F)cc2F)CCSC(N)=N1,952.0,nM,6.02
CHEMBL3683916,NC1=N[C@@](c2cc(NC(=O)c3cnc(OCc4cncs4)cn3)ccc2F)(C(F)F)[C@H]2C[C@H]2O1,86.7,nM,7.06
CHEMBL3683920,NC1=N[C@@](c2cc(NC(=O)c3cnc(OCc4cocn4)cn3)ccc2F)(C(F)F)[C@H]2C[C@H]2O1,23.3,nM,7.63
CHEMBL3688609,NC1=N[C@@](c2cc(NC(=O)c3cc(Cl)cs3)ccc2F)(C(F)F)[C@H]2C[C@H]2O1,185.0,nM,6.73
CHEMBL3688618,COc1ccc(C(=O)Nc2ccc(F)c([C@@]3(C(F)F)N=C(N)O[C@@H]4C[C@@H]43)c2)nn1,3440.0,nM,5.46
CHEMBL3688633,NC1=N[C@](CF)(c2cc(NC(=O)c3cc4ccccc4cn3)ccc2F)[C@H]2C[C@H]2O1,499.5,nM,6.3
CHEMBL3688639,NC1=N[C@](c2cccc(NC(=O)c3ccc(Cl)cn3)c2)(C(F)(F)F)[C@@H]2C[C@@H]2O1,150.0,nM,6.82
CHEMBL3688642,NC1=N[C@@](c2cc(NC(=O)c3ncc(Cl)cc3Cl)ccc2Cl)(C(F)F)[C@H]2C[C@H]2O1,12.6,nM,7.9
CHEMBL3688694,NC1=N[C@@](c2cc(NC(=O)c3ncc(Br)cn3)ccc2F)(C(F)F)[C@H]2C[C@H]2O1,41.5,nM,7.38
CHEMBL5084928,C[C@@]1(S(C)(=O)=O)CC[C@@](CF)(c2cc(NC(=O)c3cc4c(cn3)OCO4)ccc2F)N=C1N,11.0,nM,7.96
CHEMBL3427249,CC#Cc1cncc(-c2csc([C@@H]3C[C@@H](c4c(C)noc4C)SC(N)=N3)c2)c1,60.0,nM,7.22
CHEMBL6246,O=c1oc2c(O)c(O)cc3c(=O)oc4c(O)c(O)cc1c4c23,3900.0,nM,5.41
CHEMBL506814,O=C1O[C@@H]2[C@@H](OC(=O)c3cc(O)c(O)c(O)c3-c3c1cc(O)c(O)c3O)[C@H](O)O[C@@H]1COC(=O)c3cc(O)c(O)c(O)c3-c3c(O)c(O)c4oc(=O)c5c(c(O)c(O)c6oc(=O)c3c4c65)-c3c(cc(O)c(O)c3O)C(=O)O[C@@H]21,410.0,nM,6.39
CHEMBL3326709,O=C(NCCCCCCNc1c2c(nc3ccccc13)CCCC2)c1cc2cc(OC(F)(F)F)ccc2oc1=O,22600.0,nM,4.65
CHEMBL3400753,COC(=O)[C@@H](Cc1ccccc1)N(C)C(=O)[C@H](C)NC(=O)[C@H](CC(C)C)NC(=O)C[C@H](O)[C@H](Cc1ccccc1)NC(=O)[C@H](CCC(N)=O)N(C)C(=O)[C@@H](NC(=O)OCc1ccccc1)C(C)C,870.0,nM,6.06
CHEMBL5801008,CC#Cc1ccc2sc3ccc([C@]4(C)CC(=O)N(C)C(=N)N4)cc3c2c1,26.0,nM,7.58
CHEMBL4750159,CC(=O)[C@]12C[C@H]1[C@@](C)(c1cc(/C=C(\F)c3ccc(C#N)cn3)ccc1F)N=C(N)S2,13.0,nM,7.89
CHEMBL3670915,CC1(C)OCC(N)=N[C@](C)(c2cc(N[C@@H]3CCc4cc(C#N)cnc43)ccc2F)C1(F)F,310.0,nM,6.51
CHEMBL6011149,C[C@]1(c2cc(/C=C(\F)C3CCOC3)ccc2F)N=C(N)[C@@]2(CF)CC[C@@H]1S2(=O)=O,251.0,nM,6.6
CHEMBL2347367,CCOc1ccc(C(=O)Nc2ccc(F)c([C@@]3(C)N=C(N)OCC3(F)F)c2)nc1,184.0,nM,6.74
CHEMBL3236217,COc1cccc(CNC(=O)c2c[nH]c3ccc(S(=O)(=O)Nc4ccc(C(F)(F)F)cc4)cc3c2=O)c1,2200.0,nM,5.66
CHEMBL6036551,COc1ccc(C2(c3ccc(F)cc3F)N=C(N)N(C)C2=O)cc1C,2300.0,nM,5.64
CHEMBL5752770,COc1ccc(C2(c3cc(F)cc(F)c3)N=C(N)N(C)C2=O)cc1F,2600.0,nM,5.58
CHEMBL6064137,Cc1cc(C2(c3cncc(F)c3)N=C(N)N(C)C2=O)ccc1OC(F)F,150.0,nM,6.82
CHEMBL2178187,COc1ccc(-c2noc(C)c2C(=O)/N=C(\N)NCc2cc(Cl)c(NC(=O)CS(C)(=O)=O)c(Cl)c2)cc1,1900.0,nM,5.72
CHEMBL5756383,NC1=N[C@@]2(c3nc(NC(=O)c4cnc(OC(F)F)cn4)cs3)COC3(CCC3)C[C@H]2CO1,2263.0,nM,5.64
CHEMBL6038928,C[C@H]1C[C@@]2(F)CSC(N)=N[C@@]2(c2cc(NC(=O)c3ccc(Cl)cn3)ccc2F)CO1,172.0,nM,6.76
CHEMBL5757422,Nc1nc(Nc2ccc(OCCN3CCCC3)cc2)nn1-c1cc(C(F)(F)F)ccn1,7480.0,nM,5.13
CHEMBL3653668,COC1CCC2(CC1)Cc1ccc(Br)cc1[C@@]21N=C(C)C(N)=N1,16600.0,nM,4.78
CHEMBL5923989,Cc1cc(C#N)cnc1C(=O)Nc1ccc(F)c([C@]2(C)CS3(=O)=NCC(F)(F)CN3C(N)=N2)c1,2.0,nM,8.7
CHEMBL3904970,CC#Cc1cncc(-c2ccc3c(c2)C2(N=C(C)C(N)=N2)[C@]2(CC[C@H](OC)CC2)C3)c1C,89.0,nM,7.05
CHEMBL5824031,C#CCOc1cnc(/C(F)=C/c2ccc(F)c([C@@]3(C)N=C(N)S[C@@]4(COC)C[C@H]43)c2)cn1,11.4,nM,7.94
CHEMBL3688813,N#Cc1cnc(C(=O)Nc2ccc(Cl)c([C@@]3(CF)N=C(N)O[C@@H]4C[C@@H]43)c2)c(CO)c1,39.1,nM,7.41
CHEMBL3693223,NC1=N[C@@](c2cc(Nc3nccc4cc(C#CC5CC5)cnc34)ccc2F)(C(F)F)[C@H]2C[C@H]2O1,75.9,nM,7.12
CHEMBL4636350,NC1=N[C@@]2(c3cc(NC(=O)c4cnc(OCF)cn4)ccc3F)CO[C@@H](CF)C[C@H]2CC1(F)F,2.5,nM,8.6
CHEMBL5849219,CN1C(N)=N[C@](C)(c2cc(/C=C(\F)c3cnc(OCc4ncccn4)cn3)cc(F)c2F)CS1(=O)=O,25.0,nM,7.6
CHEMBL2177310,COc1ccc(C2(c3cccc(-c4cc(Cl)ccc4F)c3)COC(N)=N2)cc1,12000.0,nM,4.92
CHEMBL2169930,Cn1c(N)nc(CCc2cccc(Br)c2)cc1=O,19800.0,nM,4.7
CHEMBL2172804,Cn1c(N)nc([C@H]2C[C@H]2c2ccc(-c3cccc(CC#N)c3)cc2)cc1=O,20600.0,nM,4.69
CHEMBL2172802,CCSc1cccc(-c2ccc([C@@H]3C[C@@H]3c3cc(=O)n(C)c(N)n3)cc2)c1,9100.0,nM,5.04
CHEMBL2169933,COc1cccc(-c2cccc([C@@H]3C[C@@H]3c3cc(=O)n(C)c(N)n3)c2)c1,4600.0,nM,5.34
CHEMBL2177327,COc1ccc2c(c1)C1(COC(N)=N1)c1cc(-c3ccc(OC(F)(F)F)cc3)ccc1O2,5060.0,nM,5.3
CHEMBL6037996,Cc1cc(C#N)cnc1C(=O)Nc1ccc(F)c([C@]2(C)C[S@@]3(=O)=NCCCCN3C(N)=N2)n1,36.0,nM,7.44
CHEMBL377625,C[C@@H](NC(=O)c1cc(C(=O)N[C@@H](Cc2ccccc2)[C@H](O)CNC2CC2)cc(N(C)S(C)(=O)=O)c1)c1ccc(F)cc1,19.0,nM,7.72
CHEMBL5765853,CN1C(N)=N[C@](C)(c2cc(/C=C(\F)c3cnc(Cl)cn3)ccc2F)C2(CC2)S1(=O)=O,49.0,nM,7.31
CHEMBL6014288,CN1OC2(N=C1N)c1cc(-c3cccc(C#N)c3)ccc1CC21CCCCC1,222.0,nM,6.65
CHEMBL3962707,CN1OC2(N=C1N)c1cc(C#CC3CC3)ccc1CC21CCC(OC(F)F)CC1,2.4,nM,8.62
CHEMBL5775931,CC(C)N1C(=O)NC2(C1=O)c1cc(Br)ccc1C[C@]21CC[C@@H](O)CC1,1580.0,nM,5.8
CHEMBL6005876,COC1CCC2(CC1)Cc1ccc(C#CC3CC3)cc1C21NC(=S)N(Cc2cncnc2)C1=O,15.2,nM,7.82
CHEMBL5986858,COCCN1C(=O)C2(NC1=S)c1cc(C#CC3CC3)ccc1CC21CCC(OC)CC1,9.2,nM,8.04
CHEMBL5762223,COC1CCC2(CC1)Cc1ccc(C#CC3CC3)cc1C21N=C(SCCN(C)C)N(CCN(C)C)C1=O,14.0,nM,7.85
CHEMBL6008392,Cc1cc(C2(c3cccc(F)c3)N=C3NCCC(c4ccccc4)N3C2=O)ccc1OC(F)F,2300.0,nM,5.64
CHEMBL5962513,CN1C(N)=N[C@](C)(c2cc(/C=C(\F)c3ccc(C(F)(F)F)cn3)cc(F)c2F)CS1(=O)=O,13.0,nM,7.89
CHEMBL6018938,CN1C(N)=N[C@](C)(c2cc(/C=C(\F)c3ccc(C#N)cn3)cc(F)c2F)CS1(=O)=O,1.0,nM,9.0
CHEMBL5948352,COc1cnc(/C(F)=C/c2cc(F)c(F)c([C@]3(C)CS(=O)(=O)N(C)C(N)=N3)c2)cn1,170.0,nM,6.77
CHEMBL5753994,CN1C(N)=N[C@](C)(c2cc(/C=C(\F)c3ncc(C(F)(F)F)cc3Cl)cc(F)c2F)CS1(=O)=O,4.0,nM,8.4
CHEMBL5876893,COc1cnc(C(=O)Nc2ccc(F)c([C@]3(C)N=C(NC(=O)c4ccccc4)OC4C[C@@H]43)c2)cn1,253.0,nM,6.6
CHEMBL5861508,NC1=N[C@@](CF)(c2cc(NC(=O)c3ccc(Cl)cn3)ccc2Cl)[C@@H]2C[C@H]2O1,138.0,nM,6.86
CHEMBL3688706,NC1=N[C@](CF)(c2cc(NC(=O)c3ncc(Cl)cc3Cl)ccc2Cl)[C@H]2C[C@H]2O1,44.1,nM,7.36
CHEMBL3688724,COc1cnc(C(=O)Nc2cc(C)c(F)c([C@@]3(C(F)F)N=C(N)O[C@@H]4C[C@@H]43)c2)c(C)n1,142.0,nM,6.85
CHEMBL3688730,COc1cnc(C(=O)Nc2ccc(F)c([C@@]3(C(F)F)N=C(N)O[C@@H]4C[C@@H]43)c2)c(F)c1,41.9,nM,7.38
CHEMBL3683848,NC1=N[C@](c2cc(NC(=O)c3ccc(Cl)cn3)ccc2Cl)(C(F)F)[C@@H]2C[C@@H]2O1,17050.0,nM,4.77
CHEMBL5934199,C[C@@]1(c2cc(Nc3nccc4cc(Cl)cnc34)ccc2F)CS(=O)(=O)C2(CCC2)C(N)=N1,1.15,nM,8.94
CHEMBL5779259,[C-]#[N+]c1cnc2c(Nc3ccc(F)c([C@]4(C)CS(=O)(=O)C5(CCC5)C(N)=N4)c3)nccc2c1,1.89,nM,8.72
CHEMBL5798088,COc1cnc(C(=O)Nc2cc([C@]3(C)CS(=O)(=O)C(C)(C)C(N)=N3)c(F)cn2)cn1,115.0,nM,6.94
CHEMBL5909937,Cc1cc(Cl)cnc1C(=O)Nc1ccc(F)c([C@@]2(C)N=C(N)C3(CC3)S(=O)(=O)[C@@H]2F)c1,0.87,nM,9.06
CHEMBL5979230,C[C@@]1(c2cc(NC(=O)c3ccc(Cl)cn3)ccc2F)CS(=O)(=O)[C@]2(C[C@@H](F)C2)C(N)=N1,1.0,nM,9.0
CHEMBL3949846,CCOC(=O)C=Cc1cccc(C2(C)CCSC(=N)N2)c1,5000.0,nM,5.3
CHEMBL3642618,CC1(c2cc(Br)cc(NC(=O)c3ccno3)c2)CCSC(N)=N1,2563.0,nM,5.59
CHEMBL3642625,CC1(c2cc(Br)cc(NC(=O)c3cc4ccccc4s3)c2)CCSC(N)=N1,165.0,nM,6.78
CHEMBL3645173,CC1(c2cccc(NC(=O)c3ccc(C(N)=O)cn3)c2)CCSC(N)=N1,435.0,nM,6.36
CHEMBL5873134,C[C@@H](O)COc1cnc(/C(F)=C/c2ccc(F)c([C@]3(C)CS(=O)(=O)C(C)(C)C(N)=N3)c2)cn1,136.0,nM,6.87
CHEMBL5790981,Cc1cc(COc2cnc(/C(F)=C/c3cc(F)c(F)c([C@]4(C)CS(=O)(=O)N(C)C(N)=N4)c3)cn2)no1,196.0,nM,6.71
CHEMBL3653424,NC1=N[C@](CF)(c2cc(NC(=O)c3ncc(Br)cc3O)ccc2F)COC1,22.0,nM,7.66
CHEMBL5834170,NC1=N[C@](CF)(c2cc(C#Cc3ccc(Cl)cn3)ccc2F)[C@@H]2C[C@]2(CF)S1,182.0,nM,6.74
CHEMBL5559245,COc1cc2ncnc(N3CCN(Cc4ccc(Cl)cc4)CC3)c2cc1OC,1652.0,nM,5.78
CHEMBL1277921,O=S(=O)(c1ccc(Cl)cc1)N(Cc1ccccc1)C[C@H](O)CN1CCN(C(c2ccccc2)c2ccccc2)CC1,6300.0,nM,5.2
CHEMBL5940171,CC#CCOc1cnc(/C(F)=C/c2ccc(F)c([C@@]3(C)N=C(N)OC[C@@H]3OCC(F)(F)F)c2)cn1,48.0,nM,7.32
CHEMBL5532614,COc1cc2ncnc(N3CCN(c4ccccc4[N+](=O)[O-])CC3)c2cc1OC,1816.0,nM,5.74
CHEMBL5828499,C[C@H]1C[C@H]2CSC(NC(=O)c3ccccc3)=N[C@@]2(c2nc(NC(=O)c3ccc(OC(F)F)cn3)cs2)CO1,41.0,nM,7.39
CHEMBL3962473,CCc1cc(C(=O)Nc2csc([C@]34CO[C@@H](C)C[C@H]3CSC(N)=N4)n2)n(C)n1,369.0,nM,6.43
CHEMBL5955670,Cc1nc(C)c(C(=O)Nc2csc([C@]34CO[C@@H](C)C[C@H]3CSC(N)=N4)n2)o1,740.0,nM,6.13
CHEMBL6008229,C[C@H]1C[C@H]2CSC(N)=N[C@@]2(c2nc(NC(=O)c3cn(C)nc3C(F)(F)F)cs2)CO1,3840.0,nM,5.42
CHEMBL5870319,Cc1cnc(C(=O)Nc2csc([C@]34CO[C@@H](C)C[C@H]3CSC(N)=N4)n2)cn1,2110.0,nM,5.68
CHEMBL5933031,C[C@H]1C[C@H]2CSC(N)=N[C@@]2(c2nc(NC(=O)c3ccon3)cs2)CO1,777.0,nM,6.11
CHEMBL5881880,C[C@H]1C[C@H]2CSC(N)=N[C@@]2(c2nc(NC(=O)c3cc(Cl)n(C)n3)cs2)CO1,3380.0,nM,5.47
CHEMBL3898614,C[C@H]1C[C@H]2CSC(N)=N[C@@]2(c2nc(NC(=O)c3ccn(CC(F)F)n3)cs2)CO1,398.0,nM,6.4
CHEMBL5787027,C[C@H]1C[C@H]2CSC(N)=N[C@@]2(c2nc(NC(=O)C3(C#N)CCC3)cs2)CO1,94.0,nM,7.03
CHEMBL3688782,NC1=N[C@](CF)(c2cc(Nc3nccc4cc(Cl)cnc34)ccc2Cl)[C@H]2C[C@H]2O1,29.1,nM,7.54
CHEMBL3688739,C#CCOc1cnc(C(=O)Nc2cc(F)c(Cl)c([C@@]3(CF)N=C(N)O[C@@H]4C[C@@H]43)c2)cn1,2.8,nM,8.55
CHEMBL3688791,COc1cnc2c(Nc3ccc(F)c([C@@]4(C(F)F)N=C(N)O[C@@H]5C[C@@H]54)c3)ncc(F)c2c1,117.0,nM,6.93
CHEMBL3905251,COC1CCC2(CC1)Cc1ccc(Br)cc1C21N=C(N)N(CC2CCCO2)C1=O,34.9,nM,7.46
CHEMBL5878933,COC1CCC2(CC1)Cc1ccc(C#CC3CC3)cc1C21N=C(SCC2CCCO2)N(CC2CCCO2)C1=O,2.2,nM,8.66
CHEMBL3656204,CCc1ccc2c(c1)C1(N=C(N)N(C)O1)[C@]1(CC[C@H](OC)CC1)C2,521.1,nM,6.28
CHEMBL3913272,CO[C@H]1CC[C@]2(CC1)Cc1ccc(OC(C)C)cc1C21N=C(N)N(C)C1=O,170.6,nM,6.77
CHEMBL3919628,CO[C@H]1CC[C@]2(CC1)Cc1ccc(CCC(C)C)cc1C21N=C(N)N(CC(F)(F)F)C1=O,77.0,nM,7.11
CHEMBL3966983,CO[C@H]1CC[C@]2(CC1)Cc1ccc(N3CCCC3=O)cc1C21N=C(N)N(C)C1=O,110.0,nM,6.96
CHEMBL3964102,CO[C@H]1CC[C@]2(CC1)Cc1ccc(C#N)cc1C21N=C(N)N(CCc2nccs2)C1=O,57.9,nM,7.24
CHEMBL3656140,COC1CCC2(CC1)Cc1ccc(-c3cc(C)cc(C)c3)cc1C21N=C(N)N(C)O1,14.6,nM,7.84
CHEMBL3656152,CN1OC2(N=C1N)c1cc(-c3cccc(C#N)c3)ccc1CC21CCc2cc(F)c(F)cc2C1,89.0,nM,7.05
CHEMBL3656162,CN1OC2(N=C1N)c1cc(-c3cccc(C#N)c3)ccc1CC21CCc2cc(F)ccc2C1,178.4,nM,6.75
CHEMBL3656168,[C-]#[N+]c1cccc(-c2ccc3c(c2)C2(CC(=N)N(C)O2)C2(CCC(OCC)CC2)C3)c1,41.7,nM,7.38
CHEMBL3656130,COC1CCC2(CC1)Cc1ccc(-c3cccc(OC(F)(F)F)c3)cc1C21N=C(N)N(C)O1,7.0,nM,8.15
CHEMBL3659645,COc1ccc2c(c1)CCC2(Cc1ccc(C(F)(F)F)nc1)c1cn(CCCO)c(N)n1,3300.0,nM,5.48
CHEMBL3653498,COc1cnc(C(=O)Nc2ccc(F)c([C@]3(C(F)F)COCC(N)=N3)c2)c(N)n1,16.0,nM,7.8
CHEMBL3653505,CC#CCOc1cnc(C(=O)Nc2ccc(F)c([C@]3(C(F)F)COCC(N)=N3)c2)c(C)n1,4.0,nM,8.4
CHEMBL3653507,NC1=N[C@@](c2cc(NC(=O)c3ncc(OCF)cc3Cl)ccc2F)(C(F)F)COC1,59.0,nM,7.23
CHEMBL3653386,C[C@@]1(c2cc(Br)cc(NC(=O)c3ccc(C#N)cn3)c2)COCC(N)=N1,380.0,nM,6.42
CHEMBL6056936,CC#Cc1ccc2[nH]c([C@]3(C)CC(=O)N(C)C(=N)N3)c(Cl)c2c1,44.0,nM,7.36
CHEMBL6023685,CN1C(=N)N[C@](C)(c2ccc3sc4ccc(C(F)(F)F)cc4c3c2)CC1=O,81.0,nM,7.09
CHEMBL4589121,CCc1noc(C)c1[C@@H]1C[C@@](C)(c2ccc(F)cc2F)N=C(N)S1,250.0,nM,6.6
CHEMBL4552231,CCc1noc(CC)c1[C@@H]1C[C@@](C)(c2ccc(F)cc2F)N=C(N)S1,420.0,nM,6.38
CHEMBL4851448,CC(C)(C)c1ccc(CNC[C@@H](O)[C@H](Cc2ccccc2)NC(=O)CC(c2ccccc2)c2ccccc2)cc1,6200.0,nM,5.21
CHEMBL5765170,C#CCOc1cnc(/C(F)=C/c2ccc(F)c([C@@]3(C)N=C(N)[C@]4(CF)CC[C@@H]3S4(=O)=O)c2)cn1,3.0,nM,8.52
CHEMBL5941059,Cc1nnc(COc2cnc(/C(F)=C/c3ccc(F)c([C@@]4(C)N=C(N)[C@@]5(CF)CC[C@@H]4S5(=O)=O)c3)cn2)o1,60.0,nM,7.22
CHEMBL5877299,C[C@]1(c2cc(/C=C(\F)c3cnc(OCC(F)(F)C(F)F)cn3)ccc2F)N=C(N)[C@@]2(CF)CC[C@@H]1S2(=O)=O,37.0,nM,7.43
CHEMBL6008412,CCOc1cnc(/C(F)=C/c2ccc(F)c([C@@]3(C)N=C(N)[C@@]4(CF)CC[C@@H]3S4(=O)=O)c2)cn1,527.0,nM,6.28
CHEMBL53648,CSCC[C@H](NC(=O)[C@@H](NC(=O)OC(C)(C)C)C(C)C)C(=O)NC(CC(C)C)[C@@H](O)CC(=O)N[C@@H](C(=O)NCCCC(=O)O)C(C)C,47000.0,nM,4.33
CHEMBL5845218,C[C@@]1(c2nc(/C=C(\F)c3ccc(C#N)cn3)ccc2F)CO[C@@](C)(C(F)(F)F)C(N)=N1,149.0,nM,6.83
CHEMBL1933459,Nc1nc(Cc2ccc(-c3cccc4oc5ccccc5c34)cc2)cn1Cc1ccccc1Cl,5950.0,nM,5.22
CHEMBL5824908,CN1C(N)=N[C@](C)(c2cc(/C=C(\F)c3ccc(C#N)s3)ccc2F)CS1(=O)=O,35.0,nM,7.46
CHEMBL5772727,CN1C(N)=N[C@](C)(c2cc(/C=C(\F)c3nc(C#N)cs3)ccc2F)CS1(=O)=O,26.0,nM,7.58
CHEMBL3818084,COc1ccc2c(c1)C/C(=C\C1CCN(Cc3ccccc3)CC1)C2=O,333.0,nM,6.48
CHEMBL52961,CO[C@](C)(C(=O)NC(CC(C)C)[C@@H](O)CC(=O)N[C@@H](C(=O)N[C@H](C)C(=O)N[C@H](CCC(=O)O)C(=O)N[C@H](Cc1ccccc1)C(=O)O)C(C)C)c1ccccc1,41000.0,nM,4.39
CHEMBL1097350,COC[C@H]1CCCN1C(=O)c1cc(C)cc(C(=O)N[C@@H](Cc2cc(F)cc(F)c2)[C@H](O)[C@H]2CN(S(=O)(=O)c3ccccn3)CCN2)c1,70.0,nM,7.16
CHEMBL5752393,Nc1nc(Nc2ccc(OCCN3CCCC3)cc2)nn1-c1ccccc1F,8070.0,nM,5.09
CHEMBL2408738,CC(=O)N[C@@H](Cc1cc(F)cc(F)c1)[C@H](O)CN[C@H]1COCc2ccc(CC(C)(C)C)cc21,19700.0,nM,4.71
CHEMBL2408749,CC(=O)N[C@@H](Cc1cc(F)cc(F)c1)[C@H](O)CN[C@H]1CCOc2ccc(OC3CCOC3)cc21,858.0,nM,6.07
CHEMBL2408736,CC(=O)N[C@@H](Cc1cc(F)cc(F)c1)[C@H](O)CN[C@H]1CCN(C)c2ccc(CC(C)(C)C)cc21,643.0,nM,6.19
CHEMBL2408760,CC(=O)N[C@@H](Cc1cc(F)cc(F)c1)[C@H](O)CN[C@H]1CCCc2ccc(CC(C)(C)C)cc21,45.0,nM,7.35
CHEMBL5808647,O=C(NC1=N[C@](CF)(c2cc(Br)ccc2Cl)[C@H]2C[C@H]2O1)c1ccccc1,396.0,nM,6.4
CHEMBL5882454,C[C@@]1(c2cc(/C=C(\F)c3ccc(Cl)cn3)ccc2F)CCSC(N)=N1,124.0,nM,6.91
CHEMBL6025214,C[C@]1(c2cc(/C=C(\F)c3ccc(C#N)cn3)ccc2F)N=C(N)[C@]2(CF)CC[C@@H]1S2(=O)=O,17.0,nM,7.77
CHEMBL6008509,CC1(C)C(N)=N[C@](C)(c2cc(/C=C(\F)c3ccc(C#N)cn3)ccc2F)CS1(=O)=O,4.0,nM,8.4
CHEMBL5950193,CN1C(N)=N[C@](C)(c2cc(/C=C(\F)c3cnc(OCC(F)(F)F)cn3)ccc2F)CS1(=O)=O,23.0,nM,7.64
CHEMBL5885782,CC1(C)C(N)=N[C@](C)(c2cc(/C=C(\F)c3cnc(CC4CCC4)cn3)ccc2F)CS1(=O)=O,154.0,nM,6.81
CHEMBL6056328,CN1C(N)=N[C@](C)(c2cc(/C=C(\F)c3cnc(OCC4COC4)cn3)ccc2F)CS1(=O)=O,120.0,nM,6.92
CHEMBL5884332,CC(C)(C)OC(=O)N(C(=O)OC(C)(C)C)C1=N[C@](C)(c2cc(B3OC(C)(C)C(C)(C)O3)ccc2F)CS(=O)(=O)C1(C)C,277.0,nM,6.56
CHEMBL5858919,COC1CCC2(CC1)Cc1ccc(C#CCC(C)C)cc1C21NC(=S)N(C)C1=O,5.1,nM,8.29
CHEMBL3645156,CCCCOc1cnc(C(=O)Nc2cccc(C3(C)CCSC(N)=N3)c2)cn1,160.0,nM,6.8
CHEMBL3653450,NC1=N[C@@](c2cc(NC(=O)c3cnc(OCC(F)F)cn3)ccc2F)(C(F)F)COC1,97.0,nM,7.01
CHEMBL3896298,COc1ccc(COc2ccc3c(c2)C2(N=C(N)N(C)O2)[C@]2(CC[C@H](OC)CC2)C3)cc1,807.0,nM,6.09
CHEMBL6044447,C[C@@]1(c2cc(/C=C(\F)c3ccc(C#N)cn3)ccc2F)C=CSC(N)=N1,98.0,nM,7.01
CHEMBL5890666,COC(=O)[C@@H]1C[C@@](C)(c2cc(/C=C(\F)c3ccc(Cl)cn3)ccc2F)N=C(N)S1,45.0,nM,7.35
CHEMBL5812511,CCC#C[C@H](C)Oc1cnc(/C(F)=C/c2ccc(F)c([C@]3(C)CS(=O)(=O)C(C)(C)C(N)=N3)c2)cn1,5365.0,nM,5.27
CHEMBL5890981,CN1C(N)=N[C@](C)(c2cc(/C=C(\F)c3cnc(OCc4cocn4)cn3)cc(F)c2F)CS1(=O)=O,9.0,nM,8.05
CHEMBL5784969,C#CCOc1cnc(/C(F)=C/c2ccc(F)c([C@]3(C)C[C@@](C)(C(=O)NCC(F)F)SC(N)=N3)c2)cn1,24.0,nM,7.62
CHEMBL5782634,N#C/C=C/[C@]12C[C@H]1[C@@](CF)(c1cc(C#Cc3ccc(C#N)cn3)ccc1F)N=C(N)S2,47.0,nM,7.33
CHEMBL3805766,Cc1noc(C)c1[C@@H]1C[C@@](C)(c2cccc(NC(=O)c3ccc(Cl)cn3)c2F)N=C(N)S1,160.0,nM,6.8
CHEMBL5971840,C[C@@]1(c2cc(/C=C(\F)c3cnc(Cl)cn3)ccc2F)CO[C@@](C)(C(F)(F)F)C(N)=N1,663.0,nM,6.18
CHEMBL2029366,CC(=O)N[C@@H](Cc1ccc(F)cc1)[C@H](O)CN[C@H]1C[C@]2(CC[C@H]2C)Oc2ncc(CC(C)(C)C)cc21,29.0,nM,7.54
CHEMBL2031140,CC(=O)N[C@@H](Cc1ccc(F)cc1)[C@H](O)CN[C@H]1C[C@]2(C[C@@H](C)C2)Oc2ncc(CC(C)(C)C)cc21,9.0,nM,8.05
CHEMBL2030995,CC(=O)N[C@@H](Cc1ccc(F)cc1)[C@H](O)CN[C@H]1C[C@]2(C[C@H](F)C2)Oc2ncc(CC(C)(C)C)cc21,6.0,nM,8.22
CHEMBL5754022,C#C[C@H](C)Oc1cnc(/C(F)=C/c2ccc(F)c([C@]3(C)CS(=O)(=O)C(C)(C)C(N)=N3)c2)cn1,1.0,nM,9.0
CHEMBL6052230,CC#CCOc1cnc(/C(F)=C/c2cc(F)c(F)c([C@]3(C)CS(=O)(=O)N(C)C(N)=N3)c2)cn1,1.0,nM,9.0
CHEMBL5810645,CN1C(N)=N[C@](C)(c2cc(/C=C(\F)c3cnc(OCc4ncco4)cn3)cc(F)c2F)CS1(=O)=O,4.0,nM,8.4
CHEMBL2151238,CC(=O)N[C@@H](Cc1ccc(F)c(C)c1)[C@H](O)CN[C@H]1CC2(CCC2)Oc2ncc(CC(C)(C)C)cc21,4.6,nM,8.34
CHEMBL5998625,COC1CCC2(CC1)Cc1ccc(CCC3CC3)cc1C21NC(=S)N(Cc2cccc(NS(C)(=O)=O)c2)C1=O,35.2,nM,7.45
CHEMBL6026413,COC1CCC2(CC1)Cc1ccc(CCC3CC3)cc1C21NC(=S)N(Cc2ncco2)C1=O,11.2,nM,7.95
CHEMBL5844991,COC1CCC2(CC1)Cc1ccc(CCC3CC3)cc1C21NC(=S)N(Cc2ccccc2C#N)C1=O,17.3,nM,7.76
CHEMBL5854772,COC1CCC2(CC1)Cc1ccc(C#CC3CC3)cc1C21NC(=S)N(CCC(=O)OC(C)(C)C)C1=O,15.6,nM,7.81
CHEMBL4519351,Cc1ccccc1-c1ccc2nc(N)c(CC(C)C(=O)NC[C@@]34CCCO[C@@H]3CCOC4)cc2c1,30.9,nM,7.51
CHEMBL4546115,COc1ccc2c(c1)[C@@H](O)[C@@]1(CCN(C(=O)CCc3cc4ccccc4nc3N)C1)C2,54954.09,nM,4.26
CHEMBL5982194,CN1C(N)=N[C@](C)(c2cc(/C=C(\F)c3ccc(C#N)cn3)ccc2F)CS1(=O)=O,1.0,nM,9.0
CHEMBL5967786,C[C@]1(c2cc(/C=C(\F)c3cnc(OCC(F)F)cn3)ccc2F)N=C(N)[C@@]2(CF)CC[C@@H]1S2(=O)=O,318.0,nM,6.5
CHEMBL5793625,CN1C(N)=N[C@](C)(c2cc(/C=C(\F)c3ccc(C#N)cn3)ccc2F)C2(CC2)S1(=O)=O,6.0,nM,8.22
CHEMBL5993989,CN1C(N)=N[C@](C)(c2cc(/C=C(\F)c3ccc(F)cn3)ccc2F)CS1(=O)=O,138.0,nM,6.86
CHEMBL1083184,C[C@@H](NC(=O)c1cc(CCC[C@](N)(CO)Cc2ccccc2)cc(N(C)S(C)(=O)=O)c1)c1ccc(F)cc1,22400.0,nM,4.65
CHEMBL1096683,C[C@@H](NC(=O)c1cc(-c2ncc([C@](C)(N)Cc3ccccc3)o2)cc(N(C)S(C)(=O)=O)c1)c1ccc(F)cc1,7.0,nM,8.15
CHEMBL560497,CCNc1cc(C(=O)N[C@@H](Cc2ccccc2)[C@H](O)CNC2CCOCC2)cc(N2CCCCS2(=O)=O)c1,91.0,nM,7.04
CHEMBL5838638,NC1=N[C@@](CF)(c2cc(NC(=O)c3ccc(F)cn3)ccc2F)Cn2nncc21,759.0,nM,6.12
CHEMBL5558946,O=C(Cn1nc(-c2ccccc2)c(-c2ccccc2)nc1=O)Nc1ccc(F)cc1,694.0,nM,6.16
CHEMBL297486,CC(C)C[C@H](NC(=O)C(O)c1cccc2ccccc12)[C@@H](O)CC(=O)N[C@H](C(=O)NC1C[C@@H](C(=O)O)C[C@@H](C(=O)O)C1)C(C)C,3000.0,nM,5.52
CHEMBL3261052,C[C@]1(c2cc(NC(=O)c3ccc(C#N)cn3)ccc2F)N=C(N)O[C@@H]2CC(F)(F)C[C@@H]21,1.7,nM,8.77
CHEMBL594903,COCc1cc2cc(c1)C(=O)N[C@H]([C@H](O)CNC(COC)c1cccc(C(C)(C)C)c1)Cc1cccc(c1)OCCCCN2,668.0,nM,6.17
CHEMBL538647,CC(C)C[C@H](NC(=O)[C@@H](N)CCC(=O)O)C(=O)N[C@@H](CC(=O)O)C(=O)N[C@@H](CC(C)C)P(=O)(O)C[C@@H](C)C(=O)N[C@H](C(=O)N[C@@H](CCC(=O)O)C(=O)N[C@@H](Cc1ccccc1)C(=O)O)C(C)C,12.0,nM,7.92
CHEMBL540730,CCCN(CCC)C(=O)c1cc(C(=O)N[C@@H](Cc2cc(F)cc(F)c2)[C@H](O)CNCc2cccc(OC)c2)cc(/C(C)=N\OCC(C)C)c1,55.0,nM,7.26
CHEMBL541977,COc1cccc(CNC[C@@H](O)[C@H](Cc2cc(F)cc(F)c2)NC(=O)c2cc(C(C)O)cc(N3CCCCS3(=O)=O)c2)c1,43.0,nM,7.37
CHEMBL539976,CCCN(CCC)C(=O)c1cc(Oc2ccccc2)cc(C(=O)N[C@@H](Cc2cc(F)cc(F)c2)[C@H](O)CNCc2cccc(OC)c2)c1,10.0,nM,8.0
CHEMBL257087,CCCN(CCC)C(=O)c1cc(C)cc(C(=O)N[C@@H](Cc2cc(F)cc(F)c2)[C@H](O)[C@H]2C[C@@H](CC3CCCCC3)CCN2)c1,630.0,nM,6.2
CHEMBL4860049,CC1(c2cc(NC(=O)c3ccc(C#N)cn3)ccc2F)N=C(N)c2ccc(F)cc2O1,61.0,nM,7.21
CHEMBL4878135,CC1(c2cc(NC(=O)c3ccc(C#N)cn3)ccc2F)N=C(N)c2ccccc2O1,82.0,nM,7.09
CHEMBL4878232,CC1(c2cc(NC(=O)c3ccc(C#N)cn3)ccc2F)Cc2cccnc2C(N)=N1,26.0,nM,7.58
CHEMBL461815,CCCCNC(=O)[C@H](C)C[C@H](O)[C@@H]1C[C@H](C)CCCCCCC(=O)N[C@@H](C)C(=O)N1,1600.0,nM,5.8
CHEMBL5917560,CC1(C)C(N)=N[C@](C)(c2cc(/C=C(\F)c3cnc(Cl)cn3)cc(F)c2F)CS1(=O)=O,833.0,nM,6.08
CHEMBL5881315,CC1(C)C(N)=N[C@](C)(c2cc(/C=C(\F)c3ccc(C#N)cn3)cnc2F)CS1(=O)=O,52.0,nM,7.28
CHEMBL1821813,Nc1nc2ccccc2cc1CCC(=O)NCC1CCCCC1,30902.95,nM,4.51
CHEMBL4570597,COc1ccc2c(c1)[C@@H](O)[C@@]1(CCN(C(=O)C(C)Cc3cc4cc(-c5ccccc5C)ccc4nc3N)C1)C2,5100.0,nM,5.29
CHEMBL4473230,Cn1cc2n(c1=O)C[C@@](C)(c1cc(NC(=O)c3ccc(C#N)cn3)ccc1F)N=C2N,13.2,nM,7.88
CHEMBL4576721,C/C(=C\CC/C(C)=C/CCC1(C)C=Cc2cc(C(=O)O)ccc2O1)CC/C=C(\C)C(=O)O,11400.0,nM,4.94
CHEMBL5904390,CN1C(N)=N[C@](C)(c2cc(/C=C(\F)c3cnc(C#CC4CC4)cn3)ccc2F)CS1(=O)=O,3.0,nM,8.52
CHEMBL5761277,CN1C(N)=N[C@](C)(c2cc(/C=C(\F)c3cnc(OCc4nccn4C)cn3)cc(F)c2F)CS1(=O)=O,85.0,nM,7.07
CHEMBL6013571,CC#CCOc1cnc(/C(F)=C/c2ccc(F)c([C@@]3(C)N=C(N)N(C)S(=O)(=O)C3(C)C)c2)cn1,2.0,nM,8.7
CHEMBL5759175,CC1(C)C(N)=N[C@](CF)(c2cc(/C=C(\F)c3ccc(C#N)cn3)ccc2F)CS1(=O)=O,222.0,nM,6.65
CHEMBL5746831,C#CCOc1cnc(/C(F)=C/c2ccc(F)c([C@]3(CF)CS(=O)(=O)C(C)(C)C(N)=N3)c2)cn1,6.0,nM,8.22
CHEMBL6048883,CN1C(N)=N[C@](C)(c2cc(/C=C(\F)c3cc4c(cn3)OCCC4)ccc2F)CS1(=O)=O,1022.0,nM,5.99
CHEMBL5922597,COc1cnc(/C(F)=C/c2ccc(F)c([C@]3(C)CS(=O)(=O)N(C)C(N)=N3)c2)cn1,107.0,nM,6.97
CHEMBL5886132,CN1C(N)=N[C@](C)(c2cc(/C=C(\F)c3ccc(C#N)cc3)ccc2F)CS1(=O)=O,15.0,nM,7.82
CHEMBL6060078,CC1(C)C(N)=N[C@](C)(c2cc(/C=C(\F)c3cc4c(cn3)OCCO4)ccc2F)[C@H](F)S1(=O)=O,626.0,nM,6.2
CHEMBL3261062,C[C@]1(c2cc(NC(=O)c3ccc(Cl)cn3)ccc2F)N=C(N)COCC1(F)F,1.0,nM,9.0
CHEMBL3261077,C[C@@]1(c2cc(NC(=O)c3ccc(C#N)cn3)ccc2F)Cc2cccn2C(N)=N1,36.0,nM,7.44
CHEMBL561838,CCc1cn2c3c(cc(C(=O)N[C@@H](Cc4ccccc4)[C@H](O)CNC)cc13)N(C)S(=O)(=O)C2,91.0,nM,7.04
CHEMBL5935344,CC1(C)C(N)=N[C@](C)(c2cc(/C=C(\F)c3cnc(C#N)cn3)ccc2F)CS1(=O)=O,5.0,nM,8.3
CHEMBL5812808,CN1C(N)=N[C@](C)(c2cc(/C=C(\F)c3ncc(C#N)cc3Cl)cc(F)c2F)CS1(=O)=O,17.0,nM,7.77
CHEMBL5976423,CN1C(N)=N[C@](C)(c2cc(/C=C(\F)c3cc4ccccc4cn3)ccc2F)CS1(=O)=O,272.0,nM,6.57
CHEMBL5802250,C[C@]1(c2cc(/C=C(/F)C3CCCO3)ccc2F)N=C(N)[C@@]2(CF)CC[C@@H]1S2(=O)=O,1113.0,nM,5.95
CHEMBL5937174,C[C@@]1(c2ccccc2F)C[S@@]2(=O)=NCCCCN2C(N)=N1,1040.0,nM,5.98
CHEMBL6064519,Cc1cc(OC(F)F)cnc1C(=O)Nc1csc([C@]23CO[C@@H](C)C[C@H]2COC(N)=N3)n1,85.0,nM,7.07
CHEMBL5886016,NC1=N[C@]2(c3nc(NC(=O)c4ccc(Cl)cn4)cs3)CO[C@H](C(F)(F)F)C[C@@H]2CO1,16700.0,nM,4.78
CHEMBL579169,OC(CNc1cccc2ccccc12)Cn1c2ccccc2c2ccccc21,2990.0,nM,5.52
CHEMBL5901386,CC#C[C@@H](CC)Oc1cnc(/C(F)=C/c2ccc(F)c([C@]3(C)CS(=O)(=O)C(C)(C)C(N)=N3)c2)cn1,2.0,nM,8.7
CHEMBL5905248,C#CCOc1cnc(/C(F)=C/c2ccc(F)c([C@@]3(C)N=C(N)C(C)(C)S(=O)(=O)[C@H]3F)c2)cn1,206.0,nM,6.69
CHEMBL5802171,CC1(C)C(N)=N[C@](C)(c2cc(/C=C(\F)c3cnc(Cl)cn3)cnc2F)CS1(=O)=O,196.0,nM,6.71
CHEMBL5998496,COC(C)COc1cnc(/C(F)=C/c2ccc(F)c([C@]3(C)CS(=O)(=O)C(C)(C)C(N)=N3)c2)cn1,25.0,nM,7.6
CHEMBL5879421,COC1CCC2(CC1)Cc1ccc(C#CC(C)(C)C)cc1C21N=C(SC)N(C)C1=O,7.9,nM,8.1
CHEMBL5780624,CC#CCOc1cnc(/C(F)=C/c2ccc(F)c([C@]3(CF)CS(=O)(=O)C(C)(C)C(N)=N3)c2)cn1,55.0,nM,7.26
CHEMBL3910991,COC1CCC2(CC1)Cc1ccc(-c3cc(F)cc(F)c3)cc1C21N=C(N)N(C)C1=O,1.0,nM,9.0
CHEMBL3233829,CC1=CC2Cc3nc4cc(Cl)ccc4c(NCCCCCCCCNC(=O)c4cc(O)c5c(c4)C(=O)c4cccc(O)c4C5=O)c3C(C1)C2.Cl,980.0,nM,6.01
CHEMBL5949355,CC#Cc1ccc2sc3ccc([C@]4(C)CS(=O)(=O)C(C)(C)C(=N)N4)cc3c2c1,39.0,nM,7.41
CHEMBL3895666,COC1CCC2(CC1)Cc1ccc(CCC3CC3)cc1C21N=C(N)N(CC2CCCO2)C1=O,12.6,nM,7.9
CHEMBL3670914,CC1(C)OCC(N)=N[C@](C)(c2cc(N[C@H]3CCc4cc(C#N)cnc43)ccc2F)C1(F)F,120.0,nM,6.92
CHEMBL6049095,CN1C(N)=N[C@](C)(c2cc(/C=C(\F)c3cnc(Cl)cn3)ccc2F)CS1(=O)=O,380.0,nM,6.42
CHEMBL5968835,CCCc1cc(C2(c3ccc(OC(F)F)c(C)c3)N=C(N)N(C)C2=O)ccn1,1670.0,nM,5.78
CHEMBL78781,CCC[C@H](NC(=O)OC(C)(C)C)C(=O)N[C@@H](C)C(=O)N[C@@H](Cc1ccccc1)[C@@H](O)C[C@@H](C)C(=O)N[C@H](C(=O)NCc1ccncc1)C(C)C,41.0,nM,7.39
CHEMBL81490,CC(C)[C@H](NC(=O)[C@H](C)C[C@H](O)[C@H](Cc1ccccc1)NC(=O)[C@H](C)NC(=O)[C@H](CC(F)F)NC(=O)OC(C)(C)C)C(=O)NCc1ccncc1,45.0,nM,7.35
CHEMBL5863613,Cc1cc(C2(c3cc(F)cc(Cl)c3)N=C(N)N(C)C2=O)ccc1OC(F)F,570.0,nM,6.24
CHEMBL5963184,Cc1cc(C2(c3cccc(-c4cnco4)c3)N=C(N)N(C)C2=O)ccc1OC(F)F,140.0,nM,6.85
CHEMBL5847765,COCc1cc(C2(c3ccc(OC(F)F)c(C)c3)N=C(N)N(C)C2=O)ccn1,1900.0,nM,5.72
CHEMBL5991735,COc1cnc(C(=O)Nc2ccc(F)c([C@]34CO[C@@H](C)C[C@@]3(F)CSC(N)=N4)c2)cn1,150.0,nM,6.82
CHEMBL5962006,C[C@H]1C[C@@]2(F)CSC(N)=N[C@@]2(c2cccc(NC(=O)c3ccc(Cl)cn3)c2)CO1,213.0,nM,6.67
CHEMBL3414706,NC1=N[C@@]2(c3ccc(F)cc3F)COCC[C@H]2CS1,265.0,nM,6.58
CHEMBL5878421,CC#Cc1cncc(-c2ccc3c(c2)C2(NC(=S)N(C)C2=O)C2(CCC(OC)CC2)C3)c1,7.3,nM,8.14
CHEMBL3905425,COC1CCC2(CC1)Cc1ccc(-c3cc(F)cc(C(F)(F)F)c3)cc1C21N=C(N)N(C)C1=O,198.0,nM,6.7
CHEMBL5753347,CC1=N[C@@]2(CC([C@H]3CCOC(C)(C)C3)Oc3ccc(-c4cccc(Cl)c4)cc32)N=C1N,5.0,nM,8.3
CHEMBL3688699,COc1cnc(C(=O)Nc2ccc(Cl)c([C@]3(CF)N=C(N)O[C@H]4C[C@H]43)c2)cn1,36330.0,nM,4.44
CHEMBL6056038,NC1=N[C@@](CF)(c2cc(Nc3nccc4cc(Cl)cnc34)cc(F)c2F)[C@@H]2C[C@@H]2O1,3410.0,nM,5.47
CHEMBL3688804,NC1=N[C@@](c2cc(NCc3ccc(Cl)cn3)ccc2F)(C(F)F)[C@H]2C[C@H]2O1,2845.0,nM,5.55
CHEMBL3639874,Cc1cc(OCC#N)cnc1C(=O)Nc1ccc(F)c([C@@]2(C(F)F)N=C(N)O[C@@H]3C[C@@H]32)c1,358.0,nM,6.45
CHEMBL5930527,Cc1cc(OC(F)F)cnc1C(=O)Nc1csc([C@]23COC4(CCC4)C[C@H]2COC(N)=N3)n1,370.0,nM,6.43
CHEMBL191100,CCCCNC(=O)[C@@H](NC(=O)[C@@H]1C(=O)N(CC)C[C@H]1[C@H](O)[C@H](CC(C)C)NC(=O)[C@H](CCSC)NC(=O)[C@H](CC(C)C)NC(C)=O)C(C)C,3350.0,nM,5.47
CHEMBL3670366,COc1cnc(C(=O)Nc2ccc(F)c([C@]3(C)CO[C@@](C)(C(F)(F)F)C(N)=N3)n2)c(C)c1,93.0,nM,7.03
CHEMBL4227584,C[C@]1(c2cc(NC(=O)c3cnc(OCF)cn3)ccc2F)N=C(N)O[C@H](CF)[C@@H]1F,1.5,nM,8.82
CHEMBL3265335,NC1=N[C@@]2(CO1)c1cc(-c3cncc(Cl)c3)ccc1O[C@H]1COCC[C@@H]12,130.0,nM,6.89
CHEMBL568966,CCCCOc1ccc(CSC(=N)N)cc1Cl,210000.0,nM,3.68
CHEMBL3680858,C[C@]1(c2cc(NC(=O)c3ccc(OC(F)F)cn3)ccc2F)N=C(N)OC[C@@H]1F,2.0,nM,8.7
CHEMBL5846750,Cn1c(-n2nc(Nc3ccc(OCCN4CCCC4)c(Cl)c3)nc2N)nc2ccccc21,16200.0,nM,4.79
CHEMBL5818789,Nc1nc(Nc2ccc(OCCN3CCCC3)cc2)nn1-c1nc2ccccc2s1,372.0,nM,6.43
CHEMBL5836525,Nc1nc(Nc2ccc(OCCN3CCCC3)cc2)nn1-c1nncc2ccccc12,9260.0,nM,5.03
CHEMBL5085959,C[C@@]1(c2cc(NC(=O)c3ncc(Cl)cc3Cl)ccc2F)CO[C@@](C)(C(F)(F)F)C(N)=N1,8.0,nM,8.1
CHEMBL572047,CC(=O)N[C@@H](Cc1cc(F)cc(F)c1)[C@H](O)CN[C@@]1(c2cccc(C(C)(C)C)c2)CC[C@H](NC=O)NC1,210.0,nM,6.68
CHEMBL200617,CC(C)[C@H](NC(=O)[C@H](C)C[C@H](O)[C@@H]1CCCCCN(C(=O)[C@@H](NC(=O)OC(C)(C)C)C(C)C)[C@@H](C)C(=O)N1)C(=O)NCc1ccncc1,260.0,nM,6.58
CHEMBL218451,C[C@@H](NC(=O)c1cc(COC(=O)[C@](C)(N)Cc2ccccc2)cc(N(C)S(C)(=O)=O)c1)c1ccc(F)cc1,27.0,nM,7.57
CHEMBL5908701,COC[C@]12C[C@H]1[C@@](C)(c1cc(/C=C(\F)c3cnc(OCC4COC4)cn3)ccc1F)N=C(N)S2,3045.0,nM,5.52
CHEMBL6043171,C[C@H]1CN(C(=O)[C@]23C[C@H]2[C@@](C)(c2cc(/C=C(\F)c4ccc(C#N)cn4)ccc2F)N=C(N)S3)[C@@H](C)CO1,4.5,nM,8.35
CHEMBL5885986,C[C@]1(c2cc(/C=C(\F)c3ccc(C#N)cn3)ccc2F)N=C(N)S[C@@]2(C(=O)N3CC[C@@H](O)C3)C[C@H]21,0.8,nM,9.1
CHEMBL5814436,CNC(=O)[C@]12C[C@H]1[C@@](C)(c1cc(/C=C(\F)c3ccc(C#CC(C)(C)C)cn3)ccc1F)N=C(N)S2,233.0,nM,6.63
CHEMBL5986531,CNC(=O)[C@]12C[C@H]1[C@@](C)(c1cc(/C=C(\F)c3cnc(C#CCF)cn3)ccc1F)N=C(N)S2,10.0,nM,8.0
CHEMBL5905933,COC(=O)[C@@]12SC(N)=N[C@](C)(c3cc(/C=C(\F)c4ccc(C#N)cn4)ccc3F)[C@@H]1C2(F)F,28.5,nM,7.54
CHEMBL5984885,C[C@]1(c2cc(/C=C(\F)c3ccc(C#N)cn3)cnc2F)N=C(N)S[C@@]2(C(=O)N3CCC(F)(F)CC3)C[C@H]21,28.9,nM,7.54
CHEMBL6011682,CO[C@H]1CC[C@]2(CC1)Cc1c(F)ccc(Br)c1C21NC(=O)NC1=O,2010.0,nM,5.7
CHEMBL6051154,CN1C(=O)C2(NC1=S)c1cc(-c3cccc(C#N)c3)ccc1CC21CCC(F)(F)CC1,126.0,nM,6.9
CHEMBL5902061,Nc1nc(Nc2ccc(OCCN3CCCC3)cc2)nn1-c1ccc(Cl)cn1,3940.0,nM,5.41
CHEMBL5899655,Nc1nc(Nc2ccc(OCCN3CCCC3)c(Cl)c2)nn1-c1nc2ccccc2s1,4240.0,nM,5.37
CHEMBL3670300,NC1=NC(c2cccc(NC(=O)c3ccc(O)cn3)c2)(C2CCCCC2)CS1,966.0,nM,6.01
CHEMBL5755583,COc1cnc(C(=O)Nc2ccc(F)c([C@]3(C)C=C(C(C)C)SC(N)=N3)c2)cn1,19.0,nM,7.72
CHEMBL3354714,CC1(COc2ccc3c(c2)[C@]2(COC(N)=N2)c2cc(-c4cccnc4)cc(F)c2O3)COC1,71.0,nM,7.15
CHEMBL265158,CC[C@H](C)[C@H](NC(=O)[C@H](CCC(=O)O)NC(=O)[C@H](CCC(=O)O)NC(=O)[C@@H](NC(=O)[C@H](CCCCN)NC(=O)[C@@H](NC(=O)[C@H](CC(N)=O)NC(=O)[C@@H](N)[C@@H](C)O)[C@@H](C)CC)[C@@H](C)O)C(=O)N[C@@H](CO)C(=O)N[C@@H](CCC(=O)O)C(=O)N[C@H](C(=O)N[C@@H](CC(N)=O)C(=O)N[C@@H](CC(C)C)C(=O)N[C@@H](CC(C)C)C(=O)N[C@@H](C)C(=O)N[C@@H](CCC(=O)O)C(=O)N[C@@H](Cc1ccccc1)C(=O)N[C@@H](CCCN=C(N)N)C(=O)O)C(C)C,45000.0,nM,4.35
CHEMBL5913324,COc1ccc(C(=O)Nc2ccc(F)c([C@]3(C)CS(=O)(=O)C(C)(C)C(N)=N3)c2)nc1,1.5,nM,8.82
CHEMBL2346804,CC1(C)Cc2cc(Cl)ccc2C(N[C@@H](Cc2ccccc2)c2ncc(I)c(=O)[nH]2)=N1,590.0,nM,6.23
CHEMBL2347366,C[C@]1(c2cc(NC(=O)c3ccc(OC(F)(F)F)cn3)ccc2F)N=C(N)OCC1(F)F,57.0,nM,7.24
CHEMBL5984878,C[C@]1(c2cc(/C=C(\F)c3cnc(C#N)cn3)ccc2F)N=C(N)OC[C@@H]1OCC(F)(F)F,119.0,nM,6.92
CHEMBL5752681,C[C@@]1(c2cc(Br)ccc2F)CS(=O)(=O)[C@]2(C[C@@H](F)C2)C(N)=N1,4090.0,nM,5.39
CHEMBL5981610,Cc1c(CNc2cc([C@]3(C)CS(=O)(=O)C(C)(C)C(N)=N3)c(F)cn2)nc2ccc(Cl)cn12,440.0,nM,6.36
CHEMBL5884268,CC1(C)C(N)=N[C@](C)(c2cc(Nc3nccc4cc(Cl)cnc34)cc(F)c2F)CS1(=O)=O,830.0,nM,6.08
CHEMBL39360,CC(C)C[C@H](NC(=O)[C@@H](NC(=O)[C@@H](N)CNC(=O)O)C(C)C)C(=O)N[C@@H](Cc1ccccc1)[C@@H](O)C(=O)N[C@@H](CC(=O)O)C(=O)N[C@@H](C)C(=O)N[C@@H](CCC(=O)O)C(=O)O,84.0,nM,7.08
CHEMBL227758,CC(C)C[C@H](NC(=O)c1cc(C(=O)NCc2ccccc2)cc(N(C)S(C)(=O)=O)c1)[C@@H](O)C[C@@H](C)C(=O)N[C@H](C(=O)NC(C)C)C(C)C,5600.0,nM,5.25
CHEMBL3683918,NC1=N[C@@](c2cc(NC(=O)c3ccc(OCc4nccs4)cn3)ccc2F)(C(F)F)[C@H]2C[C@H]2O1,82.4,nM,7.08
CHEMBL3683921,C[C@H](F)c1nc(C(=O)Nc2ccc(F)c([C@@]3(C(F)F)N=C(N)O[C@@H]4C[C@@H]43)c2)co1,2880.0,nM,5.54
CHEMBL3688626,COc1ccc(C(=O)Nc2ccc(F)c([C@@]3(CF)N=C(N)O[C@@H]4C[C@@H]43)c2)nc1,124.0,nM,6.91
CHEMBL5877515,COC1CCC2(CC1)Cc1ccc(CCC3CC3)cc1C21N=C(SCc2cccc(F)c2)N(Cc2cccc(F)c2)C1=O,15.8,nM,7.8
CHEMBL498966,C[C@@H](NC(=O)c1cc(C(=O)N[C@@H](Cc2ccccc2)[C@H](O)CNCCC2CCN(Cc3ccccc3)CC2)cc(N(C)S(C)(=O)=O)c1)c1ccc(F)cc1,222.0,nM,6.65
CHEMBL3688625,COc1cnc(C(=O)Nc2ccc(F)c([C@@]3(CF)N=C(N)O[C@@H]4C[C@@H]43)c2)cn1,142.0,nM,6.85
CHEMBL6046541,Cc1cc(C#N)cnc1/C(F)=C/c1ccc(F)c([C@]2(C)CS(=O)(=O)N(C)C(N)=N2)c1,5.0,nM,8.3
CHEMBL1163895,COc1cccc2cc3c(cc12)[C@]1(C)CC[C@H](O)[C@@H]2COC(=C21)C3=O,90000.0,nM,4.05
CHEMBL3683892,COc1cnc(C(=O)Nc2cc(F)c(F)c([C@@]3(CF)N=C(N)O[C@@H]4C[C@@H]43)c2)cn1,125.0,nM,6.9
CHEMBL4744259,O=C(N/N=C/c1ccc([N+](=O)[O-])cc1)N1CCN(c2ccccn2)CC1,2640.0,nM,5.58
CHEMBL3670328,C[C@@]1(c2cc(NC(=O)c3ncc(Br)cn3)ccc2F)C=CSC(N)=N1,24.0,nM,7.62
CHEMBL1209358,CC(=O)N[C@@H](Cc1cc(F)cc(F)c1)[C@H](O)CNC1(c2cccc(C3CCCCO3)c2)CC1,1700.0,nM,5.77
CHEMBL1209222,CC(=O)N[C@@H](Cc1cc(F)cc(F)c1)[C@H](O)CNC1(c2cccc(N3CCCCC3=O)c2)CCCCC1,250.0,nM,6.6
CHEMBL1209056,CC(=O)N[C@@H](Cc1cc(F)cc(F)c1)[C@H](O)CNC1(c2cccc(-n3ccnc3)c2)CCCCC1,1600.0,nM,5.8
CHEMBL1208874,CC(=O)N[C@@H](Cc1cc(F)cc(F)c1)[C@H](O)CNC1(c2cccc(N(C)C)c2)CCCCC1,410.0,nM,6.39
CHEMBL1209893,CCc1cccc(C2(NC[C@@H](O)[C@H](Cc3cc(F)cc(F)c3)NC(C)=O)CCCCC2)c1,690.0,nM,6.16
CHEMBL1209892,CC(=O)N[C@@H](Cc1cc(F)cc(F)c1)[C@H](O)CNC1(c2cccc(I)c2)CCCCC1,460.0,nM,6.34
CHEMBL1210354,Cc1c(C(=O)N[C@@H](Cc2ccccc2)[C@H](O)CNCc2cccc(C(F)(F)F)c2)cccc1N(c1ccccc1)S(C)(=O)=O,26.0,nM,7.58
CHEMBL1210350,O=C(N[C@@H](Cc1ccccc1)[C@H](O)CNCc1cccc(C(F)(F)F)c1)c1cccc(N2c3ccccc3OS2(=O)=O)c1,910.0,nM,6.04
CHEMBL1210347,C[C@H](NC[C@@H](O)[C@H](Cc1ccccc1)NC(=O)c1cccc(N(c2ccc(Cl)cc2)S(C)(=O)=O)c1)C(=O)NC1CCCCC1,10.0,nM,8.0
CHEMBL1210344,C[C@H](NC[C@@H](O)[C@H](Cc1ccccc1)NC(=O)c1cccc(N(c2cccc(C#N)c2)S(C)(=O)=O)c1)C(=O)NC1CCCCC1,8.0,nM,8.1
CHEMBL1210362,CS(=O)(=O)N(c1ccccc1)c1cc(C(=O)N[C@@H](Cc2ccccc2)[C@H](O)CNCc2cccc(C(F)(F)F)c2)cc(-c2ccccc2)c1,13.0,nM,7.89
CHEMBL5955878,Nc1nc(Nc2ccc(OCCN3CCCCC3)cc2)nn1-c1cccc(N2CCOCC2)n1,575.0,nM,6.24
CHEMBL1221924,c1cnc2ncc(-c3ccncc3)n2c1,1008000.0,nM,3.0
CHEMBL1221978,CC(C)NC(=O)CCCn1c(N)nc2cc(Cl)ccc21,193000.0,nM,3.71
CHEMBL1097340,CCCN(CCC)C(=O)c1cc(C)cc(C(=O)N[C@@H](Cc2cc(F)cc(F)c2)[C@H](O)[C@H]2CN(S(C)(=O)=O)CCN2)c1,2300.0,nM,5.64
CHEMBL1097342,COC[C@H]1CCCN1C(=O)c1cc(C)cc(C(=O)N[C@@H](Cc2cc(F)cc(F)c2)[C@H](O)[C@H]2CN(S(=O)(=O)c3cccc(C)c3)CCN2)c1,7.0,nM,8.15
CHEMBL1097353,COC[C@H]1CCCN1C(=O)c1cc(C)cc(C(=O)N[C@@H](Cc2cc(F)cc(F)c2)[C@H](O)[C@H]2CN(S(=O)(=O)Cc3ccccc3)CCN2)c1,14.0,nM,7.85
CHEMBL4849944,CC(=O)N[C@@H](CCC(=O)O)C(=O)N[C@H](C(=O)N[C@@H](CC(N)=O)C(=O)N[C@@H](CC(C)C)C(O)C(C)Nc1ccc(C)cc1)C(C)C,55000.0,nM,4.26
CHEMBL4865499,CC[C@H](C)[C@H](NC(=O)[C@@H](N)CCC(=O)O)C(=O)N[C@@H](Cc1cccs1)C(=O)N[C@@H](CC(C)C)[C@H](O)CNc1cccc(C(=O)O)c1,5600.0,nM,5.25
CHEMBL4853052,CC[C@H](C)[C@H](NC(=O)[C@@H](N)CCC(=O)O)C(=O)N[C@@H](Cc1cccs1)C(=O)N[C@@H](CC(C)C)[C@H](O)CNC1CCCCCCC1,10000.0,nM,5.0
CHEMBL207083,CC(C)(C)OC(=O)N1CCN(c2ccc(Br)cc2NC(=O)c2cc3ccccc3oc2=O)CC1,1000.0,nM,6.0
CHEMBL209052,COc1cccc2cc(C(=O)Nc3cc(Br)ccc3N3CCN(CCO)CC3)c(=O)oc12,1000.0,nM,6.0
CHEMBL1164690,Oc1c(Cl)cc(Cl)cc1/C=N/Nc1nc(Nc2ccccc2)nc(Nc2ccccc2)n1,11200.0,nM,4.95
CHEMBL1164960,Cc1ccc(C)c(Nc2nc(N/N=C/c3cc(Br)cc(Br)c3O)nc(N3CCOCC3)n2)c1,100000.0,nM,4.0
CHEMBL1165722,Cc1ccc(Nc2nc(N/N=C/c3cc(Br)cc(Br)c3O)nc(N3CCOCC3)n2)cc1Cl,20600.0,nM,4.69
CHEMBL1163698,Cc1ccc(C)c(Nc2nc(N/N=C/c3cc(Br)c(O)c(Br)c3C)nc(N3CCOCC3)n2)c1,81800.0,nM,4.09
CHEMBL1165731,O=C1CSC(c2ccc(Cl)cc2)N1Nc1nc(Nc2ccccc2)nc(N2CCCCC2)n1,100000.0,nM,4.0
CHEMBL1163705,CCOc1nc(NCCN2CCOCC2)nc(NNc2ccc(I)cc2C)n1,11900.0,nM,4.92
CHEMBL1163660,FC(F)(Cl)Oc1ccc(Nc2nc(NCc3ccccc3)nc(N3CCCCC3)n2)cc1,100000.0,nM,4.0
CHEMBL209055,COc1cc(/C=N/Nc2nc(Nc3ccc(F)cc3)nc(N3CCCCC3)n2)ccc1OCC(=O)O,100000.0,nM,4.0
CHEMBL1164306,Cc1ccc(CNC(=O)c2ccc(N3CC4CC(C3)c3cccc(=O)n3C4)c(NS(=O)(=O)c3ccc4c(c3)OCCO4)c2)cc1,100000.0,nM,4.0
CHEMBL1164406,O=C(NCc1ccc(F)cc1)c1ccc(N2CC3CC(C2)c2cccc(=O)n2C3)c(NS(=O)(=O)c2ccc3c(c2)OCCO3)c1,100000.0,nM,4.0
CHEMBL1165549,CCCc1cc(=O)oc2c(C)c(OCC(=O)NCC(=O)NCC(=O)O)ccc12,100000.0,nM,4.0
CHEMBL1164363,O=C(NCc1ccccc1)c1c[nH]c2ccc(S(=O)(=O)NC3CCCCNC3=O)cc2c1=O,100000.0,nM,4.0
CHEMBL1164127,CC1CCN(S(=O)(=O)c2ccc3[nH]c(=O)cc(C(=O)NCCCN4CCCC4)c3c2)CC1,100000.0,nM,4.0
CHEMBL1165197,O=C(NCCc1ccc(Cl)cc1)C1CCC(CNc2nc(=S)[nH]c3ccccc23)CC1,100000.0,nM,4.0
CHEMBL1165814,CCCCc1ccc(Nc2nc3ccccc3nc2NS(=O)(=O)c2ccc(Cl)cc2)cc1,100000.0,nM,4.0
CHEMBL1163218,O=C(Nc1ccc(Cl)cc1C(=O)c1ccccc1)c1ccc(Nc2nc(-c3ccccc3)c3cc(Br)ccc3n2)cc1,100000.0,nM,4.0
CHEMBL1163776,Cc1ccc(NC(=O)c2cccc(NC(=O)C[n+]3cccc(C(=O)NCCc4ccccc4)c3)c2)cc1.[Cl-],4000.0,nM,5.4
CHEMBL1163401,CCCC1C(C(=O)NOCc2ccccc2)=C(C)N(S(C)(=O)=O)C(C)=C1C(=O)N[C@@H](Cc1ccccc1)[C@H](O)CNC1CC1,8100.0,nM,5.09
CHEMBL1163932,CC(=O)C1=C(C)N(CC(=O)OC(C)C)C(C)=C(C(=O)N[C@@H](Cc2ccccc2)[C@H](O)CNc2cccc(F)c2)C1C,26400.0,nM,4.58
CHEMBL1163933,CCCC1C(C(C)=O)=C(C)N(CC(=O)OC(C)C)C(C)=C1C(=O)N[C@@H](Cc1ccccc1)[C@H](O)CNC1CC1,33100.0,nM,4.48
CHEMBL1163420,CCCC1C(C(C)=O)=C(C)N(CC(=O)OC(C)C)C(C)=C1C(=O)N[C@@H](Cc1ccccc1)[C@H](O)CNc1cccc(F)c1,27100.0,nM,4.57
CHEMBL1163423,CC1=C(C(=O)N[C@@H](Cc2ccccc2)[C@H](O)CNC2CC2)C(C)C(C(=O)OCc2ccccc2)=C(C)N1CC(=O)N(C)C,39100.0,nM,4.41
CHEMBL1163427,CCCC1C(C(=O)NC(C)c2ccccc2)=CN(CC(=O)OC(C)C)C=C1C(=O)N[C@@H](Cc1ccccc1)[C@H](O)CNC1CC1,29600.0,nM,4.53
CHEMBL1163433,CCCC1C(C(=O)NC(C)c2ccccc2)=CN(CC(=O)OC(C)C)C=C1C(=O)N[C@@H](Cc1ccccc1)[C@H](O)CNc1cccc(OC)c1,31200.0,nM,4.51
CHEMBL1165545,CCNc1cc(C(=O)N[C@@H](Cc2ccccc2)[C@H](O)CNc2cccc(C(F)(F)F)c2)cc(N2CCCCS2(=O)=O)c1,5.0,nM,8.3
CHEMBL210451,CC(C)(C)OC(=O)N1CCN(c2ccc(-c3ccccc3)cc2NC(=O)c2cc3ccccc3oc2=O)CC1,10000.0,nM,5.0
CHEMBL3653402,COc1ccc(C(=O)Nc2ccc(F)c([C@]3(C)CO[C@@](C)(C(F)(F)F)C(N)=N3)c2)nc1,9.0,nM,8.05
CHEMBL5836759,C[C@]1(c2cc(/C=C(\F)c3ccc(C#N)cn3)ccc2F)N=C(N)S[C@@]2(C(=O)N3CCCC(c4ccccc4)C3)C[C@H]21,0.958,nM,9.02
CHEMBL5906805,CC1(C)CC2CC(C)(CN2C(=O)[C@]23C[C@H]2[C@@](C)(c2cc(/C=C(\F)c4ccc(C#N)cn4)ccc2F)N=C(N)S3)C1,5.82,nM,8.23
CHEMBL5886324,C#Cc1cnc(/C(F)=C/c2ccc(F)c([C@@]3(C)N=C(N)S[C@@]4(C(=O)N5CCOCC5)C[C@H]43)c2)cn1,4.0,nM,8.4
CHEMBL4110028,CC(C)(O)c1nc(N2C[C@H]3CSC(N)=[N+](c4cnccn4)[C@H]3C2)ncc1F,105.0,nM,6.98
CHEMBL4212046,COc1cccc(NC(=O)c2cnc([C@]34CO[C@@H](C)C[C@H]3CSC(N)=N4)s2)n1,110.0,nM,6.96
CHEMBL4217023,COc1ccc(C(=O)Nc2csc([C@]34CO[C@@H](C)C[C@H]3CSC(N)=N4)n2)cc1,990.0,nM,6.0
CHEMBL378897,CCCCNC(=O)[C@H](C)C[C@H](O)[C@@H]1CSC/C=C/CSC[C@H](NC(=O)OC(C)(C)C)C(=O)N[C@@H](C)C(=O)N1,1300.0,nM,5.89
CHEMBL5197518,COc1cc(/C=C/c2nnc(-c3ccc(OC(F)(F)F)cc3)o2)ccc1O,210.0,nM,6.68
CHEMBL212681,O=C(Nc1cc(Br)ccc1N1CCOCC1)c1cccc2ccccc12,20000.0,nM,4.7
CHEMBL1164691,Cc1ccc(Nc2nc(CN3CCOCC3)nc(N/N=C/c3cc(Br)cc(Br)c3O)n2)cc1,48100.0,nM,4.32
CHEMBL5796862,COc1cnc(C(=O)Nc2cccc([C@]34CO[C@@H](C)C[C@@]3(F)CSC(N)=N4)c2)cn1,130.0,nM,6.89
CHEMBL5555983,O=C(Cn1nc(-c2ccccc2)c(-c2ccccc2)nc1=O)Nc1ccccc1[N+](=O)[O-],912.0,nM,6.04
CHEMBL6016682,CO[C@H]1CC[C@]2(CC1)Cc1ccccc1C21N=C(N)N(C)C1=O,161.0,nM,6.79
CHEMBL6021171,CN1C(=O)C2(N=C1N)c1cc(Br)ccc1CC21CCC(OC(F)F)CC1,20.0,nM,7.7
CHEMBL3924870,NC1=NC2(CO1)c1cc(-c3cncnc3)ccc1OC(CCC(F)(F)F)C21COC1,740.0,nM,6.13
CHEMBL3703291,CC#Cc1cncc(-c2ccc3c(c2)C2(COC(N)=N2)C2(COC2)C(CCC(F)(F)F)O3)c1,126.0,nM,6.9
CHEMBL3650841,Cn1cc2cc(-c3ccc4c(c3)C3(COC(N)=N3)C3(CC3)CO4)ccc2n1,6300.0,nM,5.2
CHEMBL3952447,COC1CCC2(CC1)Cc1ccc(Br)cc1C21NC(N)N(C2COC2)C1=O,55.8,nM,7.25
CHEMBL3895197,COC1CCC2(CC1)Oc1ccc(Br)cc1C21CCSC(N)=N1,30000.0,nM,4.52
CHEMBL3939118,COC1CCC2(CC1)Cc1ccc(OC3CCCC3)cc1C21NC(N)N(C)C1=O,691.0,nM,6.16
CHEMBL3918820,CCCNc1ccc2c(c1)C1(N=C(N)N(C)C1=O)C1(CCC(OC)CC1)C2,4.0,nM,8.4
CHEMBL3979923,COC1CCC2(CC1)Cc1ccc(N3CCC(F)(F)C3)cc1C21NC(N)N(C)C1=O,30.0,nM,7.52
CHEMBL5952724,CO[C@H]1CC[C@@]2(CC1)Cc1ccc(-c3cncnc3)cc1C21C=C(F)C(N)=N1,1970.0,nM,5.71
CHEMBL3703254,CC#Cc1cncc(-c2ccc3c(c2)C2(COC(N)=N2)C2(CC2)CO3)c1,140.0,nM,6.85
CHEMBL3703234,NC1=NC2(CO1)c1cc(NC(=O)c3ncc(Cl)cc3F)ccc1OCC21CC1,276.0,nM,6.56
CHEMBL3653714,CC#Cc1cncc(-c2ccc3c(c2)C2(N=C(C)C(N)=N2)C2(CCC2)C3)c1,31.0,nM,7.51
CHEMBL3653726,CC#Cc1cncc(-c2ccc3c(c2)[C@@]2(N=C(C)C(N)=N2)[C@]2(CC[C@H](O)CC2)C3)c1,1.3,nM,8.89
CHEMBL3939410,CO[C@H]1CC[C@]2(CC1)Cc1ccc(-c3cncc(C(F)(F)F)c3)cc1[C@@]21N=C(C)C(N)=N1,2.1,nM,8.68
CHEMBL3903281,CO[C@H]1CC[C@]2(CC1)Cc1ccc(-c3cc(F)ccc3F)cc1[C@@]21N=C(C)C(N)=N1,3.9,nM,8.41
CHEMBL3952823,CO[C@H]1CC[C@]2(CC1)Cc1ccc(-c3cncc(C(F)F)c3)cc1C21N=C(C)C(N)=N1,27.0,nM,7.57
CHEMBL3957561,CC#Cc1cccc(-c2ccc3c(c2)C2(N=C(C)C(N)=N2)[C@]2(CC[C@H](OC)CC2)C3)c1Cl,189.0,nM,6.72
CHEMBL3657443,COCc1cc(-c2ccc3c(c2)C2(N=C(C)C(N)=N2)[C@]2(CC[C@H](OC)CC2)C3)cc(C#N)c1F,34.0,nM,7.47
CHEMBL3657444,CC1=NC2(N=C1N)c1cc(Br)ccc1CC21CCC(C(F)F)CC1,2610.0,nM,5.58
CHEMBL3926971,CCO[C@H]1CC[C@]2(CC1)Cc1ccc(-c3cncc(C(F)(F)F)c3)cc1C21N=C(C)C(N)=N1,44.0,nM,7.36
CHEMBL3673192,C[C@H]1C[C@H]2CSC(N)=NC2(c2cc(C#N)ccc2Cl)CO1,2330.0,nM,5.63
CHEMBL3673196,Cc1cc([C@H]2C[C@H]3CSC(N)=NC3(c3cc(C#N)ccc3F)CO2)on1,64.0,nM,7.19
CHEMBL3673217,COC1CCC2(CC1)Cc1ccc(Br)cc1C21N=C(N)N2CC3(CC3)CN=C21,242.0,nM,6.62
CHEMBL3673219,COC1CCC2(CC1)Cc1ccc(Br)cc1C21N=C(N)c2ccccc21,55.0,nM,7.26
CHEMBL3673223,COC1CCC2(CC1)Cc1ccc(C#CC3CC3)cc1C21N=C(N)c2ccc(C#N)cc21,3.6,nM,8.44
CHEMBL3673229,COc1ccc2c(c1)C1(N=C2N)c2cc(Br)ccc2CC12CCC(OC)CC2,1428.0,nM,5.84
CHEMBL5819853,COc1cnc2c(Nc3ccc(F)c([C@@]4(C)N=C(N)C5(CC5)S(=O)(=O)[C@@H]4F)c3)nccc2n1,8.5,nM,8.07
CHEMBL6007960,Cc1cc(OC(F)F)cnc1C(=O)Nc1ccc(F)c([C@]2(CF)CS(=O)(=O)C3(CC3)C(N)=N2)c1,1.2,nM,8.92
CHEMBL6004810,COc1cnc(C(=O)Nc2ccc(F)c([C@]3(C)CS(=O)(=O)[C@]4(C[C@@H](F)C4)C(N)=N3)c2)c(C)c1,4.6,nM,8.34
CHEMBL5849015,CC1(C)C(N)=N[C@@]2(c3cc(Nc4nccc5cc(Cl)cnc45)ccc3F)C[C@H]2S1(=O)=O,3.05,nM,8.52
CHEMBL5859401,C[C@H]1C[C@H]2CSC(NC(=O)c3ccccc3)=N[C@@]2(c2nc(NC(=O)c3cnc(OC(F)F)cn3)cs2)CO1,73.0,nM,7.14
CHEMBL2059601,OC(CSc1ccc2ccccc2c1)Cn1c2ccccc2c2ccccc21,4930.0,nM,5.31
CHEMBL2058871,NC(CSc1ccc2ccccc2c1)Cn1c2ccccc2c2ccccc21,15700.0,nM,4.8
CHEMBL2437439,CN1C(=O)C[C@@](C)([C@@H]2C[C@H]2c2cccc(-c3cccnc3)c2)N=C1N.O=C(O)C(F)(F)F,11800.0,nM,4.93
CHEMBL5278976,COc1nc(N)nc(Nc2ccccc2)c1/N=C/Cc1ccc(C(F)(F)F)cc1,38000.0,nM,4.42
CHEMBL5284749,COc1nc(N)nc(Nc2ccccc2)c1/N=C/Cc1ccccc1,20000.0,nM,4.7
CHEMBL2349497,CN1C(=O)C2(CC(C)(C)Oc3ccc(-c4cccc(F)c4)cc32)N=C1N,99.0,nM,7.0
CHEMBL2349615,COc1ccccc1-c1ccc2c(c1)C1(CC(C)(C)O2)N=C(N)N(C)C1=O,1701.0,nM,5.77
CHEMBL3918570,COC1CCC2(CC1)Cc1ccc(C#CC3CC3)cc1[C@@]21N=C(N)N(Cc2ccccc2)C1=O,705.8,nM,6.15
CHEMBL4106900,COC1CCC2(CC1)Cc1ccc(C#CC3CC3)cc1[C@]21N=C(N)N(Cc2ccccc2)C1=O,18.9,nM,7.72
CHEMBL3956333,COC1CCC2(CC1)Cc1ccc(-c3cccc(C#N)c3)cc1C21N=C(N)N(C(C)C)C1=O,30.1,nM,7.52
CHEMBL3949855,COC1CCC2(CC1)Cc1ccc(-c3cncc(C(F)(F)F)c3)cc1[C@@]21N=C(N)N(C(C)C)C1=O,631.3,nM,6.2
CHEMBL3703248,NC1=NC2(CO1)c1cc(Nc3ncccc3Cl)ccc1OC1(CCC1)C21COC1,602.0,nM,6.22
CHEMBL3703249,COc1cccnc1Nc1ccc2c(c1)C1(COC(N)=N1)C1(COC1)C1(CCC1)O2,1040.0,nM,5.98
CHEMBL3908822,COc1cccc(Oc2ccc3c(c2)C2(N=C(N)N(C)C2=O)C2(CCC(OC)CC2)C3)c1,42.8,nM,7.37
CHEMBL3670913,C[C@]1(c2cc(Nc3ccc(C#N)cc3)ccc2F)N=C(N)COCC1(F)F,700.0,nM,6.16
CHEMBL572290,CC(=O)N[C@@H](Cc1cc(F)cc(F)c1)[C@H](O)CN[C@@]1(c2cccc(C(C)(C)C)c2)CC[C@H](C#N)NC1,380.0,nM,6.42
CHEMBL566603,CC(=O)N[C@@H](Cc1cc(F)cc(F)c1)[C@H](O)CN[C@@]1(c2cccc(C(C)(C)C)c2)CC/C(=N/O)NC1,8.8,nM,8.06
CHEMBL571833,CC(=O)N[C@@H](Cc1cc(F)cc(F)c1)[C@H](O)CNC1(c2cccc(C(C)(C)C)c2)CCCC1,220.0,nM,6.66
CHEMBL566826,CC(=O)N[C@@H](Cc1cc(F)cc(F)c1)[C@H](O)CNC1(c2cccc(C(C)(C)C)c2)CCC(=O)CC1,120.0,nM,6.92
CHEMBL584731,CC(=O)N[C@@H](Cc1cc(F)cc(F)c1)[C@H](O)CN[C@@]1(c2cccc(C(C)(C)C)c2)CC[C@H](C)NC1,49.0,nM,7.31
CHEMBL3680869,C[C@]1(c2cc(NC(=O)c3ccc(OCC(F)(F)F)cn3)ccc2F)N=C(N)OC[C@@H]1F,8.0,nM,8.1
CHEMBL5925804,C[C@]1(c2cc(/C=C(\F)c3ccc(C#N)cn3)ccc2F)N=C(N)S[C@@]2(C(=O)N3CCC(F)(F)C3)C[C@H]21,1.66,nM,8.78
CHEMBL5906022,C[C@]1(c2cc(/C=C(\F)c3ccc(C#N)cn3)ccc2F)N=C(N)S[C@@]2(C(=O)N3CC[C@H](O)C3)C[C@H]21,0.592,nM,9.23
CHEMBL3933883,CO[C@H]1CC[C@]2(CC1)Cc1ccc(-c3cncc(COCC(F)(F)F)c3)cc1C21N=C(C)C(N)=N1,66.0,nM,7.18
CHEMBL1257773,COc1cc(C(C)(C)C)cc(C2(NC[C@@H](O)[C@H](Cc3cc(F)cc(F)c3)NC(C)=O)CCCCC2)c1,77.0,nM,7.11
CHEMBL1257891,CC(=O)N[C@@H](Cc1cc(F)cc(F)c1)[C@H](O)CNC1(c2cc(O)cc(C(C)(C)C)c2)CCCCC1,170.0,nM,6.77
CHEMBL1258120,CC(=O)N[C@@H](Cc1cc(F)cc(F)c1)[C@H](O)CNC1(c2ccc(Br)c(C(C)(C)C)c2)CCCCC1,6900.0,nM,5.16
CHEMBL1258917,CC(=O)N[C@@H](Cc1cc(F)cc(F)c1)[C@H](O)CNC1(c2cnn(C(C)(C)C)c2)CCCCC1,1840.0,nM,5.74
CHEMBL1257651,CC(=O)N[C@@H](Cc1cc(F)cc(F)c1)[C@H](O)CNC1(c2ccc(CC(C)(C)C)s2)CC1,1620.0,nM,5.79
CHEMBL1270239,CN1C(=O)[C@@](c2ccc(OC(F)F)cc2)(c2cccc(C(=O)CCCF)c2)N=C1N,80.0,nM,7.1
CHEMBL1270526,COCC#Cc1cc([C@@]2(c3ccc(OC(F)F)cc3)N=C(N)N(C)C2=O)ccc1F,12.0,nM,7.92
CHEMBL3970341,CO[C@H]1CC[C@@]2(CC1)Cc1ccc(Br)cc1C21N=C(C)C(N)=N1,53.0,nM,7.28
CHEMBL3922674,CO[C@H]1CC[C@]2(CC1)Cc1ccc(NC(=O)c3ncc(Cl)cc3C)cc1C21N=C(C)C(N)=N1,18.0,nM,7.75
CHEMBL3653695,CC#Cc1cncc(-c2ccc3c(c2)C2(N=C(C)C(N)=N2)C2(CCC(F)(F)CC2)C3)c1,7.3,nM,8.14
CHEMBL3653698,COC1CCC2(CC1)Oc1ccc(-c3cncc(Cl)c3)cc1C21N=C(C)C(N)=N1,5.2,nM,8.28
CHEMBL3653716,CC1=NC2(N=C1N)c1cc(C#CC(C)(C)C)ccc1CC21CCC1,2610.0,nM,5.58
CHEMBL3902314,CO[C@H]1CC[C@]2(CC1)Cc1ccc(-c3cnc(C)c(Cl)c3)cc1[C@@]21N=C(C)C(N)=N1,5.9,nM,8.23
CHEMBL3895159,CO[C@H]1CC[C@]2(CC1)Cc1ccc(-c3cc(C)cc(C#N)c3)cc1C21N=C(C)C(N)=N1,2.6,nM,8.59
CHEMBL3653729,CC1=NC2(N=C1N)c1cc(Br)ccc1CC21CC1,16300.0,nM,4.79
CHEMBL3658609,C=C1C[C@@](C)(c2cc(NC(=O)c3ccc(Cl)cn3)ccc2F)N=C(N)O1,27.0,nM,7.57
CHEMBL3683911,NC1=N[C@@](c2cc(NC(=O)c3cnc(OCc4nccs4)cn3)ccc2F)(C(F)F)[C@H]2C[C@H]2O1,19.2,nM,7.72
CHEMBL3683919,NC1=N[C@@](c2cc(NC(=O)c3ccc(OCc4ncco4)cn3)ccc2F)(C(F)F)[C@H]2C[C@H]2O1,36.6,nM,7.44
CHEMBL3688619,Cc1cc(C(F)(F)F)cnc1C(=O)Nc1ccc(F)c([C@@]2(C(F)F)N=C(N)O[C@@H]3C[C@@H]32)c1,40.0,nM,7.4
CHEMBL3688621,Cc1ccc(C(=O)Nc2ccc(F)c([C@@]3(C(F)F)N=C(N)O[C@@H]4C[C@@H]43)c2)nc1,151.0,nM,6.82
CHEMBL3688623,N#Cc1ccc(C(=O)Nc2ccc(F)c([C@@]3(CF)N=C(N)O[C@@H]4C[C@@H]43)c2)nc1,25.6,nM,7.59
CHEMBL3688636,C#CCOc1ccc(C(=O)Nc2ccc(F)c([C@@]3(CF)N=C(N)O[C@@H]4C[C@@H]43)c2)nc1,27.4,nM,7.56
CHEMBL3688616,Cc1cnc(C(=O)Nc2ccc(F)c([C@@]3(C(F)F)N=C(N)O[C@@H]4C[C@@H]43)c2)c(C)c1,106.6,nM,6.97
CHEMBL3688641,CC#CCOc1cnc(C(=O)Nc2ccc(Cl)c([C@]3(C(F)F)N=C(N)O[C@H]4C[C@H]43)c2)cn1,3.9,nM,8.41
CHEMBL5788719,CN1C(=N)N[C@](C)(c2ccc3sc4ccc(C5CC5)cc4c3c2)CC1=O,78.0,nM,7.11
CHEMBL4073296,CO[C@@H]1CCN(Cc2cc([C@]3(C)CCSC(N)=N3)c(F)cc2F)C1,38.0,nM,7.42
CHEMBL4064148,C[C@@]1(c2cc(CNCC3CC3)c(F)cc2F)CCSC(N)=N1,14.0,nM,7.85
CHEMBL4084170,C[C@@]1(c2cc(CNCCC(F)(F)F)c(F)cc2F)CCSC(N)=N1,54700.0,nM,4.26
CHEMBL5791470,CO[C@H]1CC[C@@]2(CC1)Cc1ccc(OCC(C)C)cc1C21N=C(C)C(N)=N1,8360.0,nM,5.08
CHEMBL566810,CC(=O)N[C@@H](Cc1cc(F)cc(F)c1)[C@H](O)CNC1(c2cccc(C(C)(C)C)c2)CCC(=O)NC1,47.0,nM,7.33
CHEMBL570745,CC(=O)N[C@@H](Cc1cc(F)cc(F)c1)[C@H](O)CN[C@]1(c2cccc(C(C)(C)C)c2)CC[C@@H](O)CC1,24.0,nM,7.62
CHEMBL3670352,NC(=S)c1ccc(C(=O)Nc2cccc(C3(CF)COCC(N)=N3)n2)nc1,2100.0,nM,5.68
CHEMBL448303,CC(C)[C@H](NC(=O)C[C@@H](O)[C@H](COCc1ccccc1)NC(=O)c1cc(C(=O)N[C@H](C)c2ccccc2)cc(N(C)S(C)(=O)=O)c1)C(=O)NCc1ccc(C(=O)O)cc1,1200.0,nM,5.92
CHEMBL1916168,CCC(C)[C@@]1(NC(C)=O)CCN([C@@H](CCc2ccccc2)C(=O)N[C@@H](Cc2cc(F)cc(F)c2)[C@H](O)[C@H]2C[C@@H](OCc3ccc(F)cc3)CN2)C1=O,8.9,nM,8.05
CHEMBL4584800,Cc1ccccc1-c1ccc2nc(N)c(CCC(=O)NC[C@@]34CCCO[C@@H]3CCOC4)cc2c1,77.62,nM,7.11
CHEMBL571419,CO[C@H]1CC[C@@](NC[C@@H](O)[C@H](Cc2cc(F)cc(F)c2)NC(C)=O)(c2cccc(C(C)(C)C)c2)CN1,140.0,nM,6.85
CHEMBL583688,CC(=O)N[C@H]1CC[C@@](NC[C@@H](O)[C@H](Cc2cc(F)cc(F)c2)NC(C)=O)(c2cccc(C(C)(C)C)c2)CN1,350.0,nM,6.46
CHEMBL582817,CC(=O)N[C@@H](Cc1cc(F)cc(F)c1)[C@H](O)CN[C@@]1(c2cccc(C(C)(C)C)c2)CC[C@H](Nc2cccs2)NC1,85.0,nM,7.07
CHEMBL609988,CC(=O)N[C@@H](Cc1cc(F)cc(F)c1)[C@H](O)CNC1(c2cccc(C(C)(C)C)c2)CCc2nc(N)ncc2C1,14.0,nM,7.85
CHEMBL3958332,C[C@@]1(c2cc(NC(=O)c3ccc(Cl)cn3)ccc2F)CS(=O)(=O)CC(N)=N1,6.0,nM,8.22
CHEMBL5924939,COc1cnc(C(=O)Nc2ccc(F)c([C@]3(C)CS(=O)(=O)C(C)C(N)=N3)c2)cn1,7.5,nM,8.12
CHEMBL585120,COc1ccc([C@@]2(C34CC5CC(CC(C5)C3)C4)N=C(N)N(C)C2=O)cc1C,45000.0,nM,4.35
CHEMBL220896,Nc1ncccc1NCc1cccc(-c2ccc3cc[nH]c3c2)c1,9100.0,nM,5.04
CHEMBL1824357,CN1C(=O)C(c2ccsc2)(c2ccc(F)c(-c3cccnc3F)c2)N=C1N,30.0,nM,7.52
CHEMBL1824360,CCC(=O)c1cc(C2(c3cccc(-c4cccnc4F)c3)N=C(N)N(C)C2=O)cs1,15.0,nM,7.82
CHEMBL582045,NC1=N[C@](c2ccc(OC(F)(F)F)cc2)(c2cccc(-c3cncnc3)c2)C2=NCCCN12,34.0,nM,7.47
CHEMBL3683912,Cc1nc(C(=O)Nc2ccc(F)c([C@@]3(C(F)F)N=C(N)O[C@@H]4C[C@@H]43)c2)co1,61.3,nM,7.21
CHEMBL3670307,Cc1cc(C(=O)Nc2ccc(F)c([C@]3(C)C=CSC(N)=N3)c2)n(C)n1,96.0,nM,7.02
CHEMBL3933493,COC1CCC2(CC1)Cc1ccc(C3=CCN(C)C(=O)C3)cc1C21N=C(N)N(C)C1=O,269.2,nM,6.57
CHEMBL3980027,COC1CCC2(CC1)Cc1ccc(C#CC(F)(F)F)cc1C21N=C(N)N(C)C1=O,4.9,nM,8.31
CHEMBL3933228,COC1CCC2(CC1)Cc1ccc(Cl)cc1C21N=C(N)N(C)C1=O,28.5,nM,7.54
CHEMBL4110500,COC1CCC2(CC1)Cc1ccc(C#CC3CC3)cc1[C@]21N=C(N)N(C)C1=O,2.2,nM,8.66
CHEMBL3944703,COC(C)c1ccc([C@H]2C[C@H]3CSC(N)=N[C@@]3(c3ccc(F)cc3F)CO2)cc1,210.0,nM,6.68
CHEMBL6056871,CC#CCOc1cnc(/C(F)=C/c2ccc(F)c([C@@]3(C)N=C(N)S[C@@]4(C#N)C[C@H]43)c2)cn1,0.4,nM,9.4
CHEMBL3804970,Cc1noc(C)c1[C@@H]1C[C@@](C)(c2cc(NC(=O)c3ccc(Cl)cn3)c(F)cc2F)N=C(N)S1,31.0,nM,7.51
CHEMBL2442231,C[C@@H](NC(=O)c1cc(C(=O)N[C@@H](Cc2ccccc2)[C@@H](O)C(=O)Nc2nnc(Br)s2)cc(N(C)S(C)(=O)=O)c1)c1ccccc1,26.0,nM,7.58
CHEMBL3806322,Cc1noc(C)c1[C@@H]1C[C@@](C)(c2cc(NC(=O)c3ccc(Cl)cn3)cc(F)c2F)N=C(N)S1,0.7,nM,9.15
CHEMBL3806050,Cc1noc(C)c1[C@@H]1C[C@@H](c2cc(NC(=O)c3ccc(Cl)cn3)ccc2F)N=C(N)S1,5.0,nM,8.3
CHEMBL3806227,Cc1oncc1[C@]1(C)C[C@@H](c2cc(-c3cncnc3)c(F)cc2F)N=C(N)S1,180.0,nM,6.75
CHEMBL499686,C[C@@H](NC(=O)c1cc(C(=O)N[C@@H](Cc2ccccc2)[C@H](O)CNCC2CCN(Cc3ccccc3)CC2)cc(N(C)S(C)(=O)=O)c1)c1ccccc1,3999.0,nM,5.4
CHEMBL1760855,CC(C)c1cccc(CN[C@H]2CS(=O)(=O)C[C@@H](Cc3ccc(O)c(CCO)c3)[C@@H]2O)c1,990.0,nM,6.0
CHEMBL5980323,CC#CCOc1cnc(/C(F)=C/c2ccc(F)c([C@@]3(C)N=C(N)S[C@@]4(C(C)=O)C[C@H]43)c2)cn1,2.2,nM,8.66
CHEMBL5878063,C[C@]1(c2cc(/C=C(\F)c3ccc(C#N)cn3)ccc2F)N=C(N)S[C@@]2(C#N)C[C@H]21,5.0,nM,8.3
CHEMBL5995068,COc1ccc(CNC2=N[C@](C)(c3cc(/C=C(\F)c4ccc(C#N)cn4)ccc3F)[C@@H]3C(F)(F)[C@]3(CO)S2)cc1,12.0,nM,7.92
CHEMBL5777313,C#CCOc1cnc(/C(F)=C/c2cnc(F)c([C@@]3(C)N=C(N)S[C@@]4(C(=O)N5CCOCC5)C[C@H]43)c2)cn1,1.8,nM,8.74
CHEMBL1097057,NC1=Nc2ccc3cc2CN1[C@H](C1CCCCC1)CCC(=O)N(C1CCOCC1)CCc1cccc(c1)O3,73.0,nM,7.14
CHEMBL1095431,NC1=Nc2cnc3cc2CN1[C@H](C1CCCCC1)CCC(=O)N(C1CCCCC1)CCc1cccc(c1)O3,7.0,nM,8.15
CHEMBL3904617,CC(C)N1C(=O)C2(N=C1N)c1cc(Br)ccc1OC21CCc2ccccc2CC1,293.0,nM,6.53
CHEMBL3941103,CC(=O)N1CCC2(CC1)Oc1ccc(Br)cc1C21N=C(N)N(C)C1=O,13500.0,nM,4.87
CHEMBL5791021,CSC1=NC2(C(=O)N1C)c1cc(C#CC3CC3)ccc1CC21CCc2noc(C)c2C1,2.8,nM,8.55
CHEMBL3896388,COC1CCC2(CC1)Cc1ccc(C#CC3CC3)cc1C21N=C(NC(C)=O)N(C)C1=O,26.6,nM,7.58
CHEMBL3946645,COC1CCC2(CC1)Cc1ccc(NC(=O)c3ccccn3)cc1C21N=C(N)N(C)C1=O,12.0,nM,7.92
CHEMBL6042651,COC1CCC2(CC1)Cc1ccc(B3OC(C)(C)C(C)(C)O3)cc1C21NC(=O)N(CCF)C1=O,7.0,nM,8.15
CHEMBL1817745,CC(C)C[C@H](NC(=O)[C@@H](NC(=O)[C@@H](N)CNC(=O)c1[nH]c(=O)[nH]c(=O)c1F)C(C)C)C(=O)N[C@@H](Cc1ccccc1)[C@@H](O)C(=O)NC1(c2ccccc2)CCCC1,11.6,nM,7.94
CHEMBL1824361,CCC(=O)c1cc([C@]2(c3cccc(-c4cccnc4F)c3)N=C(N)N(C)C2=O)cs1,10.0,nM,8.0
CHEMBL5273082,O=[N+]([O-])c1ccc(-n2cc(COc3ccc(/C=N/Nc4nnc(-c5ccccc5)c(-c5ccccc5)n4)cc3)nn2)cc1,11420.0,nM,4.94
CHEMBL1824136,CN1C(=O)C(c2ccc(F)c(-c3cncnc3)c2)(c2cnn(CC(F)(F)F)c2)N=C1N,120.0,nM,6.92
CHEMBL3670323,C[C@@]1(c2cc(NC(=O)c3cnc(-n4cncn4)cn3)ccc2F)C=CSC(N)=N1,36.0,nM,7.44
CHEMBL3683870,NC1=N[C@@](CF)(c2cc(NC(=O)c3ccc(Cl)cn3)ccc2F)[C@@H]2C[C@@H]2O1,1560.0,nM,5.81
CHEMBL2349478,CN1C(=O)C2(CC(C)(C)Cc3ccc(-c4cncc(Cl)c4)cc32)N=C1N,30.0,nM,7.52
CHEMBL2349476,CN1C(=O)C2(CC(C)(C)Cc3ccc(-c4cccnc4F)cc32)N=C1N,60.0,nM,7.22
CHEMBL2349618,COc1cc(F)cc(-c2ccc3c(c2)C2(CC(C)(C)O3)N=C(N)N(C)C2=O)c1,61.0,nM,7.21
CHEMBL3983988,Cc1cc(F)cnc1C(=O)Nc1csc([C@]23CO[C@@H](C)C[C@H]2CSC(N)=N3)n1,26.9,nM,7.57
CHEMBL4204215,C[C@H]1C[C@H]2CSC(N)=N[C@@]2(c2cccs2)CO1,1920.0,nM,5.72
CHEMBL5752868,COc1cnc2c(Nc3ccc(F)c(C4(C(F)F)CS(=O)(=O)C(C)(C)C(N)=N4)c3)nccc2c1,241.0,nM,6.62
CHEMBL2177341,COc1ccc2c(c1)[C@@]1(COC(N)=N1)c1cc(-c3cncnc3)ccc1O2,10400.0,nM,4.98
CHEMBL5889651,CC(C)N1C(=O)C2(N=C1N)c1cc(Br)ccc1CC21CCc2ccccc2CC1,566.0,nM,6.25
CHEMBL5899936,COCCN1C(=O)NC2(C1=O)c1cc(Br)ccc1CC21CCc2ccccc2CC1,16.1,nM,7.79
CHEMBL3656277,CCOCCCc1ccc2c(c1)C1(N=C(N)N(CC(F)F)C1=O)[C@]1(CC[C@H](OC)CC1)C2,102.0,nM,6.99
CHEMBL3952033,CCCSc1ccc2c(c1)C1(N=C(N)N(CCOC)C1=O)C1(CCC(OC)CC1)C2,8.9,nM,8.05
CHEMBL3940969,C=Cc1ccc2c(c1)C1(N=C(N)N(C)C1=O)C1(CCC(OC)CC1)C2,111.0,nM,6.96
CHEMBL5745975,CSC1=NC2(C(=O)N1C)c1cc(C#CC3CC3)ccc1CC21CCC(O)CC1,3.0,nM,8.52
CHEMBL3937984,COC1CCC2(CC1)Cc1ccc(CCC3CC3)cc1C21N=C(N)N(C)O1,17.4,nM,7.76
CHEMBL3938174,COC1CCC2(CC1)Cc1ccc(-c3cncc(F)c3)cc1C21N=C(N)N(C)C1=O,1.9,nM,8.72
CHEMBL315706,CC(=O)N[C@H](C(=O)N[C@@H](CC(N)=O)C(=O)NC(CC(C)C)C(O)CC(=O)N[C@H](C(=O)N[C@@H](C)C(=O)N[C@@H](CCC(=O)O)C(=O)N[C@@H](Cc1ccccc1)C(=O)O)C(C)C)C(C)C,500.0,nM,6.3
CHEMBL4113868,C[C@@H]1C[C@@]2(Cc3ccc(C#N)cc3[C@]23N=C(N)N(CC2(F)CCOCC2)C3=O)C[C@H](C)[C@H]1O,2.7,nM,8.57
CHEMBL5957158,CC1(c2cc(NC(=O)c3ccc(F)cn3)ccc2F)CC2(CCOCC2)SC(N)=N1,29.0,nM,7.54
CHEMBL3902640,CO[C@H]1CC[C@]2(CC1)Cc1cc(F)c(-c3cc(Cl)cc(C#N)c3)cc1[C@@]21N=C(C)C(N)=N1,2.4,nM,8.62
CHEMBL3672724,COc1cc(C#N)cc(-c2ccc3c(c2)C2(N=C(C)C(N)=N2)[C@]2(CC3)CC[C@H](OC)CC2)c1,587.0,nM,6.23
CHEMBL5960571,CC1(C)C(N)=N[C@](CF)(c2cc(NC(=O)c3ccc(Cl)cn3)ccc2F)CS1(=O)=O,0.76,nM,9.12
CHEMBL5977892,C[C@H]1OC(N)=N[C@](CF)(c2cc(NC(=O)c3ccc(C#N)cn3)ccc2F)[C@H]1CF,113.0,nM,6.95
CHEMBL5757151,COc1cnc(C(=O)Nc2ccc(F)c([C@]3(C(F)F)CS(=O)(=O)C(C)(C)C(N)=N3)c2)cn1,20.2,nM,7.7
CHEMBL5892583,C[C@@]1(c2cc(Br)ccc2F)CS(=O)(=O)C2(CC(O)C2)C(N)=N1,1190.0,nM,5.92
CHEMBL5270666,CC(=O)Nc1c(Cl)cc(C/N=C(\N)NC(=O)Cn2ccc3ccc(C#N)cc32)cc1Cl,44.0,nM,7.36
CHEMBL5290942,N=C(Nc1cnc(F)c(F)c1)Nc1cnc(F)c(F)c1,97000.0,nM,4.01
CHEMBL3740820,C[C@@]1(c2cc(C#Cc3ccc(C#N)cc3)ccc2F)C[S@@]2(=O)=NCCCCN2C(N)=N1,21.0,nM,7.68
CHEMBL5759676,Nc1nc(Nc2ccc(OCCN3CCCC3)cc2)nn1-c1ncccc1C(F)(F)F,18200.0,nM,4.74
CHEMBL3932919,C[C@H]1C[C@H]2CSC(N)=N[C@@]2(c2nc(NC(=O)c3ccn(C)n3)cs2)CO1,81.0,nM,7.09
CHEMBL6053238,CC1CCCN1C(=O)[C@]12C[C@H]1[C@@](C)(c1cc(/C=C(\F)c3ccc(C#N)cn3)ccc1F)N=C(N)S2,1.56,nM,8.81
CHEMBL5954484,CNC(=O)[C@]12C[C@H]1[C@@](C)(c1cc(/C=C(\F)c3cnc(OCC(F)(F)C(F)F)cn3)ccc1F)N=C(N)S2,86.4,nM,7.06
CHEMBL3688779,COc1cnc2c(Nc3cc(Cl)c(F)c([C@@]4(CF)N=C(N)O[C@@H]5C[C@@H]54)c3)nccc2n1,65.9,nM,7.18
CHEMBL5894407,Nc1nc(Nc2ccc(OCCN3CCCCC3)cc2)nn1-c1ccnc(N2CCOCC2)c1,1830.0,nM,5.74
CHEMBL3670320,C[C@@]1(c2cc(NC(=O)c3cnc(OCc4ncc[nH]4)cn3)ccc2F)C=CSC(N)=N1,169.0,nM,6.77
CHEMBL4169090,COC(=O)c1cc(C)c2c(n1)sc1ccc(OC)cc12,2200.0,nM,5.66
CHEMBL4564324,CC(F)(F)[C@H]1OC[C@]2(c3cc(NC(=O)c4ccc(C#N)cn4)ccc3F)N=C(N)SC[C@H]12,0.509,nM,9.29
CHEMBL4461226,N#Cc1ccc(C(=O)Nc2ccc(F)c([C@]34COC[C@H]3n3cccc3C(N)=N4)c2)nc1,26.3,nM,7.58
CHEMBL4438526,C[C@@]1(c2cc(NC(=O)c3cnc(OCF)cn3)ccc2F)C[C@@H](C(F)F)SC(N)=N1,6.23,nM,8.21
CHEMBL4226208,COC[C@H]1OC(N)=N[C@](C)(c2cc(NC(=O)c3ccc(C#N)cn3)ccc2F)[C@H]1F,25.8,nM,7.59
CHEMBL5946560,COc1cnc2c(Nc3ccc(F)c([C@]4(C)CS(=O)(=O)C5(CC(F)(F)C5)C(N)=N4)c3)nccc2n1,25.9,nM,7.59
CHEMBL5869483,N#Cc1cnc2c(c1)CCC2Nc1ccc(F)c([C@@]2(C(F)F)N=C(N)O[C@@H]3C[C@@H]32)c1,976.0,nM,6.01
CHEMBL4211220,Cc1ccc(S(=O)(=O)N(CCc2ccccc2)CC(O)Cn2c3ccccc3c3ccccc32)cc1,2500.0,nM,5.6
CHEMBL4204582,O=S(=O)(c1ccccc1)N(Cc1ccc(Cl)cc1)CC(O)Cn1c2ccccc2c2ccccc21,2700.0,nM,5.57
CHEMBL4211801,O=S(=O)(c1ccc(Cl)cc1)N(Cc1ccccc1)CC(O)Cn1c2ccccc2c2ccccc21,1700.0,nM,5.77
CHEMBL4202435,O=S(=O)(c1ccccc1)N(CC(O)Cn1c2ccccc2c2ccccc21)c1ccc(C(F)(F)F)cc1,3600.0,nM,5.44
CHEMBL4551234,Cc1noc(C)c1[C@@H]1C[C@@](C)(c2ccc(F)cc2F)N=C(N)S1,150.0,nM,6.82
CHEMBL4463504,COc1ccc(F)cc1-c1cccc(C2(c3ccccc3)N=C(N)N(C)C2=O)c1,173.5,nM,6.76
CHEMBL4062635,O=C(Nc1ccccc1)c1cccc(-c2cnc(-c3c[nH]c4ccccc34)[nH]2)c1,110.0,nM,6.96
CHEMBL4574888,Cc1noc(C)c1[C@@H]1C[C@@](C)(c2ccccc2)N=C(N)S1,480.0,nM,6.32
CHEMBL4228010,C[C@]1(c2cc(NC(=O)c3ccc(C#N)cn3)ccc2F)N=C(N)O[C@@H](CF)[C@@H]1F,120.0,nM,6.92
CHEMBL230349,CN(c1cc(C(=O)N[C@H](CO)Cc2cc(F)cc(F)c2)cc(NCC2CC2)n1)S(C)(=O)=O,1100.0,nM,5.96
CHEMBL425828,COC[C@H](N)[C@H](Cc1cc(F)cc(F)c1)NC(=O)c1cc(N(C)C[C@H]2C[C@@H]2C)nc(N(C)S(C)(=O)=O)c1,173.0,nM,6.76
CHEMBL76,CCN(CC)CCCC(C)Nc1ccnc2cc(Cl)ccc12,7000.0,nM,5.16
CHEMBL4294633,CN(C)Cc1ccccc1-c1ccc(NCCCN2CCCCC2)c(OCCC2CCCCC2)c1,2100.0,nM,5.68
CHEMBL189901,CC(C)C[C@H](NC(=O)[C@H](CC(N)=O)NC(=O)[C@@H](NC(=O)[C@@H](N)CCC(=O)O)C(C)C)[C@@H](O)C[C@@H](C)C(=O)N[C@@H](C)C(=O)O,12.0,nM,7.92
CHEMBL3959439,CC1=NC2(N=C1N)c1cc(Br)ccc1C[C@]21CC[C@@H](OC(C)C)CC1,3700.0,nM,5.43
CHEMBL3916194,CO[C@H]1CC[C@]2(CC1)Cc1cc(F)c(-c3cc(F)cc(C#N)c3)cc1[C@@]21N=C(C)C(N)=N1,13.0,nM,7.89
CHEMBL3688705,C#CCOc1cnc(C(=O)Nc2ccc(Cl)c([C@]3(CF)N=C(N)O[C@H]4C[C@H]43)c2)cn1,4780.0,nM,5.32
CHEMBL3688728,COc1ccc(C(=O)Nc2cc(C)c(F)c([C@@]3(C(F)F)N=C(N)O[C@@H]4C[C@@H]43)c2)nc1,52.2,nM,7.28
CHEMBL3688748,COc1cnc(C(=O)Nc2ccc(F)c([C@@]3(C)N=C(N)O[C@@H]4C[C@@H]43)n2)cn1,1990.0,nM,5.7
CHEMBL3688763,COc1cnc2c(Nc3ccc(F)c([C@]4(C)N=C(N)O[C@H]5C[C@H]54)c3)nccc2c1,8110.0,nM,5.09
CHEMBL3688766,NC1=N[C@](CF)(c2cc(Nc3nccc4cc(Cl)cnc34)cc(F)c2F)[C@H]2C[C@H]2O1,59.8,nM,7.22
CHEMBL3910150,C[C@@]1(c2cc(NCCC(F)(F)F)ccc2F)COCC(N)=N1,1090.0,nM,5.96
CHEMBL3984469,C[C@@]1(c2cc(NC3CCC3)ccc2F)COCC(N)=N1,260.0,nM,6.58
CHEMBL5974242,CC1(C)C(N)=N[C@](C)(c2cc(Nc3ncc(F)c4cc(Cl)cnc34)ccc2F)CS1(=O)=O,0.56,nM,9.25
CHEMBL4210406,Cc1ccc2nc(-c3ccc(OCCCN4C(=O)c5ccccc5C4=O)cc3)c(NC3CCCCC3)n2c1,29420.0,nM,4.53
CHEMBL3688644,Cc1cc(OC(F)F)cnc1C(=O)Nc1ccc(Cl)c([C@]2(C(F)F)N=C(N)O[C@H]3C[C@H]32)c1,2415.0,nM,5.62
CHEMBL4847576,CC1(c2cc(NC(=O)c3ccc(C#N)cn3)ccc2F)Cc2ncccc2C(N)=N1,4.1,nM,8.39
CHEMBL4854848,CC1(c2cc(NC(=O)c3ccc(C#N)cn3)ccc2F)Cc2cncc(F)c2C(N)=N1,11.0,nM,7.96
CHEMBL3683818,COc1cnc(C(=O)Nc2ccc(F)c([C@]3(C(F)F)N=C(N)O[C@H]4C[C@H]43)c2)c(C)n1,158.0,nM,6.8
CHEMBL3683820,Cc1c(C(=O)Nc2ccc(F)c([C@]3(C(F)F)N=C(N)O[C@H]4C[C@H]43)c2)nc2ccc(Cl)cn12,167.0,nM,6.78
CHEMBL3683793,C#CCOc1cnc(C(=O)Nc2cc(F)c(F)c([C@@]3(CF)N=C(N)O[C@@H]4C[C@@H]43)c2)cn1,5.4,nM,8.27
CHEMBL3683801,COc1ccc(C(=O)Nc2cc(F)c(F)c([C@@]3(CF)N=C(N)O[C@@H]4C[C@@H]43)c2)nc1,134.0,nM,6.87
CHEMBL3683844,N#Cc1ccc(C(=O)Nc2cc(Cl)c(F)c([C@@]3(CF)N=C(N)O[C@@H]4C[C@@H]43)c2)nc1,29.4,nM,7.53
CHEMBL3683846,NC1=N[C@](CF)(c2cc(NC(=O)c3cnc(OCC(F)(F)F)cn3)cc(Cl)c2F)[C@H]2C[C@H]2O1,13.6,nM,7.87
CHEMBL3683883,Cc1cc(C#N)cnc1C(=O)Nc1cc(C)c(F)c([C@@]2(C(F)F)N=C(N)O[C@@H]3C[C@@H]32)c1,21.4,nM,7.67
CHEMBL1782317,N#Cc1c(-c2ccccc2)cc(-c2ccccc2)nc1SCC(=O)Nc1cccc([N+](=O)[O-])c1,20000.0,nM,4.7
CHEMBL3127073,C[C@]12CCOC[C@@H]1[C@]1(COC(N)=N1)c1cc(-c3cncc(Cl)c3)ccc1O2,23.0,nM,7.64
CHEMBL3127088,COc1cncc(-c2ccc3c(c2)[C@]2(N=C(N)N(C)C2=O)[C@H]2COCC[C@@H]2O3)c1,8.3,nM,8.08
CHEMBL595302,CCCC(=O)Nc1cccc(C2(C3CCCCC3)N=C(N)N(C)C2=O)c1,2850.0,nM,5.54
CHEMBL605518,CN1C(=O)C(c2cccc(NC(=O)c3ccc4c(c3)OCO4)c2)(C2CCCCC2)N=C1N,380.0,nM,6.42
CHEMBL1824143,CN1C(=O)C(c2cccc(-c3cncnc3)c2)(c2cnn(CCC3CCCCC3)c2)N=C1N,20.0,nM,7.7
CHEMBL5875963,N#Cc1ccc(C(=O)Nc2ccc(F)c([C@]34CN(c5ncc(F)cn5)C[C@H]3CSC(N)=N4)c2)nc1,0.358,nM,9.45
CHEMBL5943108,Cc1onc2c1CC1(CC2)Cc2ccc(-c3cccc(Cl)c3)cc2C12N=C(N)N(C)C2=O,1.2,nM,8.92
CHEMBL4113698,Cc1nn(C)c2c1CC1(CC2)Cc2ccc(Br)cc2C12N=C(N)N(C)O2,1520.0,nM,5.82
CHEMBL5784928,COC1CCC2(CC1)Cc1ccc(CCC3CC3)cc1C21N=C(N)N(Cc2nccs2)C1=O,16.0,nM,7.8
CHEMBL3896653,COCCOc1ccc2c(c1)[C@@]1(N=C(N)N(C)C1=O)C1(CCc3ccccc3CC1)C2,6.3,nM,8.2
CHEMBL4444968,Cc1ccc(CNC2CCN(Cc3ccccc3)CC2)cc1,17000.0,nM,4.77
CHEMBL5963873,CN1C(N)=N[C@](C)(c2cc(/C=C(\F)c3ccc(Br)cn3)ccc2F)CS1(=O)=O,110.0,nM,6.96
CHEMBL5881456,CN1C(N)=N[C@](C)(c2cc(/C=C(\F)c3ncc(C#N)s3)ccc2F)CS1(=O)=O,28.0,nM,7.55
CHEMBL1795874,C#Cc1cccc(NC2CC(Nc3cccc(-c4cn([C@H](CNCc5cccc(Br)c5)Cc5ccccc5)nn4)c3)C(O)CC2O)c1,2400.0,nM,5.62
CHEMBL3680899,C[C@]1(c2cc(NC(=O)c3ccc(OCC(F)(F)F)cn3)ccc2F)N=C(N)OC[C@@H]1OCC(F)(F)F,21.0,nM,7.68
CHEMBL5918896,CC(F)(F)COc1cnc(C(=O)Nc2cccc([C@]3(C)CO[C@@](C)(C(F)(F)F)C(N)=N3)n2)c(N)n1,1200.0,nM,5.92
CHEMBL445085,CC(C)[C@H](NC(=O)C[C@H](O)[C@H](COc1cc(F)cc(F)c1)NC(=O)c1cc(C(=O)N[C@H](C)c2ccccc2)cc(N(C)S(C)(=O)=O)c1)C(=O)NCc1ccccc1,210.0,nM,6.68
CHEMBL1821823,Cc1ccccc1-c1ccc2nc(N)c(CC(C)C(=O)NCc3cncs3)cc2c1,31.0,nM,7.51
CHEMBL6025278,CN(C)C(=O)[C@]12C[C@H]1[C@@](C)(c1cc(/C=C(\F)c3cnc(OCC(F)(F)F)cn3)ccc1F)N=C(N)S2,41.2,nM,7.38
CHEMBL5851380,CN(C)C(=O)[C@]12C[C@H]1[C@@](C)(c1cc(/C=C(\F)c3cnc(C#CC4CC4)cn3)ccc1F)N=C(N)S2,0.856,nM,9.07
CHEMBL1097007,CCCCNC(=O)[C@H](C)C[C@H](O)[C@H](CC(C)C)NC(=O)[C@H](CCSC)NC(=O)[C@@H](NC(C)=O)C(C)C,370.0,nM,6.43
CHEMBL222274,Cc1c(O)cc2oc3c(c(=O)c2c1O)-c1ccc(O)cc1OC3O,5600.0,nM,5.25
CHEMBL5800656,Cc1cc(Cl)cnc1C(=O)Nc1ccc(F)c([C@@]2(CF)CS(=O)(=O)C3(CC3)C(N)=N2)c1,212.0,nM,6.67
CHEMBL5852892,C[C@@]1(c2cccc(Br)c2)CS(=O)(=O)C2(CCC2)C(N)=N1,6060.0,nM,5.22
CHEMBL6050614,COc1cnc2c(Nc3ccc(F)c([C@]4(CF)CS(=O)(=O)C(C)(C)C(N)=N4)c3)ncc(F)c2c1,0.55,nM,9.26
CHEMBL597073,Cc1cc(C2(c3cccc(-c4cncnc4)c3)N=C(N)N(C)C2=O)cc(C(C)C)n1,300.0,nM,6.52
CHEMBL598290,CCc1cc([C@]2(c3cccc(-c4cccnc4F)c3)N=C(N)N(C)C2=O)cc(CC)n1,10.0,nM,8.0
CHEMBL590829,CN1C(=O)C(c2cccc(NC(=O)c3ccco3)c2)(C2CCCCC2)N=C1N,100.0,nM,7.0
CHEMBL589891,NC1=NC(c2ccccc2)(C2CCCCC2)C(=O)N1C[C@H]1CC[C@H](C(=O)O)CC1,390.0,nM,6.41
CHEMBL6059988,O=C(NC1=N[C@@](c2cc(Br)ccc2F)(C(F)F)[C@H]2C[C@H]2O1)c1ccccc1,1236.0,nM,5.91
CHEMBL1821827,C[C@H](Cc1cc2cc(-c3ncccc3Cl)ccc2nc1N)C(=O)NCCC(C)(C)C,11.0,nM,7.96
CHEMBL1824359,CN1C(=O)C(c2ccsc2)(c2cccc(-c3cnccn3)c2)N=C1N,90.0,nM,7.05
CHEMBL5857264,COc1cnc(C(=O)Nc2ccc(F)c([C@]3(C)CS(=O)(=O)[C@@](C)(F)C(N)=N3)c2)cn1,3.1,nM,8.51
CHEMBL5955184,Nc1nc(Nc2ccc(OCCN3CCCCC3)cc2)nn1-c1ccccc1F,4560.0,nM,5.34
CHEMBL4520156,Nc1nc2ccccc2cc1CCC(=O)N1CC[C@H]2OCCC[C@@]2(Cc2ccccc2)C1,84000.0,nM,4.08
CHEMBL5823026,Nc1nc(Nc2ccc(OCCN3CCCC3)cc2)nn1-c1nc(N2CCOCC2)nc2ccccc12,1660.0,nM,5.78
CHEMBL3890342,C[C@H]1C[C@H]2CSC(N)=N[C@@]2(c2nc(NC(=O)c3ncc(F)cc3F)cs2)CO1,153.0,nM,6.82
CHEMBL4746180,Oc1ccc(-c2nnc(N3CCN(c4ccccn4)CC3)o2)cc1,1780.0,nM,5.75
CHEMBL5847267,C=CCOc1cnc(/C(F)=C/c2cc(F)c(F)c([C@]3(C)CS(=O)(=O)N(C)C(N)=N3)c2)cn1,427.0,nM,6.37
CHEMBL4454250,C#CCOc1cnc(C(=O)Nc2cc(F)c(F)c([C@@]3(CF)N=C(N)S[C@H]4C[C@H]43)c2)cn1,0.6,nM,9.22
CHEMBL4446406,COc1cnc(C(=O)Nc2cccc([C@]34CN(c5ncc(F)cn5)C[C@H]3CSC(N)=N4)c2)cn1,0.482,nM,9.32
CHEMBL4437812,C[C@@]1(c2cc(-c3cc(-c4cnc(C#N)cn4)no3)ccc2F)C[C@@H](C(F)(F)F)OC(N)=N1,30.0,nM,7.52
CHEMBL4578357,Cc1cc(C#N)cnc1C(=O)Nc1ccc(F)c([C@@]2(C)N=C(N)C(C)(C)[S@@]3(=O)=NCC[C@@H]23)n1,0.6,nM,9.22
CHEMBL4463980,C#C[C@]1(c2cc(NC(=O)c3ccc(C#N)cn3)ccc2F)N=C(N)O[C@@H]2C[C@@H]21,22.8,nM,7.64
CHEMBL5272243,COc1ccc(-c2oc3cc(Br)c(I)cc3c(=O)c2O)cc1,16000.0,nM,4.8
CHEMBL5966212,COc1cnc(C(=O)Nc2ccc(F)c([C@]3(CF)CS(=O)(=O)C(C)(C)C(N)=N3)c2)c(OC)n1,4.3,nM,8.37
CHEMBL5921886,C[C@@]1(c2cc(Br)ncc2F)CS(=O)(=O)C2(CCC2)C(N)=N1,17000.0,nM,4.77
CHEMBL1272322,COc1ccc2cc(-c3cn(C[C@@H]4Cc5c([nH]c6ccccc56)CN4)nn3)ccc2c1,1500.0,nM,5.82
CHEMBL5273978,Cc1cccc(C(=O)N2Cc3ccc(N4C(=O)c5ccccc5C4=O)cc3CC2=O)c1,4.45,nM,8.35
CHEMBL5272974,COc1ccc(/C=C/C(=O)c2cc(I)c(OC)cc2O)cc1,70.79,nM,7.15
CHEMBL5833782,NC1=N[C@](CF)(c2cc(NC(=O)c3ccc(Cl)cn3)cc(F)c2F)[C@H]2CC2O1,97.1,nM,7.01
CHEMBL3683862,NC1=N[C@](c2cc(NC(=O)c3ccc(Cl)cn3)cc(F)c2F)(C(F)F)[C@@H]2C[C@@H]2O1,10365.0,nM,4.98
CHEMBL4648247,COC(=O)[C@H]1OCC(=S)N[C@@H]1c1ccc(OC)cc1,5700.0,nM,5.24
CHEMBL5770844,[C-]#[N+]c1cnc2c(Nc3ccc(F)c([C@]4(C)CS(=O)(=O)C(C)(C)C(N)=N4)c3)ncc(F)c2c1,2.0,nM,8.7
CHEMBL5871917,CC1(C)C(N)=N[C@](C)(c2cc(Nc3nncc4cc(Br)cnc34)ccc2F)CS1(=O)=O,2.3,nM,8.64
CHEMBL5821518,CC1(C)C(N)=N[C@](C)(c2cc(Nc3nccc4cc(OCC(F)F)cnc34)ccc2F)CS1(=O)=O,14.3,nM,7.84
CHEMBL4514343,COc1ccc2c(c1)[C@@H](O)[C@@]1(CCN(C(=O)C(C)Cc3cc4ccccc4nc3N)C1)C2,3715.35,nM,5.43
CHEMBL2178717,CN1C(=N)N[C@@]2(c3cc(-c4cccc(C#N)c4)cs3)CN(c3ncccn3)C[C@H]2C1=O,31.0,nM,7.51
CHEMBL2178147,CC#Cc1cncc(-c2csc([C@]34CN(C(=O)c5cccc(F)c5)C[C@H]3C(=O)N(C)C(=N)N4)c2)c1,8.0,nM,8.1
CHEMBL2178145,CN1C(=N)N[C@@]2(c3cc(-c4cccc(C#N)c4)cs3)CN(C(=O)c3ccccc3)C[C@H]2C1=O,19.0,nM,7.72
CHEMBL2177322,COc1ccc2c(c1)C1(COC(N)=N1)c1cc(-c3cccc(C)c3)ccc1O2,4540.0,nM,5.34
CHEMBL4780232,Oc1ccc(/C=N\C2CCN(Cc3ccccc3)C2)c(O)c1,4426.0,nM,5.35
CHEMBL4203860,COc1cccc(NC(=O)c2cnc([C@]34CO[C@@H](C)C[C@H]3CSC(N)=N4)s2)c1,0.11,nM,9.96
CHEMBL4215837,C[C@H]1C[C@H]2CSC(N)=N[C@@]2(c2nc(NC(=O)c3ccn(C(F)F)n3)cs2)CO1,0.64,nM,9.19
CHEMBL4214603,C[C@H]1C[C@H]2CSC(N)=N[C@@]2(c2ncccc2F)CO1,9160.0,nM,5.04
CHEMBL2346798,CC1(C)Cc2cc(Cl)ccc2C(N[C@@H](Cc2ccccc2)c2nccc(=O)[nH]2)=N1,2710.0,nM,5.57
CHEMBL2347881,O=C(Nc1cc(Br)ccc1N1CCN(C(=O)c2cccc([N+](=O)[O-])c2)CC1)c1cc2ccccc2o/c1=N\c1ccccc1,26430.0,nM,4.58
CHEMBL4846642,CC[C@H](C)[C@H](NC(=O)[C@@H](N)CCC(=O)O)C(=O)N[C@@H](Cc1cccs1)C(=O)N[C@@H](CC(C)C)[C@H](O)CNc1ccc(CC(=O)O)cc1,430.0,nM,6.37
CHEMBL4850554,CC[C@H](C)[C@H](NC(=O)[C@@H](N)CCC(=O)O)C(=O)N[C@@H](Cc1cccs1)C(=O)N[C@@H](CC(C)C)[C@H](O)CNc1ccc(CCC(=O)O)cc1,1400.0,nM,5.85
CHEMBL4859258,CC[C@H](C)[C@H](NC(=O)[C@@H](N)CCC(=O)O)C(=O)N[C@@H](Cc1cccs1)C(=O)N[C@@H](CC(C)C)[C@H](O)CNc1ccc(C(C)(C)C(=O)O)cc1,720.0,nM,6.14
CHEMBL4858655,CC[C@H](C)[C@H](NC(=O)[C@@H](N)CCC(=O)O)C(=O)N[C@@H](Cc1cccs1)C(=O)N[C@@H](CC(C)C)[C@H](O)CNc1cccc2ccccc12,7500.0,nM,5.12
CHEMBL4868952,C[C@@]1(c2cc(NC(=O)c3ccc(C#N)cn3)ccc2F)Cc2c(ccnc2F)C(N)=N1,0.41,nM,9.39
CHEMBL583912,Oc1cc(O)c2c(c1)O[C@H](c1ccc(O)c(O)c1)[C@H](O)C2,4500.0,nM,5.35
CHEMBL3925553,COC1CCC2(CC1)Cc1ccc(C#CCC(C)C)cc1C21N=C(N)N(C)C1=O,4.0,nM,8.4
CHEMBL3327247,Cc1ccc2oc(=O)c(C(=O)NCCCCCCCNc3c4c(nc5ccccc35)CCCC4)cc2c1,42800.0,nM,4.37
CHEMBL3653405,C[C@@]1(c2cc(NC(=O)c3ccc(C#N)cn3)ccc2F)CO[C@@](C)(C(F)(F)F)C(N)=N1,6.0,nM,8.22
CHEMBL5077684,Cc1nc(C#N)cnc1C(=O)Nc1ccc(F)c([C@]2(C)CO[C@@](C)(C(F)(F)F)C(N)=N2)c1,62.0,nM,7.21
CHEMBL6027997,C[C@H]1C[C@H]2CSC(N)=N[C@@]2(c2nc(NC(=O)c3cnn(C4CC4)c3)cs2)CO1,8070.0,nM,5.09
CHEMBL5758428,C[C@H]1C[C@H]2CSC(N)=N[C@@]2(c2nc(NC(=O)c3cnn(C(F)F)c3)cs2)CO1,671.0,nM,6.17
CHEMBL4520734,COc1ncc(Cc2c(C)noc2C)c2c1C[C@]1(c3ccc(F)cc3F)N=C(N)SC[C@@H]1C2,5.888,nM,8.23
CHEMBL3745974,COc1ccc2[nH]c(N[C@H]3CN(C(=O)OC(C)(C)C)C[C@@H]3OC(=O)c3ccc(-c4ccccc4)cc3)nc2c1,450.0,nM,6.35
CHEMBL4566242,Cc1cccc(/C=N/C2CCN(Cc3ccccc3)CC2)c1,3300.0,nM,5.48
CHEMBL1424080,Fc1ccc(CNC2CCN(Cc3ccccc3)CC2)cc1,550.0,nM,6.26
CHEMBL4554426,Cc1noc(-c2ccc(F)cc2)c1[C@@H]1C[C@@](C)(c2ccc(F)cc2F)N=C(N)S1,410.0,nM,6.39
CHEMBL3260839,CN1C(=O)C2(N=C1N)c1cc(-c3cccnc3F)ccc1Oc1c(F)cc(-c3ccnc(F)c3)cc12,0.2,nM,9.7
CHEMBL3261049,COc1cccnc1Nc1ccc(F)c([C@]2(C)CCSC(N)=N2)c1,52.0,nM,7.28
CHEMBL3657456,COc1ccc(F)cc1-c1ccc2c(c1)C1(CCO2)N=C(C)C(N)=N1,16300.0,nM,4.79
CHEMBL3653665,CC1=NC2(CCOc3ccc(NC(=O)c4ncc(Cl)cc4Cl)cc32)N=C1N,560.0,nM,6.25
CHEMBL3653694,CC1=NC2(N=C1N)c1cc(NC(=O)c3ccc(Cl)cn3)ccc1CC21CCC(F)(F)CC1,408.0,nM,6.39
CHEMBL3653696,COC1CCC2(CC1)Oc1ccc(Br)cc1C21N=C(C)C(N)=N1,674.0,nM,6.17
CHEMBL3653709,CC1=NC2(CCCc3ccc(Br)cc32)N=C1N,75600.0,nM,4.12
CHEMBL3650189,N#Cc1coc([C@H]2C[C@H]3CSC(N)=N[C@@]3(c3ccc(F)cc3F)CO2)n1,555.0,nM,6.26
CHEMBL3650191,Cc1cnc([C@@H]2C[C@@H]3CSC(N)=N[C@]3(c3ccc(F)cc3F)CO2)cn1,36200.0,nM,4.44
CHEMBL2349474,CN1C(=O)C2(CC(C)(C)Sc3ccc(-c4cccc(C#N)c4)cc32)N=C1N,47.0,nM,7.33
CHEMBL3650835,NC1=NC2(c3cc(-c4cncnc4)ccc3OCC23CC3)C(F)(F)CO1,4910.0,nM,5.31
CHEMBL3650836,NC1=NC2(CO1)c1cc(-c3cncnc3)ccc1OCC21CC(F)(F)C1,7760.0,nM,5.11
CHEMBL3683827,NC1=N[C@@](c2cc(NC(=O)c3ncc(Cl)cc3Cl)ccc2F)(C(F)F)[C@H]2C[C@H]2O1,27.6,nM,7.56
CHEMBL2347202,C[C@]1(c2cc(NC(=O)c3nn(C(F)F)cc3Cl)ccc2F)N=C(N)OCC1(F)F,13.0,nM,7.89
CHEMBL1258467,CC(=O)N[C@@H](Cc1cc(F)cc(F)c1)[C@H](O)CNC1(c2cc(CC(C)(C)C)cs2)CCCCC1,131.0,nM,6.88
CHEMBL1270936,CC#Cc1cc([C@@]2(c3ccc(OC(F)F)cc3)N=C(N)N(C)C2=O)ccc1F,41.0,nM,7.39
CHEMBL3955907,Cc1onc2c1CC1(CC2)Cc2ccc(-c3cncc(Cl)c3)cc2C12N=C(N)N(C)C2=O,13.2,nM,7.88
CHEMBL3958576,COC1CCC2(CC1)Cc1ccc(CCC3CC3)cc1C21N=C(N)N(Cc2ccccc2Cl)C1=O,24.1,nM,7.62
CHEMBL5873864,COC1CCC2(CC1)Cc1ccc(OC3CC3)cc1C21NC(=S)N(C)C1=O,29.3,nM,7.53
CHEMBL6057501,COC1CCC2(CC1)Cc1ccc(-c3ccnc(Cl)c3)cc1C21N=C(N)N(C(C)C)C1=O,53.2,nM,7.27
CHEMBL3910995,CCCc1cncc(-c2ccc3c(c2)C2(N=C(N)N(C(C)C)C2=O)C2(CCC(OC)CC2)C3)c1,42.5,nM,7.37
CHEMBL3901886,COC1CCC2(CC1)Cc1ccc(-c3cc(Br)cs3)cc1C21N=C(N)N(C(C)C)C1=O,20.3,nM,7.69
CHEMBL5755627,CCSC1=NC2(C(=O)N1CC)c1cc(OCC3CC3)ccc1CC21CCC(OC)CC1,7.8,nM,8.11
CHEMBL5855150,Cc1cc(C(F)F)cnc1C(=O)Nc1ccc(F)c([C@]2(C)CS(=O)(=O)C3(CCC3)C(N)=N2)c1,4.57,nM,8.34
CHEMBL6055288,NC1=N[C@](CF)(c2cc(Br)ccc2F)CS(=O)(=O)C12CCC2,3560.0,nM,5.45
CHEMBL4446937,C[C@@]1(c2cc(NC(=O)c3ccc(C#N)cn3)ccc2F)Cn2nnnc2C(N)=N1,9.12,nM,8.04
CHEMBL6013342,C[C@@]1(c2cc(NC(=O)c3ccc(Br)cn3)ccc2F)CC2(CCC(F)(F)CC2)OC(N)=N1,7.0,nM,8.15
CHEMBL5875477,COc1cc(Cl)ccc1C(=O)Nc1ccc(F)c([C@]2(C)CC3(CCC3)OC(N)=N2)c1,101.0,nM,7.0
CHEMBL5810940,COc1cnc(C(=O)Nc2ccc(F)c(C3(C)N=C(N)OC4(CCC4)C3(F)F)c2)cn1,464.0,nM,6.33
CHEMBL3650840,NC1=NC2(CO1)c1cc(-c3cccnc3C(F)(F)F)ccc1OC1(CCC1)C21COC1,17600.0,nM,4.75
CHEMBL5936711,Cc1cc(OC(F)F)cnc1C(=O)Nc1ccc(F)c([C@]2(CF)CS(=O)(=O)C(C)(C)C(N)=N2)c1,1.63,nM,8.79
CHEMBL4463201,C[C@]1(c2cc(NC(=O)c3cnc(OCF)cn3)ccc2F)N=C(N)SC[C@H]1c1ccccc1,2.0,nM,8.7
CHEMBL1782319,O=C(CSc1nc2ccc(Nc3nc(N4CCCCC4)nc(N4CCCCC4)n3)cc2s1)Nc1ccccc1F,10200.0,nM,4.99
CHEMBL1821830,CC(=O)c1ccccc1-c1ccc2nc(N)c(CC(C)C(=O)NCCC(C)(C)C)cc2c1,15.0,nM,7.82
CHEMBL3959813,NC1=N[C@@]2(c3cc(NC(=O)c4ccc(F)cn4)ccc3F)OCC[C@H]2CS1,160.0,nM,6.8
CHEMBL4062641,OC1=C2Nc3ccccc3N=C2OC1c1c[nH]c2ccc(COc3ccccc3)cc12,1800.0,nM,5.75
CHEMBL3883958,OC[C@@H]1Cc2c([nH]c3ccccc23)CN1Cc1cn(C[C@@H]2Cc3c([nH]c4ccccc34)CN2)nn1,17000.0,nM,4.77
CHEMBL5274481,Oc1cc(O)cc(Oc2cc(O)c(O)c3c2Oc2c(O)cc(Oc4c(O)cc(Oc5c(O)cc(O)c6c5Oc5c(O)cc(O)cc5O6)cc4O)cc2O3)c1,2340.0,nM,5.63
CHEMBL444478,C[C@@H]1O[C@@H](O[C@@H]2[C@@H](O)[C@H](OCCc3ccc(O)c(O)c3)O[C@H](CO)[C@H]2OC(=O)/C=C/c2ccc(O)c(O)c2)[C@H](O)[C@H](O)[C@H]1O,6.3,nM,8.2
CHEMBL151,O=c1cc(-c2ccc(O)c(O)c2)oc2cc(O)cc(O)c12,520.0,nM,6.28
CHEMBL1613299,COc1ccc(NC(=O)C2CCN(C(=O)c3ccccc3)CC2)cc1OC,18.3,nM,7.74
CHEMBL5268811,COc1ccc(NCC2CCN(Cc3ccccc3)CC2)cc1,253.0,nM,6.6
CHEMBL5286535,COc1cc(/C=C/c2nnc(-c3ccc(F)cc3F)o2)ccc1O,0.624,nM,9.21
CHEMBL5278429,COc1ccc(-c2oc3cc(OC)c(I)cc3c(=O)c2O)cc1,22.44,nM,7.65
CHEMBL4526950,Clc1ccc(/C=N/C2CCN(Cc3ccccc3)CC2)cc1,1700.0,nM,5.77
CHEMBL589614,COCC(=O)Nc1cccc(C2(C3CCCCC3)N=C(N)N(C)C2=O)c1,210.0,nM,6.68
CHEMBL5792687,COC1CCC2(CC1)Cc1ccc(CCC3CC3)cc1C21N=C(SCC2CCOCC2)C(CC2CCOCC2)C1=O,11.3,nM,7.95
CHEMBL5999560,N#Cc1ccc(C(=O)Nc2cccc([C@]34CN(c5ncc(F)cn5)C[C@H]3CSC(N)=N4)c2)nc1,0.45,nM,9.35
CHEMBL89530,CSCC[C@H](NC(=O)[C@@H](NC(C)=O)C(C)C)C(=O)N[C@@H](Cc1ccccc1)C(O)CC(=O)N[C@H](C(=O)N[C@@H](C)C(=O)N[C@@H](CCC(=O)O)C(=O)N[C@@H](Cc1ccccc1)C(=O)O)C(C)C,500.0,nM,6.3
CHEMBL5942527,CN1C(=O)NC2(C1=O)c1cc(Br)ccc1CC21CCC(F)(F)CC1,1357.0,nM,5.87
CHEMBL5857785,NC1=N[C@@](c2cc(/C=C(\F)c3ccc(Cl)cn3)ccc2F)(C(F)F)[C@H]2C[C@H]2O1,1120.0,nM,5.95
CHEMBL5903072,C[C@@]1(c2cc(/C=C(\F)c3ccc(C#N)cn3)ccc2F)CO[C@@](C)(C(F)(F)F)C(N)=N1,26.0,nM,7.58
CHEMBL5873009,C[C@@]1(c2cc(/C=C(\F)c3cnc(C#N)cn3)ccc2F)CO[C@@](C)(C(F)(F)F)C(N)=N1,46.0,nM,7.34
CHEMBL5982790,C#CCOc1cnc(/C(F)=C/c2ccc(F)c([C@]3(C)CO[C@@](C)(C(F)(F)F)C(N)=N3)c2)cn1,112.0,nM,6.95
CHEMBL5985739,C[C@]1(c2cc(/C=C(\F)c3ccc(C#N)cn3)ccc2F)N=C(N)OC[C@@H]1OCC(F)(F)F,14.0,nM,7.85
CHEMBL5920176,C#CCOc1cnc(/C(F)=C/c2ccc(F)c([C@@]3(C)N=C(N)OC[C@@H]3OCC(F)(F)F)c2)cn1,152.0,nM,6.82
CHEMBL5847284,CC#CCOc1ccc(C(=O)Nc2ccc(F)c([C@]3(C)CS(=O)(=O)C(C)(C)C(N)=N3)c2)nc1,0.4,nM,9.4
CHEMBL5846432,CC1(C)C(N)=N[C@](C)(c2cc(NC(=O)N3CC=CCC3)ccc2F)CS1(=O)=O,575.0,nM,6.24
CHEMBL4444341,C[C@@]1(c2ccc(F)cc2F)C[C@@H](c2cncnc2)SC(N)=N1,310.0,nM,6.51
CHEMBL5773454,Cc1nc(C(=O)Nc2ccc(F)c([C@]3(C)CS(=O)(=O)C(C)(C)C(N)=N3)c2)cs1,51.0,nM,7.29
CHEMBL4761564,Oc1ccc(-c2nnc(N3CCN(c4ccccn4)CC3)o2)c(O)c1,382.0,nM,6.42
CHEMBL5415222,CCCN1CCCCOc2cccc(c2)C[C@@H]([C@H](O)CNC(C)(C)c2cccc(OC)c2)NC(=O)c2cccc(c2)C1=O,380.0,nM,6.42
CHEMBL6014618,C[C@@]1(c2nc(NC(=O)c3ccc(C#N)cn3)ccc2F)C[S@]2(=O)=NCCCCN2C(N)=N1,86.0,nM,7.07
CHEMBL2370074,CC[C@H](C)[C@H](NC(=O)[C@H](CCC(=O)O)NC(=O)[C@H](CCC(=O)O)NC(=O)[C@@H](NC(=O)[C@@H](N)CCCCN)[C@@H](C)O)C(=O)N[C@@H](CO)C(=O)N[C@@H](CCC(=O)O)C(=O)N[C@H](C(=O)N[C@@H](CC(N)=O)C(=O)N[C@@H](CC(C)C)[C@@H](O)CC(=O)N[C@@H](CC(=O)O)C(=O)N[C@@H](C)C(=O)N[C@@H](CCC(=O)O)C(=O)N[C@@H](Cc1ccccc1)C(=O)O)C(C)C,40000.0,nM,4.4
CHEMBL502647,C[C@@H](NC(=O)c1cc(C(=O)N[C@@H](Cc2ccccc2)[C@H](O)CNC2CCN(Cc3ccccc3)CC2)cc(N(C)S(C)(=O)=O)c1)c1ccc(F)cc1,771.0,nM,6.11
CHEMBL5979268,CN(C)C(=O)[C@]12C[C@H]1[C@@](C)(c1cc(/C=C(\F)c3cnc(C#N)cn3)ccc1F)N=C(N)S2,1.15,nM,8.94
CHEMBL5874840,Cc1nnc(COc2cnc(/C(F)=C/c3ccc(F)c([C@@]4(C)N=C(N)S[C@@]5(C(=O)N(C)C)C[C@H]54)c3)cn2)o1,7.0,nM,8.15
CHEMBL5787179,CN(C)C(=O)[C@]12C[C@H]1[C@@](C)(c1cc(/C=C(\F)c3ccc(C#N)cc3)ccc1F)N=C(N)S2,4.96,nM,8.3
CHEMBL272718,CCCOc1ccc(-c2ccc(-c3ccccc3Cl)n2CC(=O)/N=C(/N)NCCC2OCCO2)cc1,269.0,nM,6.57
CHEMBL6030999,C[C@H]1C[C@@]2(F)CSC(N)=N[C@@]2(c2cc(N)ccc2F)CO1,5870.0,nM,5.23
CHEMBL5970298,C[C@@H](NC(=O)c1cc(C(=O)N[C@@H](Cc2ccccc2)[C@@H](O)CNC2CC2)cc(N(C)S(C)(=O)=O)c1)c1ccccc1,266.0,nM,6.58
CHEMBL4228841,C[C@@H]1COC(N)=N[C@]1(C)c1cc(NC(=O)c2ccc(C#N)cn2)ccc1F,71.5,nM,7.15
CHEMBL4226467,C[C@]1(c2cc(NC(=O)c3ccc(F)cn3)ccc2F)N=C(N)O[C@H](CF)[C@@H]1F,25.8,nM,7.59
CHEMBL4282946,CN(C)Cc1ccccc1-c1ccc(NCCN2CCCCC2)c(OCCCCN2CCCCC2)c1,1600.0,nM,5.8
CHEMBL4290806,CN(C)Cc1ccccc1-c1ccc(NCCCCN2CCCCC2)c(OCCN2CCCCC2)c1,1700.0,nM,5.77
CHEMBL4293890,CN(C)Cc1ccc(-c2ccc(NCCCN3CCCCC3)c(OCCN3CCCCC3)c2)cc1,1700.0,nM,5.77
CHEMBL5811873,CC1(C)C(N)=N[C@](C)(c2cc(Nc3ncnc4cc(OCC5CC5)cnc34)ccc2F)CS1(=O)=O,1.54,nM,8.81
CHEMBL3969403,CC1(C)C(N)=N[C@](C)(c2cc(NC(=O)c3ccc(C#N)cn3)ccc2F)CS1(=O)=O,2.7,nM,8.57
CHEMBL3973607,C[C@@]1(c2cc(NC(=O)c3ccc(Cl)cn3)ccc2F)CS(=O)(=O)C2(CC2)C(=N)N1,1.9,nM,8.72
CHEMBL1164096,O=C(CN1CCN(Cc2ccccc2)CC1)N/N=C\c1cc(I)cc(I)c1O,100000.0,nM,4.0
CHEMBL1164697,O=C(NCCc1ccccc1)c1c[nH]c2ccc(S(=O)(=O)N3CCc4ccccc4C3)cc2c1=O,100000.0,nM,4.0
CHEMBL2031144,CC(=O)N[C@@H](Cc1ccc(F)cc1)[C@H](O)CN[C@H]1C[C@]2(C[C@@H](F)C2)Oc2ncc(CC(C)(C)C)cc21,9.0,nM,8.05
CHEMBL3928164,NC1=N[C@@]2(c3ccc(F)cc3F)CO[C@@H](C3CC3)C[C@H]2[C@@H](CF)S1,346.0,nM,6.46
CHEMBL3683868,NC1=N[C@@](c2cc(NC(=O)c3ccc(Br)cn3)cc(F)c2F)(C(F)F)[C@H]2C[C@H]2O1,18.5,nM,7.73
CHEMBL4130015,COc1ccccc1-c1nc(SC(C(N)=O)c2nc(-c3ccc([N+](=O)[O-])cc3)cs2)[nH]c(=O)c1C#N,27600.0,nM,4.56
CHEMBL4127986,COc1ccccc1-c1nc(SC(C(N)=O)c2nc(-c3cccc([N+](=O)[O-])c3)cs2)[nH]c(=O)c1C#N,38600.0,nM,4.41
CHEMBL4285991,c1cc(CN2CCCCC2)cc(-c2ccc(NCCCN3CCCCC3)c(OCCN3CCCCC3)c2)c1,4300.0,nM,5.37
CHEMBL4291231,CN(C)Cc1ccccc1-c1ccc(NCCN2CCCCC2)c(OCCN2CCCCC2)c1,1400.0,nM,5.85
CHEMBL3703238,COc1ccc(F)c(-c2ccc3c(c2)C2(COC(N)=N2)C2(COC2)CO3)c1,1520.0,nM,5.82
CHEMBL5833363,COC1CCC2(CC1)Oc1ccc(Br)cc1C21NC(=S)N(C)C1=O,264.0,nM,6.58
CHEMBL3902793,CO[C@H]1CC[C@]2(CC1)Cc1ccc(Br)cc1C21CC(C)(C)SC(N)=N1,2440.0,nM,5.61
CHEMBL3953078,CN1OC2(N=C1N)c1cc(-c3cccc(C#N)c3)ccc1CC21Cc2cnncc2C1,2456.0,nM,5.61
CHEMBL1824133,CN1C(=O)C(c2cccc(-c3cncnc3)c2)(c2cnn(C)c2)N=C1N,100.0,nM,7.0
CHEMBL1824137,CC(C)n1cc(C2(c3ccc(F)c(-c4cncnc4)c3)N=C(N)N(C)C2=O)cn1,80.0,nM,7.1
CHEMBL5934515,COc1cccc(Oc2ccc3c(c2)C2(NC(=S)N(C)C2=O)C2(CCC(OC)CC2)C3)c1,42.8,nM,7.37
CHEMBL3945730,COC1CCC2(CC1)Cc1ccc(Br)cc1C21N=C(N)N(C(C)C)C1=O,343.0,nM,6.46
CHEMBL5790087,CN1OC2(N=C1N)c1cc(-c3cccc(C#N)c3)ccc1CC21CCC(OC(F)F)CC1,4.7,nM,8.33
CHEMBL5862046,CC#Cc1cncc(-c2ccc3c(c2)C2(NC(=S)N(C(C)C)C2=O)C2(CCC(OC)CC2)C3)c1,11.5,nM,7.94
CHEMBL1821798,Nc1ccc2cccc(Br)c2n1,562000.0,nM,3.25
CHEMBL5943233,CC(C)N1C(=O)C2(NC1=S)c1cc(Br)ccc1CC21CCc2ccccc2CC1,19.1,nM,7.72
CHEMBL5842448,COC1CCC2(CC1)Oc1ccc(-c3cccc(C#N)c3)cc1C21CCSC(N)=N1,730.0,nM,6.14
CHEMBL5835702,C#C[C@H](C)Oc1cnc(/C(F)=C/c2cc(F)c(F)c([C@]3(C)CS(=O)(=O)N(C)C(N)=N3)c2)cn1,11.0,nM,7.96
CHEMBL3657458,COc1ccc(C)cc1-c1ccc2c(c1)C1(CCO2)N=C(C)C(N)=N1,6850.0,nM,5.16
CHEMBL3653662,CC#CCOc1ccc(C(=O)Nc2ccc3c(c2)C2(CCO3)N=C(C)C(N)=N2)nc1,112.0,nM,6.95
CHEMBL3971150,CO[C@H]1CC[C@]2(CC1)Cc1ccc(-c3cc(C#N)cc(C(F)(F)F)c3)cc1[C@@]21N=C(C)C(N)=N1,3.1,nM,8.51
CHEMBL3953357,CO[C@H]1CC[C@]2(CC1)Cc1ccc(-c3cc(F)cc(F)c3)cc1[C@@]21N=C(C)C(N)=N1,2.8,nM,8.55
CHEMBL3948423,CCO[C@H]1CC[C@]2(CC1)Cc1ccc(Br)cc1C21N=C(C)C(N)=N1,842.0,nM,6.08
CHEMBL567061,CCCCOc1cc(C2(c3cccc(-c4cccnc4)c3)N=C(N)N(C)C2=O)ccc1OC,50.0,nM,7.3
CHEMBL3688807,NC1=N[C@@](c2cc(N[C@H]3CCc4cc(Br)cnc43)ccc2F)(C(F)F)[C@H]2C[C@H]2O1,143.0,nM,6.84
CHEMBL3683890,C#CCOc1ccc(C(=O)Nc2cc(F)c(Cl)c([C@]3(CF)N=C(N)O[C@H]4C[C@H]43)c2)nc1,6.0,nM,8.22
CHEMBL3683913,NC1=N[C@@](c2cc(NC(=O)c3cnc(OCc4ncco4)cn3)ccc2F)(C(F)F)[C@H]2C[C@H]2O1,12.4,nM,7.91
CHEMBL3650175,Cn1nc([C@H]2C[C@H]3CSC(N)=N[C@@]3(c3ccc(F)cc3F)CO2)cc1F,83.7,nM,7.08
CHEMBL3650182,Cn1cc(F)c([C@H]2C[C@H]3CSC(N)=N[C@@]3(c3ccc(F)cc3F)CO2)n1,162.0,nM,6.79
CHEMBL3650186,NC1=N[C@@]2(c3ccc(F)cc3F)CO[C@@H](c3nc(C(F)F)co3)C[C@H]2CS1,231.0,nM,6.64
CHEMBL3650190,Cc1cnc([C@H]2C[C@H]3CSC(N)=N[C@@]3(c3ccc(F)cc3F)CO2)cn1,389.0,nM,6.41
CHEMBL3650192,CCOc1cc([C@H]2C[C@H]3CSC(N)=N[C@@]3(c3ccc(F)cc3F)CO2)nn1C,5400.0,nM,5.27
CHEMBL3650170,COc1cc([C@H]2C[C@H]3CSC(N)=N[C@@]3(c3ccc(F)cc3F)CO2)ccn1,384.0,nM,6.42
CHEMBL3688713,CC(C)c1cccnc1C(=O)Nc1ccc(F)c([C@@]2(C(F)F)N=C(N)O[C@@H]3C[C@@H]32)c1,3345.0,nM,5.48
CHEMBL3688725,COc1cnc(C(=O)Nc2ccc(Cl)c([C@@]3(CF)N=C(N)O[C@@H]4C[C@@H]43)c2)c(C)n1,352.5,nM,6.45
CHEMBL3688635,N#Cc1ccc(C(=O)Nc2cnc(F)c([C@@]3(CF)N=C(N)O[C@@H]4C[C@@H]43)c2)nc1,145.5,nM,6.84
CHEMBL3688638,NC1=N[C@](CF)(c2cc(NC(=O)c3nn(C(F)F)cc3Cl)cnc2F)[C@H]2C[C@H]2O1,57.8,nM,7.24
CHEMBL3688664,NC1=N[C@@](c2cc(NC(=O)c3ccc(OCC(F)(F)F)cn3)ccc2F)(C(F)F)[C@H]2C[C@H]2O1,104.0,nM,6.98
CHEMBL3688672,NC1=N[C@@](c2cc(NC(=O)[C@H]3CCCO3)ccc2F)(C(F)F)[C@H]2C[C@H]2O1,5370.0,nM,5.27
CHEMBL3688810,NC1=N[C@@](c2cc(N[C@@H]3CCc4cc(Br)ccc43)ccc2F)(C(F)F)[C@H]2C[C@H]2O1,315.0,nM,6.5
CHEMBL3688689,NC1=N[C@@](c2cc(NC(=O)c3cnc(Cl)cn3)ccc2F)(C(F)F)[C@H]2C[C@H]2O1,37.0,nM,7.43
CHEMBL566977,NC1=NC(c2ccccc2)(c2cccc(Cc3ccccc3)c2)C2=NCCCN12,5300.0,nM,5.28
CHEMBL567654,NC1=NC(c2ccc(OC(F)(F)F)cc2)(c2cccc(Br)c2)C2=NCCCN12,2600.0,nM,5.58
CHEMBL6039550,CC#Cc1ccc2c(c1)-c1cc([C@]3(C)CC(=O)N(C)C(=N)N3)ccc1S2(=O)=O,87.0,nM,7.06
CHEMBL5873252,CC#Cc1ccc2sc3cc(Cl)c([C@]4(C)CC(=O)N(C)C(=N)N4)cc3c2c1,44.0,nM,7.36
CHEMBL4111536,CC(C)(C)COc1cc(F)c2c(c1)[C@@]1(COCCC(N)=N1)c1cc(-c3cccnc3F)ccc1O2,285.0,nM,6.54
CHEMBL3695751,CN1C(=O)C[C@]2(N=C1N)c1cc(-c3cccnc3F)ccc1Oc1c2cc(C2=CC(C)(C)OCC2)nc1F,0.6,nM,9.22
CHEMBL3741314,C[C@@]1(c2cc(-c3cn(-c4ccc(C#N)cn4)nn3)ccc2F)C[S@]2(=O)=NCCCCN2C(N)=N1,95.0,nM,7.02
CHEMBL1080086,O=C(CN1C(=O)/C(=N\NC(=O)c2cc([N+](=O)[O-])ccc2O)c2ccccc21)NC1CCCCC1,4800.0,nM,5.32
CHEMBL6002171,C[C@]1(c2cc(NC(=O)c3ccc(F)cn3)ccc2F)N=C(N)OC2(CCOCC2)C1(F)F,300.0,nM,6.52
CHEMBL1269841,CC(=O)N[C@@H](Cc1cc(F)cc(F)c1)[C@H](O)CNC1(c2cccc(C3CCOC3)c2)CCOCC1,290.0,nM,6.54
CHEMBL3650757,NC1=NC2(CO1)c1cc(-c3cccc(F)c3)ccc1OC1(CCC1)C21COC1,2310.0,nM,5.64
CHEMBL3650758,COc1cccc(-c2ccc3c(c2)C2(COC(N)=N2)C2(COC2)C2(CCC2)O3)c1,696.0,nM,6.16
CHEMBL3650759,Cc1cccc(-c2ccc3c(c2)C2(COC(N)=N2)C2(COC2)C2(CCC2)O3)c1,2270.0,nM,5.64
CHEMBL3650769,COc1cccc(-c2ccc3c(c2)C2(COC(N)=N2)C2(COC2)C2(CCC2)O3)c1F,773.0,nM,6.11
CHEMBL3913489,[C-]#[N+]c1cccc(-c2ccc3c(c2)C2(N=C(N)N(C)O2)C2(CCC(OC(F)F)CC2)C3)c1,4.7,nM,8.33
CHEMBL3969469,COCCN1C(=O)C2(N=C1N)c1cc(-c3cncc(F)c3)ccc1CC21CCc2ccccc2CC1,8.1,nM,8.09
CHEMBL3977008,CN1OC2(N=C1N)c1cc(C3CC3)ccc1CC21CCc2ccccc2CC1,128.3,nM,6.89
CHEMBL3703309,Cc1ncncc1-c1ccc2c(c1)C1(COC(N)=N1)C1(COC1)C1(CCC1)O2,4400.0,nM,5.36
CHEMBL5277231,CC12CC(c3c(O)cc(-c4cc5ccc(O)cc5o4)cc3O)CC3c4ccc(O)cc4OC31C2,1040.0,nM,5.98
CHEMBL5272371,C/C=C1/C(O[C@@H]2O[C@H](CO)[C@@H](O)[C@H](O)[C@H]2O)OC=C(C(=O)OC)C1CC(=O)OCCc1ccc(O)c(O)c1,2760.0,nM,5.56
CHEMBL5266033,COc1cc(/C=C/c2nnc(-c3ccc(Cl)cc3)o2)ccc1O,0.628,nM,9.2
CHEMBL5282833,O=c1c(O)c(-c2ccc(F)cc2)oc2cc(F)c(I)cc12,32.18,nM,7.49
CHEMBL3957536,CN1C(=O)C2(N=C1N)c1cc(-c3cccc(C#N)c3)ccc1C[C@]21CC[C@@H](N(C)C)CC1,13500.0,nM,4.87
CHEMBL3940181,CC(C)N1C(=O)C2(N=C1N)c1cc(-c3cccnc3F)ccc1CC21CCC(OC(F)F)CC1,36.1,nM,7.44
CHEMBL3933265,COC1CCC2(CC1)Cc1ccc(C#CC3CC3)cc1C21N=C(N)N(CC2CCCO2)C1=O,11.6,nM,7.94
CHEMBL3948290,COC1CCC2(CC1)Cc1ccc(CCC3CC3)cc1C21N=C(N)N(Cc2ncc[nH]2)C1=O,16.0,nM,7.8
CHEMBL3939631,CN1C(=O)C2(N=C1N)c1cc(-c3cccc(C#N)c3)ccc1CC21Cc2cnncc2C1,869.5,nM,6.06
CHEMBL3946818,COC1CCC2(CC1)Cc1ccc(-c3cc(Cl)cc(Cl)c3)cc1[C@@]21N=C(N)N(C)C1=O,604.1,nM,6.22
CHEMBL3650171,COc1cncc([C@H]2C[C@H]3CSC(N)=N[C@@]3(c3ccc(F)cc3F)CO2)c1,1250.0,nM,5.9
CHEMBL509486,C=C(C)[C@H](CCC(C)(C)O)Cc1c(O)cc(O)c2c1O[C@H](c1ccccc1O)CC2=O,36800.0,nM,4.43
CHEMBL5896526,Cc1cnc(COc2cnc(/C(F)=C/c3cc(F)c(F)c([C@]4(C)CS(=O)(=O)N(C)C(N)=N4)c3)cn2)o1,36.0,nM,7.44
CHEMBL5939840,CN1C(N)=N[C@](C)(c2cc(/C=C(\F)c3cnc(OCC#CCO)cn3)ccc2F)CS1(=O)=O,7.0,nM,8.15
CHEMBL5798921,CN1C(N)=N[C@](C)(c2cc(/C=C(\F)c3ccc4c(n3)OCCO4)ccc2F)CS1(=O)=O,3020.0,nM,5.52
CHEMBL406089,CC[C@H](C)[C@H](NC(=O)[C@H](CCC(=O)O)NC(=O)[C@H](CCC(=O)O)NC(=O)[C@@H](NC(=O)[C@H](CCCCN)NC(=O)[C@@H](NC(=O)[C@H](CC(N)=O)NC(=O)[C@@H](N)[C@@H](C)O)[C@@H](C)CC)[C@@H](C)O)C(=O)N[C@@H](CO)C(=O)N[C@@H](CCC(=O)O)C(=O)N[C@H](C(=O)N[C@@H](CC(N)=O)C(=O)N[C@@H](CC(C)C)C(=O)N[C@@H](CCCCN)C(=O)N[C@@H](C)C(=O)N[C@@H](CCC(=O)O)C(=O)N[C@@H](Cc1ccccc1)C(=O)N[C@@H](CCCN=C(N)N)C(=O)O)C(C)C,40000.0,nM,4.4
CHEMBL1165356,CC1CCCCN1CCNC(=O)c1cc(=O)[nH]c2ccc(S(=O)(=O)N3CCOCC3)cc12,100000.0,nM,4.0
CHEMBL1164543,NC(=O)c1ccc[n+](CC(=O)Nc2cccc(C(=O)Nc3ccc(Cl)cc3)c2)c1.[Cl-],30200.0,nM,4.52
CHEMBL1164643,COc1ccc(NC(=O)c2cccc(NC(=O)C[n+]3cccc(C(N)=O)c3)c2)cc1.[Cl-],1900.0,nM,5.72
CHEMBL5852113,Cc1noc(COc2cnc(/C(F)=C/c3cc(F)c(F)c([C@]4(C)CS(=O)(=O)N(C)C(N)=N4)c3)cn2)n1,42.0,nM,7.38
CHEMBL5769607,COC[C@H](C)Oc1cnc(/C(F)=C/c2ccc(F)c([C@@]3(C)N=C(N)[C@@]4(CF)CC[C@@H]3S4(=O)=O)c2)cn1,13.0,nM,7.89
CHEMBL5761949,COC(C)COc1cnc(/C(F)=C/c2ccc(F)c([C@@]3(C)N=C(N)[C@@]4(CF)CC[C@@H]3S4(=O)=O)c2)cn1,51.0,nM,7.29
CHEMBL6007840,CC1(C)C(NC(=O)OCC2CCCC2)=N[C@](C)(c2cc(/C=C(\F)c3cnc(OCC4CCCC4)cn3)ccc2F)CS1(=O)=O,30.0,nM,7.52
CHEMBL4440849,C#CCOc1cnc(/C(F)=C/c2ccc(F)c([C@]3(C)CS(=O)(=O)N(C)C(N)=N3)c2)cn1,3.0,nM,8.52
CHEMBL5992392,Cc1noc(COc2cnc(/C(F)=C/c3ccc(F)c([C@@]4(C)N=C(N)[C@@]5(CF)CC[C@@H]4S5(=O)=O)c3)cn2)n1,22.0,nM,7.66
CHEMBL6027279,CC1(C)C(N)=N[C@](C)(c2cc(/C=C(\F)c3cnc(Cl)cn3)ccc2F)CS1(=O)=O,4.0,nM,8.4
CHEMBL4453051,c1ccc(CNC2CCN(Cc3ccccc3)CC2)cc1,2900.0,nM,5.54
CHEMBL4587156,FC(F)(F)Oc1ccc(CNC2CCN(Cc3ccccc3)CC2)cc1,1400.0,nM,5.85
CHEMBL5965097,COc1cnc(C(=O)Nc2ccc(F)c([C@@]3(C(F)(F)F)CS(=O)(=O)C(C)(C)C(N)=N3)c2)cn1,883.0,nM,6.05
CHEMBL5781975,COc1cnc(C(=O)Nc2ccc(F)c(C3(C(F)F)CS(=O)(=O)C(C)(C)C(N)=N3)c2)cn1,53.1,nM,7.28
CHEMBL5973953,CC1(C)C(N)=N[C@](C)(c2cc(C(=O)Nc3ccc(Cl)cc3)ccc2F)CS1(=O)=O,4680.0,nM,5.33
CHEMBL6007390,Cc1cc(Cl)cnc1C(=O)Nc1ccc(F)c([C@@]2(C)N=C(N)C3(CC3)S(=O)(=O)[C@H]2F)c1,0.44,nM,9.36
CHEMBL6004249,COc1cnc(C(=O)Nc2cc([C@@]3(C)CS(=O)(=O)C4(CCC4)C(N)=N3)c(F)cn2)cn1,10000.0,nM,5.0
CHEMBL5751398,Cc1cc(OC(F)F)cnc1C(=O)Nc1ccc(F)c([C@]2(C)CS(=O)(=O)C(C)(C)C(N)=N2)c1,0.6,nM,9.22
CHEMBL5793545,CC1(C)C(N)=N[C@](C)(c2cc(NCc3nn(C(F)F)cc3Cl)ccc2F)CS1(=O)=O,2.27,nM,8.64
CHEMBL5928101,CC1(C)C(N)=N[C@](C)(c2cc(NCc3c(Cl)cnn3CC(F)(F)F)ccc2F)CS1(=O)=O,208.0,nM,6.68
CHEMBL1222034,Nc1nc2cc(Cl)ccc2n1CCCC(=O)NCC1CC1,2854000.0,nM,2.54
CHEMBL1222236,CC[C@@H](CC(=O)NC(C)C)n1c(N)nc2cc(Cl)ccc21,695000.0,nM,3.16
CHEMBL391087,CCCOc1ccc(-c2csc(-c3ccccc3Cl)c2CC(=O)NC(=N)N)cc1,590.0,nM,6.23
CHEMBL4128406,Cc1cc(C#N)cnc1C(=O)Nc1ccc(F)c([C@]2(C(F)F)COC3(CC3)C(N)=N2)c1,25.0,nM,7.6
CHEMBL4126197,Cc1cc(C#N)cnc1C(=O)Nc1ccc(F)c([C@@]2(C)N=C(N)[C@@H]3CO[C@H]2O3)c1,53.0,nM,7.28
CHEMBL3683804,Cc1cc(C#N)cnc1C(=O)Nc1ccc(F)c([C@@]2(C(F)F)N=C(N)O[C@@H]3C[C@@H]32)c1,14.2,nM,7.85
CHEMBL3683816,CC#CCOc1cnc(C(=O)Nc2ccc(F)c([C@@]3(C)N=C(N)O[C@@H]4C[C@@H]43)c2)c(C)c1,12.9,nM,7.89
CHEMBL235854,CN(c1cc2cc(n1)CCC(c1ccccc1)CCc1cccc(c1)C[C@@](C)(N)C(=O)OC2)S(C)(=O)=O,7000.0,nM,5.16
CHEMBL295996,CCCN(CCC)C(=O)c1cccc(C(=O)N[C@@H](Cc2cc(F)cc(F)c2)[C@@H](O)C[C@@H](CC)C(=O)NCCC(=O)O)c1,2800.0,nM,5.55
CHEMBL1791014,CC[C@H](C)[C@H](NC(C)=O)C(=O)N[C@@H](C)C(=O)N[C@@H](CC(C)C)[C@@H](O)CC(=O)N[C@@H](CC(C)C)C(=O)NCc1cccc(C(=O)O)c1,260.0,nM,6.58
CHEMBL1093393,CCC(N)(COCc1cc(C(=O)N[C@H](C)c2ccc(F)cc2)cc(N(C)S(C)(=O)=O)c1)Cc1ccccc1,22000.0,nM,4.66
CHEMBL1087432,C[C@@H](NC(=O)c1cc(C(=O)NCC(O)(CO)Cc2ccccc2)cc(N(C)S(C)(=O)=O)c1)c1ccc(F)cc1,24900.0,nM,4.6
CHEMBL3952931,N#Cc1ccc(C#Cc2ccc(F)c([C@]3(CF)C[C@@H](C(F)(F)F)OC(N)=N3)c2)nc1,509.0,nM,6.29
CHEMBL1269840,CC(=O)N[C@@H](Cc1cc(F)cc(F)c1)[C@H](O)CNC1(c2cccc(-n3cccn3)c2)CCOCC1,110.0,nM,6.96
CHEMBL437961,COc1cccc(CNC[C@@H](O)[C@H](Cc2ccccc2)NC(=O)CCS(=O)(=O)c2ccccc2)c1,5214.0,nM,5.28
CHEMBL400916,CC(=O)c1ccccc1-c1cc(C(=O)N[C@@H](Cc2ccccc2)[C@H](O)CNc2ccccc2)cc(C(=O)N[C@H](C)c2ccccc2)c1,110.0,nM,6.96
CHEMBL254633,CC(=O)c1ccccc1-c1cc(C(=O)N[C@@H](Cc2ccccc2)[C@H](O)CNC2CCC2)cc(C(=O)N[C@H](C)c2ccccc2)c1,1400.0,nM,5.85
CHEMBL236850,NC(N)=NC(=O)Cc1c(-c2ccccc2)csc1-c1ccccc1,8300.0,nM,5.08
CHEMBL237283,N/C(=N/C(=O)Cc1c(-c2ccccc2Cl)csc1-c1ccc(C(=O)NCC(F)(F)F)cc1)NCCCO,200.0,nM,6.7
CHEMBL3934573,COC1CCC2(CC1)Cc1ccc(CCC3CC3)cc1C21N=C(N)N(CCc2ccccc2)C1=O,17.3,nM,7.76
CHEMBL3944116,COC1CCC2(CC1)Cc1ccc(CCC3CC3)cc1C21N=C(N)N(Cc2ccccn2)C1=O,15.8,nM,7.8
CHEMBL3916740,Cc1nc(C(=O)Nc2csc([C@]34CO[C@@H](C)C[C@H]3CSC(N)=N4)n2)no1,91.0,nM,7.04
CHEMBL3891756,CC(C)N1C(=O)C2(N=C1N)c1cc(-c3cccc(C#N)c3)ccc1C[C@]21CC[C@@H](OC(F)F)CC1,35.3,nM,7.45
CHEMBL3899206,CCC(C)N1C(=O)C2(N=C1N)c1cc(OCC3CC3)ccc1CC21CCC(OC)CC1,29.2,nM,7.54
CHEMBL5940155,C[C@]1(c2cc(NC(=O)c3cnc(C(F)F)cn3)ccc2F)N=C(N)C2(CCC2)S(=O)(=O)[C@@H]1F,8.8,nM,8.06
CHEMBL6023942,CC(C)N1C(=O)C2(NC1=S)c1cc(Br)ccc1OC21CCc2ccccc2CC1,182.0,nM,6.74
CHEMBL5867948,COC1CCC2(CC1)Cc1ccc(Br)cc1C21NC(=S)N(C(C)(C)C)C1=O,1674.0,nM,5.78
CHEMBL1076910,CC(C)[C@H](NC(=O)[C@H](C)C[C@H](O)[C@H](COCc1cc(F)cc(F)c1)NC(=O)c1cc(C(=O)N[C@H](C)c2ccccc2)cc(N(C)S(C)(=O)=O)c1)C(=O)NCc1ccc(F)cc1,3600.0,nM,5.44
CHEMBL4094377,CC(C)(NCc1cc([C@]2(C)CCSC(N)=N2)c(F)cc1F)C(F)(F)F,490.0,nM,6.31
CHEMBL3919711,COC1CCC2(CC1)Cc1ccc(CCC3CC3)cc1C21N=C(N)N(Cc2cccc(N(C)C)c2)C1=O,24.8,nM,7.61
CHEMBL4757415,O=[N+]([O-])c1ccc(/C=N\C2CCN(Cc3ccccc3)C2)cc1,3785.0,nM,5.42
CHEMBL4757216,COc1cc(CNC2CCN(Cc3ccccc3)C2)cc(OC)c1OC,844.0,nM,6.07
CHEMBL3909292,COC1CCC2(CC1)Cc1ccc(-c3cccnn3)cc1C21N=C(N)N(C)O1,228.0,nM,6.64
CHEMBL3922947,COc1cncc(-c2ccc3c(c2)C2(N=C(N)N(C)O2)C2(CCC(OC)CC2)C3)n1,196.0,nM,6.71
CHEMBL1163398,CC1=C(C(=O)N[C@@H](Cc2ccccc2)[C@H](O)CNC2CC2)C(C)C(C(=O)N[C@H](C)c2ccccc2)=C(C)N1S(C)(=O)=O,16100.0,nM,4.79
CHEMBL1165369,CCC1C(C(=O)NC(C)c2ccccc2)=C(C)N(S(C)(=O)=O)C(C)=C1C(=O)N[C@@H](Cc1ccccc1)[C@H](O)CNC1CC1,16200.0,nM,4.79
CHEMBL1164837,CCN1CCCC1CNC(=O)c1ccc2c(=O)n(Cc3cccc(Br)c3)c(=S)[nH]c2c1,100000.0,nM,4.0
CHEMBL1164610,CC1CCCCN1CCNC(=O)c1cc(=O)[nH]c2ccc(S(=O)(=O)N3CCCCC3)cc12,100000.0,nM,4.0
CHEMBL1165280,CCc1ccc(N2C(=O)Nc3ccc(Br)cc3C2(O)C(=O)NCC(C)CN2CCC(C)CC2)cc1,100000.0,nM,4.0
CHEMBL5285608,COc1cnc(C(=O)Nc2ccc(F)c([C@]3(C)C=C(CF)OC(N)=N3)c2)nc1,241.0,nM,6.62
CHEMBL5187186,C[C@@]1(c2cc(-c3ccc(Cl)cn3)ccc2F)C[C@@H]2C[C@@H]2C(N)=N1,96.0,nM,7.02
CHEMBL5184716,COc1cnc(-c2ccc(F)c([C@]3(CF)CC[C@](C)(C#N)C(N)=N3)c2)cn1,851.0,nM,6.07
CHEMBL5186773,COc1cnc(-c2ccc(F)c([C@]3(C(F)F)CC[C@@](C)(C#N)C(N)=N3)c2)cn1,12.0,nM,7.92
CHEMBL5184180,CC(C)C[C@H](NC(=O)C[C@H](O)[C@H](Cc1ccccc1)NC(=O)[C@H](CCC(N)=O)N(C)C(=O)[C@@H](NC(=O)OCc1ccccc1)C(C)C)C(=O)N[C@@H](C)C(=O)N(C)[C@H](Cc1ccccc1)C(=O)N1CCC[C@H]1C(=O)NCCOCCOCCn1cc(CNC(=O)[C@H](CCCCNC(=O)[C@H](CCCCN)NC(=O)[C@H](CCCCN)NC(=O)[C@H](CCC(N)=O)NC(=O)[C@H](CO)NC(=O)CCN2c3ccccc3C(C)(C)[C@]23C=Cc2cc([N+](=O)[O-])ccc2O3)NC(=O)[C@H](CCCCN)NC(=O)[C@H](CCCCN)NC(=O)C(CCC(N)=O)NC(=O)[C@H](CO)NC(=O)CCN2c3ccccc3C(C)(C)[C@]23CCc2cc([N+](=O)[O-])ccc2O3)nn1,1031.0,nM,5.99
CHEMBL3680889,C[C@]1(F)COC(N)=N[C@]1(C)c1cc(NC(=O)c2ccc(C#N)cn2)ccc1F,0.4,nM,9.4
CHEMBL3634124,COc1cnc(C(=O)Nc2ccc(F)c([C@@]3(C)N=C(N)CO[C@H]3F)c2)cn1,102.0,nM,6.99
CHEMBL3634340,C[C@]1(c2cc(NC(=O)c3ccc(Cl)cn3)ccc2F)N=C(N)CO[C@@H]1F,7.4,nM,8.13
CHEMBL3634126,C[C@]1(c2cc(NC(=O)c3cnc(Cl)cn3)ccc2F)N=C(N)CO[C@@]1(F)C(F)(F)F,34.0,nM,7.47
CHEMBL3634130,COc1cnc(C(=O)Nc2ccc(F)c([C@@]3(C4CC4)N=C(N)CO[C@@H]3F)c2)cn1,603.0,nM,6.22
CHEMBL3670923,CC1(C)OCC(N)=N[C@](C)(c2cc(Nc3ccc(Cl)nc3)ccc2F)C1(F)F,370.0,nM,6.43
CHEMBL3680888,C[C@]1(F)COC(N)=N[C@]1(C)c1cc(NC(=O)c2ncccc2OCC(F)(F)F)ccc1F,22.0,nM,7.66
CHEMBL2380822,CCCc1scc(-c2cn[nH]c2)c1CC(NC1=NC(C)(C)Cc2cc(Cl)ccc21)c1nccc(=O)[nH]1,406.0,nM,6.39
CHEMBL3688750,C[C@]1(c2nc(NC(=O)c3ccc(C#N)cn3)ccc2F)N=C(N)O[C@@H]2C[C@@H]21,149.5,nM,6.83
CHEMBL3688775,N#Cc1cnc2c(Nc3ccc(F)c([C@@]4(C(F)F)N=C(N)O[C@@H]5C[C@@H]54)c3)ncc(F)c2c1,39.1,nM,7.41
CHEMBL2177478,CC(C)Oc1cccc(CN2CC[C@@]3(C[C@@H]2C)CN(c2ncccn2)S(=O)(=O)N3c2cccc(F)c2)c1,2500.0,nM,5.6
CHEMBL2177486,COc1cccc(CN2CC[C@]3(CNS(=O)(=O)N3c3cccc(F)c3)C[C@@H]2C)c1,99300.0,nM,4.0
CHEMBL2181997,COC(=O)[C@H]1C[C@]2(CN1)C(=O)Nc1ccccc12,242000.0,nM,3.62
CHEMBL2181988,O=C1Nc2ccccc2[C@]12CCNC2,1100000.0,nM,2.96
CHEMBL4516761,CC(Cc1cc2ccccc2nc1N)C(=O)N1CC[C@H]2OCCC[C@@]2(Cc2ccccc2)C1,34000.0,nM,4.47
CHEMBL5925354,C[C@@]1(c2cc(/C=C(\F)c3cnc(OCC(F)(F)C(F)F)cn3)ccc2F)CO[C@@](C)(C(F)(F)F)C(N)=N1,4130.0,nM,5.38
CHEMBL3326704,O=C(NCCCCCCNc1c2c(nc3ccccc13)CCCC2)c1cc2ccccc2oc1=O,17200.0,nM,4.76
CHEMBL6029364,CCCOc1cnc(/C(F)=C/c2ccc(F)c([C@@]3(C)N=C(N)[C@@]4(CF)CC[C@@H]3S4(=O)=O)c2)cn1,86.0,nM,7.07
CHEMBL5895521,CN1C(N)=N[C@](C)(c2cc(/C=C(\F)c3cnc(OCC(F)(F)C(F)F)cn3)ccc2F)CS1(=O)=O,18.0,nM,7.75
CHEMBL251993,N=C(N)NC(=O)Cn1c(-c2ccccc2)ccc1-c1ccc(NC(=O)c2ccc(Cl)cc2Cl)cc1,1200.0,nM,5.92
CHEMBL271914,CCCOc1ccc(-c2ccc(-c3ccccc3Cl)n2CC(=O)/N=C(/N)N[C@H]2CC[C@H](C(=O)O)CC2)cc1,78.0,nM,7.11
CHEMBL403107,CCCOc1ccc(-c2ccc(-c3ccccc3Cl)n2CC(=O)/N=C(/N)NCCCSC)cc1,321.0,nM,6.49
CHEMBL258355,N/C(=N/C(=O)Cn1c(-c2ccccc2)ccc1C12CC3CC(CC(C3)C1)C2)NCCO,680.0,nM,6.17
CHEMBL3354698,COC(C)(C)COc1ccc2c(c1)[C@]1(COC(N)=N1)c1cc(-c3cncnc3)ccc1O2,4.0,nM,8.4
CHEMBL2059592,OC(CSc1ccccc1F)Cn1c2c(c3ccccc31)CCCC2,11000.0,nM,4.96
CHEMBL2059593,OC(CSc1ccccc1Cl)Cn1c2c(c3ccccc31)CCCC2,8280.0,nM,5.08
CHEMBL4537808,C(=N/C1CCN(Cc2ccccc2)CC1)\c1ccccc1,3400.0,nM,5.47
CHEMBL1348834,Clc1ccc(CNC2CCN(Cc3ccccc3)CC2)cc1,660.0,nM,6.18
CHEMBL3105741,CSc1cc(C(=O)N[C@@H](Cc2ccccc2)[C@H](O)C(=O)Nc2cccc(-c3nn[nH]n3)c2)nc(C(=O)N2COC[C@@H]2c2ccccc2)c1,89.0,nM,7.05
CHEMBL2380807,CC1(C)Cc2cc(Cl)ccc2C(NC(Cc2cscc2Br)C(=O)O)=N1,310.0,nM,6.51
CHEMBL1952316,CSc1ccc2c(O)c(C(=O)Nc3ccc(N(CCO)CCO)cc3)cnc2c1,2810.0,nM,5.55
CHEMBL3670924,CC1(C)OCC(N)=N[C@](C)(c2cc(Nc3cncc(F)c3)ccc2F)C1(F)F,440.0,nM,6.36
CHEMBL2408746,CC(=O)N[C@@H](Cc1cc(F)cc(F)c1)[C@H](O)CN[C@H]1CCOc2ccc(OC(C)C)cc21,414.0,nM,6.38
CHEMBL2408758,CC(=O)N[C@@H](Cc1cc(F)cc(F)c1)[C@H](O)CN[C@H]1CC(C)(C)Oc2ccc(OC(F)(F)F)cc21,89.0,nM,7.05
CHEMBL1269919,CCc1cccc([C@@]2(c3ccc(OC(F)F)cc3)N=C(N)N(C)C2=O)c1,900.0,nM,6.05
CHEMBL3705028,NC1=N[C@@]2(c3cccs3)CN(c3ncc(F)cn3)C[C@H]2CS1,77.3,nM,7.11
CHEMBL4083698,CC(C)NCc1cc([C@]2(C)CCSC(N)=N2)c(F)cc1F,2.0,nM,8.7
CHEMBL3233831,CC1=C[C@H]2Cc3nc4cc(Cl)ccc4c(NCCCCCCCCCNC(=O)c4cc(O)c5c(c4)C(=O)c4cccc(O)c4C5=O)c3[C@@H](C1)C2.Cl,80.0,nM,7.1
CHEMBL3234038,CC1=CC2Cc3nc4cc(Cl)ccc4c(NCCCCCCCCCCNC(=O)c4cc(O)c5c(c4)C(=O)c4cccc(O)c4C5=O)c3C(C1)C2.Cl,1190.0,nM,5.92
CHEMBL382408,O=C(OC[C@H]1O[C@@H](OC(=O)c2cc(O)c(O)c(O)c2)[C@H](OC(=O)c2cc(O)c(O)c(O)c2)[C@@H](OC(=O)c2cc(O)c(O)c(O)c2)[C@@H]1OC(=O)c1cc(O)c(O)c(O)c1)c1cc(O)c(O)c(O)c1,3760.0,nM,5.42
CHEMBL4217236,COc1ccc(S(=O)(=O)N(CC(O)Cn2c3ccccc3c3ccccc32)C2CCCCC2)cc1,3200.0,nM,5.5
CHEMBL4212215,O=S(=O)(c1ccc(Cl)cc1)N(CC(O)Cn1c2ccccc2c2ccccc21)C1CCCCC1,6500.0,nM,5.19
CHEMBL4208381,O=S(=O)(c1ccccc1)N(Cc1ccccc1)CC(O)Cn1c2ccccc2c2ccccc21,1900.0,nM,5.72
CHEMBL2349479,CN1C(=O)C2(CC(C)(C)Sc3ccc(-c4cncnc4)cc32)N=C1N,135.0,nM,6.87
CHEMBL2349493,CCOc1cccc(-c2ccc3c(c2)C2(CC(C)(C)O3)N=C(N)N(C)C2=O)c1,70.0,nM,7.16
CHEMBL4534367,COc1ccc(-c2cccc(C3(c4ccccc4)N=C(N)N(C)C3=O)c2)cc1OC,119.4,nM,6.92
CHEMBL4550145,COc1ccc(OC)c(-c2cccc(C3(c4ccccc4)N=C(N)N(C)C3=O)c2)c1,195.3,nM,6.71
CHEMBL2058868,O[C@H](CSc1ccc2ccccc2c1)Cn1c2ccccc2c2ccccc21,5390.0,nM,5.27
CHEMBL5900095,C[C@H]1COc2cnc(/C(F)=C/c3ccc(F)c([C@]4(C)CS(=O)(=O)N(C)C(N)=N4)c3)nc2O1,410.0,nM,6.39
CHEMBL4098403,C[C@@]1(c2cc(CNC3(C(F)(F)F)CC3)c(F)cc2F)CCSC(N)=N1,69.0,nM,7.16
CHEMBL5768064,CC1(C)C(=N)N[C@](C)(c2cc(NC(=O)c3cnc(C(F)(F)F)cn3)ccc2F)CS1(=O)=O,7.4,nM,8.13
CHEMBL5757794,CCOC(=O)COc1cnc(/C(F)=C/c2cc(F)c(F)c([C@]3(C)CS(=O)(=O)N(C)C(N)=N3)c2)cn1,113.0,nM,6.95
CHEMBL5829243,CN1C(N)=N[C@](C)(c2cc(/C=C(\F)c3cc4nccnc4cn3)ccc2F)CS1(=O)=O,5285.0,nM,5.28
CHEMBL5966038,CN1C(N)=N[C@](C)(c2cc(/C=C(\F)c3cnc(OCC#CCF)cn3)ccc2F)CS1(=O)=O,7.0,nM,8.15
CHEMBL1645506,CC(C)C[C@H](NC(=O)[C@@H](NC(=O)[C@@H](N)CNC(=O)c1nn[nH]n1)C(C)C)C(=O)NC[C@@](O)(CCc1ccccc1)C(=O)Nc1cccc(C(=O)O)c1,1400.0,nM,5.85
CHEMBL3906842,CN1C(=O)C2(N=C1N)c1cc(-c3cccc(C#N)c3)ccc1C[C@]21CC[C@@H](OC(F)F)CC1,176.6,nM,6.75
CHEMBL3913436,CCOCc1ccc2c(c1)C1(N=C(SCC)N(C)C1=O)C1(CCC(OC)CC1)C2,13.2,nM,7.88
CHEMBL3927416,C[C@@H]1Oc2ccc(Br)cc2[C@]2(COC(=N)N2)C12COC2,39000.0,nM,4.41
CHEMBL3703230,NC1=NC2(CO1)c1cc(Nc3ccccn3)ccc1OCC21COC1,36900.0,nM,4.43
CHEMBL3650852,COc1cnc(C(=O)Nc2ccc3c(c2)C2(COC(N)=N2)C2(COC2)C(C)(C)O3)cn1,107.0,nM,6.97
CHEMBL3650800,CC1(C)Oc2ccc(-c3cc(O)cc(F)c3)cc2C2(COC(N)=N2)C12COC2,859.0,nM,6.07
CHEMBL3650817,CC1(C)Oc2ccc(-c3cccc4[nH]ccc34)cc2C2(COC(N)=N2)C12COC2,2420.0,nM,5.62
CHEMBL4109974,CO[C@H]1[C@H](C)C[C@@]2(Cc3ccc(C#N)cc3[C@]23N=C(N)N(Cc2ncc(F)cn2)C3=O)C[C@@H]1C,9.0,nM,8.05
CHEMBL3672725,CO[C@H]1CC[C@@]2(CCc3ccc(-c4cncc(Cl)c4)cc3C23N=C(C)C(N)=N3)CC1,14.0,nM,7.85
CHEMBL3924839,Cc1onc2c1CC1(CC2)Cc2ccc(C#CC3CC3)cc2C12N=C(N)N(C)C2=O,2.8,nM,8.55
CHEMBL4129873,COc1cccc(-c2nc(SC(C(N)=O)c3nc(-c4cccc(-c5cccnc5F)c4)cs3)[nH]c(=O)c2C#N)c1,15000.0,nM,4.82
CHEMBL4128586,COc1cccc(-c2nc(SCC(=O)Nc3nc(-c4cc(Cl)c(N)c(Cl)c4)cs3)[nH]c(=O)c2C#N)c1,7700.0,nM,5.11
CHEMBL3261079,C[C@@]1(c2cc(NC(=O)c3ccc(Cl)cn3)ccc2F)CS(=O)(=O)C2(CCCCC2)C(=N)N1,8.4,nM,8.08
CHEMBL2178719,CN1C(=N)N[C@@]2(c3cc(-c4cccc(C#N)c4)cs3)CN(c3ncc(Cl)cn3)C[C@H]2C1=O,51.0,nM,7.29
CHEMBL2177338,COc1ccc2c(c1)C1(COC(N)=N1)c1cc(-c3ccncc3)ccc1O2,3900.0,nM,5.41
CHEMBL2177323,COc1ccc2c(c1)C1(COC(N)=N1)c1cc(-c3ccc(C)cc3)ccc1O2,3630.0,nM,5.44
CHEMBL5270046,O=c1c(/C=N/Nc2ccc(C(F)(F)F)cc2)coc2c1ccc1oc(-c3ccc(Cl)cc3)cc12,14000.0,nM,4.85
CHEMBL2151140,CN1C(=N)N[C@](C)(c2csc(-c3cccc(C#N)c3)c2)CC1=O,400.0,nM,6.4
CHEMBL3703210,CC1(C)Oc2ccc(Br)cc2C2(COC(N)=N2)C12COC2,11700.0,nM,4.93
CHEMBL2151243,CC(=O)N[C@@H](Cc1ccc(C)c(F)c1)[C@H](O)CN[C@H]1CC2(CCC2)Oc2ncc(CC(C)(C)C)cc21,2.2,nM,8.66
CHEMBL5427012,CCCN1CCCCc2cccc(c2)C[C@@H]([C@H](O)CNC(C)(C)c2cccc(OC)c2)NC(=O)c2cccc(c2)C1=O,3020.0,nM,5.52
CHEMBL5208596,COc1cnc(C(=O)Nc2ccc(F)c([C@]3(C)CS(=O)(=O)[C@@](C)(CF)C(=N)N3)c2)cn1,12.0,nM,7.92
CHEMBL5170080,COc1cnc(C(=O)Nc2ccc(F)c([C@]3(C)CS(=O)(=O)[C@](C)(C(F)F)C(=N)N3)c2)cn1,171.0,nM,6.77
CHEMBL2058778,Cc1ccc(OCC(=O)N[C@H]2c3cc(NC(=O)COc4ccc(C#N)cc4C)ccc3C[C@H]2O)cc1,4000.0,nM,5.4
CHEMBL3937398,CO[C@H]1CC[C@]2(CC1)Cc1ccc(OCC3CC3)cc1[C@@]21N=C(C)C(N)=N1,3.7,nM,8.43
CHEMBL3961886,CO[C@H]1CC[C@]2(CC1)Cc1ccc(OCC3CCC3)cc1C21N=C(C)C(N)=N1,6.1,nM,8.21
CHEMBL4110164,CO[C@H]1[C@H](C)C[C@@]2(Cc3ccc(C#N)cc3[C@]23N=C(N)N(CC(C)(C)F)C3=O)C[C@@H]1C,14.0,nM,7.85
CHEMBL3640276,CCc1nc(N2C[C@H]3C(=O)N(C)C(N)=N[C@@]3(c3ccc(F)cc3)C2)nc(OC)c1F,22.0,nM,7.66
CHEMBL3640279,COc1nc(N2C[C@H]3C(=O)N(C)C(N)=N[C@@]3(c3cccc(Cl)c3)C2)nc(C)c1F,176.0,nM,6.75
CHEMBL3703237,NC1=NC2(CO1)c1cc(NC(=O)c3ccc(Cl)cn3)ccc1OCC21CC1,22.0,nM,7.66
CHEMBL3703296,NC1=NC2(CO1)c1cc(-c3cncnc3)c(F)cc1OCC21CC1,240.0,nM,6.62
CHEMBL3650813,CC1(C)Oc2ccc(-c3ccc4c(c3)OCO4)cc2C2(COC(N)=N2)C12COC2,2500.0,nM,5.6
CHEMBL3650180,Cc1nc([C@H]2C[C@H]3CSC(N)=N[C@@]3(c3ccc(F)cc3F)CO2)no1,341.0,nM,6.47
CHEMBL3650185,Cn1ncc([C@H]2C[C@H]3CSC(N)=N[C@@]3(c3ccc(F)cc3F)CO2)n1,466.0,nM,6.33
CHEMBL3656239,COCCOc1ccc2c(c1)C1(CC(=N)N(CC(F)(F)F)C1=O)[C@]1(CC[C@H](OC)CC1)C2,77.0,nM,7.11
CHEMBL3971363,CO[C@H]1CC[C@]2(CC1)Cc1ccc(Oc3ccccc3)cc1[C@]21N=C(N)N(C)C1=O,3.9,nM,8.41
CHEMBL3741055,C[C@@]1(c2cc(-c3cc(-c4ncc(Cl)cn4)no3)ccc2F)C[S@@]2(=O)=NCCCCN2C(N)=N1,12.0,nM,7.92
CHEMBL2179130,CC[C@H](NC[C@H](Cc1ccccc1)NC(=O)c1cc(C(=O)N[C@H](C)c2ccccc2)cc(N(C)S(C)(=O)=O)c1)C(=O)NCC(C)C,9.5,nM,8.02
CHEMBL2180031,CC#Cc1cncc(-c2cccc(C3(c4cc(C)c(OC)c(C)c4)N=C(C)C(N)=N3)c2)c1,14.0,nM,7.85
CHEMBL5203401,Cc1cc(C#N)cnc1C(=O)Nc1ccc(F)c([C@]2(C)CS(=O)(=O)[C@](C)(CF)C(=N)N2)n1,2.0,nM,8.7
CHEMBL2019032,Cl.O=C(NCCCCCCCCCCNc1c2c(nc3cc(Cl)ccc13)CCCC2)c1cc(=O)c2ccccc2o1,22400.0,nM,4.65
CHEMBL2019037,COc1cc(OC)c2c(=O)cc(C(=O)NCCCCCCCCCCNc3c4c(nc5ccccc35)CCCC4)oc2c1.Cl,2100.0,nM,5.68
CHEMBL2059597,Nc1cccc(SCC(O)Cn2c3ccccc3c3ccccc32)c1,36100.0,nM,4.44
CHEMBL4800161,COc1cc(/C=N/NC(=O)N2CCN(c3ccccn3)CC2)cc(OC)c1OC,4640.0,nM,5.33
CHEMBL4788019,O=C(N/N=C/c1ccc(F)cc1)N1CCN(c2ccccn2)CC1,1240.0,nM,5.91
CHEMBL5088449,C[C@@]1(c2cc(NC(=O)c3ccc(F)cn3)ccc2F)Cn2c(C#N)cnc2C(N)=N1,11.5,nM,7.94
CHEMBL2177335,COc1ccc2c(c1)C1(COC(N)=N1)c1cc(-c3cccnc3F)ccc1O2,800.0,nM,6.1
CHEMBL2177340,COc1ccc2c(c1)[C@]1(COC(N)=N1)c1cc(-c3cncnc3)ccc1O2,534.0,nM,6.27
CHEMBL2177317,CCc1cnc2c(c1)[C@@H](NC[C@@H](O)[C@H](Cc1ccccc1)NC(C)=O)CC1(CCC1)O2,91.0,nM,7.04
CHEMBL3653491,Cc1nc(C(=O)Nc2ccc(F)c([C@]3(C(F)F)COCC(N)=N3)c2)c(N)o1,260.0,nM,6.58
CHEMBL2177472,C[C@H]1C[C@]2(CCN1Cc1cccc(-c3ccccc3Cl)c1)CNS(=O)(=O)N2c1cccc(F)c1,710.0,nM,6.15
CHEMBL2177471,C[C@H]1C[C@]2(CCN1Cc1cccc(OC3CCCC3)c1)CNS(=O)(=O)N2c1cccc(F)c1,5300.0,nM,5.28
CHEMBL2177474,CCN1C[C@]2(CCN(Cc3cccc(OC(C)C)c3)[C@@H](C)C2)N(c2cccc(F)c2)S1(=O)=O,1700.0,nM,5.77
CHEMBL3394048,NC1=N[C@@]2(CO1)c1cc(-c3cccnc3F)ccc1Oc1cnc(N3CCC(F)(F)CC3)cc12,8.7,nM,8.06
CHEMBL3670306,COCCOc1ccc(C(=O)Nc2ccc(F)c([C@]3(C)C=CSC(N)=N3)c2)nc1,73.0,nM,7.14
CHEMBL3695730,CC#Cc1cncc(-c2ccc3c(c2)[C@]2(N=C(N)N(C)C2=O)c2cc(C4=CCOCC4)cc(F)c2O3)c1,0.9,nM,9.05
CHEMBL3640225,C[C@@]1(c2cccc(NC(=O)c3ccc(OCc4ccc(F)cc4)cn3)c2)CCSC(N)=N1,180.0,nM,6.75
CHEMBL3597555,CN(Cc1ccccc1)Cc1ccc(/C=C2\Cc3ccc(OCCCCCN4CCC(=C(c5ccc(F)cc5)c5ccc(F)cc5)CC4)cc3C2=O)cc1,5950.0,nM,5.22
CHEMBL3642642,CC1(c2cccc(NC(=O)c3ccc(C(F)(F)F)cn3)c2)CCSC(N)=N1,130.0,nM,6.89
CHEMBL3680890,C[C@]1(F)COC(N)=N[C@]1(C)c1cc(NC(=O)c2ncc(Cl)cc2Cl)ccc1F,2.0,nM,8.7
CHEMBL4225154,C[C@H](F)[C@H]1OC(N)=N[C@](C)(c2cc(NC(=O)c3cnc(OCF)cn3)ccc2F)[C@H]1F,16.0,nM,7.8
CHEMBL4533100,C=C(CC/C=C(\C)CC/C=C(\C)C(=O)O)C(O)CC/C(C)=C/Cc1cc(C(=O)O)ccc1O,14700.0,nM,4.83
CHEMBL1917909,CCC(C)[C@@]1(NC(C)=O)CCN([C@@H](CCc2ccccc2)C(=O)N[C@@H](Cc2cc(F)cc(F)c2)[C@H](O)C2Cc3cccc(O)c3CN2)C1=O,870.0,nM,6.06
CHEMBL3703246,CC1(C)Oc2ccc(Br)cc2C2(CSC(N)=N2)C12COC2,16100.0,nM,4.79
CHEMBL1957478,COc1ccc(C2(c3ccc(F)c(-c4cccnc4)c3)N=C(N)N3CC(F)(F)CN=C32)cc1C,44.67,nM,7.35
CHEMBL3656215,COCCN1C(=O)C2(N=C1N)c1cc(CCC(C)C)ccc1C[C@]21CC[C@@H](OC)CC1,9.0,nM,8.05
CHEMBL4212335,C[C@@]1(c2cc(NC(=O)c3coc(C(F)F)n3)ccc2F)C=C(CF)OC(N)=N1,94.1,nM,7.03
CHEMBL4740455,Cc1cc(C#N)cnc1C(=O)Nc1ccc(F)c([C@]2(C)C[S@](=O)(=NCC(F)(F)F)N(C)C(N)=N2)c1,0.99,nM,9.0
CHEMBL2349506,CC#Cc1cncc(-c2ccc3c(c2)C2(CC(C)(C)O3)N=C(N)N(C)C2=O)c1,10.0,nM,8.0
CHEMBL4876909,CC1(c2cc(NC(=O)c3ccc(C#N)cn3)ccc2F)Cc2ccncc2C(N)=N1,8.1,nM,8.09
CHEMBL392361,CN(c1cc2cc(n1)NCCCCc1cccc(c1)C[C@@](C)(N)C(=O)OC2)S(C)(=O)=O,400.0,nM,6.4
CHEMBL5203915,COc1cnc(C(=O)Nc2ccc(F)c([C@]3(C)CS(=O)(=O)[C@@](C)(C(F)F)C(=N)N3)c2)cn1,30.0,nM,7.52
CHEMBL5400043,COc1cccc(C(C)(C)NC[C@@H](O)[C@@H]2Cc3cccc(c3)OCCCCN(C)C(=O)c3cccc(c3)C(=O)N2)c1,1030.0,nM,5.99
CHEMBL3650803,CCC1CC=C(c2ccc3c(c2)C2(COC(N)=N2)C2(COC2)C(C)(C)O3)CC1,2240.0,nM,5.65
CHEMBL3650820,NC1=NC2(CO1)c1cc(NC(=O)c3ncc(Br)cn3)ccc1OCC21CC1,661.0,nM,6.18
CHEMBL3650843,NC1=NC2(COC1)c1cc(-c3cncnc3)ccc1OCC21CC1,1210.0,nM,5.92
CHEMBL3650844,NC1=NC2(c3cc(Br)ccc3OCC23CC3)C(F)(F)CO1,55800.0,nM,4.25
CHEMBL3703281,CC1(C)Oc2ccc(-c3cccnc3F)cc2C2(COC(N)=N2)C12COC2,348.0,nM,6.46
CHEMBL3703315,NC1=NC2(CO1)c1cc(-c3ccccc3)ccc1OC1(CCC1)C21COC1,3390.0,nM,5.47
CHEMBL3127101,CN1C(=O)[C@]2(N=C1N)c1cc(Br)ccc1O[C@H]1CCOC[C@@H]12,670.0,nM,6.17
CHEMBL3127071,C[C@]12CCOC[C@@H]1[C@]1(COC(N)=N1)c1cc(-c3cncc(Cl)c3)c(F)cc1O2,60.0,nM,7.22
CHEMBL3654225,NC1=N[C@@]2(c3ccc(F)cc3F)CO[C@@H](c3nnco3)CC2CS1,2210.0,nM,5.66
CHEMBL3672687,CC1=NC2(N=C1N)c1cc(Br)ccc1C[C@]21CC[C@@H](O)CC1,6.7,nM,8.17
CHEMBL4112651,CO[C@H]1CC[C@]2(CC1)Cc1ccc(C#CC3CCC3)cc1[C@]21N=C(C)C(N)=N1,2.7,nM,8.57
CHEMBL4110988,CO[C@H]1CC[C@]2(CC1)Cc1ccc(C#CC(C)C)cc1[C@]21N=C(C)C(N)=N1,1.1,nM,8.96
CHEMBL3923244,CO[C@H]1CC[C@]2(CC1)Cc1ccc(OCC3CC3)cc1C21N=C(C)C(N)=N1,7.4,nM,8.13
CHEMBL4857065,CC[C@H](C)[C@H](NC(=O)[C@@H](N)CCC(=O)O)C(=O)N[C@@H](Cc1cccs1)C(=O)N[C@@H](CC(C)C)[C@H](O)[C@@H](C)Nc1ccc(C)cc1,31000.0,nM,4.51
CHEMBL4876495,CC[C@H](C)[C@H](NC(=O)[C@@H](N)CCC(=O)O)C(=O)N[C@@H](Cc1cccs1)C(=O)N[C@@H](CC(C)C)[C@H](O)CNc1ccccc1,8800.0,nM,5.06
CHEMBL4866494,CC[C@H](C)[C@H](NC(=O)[C@@H](N)CCC(=O)O)C(=O)N[C@@H](Cc1cccs1)C(=O)N[C@@H](CC(C)C)[C@H](O)CNc1cc(C)cc(C(=O)O)c1,13000.0,nM,4.89
CHEMBL3597552,CN(Cc1ccccc1)Cc1ccc(/C=C2\Cc3ccc(OCCCCCN4CCN(OC(=O)C(C)(C)C)CC4)cc3C2=O)cc1,3210.0,nM,5.49
CHEMBL3906147,Cc1cc([C@H]2C[C@H]3CSC(N)=N[C@@]3(c3ccc(F)cc3F)CO2)ccc1F,6.0,nM,8.22
CHEMBL3969586,Cc1ccc(F)c([C@H]2C[C@H]3CSC(N)=N[C@@]3(c3ccc(F)cc3F)CO2)c1,21.0,nM,7.68
CHEMBL3950004,COc1ccc(F)c([C@H]2C[C@H]3CSC(N)=N[C@@]3(c3ccc(F)cc3F)CO2)c1,397.0,nM,6.4
CHEMBL4635770,NC1=N[C@@]2(c3cc(NC(=O)c4cnc(OCF)cn4)ccc3F)CCOC[C@H]2CC1(F)F,79.4,nM,7.1
CHEMBL3653666,CC1=NC2(N=C1N)c1cc(Br)ccc1CC21CCC(OC(F)F)CC1,112.0,nM,6.95
CHEMBL3905878,CO[C@H]1CC[C@]2(CC1)Cc1ccc(-c3cncc(Cl)c3)cc1[C@@]21N=C(C)C(N)=N1,1.1,nM,8.96
CHEMBL3653691,CC1=NC2(N=C1N)c1cc(-c3ccc(F)c(Cl)c3)ccc1CC21CCOCC1,145.0,nM,6.84
CHEMBL3952919,COC(C)(C)C1CCCCN1C(=O)[C@@H]1CNC[C@@]12CCCc1ccccc12,20000.0,nM,4.7
CHEMBL3422242,Cc1cc([C@H]2C[C@H]3[C@@H](C)SC(N)=N[C@@]3(c3ccc(F)cc3F)CO2)on1,75.9,nM,7.12
CHEMBL3683922,Cc1csc(C(=O)Nc2ccc(F)c([C@@]3(C(F)F)N=C(N)O[C@@H]4C[C@@H]43)c2)c1,190.5,nM,6.72
CHEMBL3891585,NC1=N[C@](CF)(c2cc(NC(=O)c3ncc(Cl)cc3F)ccc2F)C[C@@H](C(F)(F)F)O1,51.0,nM,7.29
CHEMBL3977981,Cc1cc(Cl)cnc1C(=O)Nc1cnc(F)c([C@]2(C)C[C@@H](C(F)(F)F)OC(N)=N2)c1,55.2,nM,7.26
CHEMBL3943162,[C-]#[N+]c1cnc2c(Nc3ccc(F)c([C@]4(CF)C[C@@H](C(F)(F)F)OC(N)=N4)c3)ncnc2c1,25.6,nM,7.59
CHEMBL3691382,CC(C)OC[C@H]1C[C@H]2CSC(N)=N[C@@]2(c2ccccc2F)CO1,396.0,nM,6.4
CHEMBL3691379,NC1=N[C@@]2(c3ccccc3F)CO[C@@H](CO)C[C@H]2CS1,8410.0,nM,5.08
CHEMBL3695744,CN1C(=O)CC2(N=C1N)c1cc(-c3cccnc3F)ccc1Oc1c2cc(C2=CCCOC2)nc1F,1.4,nM,8.85
CHEMBL3927002,COc1ccc(C(=O)Nc2cc(F)c(F)c([C@]3(CF)C[C@@H](C(F)(F)F)OC(N)=N3)c2)nc1,62.0,nM,7.21
CHEMBL5505847,O=C(Cn1nc(-c2ccccc2)c(-c2ccccc2)nc1=O)Nc1ccc([N+](=O)[O-])cc1,1317.0,nM,5.88
CHEMBL2380814,Cn1cc(-c2cscc2CC(NC2=NC(C)(C)Cc3cc(Cl)ccc32)C(=O)O)cn1,1090.0,nM,5.96
CHEMBL3109520,COc1ccc(C2(c3cccc(-c4cccnc4)c3)NC(=N)N(C3CCCCC3)C2=O)cc1,7150.0,nM,5.15
CHEMBL3908681,COc1ccc(C2(c3cccnc3)NC(=N)N(C3CCOCC3)C2=O)cc1,10000.0,nM,5.0
CHEMBL2177915,CC#Cc1cncc(-c2cccc(C3(c4ccnc(C(F)F)c4)N=C(N)c4c(F)cccc43)c2)c1,6.49,nM,8.19
CHEMBL1258233,CC(=O)N[C@@H](Cc1cc(F)cc(F)c1)[C@H](O)CNC1(c2cccs2)CCCCC1,30000.0,nM,4.52
CHEMBL1270935,CCC#Cc1cccc([C@@]2(c3ccc(OC(F)F)cc3)N=C(N)N(C)C2=O)c1,40.0,nM,7.4
CHEMBL1270363,CC(=O)N[C@@H](Cc1cc(F)cc(F)c1)[C@H](O)CNC1(c2cccc(C(C)(CF)CF)c2)CC1,390.0,nM,6.41
CHEMBL1270262,C=C(c1cccc(C2(NC[C@@H](O)[C@H](Cc3cc(F)cc(F)c3)NC(C)=O)CC2)c1)C(F)(F)F,1300.0,nM,5.89
CHEMBL1269948,CC(=O)N[C@@H](Cc1cc(F)cc(F)c1)[C@H](O)CNCc1cccc(C(C)(C)C)c1,1300.0,nM,5.89
CHEMBL5938290,C[C@H]1C[C@H]2CCOC(N)=N[C@@]2(c2nc(NC(=O)c3ccc(OC(F)F)cn3)cs2)CO1,146.0,nM,6.84
CHEMBL5741970,C[C@]1(c2cc(/C=C(\F)c3cnc(OCC(F)(F)F)cn3)ccc2F)N=C(N)[C@@]2(CF)CC[C@@H]1S2(=O)=O,227.0,nM,6.64
CHEMBL5767908,CN1C(N)=N[C@](C)(c2cc(/C=C(\F)C3CCOCC3)cc(F)c2F)CS1(=O)=O,709.0,nM,6.15
CHEMBL3688796,NC1=N[C@@](c2cc(NCC#Cc3ccccc3)ccc2F)(C(F)F)[C@H]2C[C@H]2O1,6635.0,nM,5.18
CHEMBL6033322,O=C(Nc1ccc(F)c([C@@]2(C(F)F)N=CO[C@@H]3C[C@@H]32)c1)c1ncc(Cl)cc1CO,33.2,nM,7.48
CHEMBL5871005,[C-]#[N+]c1ccc(C(=O)Nc2ccc(F)c([C@@]3(C(F)F)N=C(N)OC4C[C@@H]43)n2)nc1,100.0,nM,7.0
CHEMBL5758820,NC1=N[C@](CF)(c2cc(NC(=O)c3ccc(F)cn3)ccc2F)Cn2nncc21,8.32,nM,8.08
CHEMBL5936939,CC(C)Cc1cc(C(=O)Nc2csc([C@]34CO[C@@H](C)C[C@H]3CSC(N)=N4)n2)nn1C,51000.0,nM,4.29
CHEMBL5898357,C[C@H]1C[C@H]2CSC(N)=N[C@@]2(c2nc(NC(=O)c3cc4n(n3)CCC4)cs2)CO1,6200.0,nM,5.21
CHEMBL5872587,Cc1cc(C(=O)Nc2csc([C@]34CO[C@@H](C)C[C@H]3CSC(N)=N4)n2)nn1C,12400.0,nM,4.91
CHEMBL5812827,C[C@H]1C[C@H]2CSC(N)=N[C@@]2(c2nc(NC(=O)c3ccc(OCC#N)cn3)cs2)CO1,447.0,nM,6.35
CHEMBL5873381,CC1CCCN1CCOc1ccc(Nc2nc(N)n(-c3nc4ccccc4s3)n2)cc1,2110.0,nM,5.68
CHEMBL5811748,CNc1cccc(-n2nc(Nc3ccc(OCCN4CCCCC4)cc3)nc2N)n1,3380.0,nM,5.47
CHEMBL4873878,CN(CCC=C1c2ccccc2CCc2ccccc21)C(CCN)C(=O)NCc1ccc(Cl)cc1,29000.0,nM,4.54
CHEMBL2403765,CN1C(=O)C[C@@](C)(c2cccc(NC(=O)c3ccc(Cl)cn3)c2)N=C1N,15.0,nM,7.82
CHEMBL5980834,CC1(C)C(N)=N[C@](C)(c2cc(Nc3nccc4nc(O)cnc34)cc(F)c2F)CS1(=O)=O,3.7,nM,8.43
CHEMBL5806536,COc1cc(C)ccc1Oc1ccc(F)c([C@]2(C)CS(=O)(=O)C(C)(C)C(N)=N2)c1,11700.0,nM,4.93
CHEMBL5797606,COc1ccc(C)cc1Oc1ccc(F)c([C@]2(C)CS(=O)(=O)C(C)(C)C(N)=N2)c1,15200.0,nM,4.82
CHEMBL1782320,N#Cc1c(NC(=O)COC(=O)CSc2nc(-c3ccccc3)cc(-c3ccccc3)n2)sc2c1CCCC2,34500.0,nM,4.46
CHEMBL3742160,Cc1cc(F)cnc1C(=O)Nc1ccc(F)c([C@]2(C)C[S@@]3(=O)=NCCCCN3C(N)=N2)c1,1.5,nM,8.82
CHEMBL2408761,CC(=O)N[C@@H](Cc1cc(F)cc(F)c1)[C@H](O)CN[C@H]1CCCc2ccc(Cc3ccccc3)cc21,4705.0,nM,5.33
CHEMBL2407487,CC(C)(C)Cc1cnc2c(c1)[C@@H](NC[C@@H](O)[C@@H]1Cc3cccc(c3)CCCCCCC(=O)N1)CC1(CCC1)O2,5.9,nM,8.23
CHEMBL2407341,C=CCc1cccc(C[C@H](NC(=O)c2cc(-c3ccccn3)c(=O)n(CC=C)c2)[C@H](O)CN[C@H]2CC3(CCC3)Oc3ccc(CC)cc32)c1,210.0,nM,6.68
CHEMBL3586132,Cl.NC1=NC23CCC(NC(=O)c4cccc(Cl)c4)CC2(COC3)CS1,36100.0,nM,4.44
CHEMBL3894111,CCOC1(F)CCC2(CC1)Cc1ccc(-c3cccc(C#N)c3)cc1C21N=C(N)N(C)O1,41.7,nM,7.38
CHEMBL3703280,COc1cncc(-c2ccc3c(c2)[C@@]2(COC(N)=N2)C2(COC2)[C@@H](C)O3)c1,510.0,nM,6.29
CHEMBL3931664,CN1C(=O)C2(NC1N)c1cc(OCC(F)(F)F)ccc1OC21CCc2ccccc2CC1,7.0,nM,8.15
CHEMBL3962306,CC(=O)N1CCC2(CC1)Oc1ccc(-c3cccc(C#N)c3)cc1C21N=C(N)N(C)C1=O,1949.0,nM,5.71
CHEMBL3983916,Cc1onc2c1CC1(CC2)Cc2ccc(-c3cc(F)cc(Cl)c3)cc2C12N=C(N)N(C)C2=O,1.1,nM,8.96
CHEMBL3911653,CN1C(=O)C2(CC3(CC=CC3)c3ccc(Br)cc32)N=C1S,13500.0,nM,4.87
CHEMBL3955352,COC1CCC2(CC1)Cc1ccc(OCC3CC3)cc1C21NC(=S)N(CCC(F)(F)F)C1=O,10.0,nM,8.0
CHEMBL3905707,CO[C@H]1CC[C@]2(CC1)Cc1ccc(-c3cnc(C)nc3)cc1C21N=C(N)N(C(C)C)C1=O,23.0,nM,7.64
CHEMBL4115567,COCCN1C(=O)[C@]2(N=C1N)c1cc(C#CC3CC3)ccc1C[C@]21CC[C@@H](OC)CC1,6.0,nM,8.22
CHEMBL5783561,CC1(c2cc(-c3cncnc3)ccc2F)CC2(CCOCC2)OC(N)=N1,569.0,nM,6.25
CHEMBL4453037,C[C@]1(c2cc(NC(=O)c3ccc(C#N)cn3)ccc2F)N=C(N)O[C@H]2[C@@H]1OCC2(F)F,0.391,nM,9.41
CHEMBL402122,CCNc1cc(C(=O)N[C@@H](Cc2ccccc2)[C@H](O)CNC2CCCC2)cc(N2CCCC2=O)c1,2450.0,nM,5.61
CHEMBL5186842,C[C@@]1(c2cc(-c3ccc(Cl)cn3)ccc2F)CCC2(CC2)C(N)=N1,31.0,nM,7.51
CHEMBL3650795,CC1(C)Oc2ccc(-c3ccnc(Cl)c3)cc2C2(COC(N)=N2)C12COC2,1064.0,nM,5.97
CHEMBL3952078,COCCN1C(=O)NC2(C1=O)c1cc(C#N)ccc1CC21CCc2ccccc2CC1,16.1,nM,7.79
CHEMBL3703312,N#Cc1cncc(-c2ccc3c(c2)C2(COC(N)=N2)C2(COC2)C2(CCC2)O3)c1,2300.0,nM,5.64
CHEMBL3925459,CCC(CC)CN1C(=O)C2(N=C1N)c1cc(CCC3CC3)ccc1CC21CCC(OC)CC1,16.3,nM,7.79
CHEMBL4113818,COCC(C)N1C(=O)[C@]2(N=C1N)c1cc(CCC3CC3)ccc1CC21CCC(OC)CC1,481.5,nM,6.32
CHEMBL3963268,CN1C(=O)C2(N=C1N)c1cc(Cl)ccc1CC21CCC(OC(F)F)CC1,20.0,nM,7.7
CHEMBL3683800,NC1=N[C@@](CF)(c2cc(NC(=O)c3ccc(Br)cn3)cc(F)c2F)[C@@H]2C[C@@H]2O1,6495.0,nM,5.19
CHEMBL3683808,NC1=N[C@](CF)(c2cc(NC(=O)c3ccc(Cl)cn3)cc(F)c2F)[C@H]2C[C@H]2O1,43.9,nM,7.36
CHEMBL3683813,Cc1nc(Cl)cnc1C(=O)Nc1ccc(F)c([C@]2(C(F)F)N=C(N)O[C@H]3C[C@H]32)c1,61.6,nM,7.21
CHEMBL3688756,[C-]#[N+]c1ccc(C(=O)Nc2ccc(F)c([C@@]3(C(F)F)N=C(N)O[C@@H]4C[C@@H]43)n2)nc1,100.5,nM,7.0
CHEMBL5972003,C#C[C@H](C)Oc1cnc(/C(F)=C/c2ccc(F)c([C@@]3(C)N=C(N)S[C@@]4(COC)C[C@H]43)c2)cn1,3.0,nM,8.52
CHEMBL6041967,CN(C)C(=O)[C@]12C[C@H]1[C@@](C)(c1cc(/C=C(\F)c3ccc(Cl)cn3)cnc1F)N=C(N)S2,22.7,nM,7.64
CHEMBL3703205,NC1=NC2(CO1)c1cc(Br)ccc1OCC21CCCO1,73300.0,nM,4.13
CHEMBL3981855,CCCC1Oc2ccc(Br)cc2C2(COC(N)=N2)C12COC2,17400.0,nM,4.76
CHEMBL3703232,CC1(C)Oc2ccc(NC(=O)c3ccc(Cl)cn3)cc2C2(COC(N)=N2)C12COC2,82.2,nM,7.08
CHEMBL3650772,CC1(C)Oc2ccc(-c3cccc(C4CC4)c3)cc2C2(COC(N)=N2)C12COC2,389.0,nM,6.41
CHEMBL3650797,CC1(C)Oc2ccc(C3=CCCCCC3)cc2C2(COC(N)=N2)C12COC2,760.0,nM,6.12
CHEMBL3703298,NC1=NC2(CO1)c1cc(-c3cc(Cl)cnc3F)ccc1OCC21CC1,1130.0,nM,5.95
CHEMBL3956487,CN1OC2(C=C1N)c1cc(-c3cccc(C#N)c3)ccc1CC21CCc2ccccc2C1,194.7,nM,6.71
CHEMBL3984177,COCCN1C(=O)C2(N=C1N)c1cc(CCC3CC3)ccc1CC21CCC(OC)CC1,13.2,nM,7.88
CHEMBL3972752,CO[C@H]1CC[C@]2(CC1)Cc1ccc(C#CC3CC3)cc1C21N=C(N)N(C(C)c2cccnn2)C1=O,17.0,nM,7.77
CHEMBL2180022,CC1=NC(c2ccccc2)(c2cccc(-c3cccnc3)c2)N=C1N,1900.0,nM,5.72
CHEMBL2181888,COCC(=O)N[C@@H](Cc1cccc(-c2ccncc2)c1)[C@H](O)CN[C@H]1CC2(CCC2)Oc2ncc(CC(C)(C)C)cc21,9.8,nM,8.01
CHEMBL2181913,CCO[C@H](C)C(=O)N[C@@H](Cc1cccc(-c2nccs2)c1)[C@H](O)CN[C@H]1CC2(CCC2)Oc2ncc(CC(C)(C)C)cc21,16.0,nM,7.8
CHEMBL2181892,COCC(=O)N[C@@H](Cc1cccc(-c2nccs2)c1)[C@H](O)CN[C@H]1CC2(CCC2)Oc2ncc(CC(C)(C)C)cc21,4.1,nM,8.39
CHEMBL2178153,CN1C(=N)N[C@@]2(c3cc(-c4cccc(C#N)c4)cs3)CN(c3ccccn3)C[C@H]2C1=O,50.0,nM,7.3
CHEMBL5840344,COC[C@]12C[C@H]1[C@@](C)(c1cc(/C=C(\F)c3cnc(OCc4cc(C)no4)cn3)ccc1F)N=C(N)S2,825.0,nM,6.08
CHEMBL2178150,CN1C(=N)N[C@@]2(c3cc(-c4cccc(C#N)c4)cs3)CN(c3ccc(F)cc3)C[C@H]2C1=O,191.0,nM,6.72
CHEMBL5837826,C[C@]1(c2cc(/C=C(\F)c3ccc(C4COC4)cn3)ccc2F)N=C(N)S[C@@]2(C(=O)N3CCOCC3)C[C@H]21,545.0,nM,6.26
CHEMBL2177912,NC1=NC(c2cccc(-c3cncnc3)c2)(c2ccnc(C(F)F)c2)c2cccc(F)c21,17.0,nM,7.77
CHEMBL6028245,COC(CNC(=O)[C@]12C[C@H]1[C@@](C)(c1cc(/C=C(\F)c3ccc(C#N)cn3)ccc1F)N=C(N)S2)OC,3.0,nM,8.52
CHEMBL5872022,CC(=O)COc1cnc(/C(F)=C/c2cnc(F)c([C@@]3(C)N=C(N)S[C@@]4(C(=O)N(C)C)C[C@H]43)c2)cn1,365.0,nM,6.44
CHEMBL2177905,NC1=NC(c2ccncc2)(c2cccc(-c3cncc(F)c3)c2)c2cccc(F)c21,137.0,nM,6.86
CHEMBL3400767,CCCN(CCC)C(=O)c1cccc(C(=O)N[C@@H](Cc2ccccc2)[C@@H](O)CC(=O)N[C@@H](CC(C)C)C(=O)N[C@@H](C)C(=O)N(C)[C@H](Cc2ccccc2)C(=O)O)c1,480.0,nM,6.32
CHEMBL4449108,Cc1onc(-c2ccc(F)cc2)c1[C@@H]1C[C@@](C)(c2ccc(F)cc2F)N=C(N)S1,320.0,nM,6.5
CHEMBL4578085,Cc1nocc1[C@@H]1C[C@@](C)(c2ccc(F)cc2F)N=C(N)S1,300.0,nM,6.52
CHEMBL3326698,O=C(NCCCCCNc1c2c(nc3ccccc13)CCCC2)c1cc2ccccc2oc1=O,40100.0,nM,4.4
CHEMBL4438044,CC1(c2cc(NC(=O)c3ccc(C#N)cn3)ccc2F)Cc2ncc(F)cc2C(N)=N1,2.0,nM,8.7
CHEMBL4437405,C[C@H]1SC(N)=N[C@](C)(c2cc(NC(=O)c3cnc(F)cn3)ccc2F)C12CC(F)(F)C2,11.9,nM,7.92
CHEMBL4464845,Cc1cc(Cl)cnc1C(=O)Nc1ccc(F)c([C@@]2(C)N=C(N)[C@]3(C)CC[C@H]2S3(=O)=O)c1,2.0,nM,8.7
CHEMBL4449357,NC1=N[C@](CF)(c2cc(NC(=O)c3cnc(Cl)cn3)cc(F)c2F)[C@H]2[C@@H](S1)C2(F)F,15.2,nM,7.82
CHEMBL4440268,C[C@@]1(c2cc(NC(=O)c3nc4ccc(C#N)nc4s3)ccc2F)CO[C@@](C)(C(F)(F)F)C(N)=N1,8.18,nM,8.09
CHEMBL4473955,CC(F)(F)[C@H]1OC[C@]2(c3cc(NC(=O)c4cnc(-n5cncn5)cn4)ccc3F)N=C(N)SC[C@H]12,0.385,nM,9.41
CHEMBL4591139,CC(F)(F)[C@H]1OC[C@]2(c3cc(NC(=O)c4ccc(C(F)(F)F)cn4)ccc3F)N=C(N)SC[C@H]12,11.9,nM,7.92
CHEMBL4204869,C[C@H]1OC[C@]2(c3cc(NC(=O)c4cnc(C(F)F)cn4)ccc3F)N=C(N)SC[C@H]12,7.0,nM,8.15
CHEMBL4445405,C[C@@]1(c2cc(NC(=O)c3ccc(OCF)cn3)ccc2F)C[C@@H](C(F)(F)F)SC(N)=N1,5.67,nM,8.25
CHEMBL4588608,Cc1cc(C#N)cnc1C(=O)Nc1ccc(F)c([C@]2(C)CS3(=O)=NCCCCC3(C)C(N)=N2)c1,0.2,nM,9.7
CHEMBL3680856,C[C@]1(c2cc(NC(=O)c3ncc(F)cc3F)ccc2F)N=C(N)OC[C@@H]1F,1.0,nM,9.0
CHEMBL3680884,C[C@]1(c2cc(NC(=O)C3CC3)ccc2F)N=C(N)OC[C@@H]1F,730.0,nM,6.14
CHEMBL3703226,CC#Cc1cc(-c2ccc3c(c2)C2(COC(N)=N2)C2(COC2)CO3)ncn1,1350.0,nM,5.87
CHEMBL3650781,CC1(C)Oc2ccc(-c3cc(F)ccn3)cc2C2(COC(N)=N2)C12COC2,1100.0,nM,5.96
CHEMBL3904142,CO[C@H]1CC[C@]2(CC1)Cc1ccc(OCC3CC3)cc1[C@@]21N=C(N)N(CC(F)(F)F)C1=O,3106.0,nM,5.51
CHEMBL4109969,C[C@]1(c2nc(NC(=O)c3ncc(F)cc3N)ccc2F)N=C(N)OCC1(F)F,330.0,nM,6.48
CHEMBL3982754,COc1ccc([C@H]2C[C@H]3CSC(N)=N[C@@]3(c3ccc(F)cc3F)CO2)cc1,29.0,nM,7.54
CHEMBL3897325,COc1cc([C@H]2C[C@H]3CSC(N)=N[C@@]3(c3ccc(F)cc3F)CO2)ccc1F,214.0,nM,6.67
CHEMBL3935755,NC1=N[C@@]2(c3ccc(F)cc3F)CO[C@@H](c3ccc4c(c3)CCO4)C[C@H]2CS1,6.0,nM,8.22
CHEMBL3304178,CC1=CC2Cc3nc4cc(Cl)ccc4c(NCc4ccc(CNC(=O)c5cc(O)c6c(c5)C(=O)c5cccc(O)c5C6=O)cc4)c3C(C1)C2,2020.0,nM,5.7
CHEMBL3653458,CCc1nc(C(=O)Nc2ccc(F)c([C@]3(C(F)F)COCC(N)=N3)c2)co1,330.0,nM,6.48
CHEMBL3653461,NC1=N[C@@](c2cc(NC(=O)c3ccc(O)nn3)ccc2F)(C(F)F)COC1,260.0,nM,6.58
CHEMBL3653484,COc1cnc(C(=O)Nc2ccc(F)c([C@]3(C(F)F)COCC(N)=N3)c2)c(Cl)c1,66.0,nM,7.18
CHEMBL3653492,NC1=N[C@@](c2cc(NC(=O)c3ncc(Cl)cc3O)ccc2F)(C(F)F)COC1,12.0,nM,7.92
CHEMBL4857933,CC(C)(C)c1ccc(CNC[C@H](O)[C@H](Cc2ccccc2)NC(=O)C(c2ccccc2)c2ccccc2)cc1,2100.0,nM,5.68
CHEMBL3936760,COC1CCC2(CC1)Cc1ccc(-c3cncc(F)c3)cc1C21N=C(N)N(CC(F)(F)F)C1=O,19.5,nM,7.71
CHEMBL3984957,COC1CCC2(CC1)Cc1ccc(OCC3CC3)cc1C21N=C(N)N(CC(N)(F)F)C1=O,13.5,nM,7.87
CHEMBL3907689,COC1CCC2(CC1)Cc1ccc(CCC3CC3)cc1C21N=C(N)N(Cc2cccc(C#N)c2)C1=O,62.3,nM,7.21
CHEMBL3703289,CC#Cc1cncc(-c2ccc3c(c2)C2(COC(N)=N2)C2(COC2)C(CCC)O3)c1,124.0,nM,6.91
CHEMBL3677279,COc1cc(F)c2c(c1)[C@@]1(N=C(N)N3CCCN=C31)c1cc(-c3cccnc3F)ccc1O2,22.0,nM,7.66
CHEMBL3746261,CC(C)c1ccc(C(=O)O[C@H]2CN(C(=O)OC(C)(C)C)C[C@@H]2Nc2nc3cc(F)ccc3[nH]2)cc1,70.0,nM,7.16
CHEMBL3974551,CC(C)CCNc1ccc(F)c([C@]2(C)COCC(N)=N2)c1,1360.0,nM,5.87
CHEMBL3958106,C[C@@]1(c2cc(NCC(F)(F)F)ccc2F)COCC(N)=N1,350.0,nM,6.46
CHEMBL5808859,C#C[C@H](CC)Oc1cnc(/C(F)=C/c2ccc(F)c([C@]3(C)CS(=O)(=O)C(C)(C)C(N)=N3)c2)cn1,3.0,nM,8.52
CHEMBL5853700,CN1C(N)=N[C@](C)(c2cc(/C=C(\F)c3cc4c(cn3)OCCO4)ccc2F)CS1(=O)=O,108.0,nM,6.97
CHEMBL5924802,C#CCOc1cnc(/C(F)=C/c2ccc(F)c([C@@]3(C)N=C(N)C(C)(C)S(=O)(=O)C3(F)F)c2)cn1,9570.0,nM,5.02
CHEMBL3670358,Cc1cc(C(N)=S)cnc1C(=O)Nc1cc(C2(CF)COCC(N)=N2)ccn1,10000.0,nM,5.0
CHEMBL3670382,Cc1cnc(C(=O)Nc2ccc(F)c([C@]3(C)CO[C@@](C)(C(F)(F)F)C(N)=N3)n2)c(C)n1,230.0,nM,6.64
CHEMBL3670387,C[C@@]1(c2nc(NC(=O)c3nn(C(F)F)cc3Cl)ccc2F)CO[C@@](C)(C(F)(F)F)C(N)=N1,10.0,nM,8.0
CHEMBL3586207,CCCC[C@@H](O)/C=C/C=C/C(=O)O,6910.0,nM,5.16
CHEMBL5996020,CN(C)C(=O)[C@]12C[C@H]1[C@@](C)(c1cc(C#CC3CC3)ccc1F)N=C(N)S2,20.0,nM,7.7
CHEMBL5849577,Cc1cc(C#N)cnc1C#Cc1cnc(F)c([C@@]2(C)N=C(N)S[C@@]3(C(=O)N4CCCC4)CC32)c1,11.0,nM,7.96
CHEMBL2011974,CN1C(=N)NC(c2ccccc2)(c2cccc(-c3cccnc3)c2)C1=O,1680.0,nM,5.78
CHEMBL2011967,COc1cccc(-c2cccc(C3(c4ccccc4)NC(=N)N(C)C3=O)c2)c1,392.0,nM,6.41
CHEMBL3985831,NC1=N[C@](CF)(c2cc(Nc3ncccc3F)ccc2F)C[C@@H](C(F)(F)F)O1,574.0,nM,6.24
CHEMBL3938609,NC1=N[C@](CF)(c2cc(C#Cc3cccc4cc[nH]c34)ccc2F)C[C@@H](C(F)(F)F)O1,5600.0,nM,5.25
CHEMBL3904149,C#CCOc1cnc(C(=O)Nc2cc(C)c(F)c([C@]3(CF)C[C@@H](C(F)(F)F)OC(N)=N3)c2)cn1,1.0,nM,9.0
CHEMBL3972147,Cc1cc(OCC(F)(F)F)cnc1C(=O)Nc1cc(C)c(F)c([C@]2(CF)C[C@@H](C(F)(F)F)OC(N)=N2)c1,66.0,nM,7.18
CHEMBL3965367,C[C@@]1(c2cc(NC(=O)c3ccc(C#N)cn3)cc(Cl)c2F)C[C@@H](C(F)(F)F)OC(N)=N1,23.0,nM,7.64
CHEMBL267053,CC(=O)c1ccccc1-c1cc(C(=O)N[C@@H](Cc2ccccc2)[C@H](O)CNCC2CC2)cc(C(=O)N[C@H](C)c2ccccc2)c1,418.0,nM,6.38
CHEMBL443239,CCCN(CCC)C(=O)c1cccc(C(=O)N[C@@H](Cc2ccccc2)[C@H](O)CNCc2cccc(OC)c2)c1,500.0,nM,6.3
CHEMBL4212939,N#Cc1ccc(C(=O)Nc2ccc(F)c([C@]3(C4CC4)C=C(CF)OC(N)=N3)c2)nc1,329.0,nM,6.48
CHEMBL1097326,CCCN(CCC)C(=O)c1cc(C)cc(C(=O)N[C@@H](Cc2cc(F)cc(F)c2)[C@H](O)[C@H]2CN(S(=O)(=O)c3cccc(OC)c3)CCN2)c1,440.0,nM,6.36
CHEMBL3985866,CN1C(=O)C2(N=C1N)c1cc(-c3cccnc3)ccc1CC21CCc2ccccc2CC1,1.4,nM,8.85
CHEMBL3912922,CN1C(=O)C2(N=C1N)c1ccccc1CC21CCc2ccccc2CC1,74.6,nM,7.13
CHEMBL3650790,CC1(C)Oc2ccc(-c3cc(F)ncc3Cl)cc2C2(COC(N)=N2)C12COC2,930.0,nM,6.03
CHEMBL3653664,CC1=NC2(CCOc3ccc(NC(=O)c4ccc(C)s4)cc32)N=C1N,6460.0,nM,5.19
CHEMBL3653732,COCc1cccc(-c2ccc3c(c2)C2(N=C(C)C(N)=N2)[C@]2(CC[C@H](OC)CC2)C3)c1,22.0,nM,7.66
CHEMBL3955716,CO[C@H]1CC[C@]2(CC1)Cc1ccc(-c3cc(C#N)cc(C(F)F)c3)cc1[C@@]21N=C(C)C(N)=N1,1.5,nM,8.82
CHEMBL3917003,CO[C@H]1CC[C@]2(CC1)Cc1ccc(-c3ccc(F)cc3F)cc1[C@@]21N=C(C)C(N)=N1,34.0,nM,7.47
CHEMBL3683908,C#C[C@H](C)Oc1cnc(C(=O)Nc2ccc(F)c([C@@]3(C(F)F)N=C(N)O[C@@H]4C[C@@H]43)c2)cn1,8.5,nM,8.07
CHEMBL3688617,Cc1cc(C(F)F)cnc1C(=O)Nc1ccc(F)c([C@@]2(C(F)F)N=C(N)O[C@@H]3C[C@@H]32)c1,61.0,nM,7.21
CHEMBL3688628,C#CCOc1cnc(C(=O)Nc2ccc(F)c([C@@]3(CF)N=C(N)O[C@@H]4C[C@@H]43)c2)cn1,6.6,nM,8.18
CHEMBL3688631,Cc1c(C(=O)Nc2ccc(F)c([C@@]3(CF)N=C(N)O[C@@H]4C[C@@H]43)c2)nc2ccc(Cl)cn12,189.0,nM,6.72
CHEMBL3693242,NC1=N[C@@](c2cc(-c3nc4ccc(Cl)cc4o3)ccc2F)(C(F)F)[C@H]2C[C@H]2O1,1236.5,nM,5.91
CHEMBL464913,O=C(Cc1cccc2ccccc12)Nc1cc(Br)ccc1OCCNC1CCCCC1,47090.0,nM,4.33
CHEMBL253214,CCOc1ccc(-c2ccc(-c3ccccc3)n2CC(=O)NC(=N)N)cc1,1600.0,nM,5.8
CHEMBL252191,N=C(N)NC(=O)Cn1c(-c2ccccc2)ccc1-c1ccc(NC(=O)c2ccc(Br)cc2)cc1,1400.0,nM,5.85
CHEMBL5173292,COc1cnc(-c2ccc(F)c([C@]3(CF)CC[C@@](C)(C#N)C(N)=N3)c2)cn1,54.0,nM,7.27
CHEMBL4208507,Cc1ccc(S(=O)(=O)N(CC(O)Cn2c3ccccc3c3ccccc32)C2CCCCC2)cc1,3900.0,nM,5.41
CHEMBL4206849,COc1ccc(S(=O)(=O)N(CCc2ccccc2)CC(O)Cn2c3ccccc3c3ccccc32)cc1,3000.0,nM,5.52
CHEMBL4204042,O=[N+]([O-])c1ccc(N(CC(O)Cn2c3ccccc3c3ccccc32)S(=O)(=O)c2ccccc2)cc1,3800.0,nM,5.42
CHEMBL5192597,COC(=O)[C@@H]1CCCN1C(=O)[C@@H](Cc1ccc(O)cc1)N(C)C(=O)[C@H](C)NC(=O)[C@H](CC(C)C)NC(=O)C[C@H](O)[C@H](Cc1ccccc1)NC(=O)[C@H](CCC(N)=O)N(C)C(=O)[C@@H](NC(=O)OCc1ccccc1)C(C)C,775.0,nM,6.11
CHEMBL3977126,COC1CCC2(CC1)Cc1ccc(-c3cccnc3)cc1C21N=C(N)N(C)C1=O,3.3,nM,8.48
CHEMBL3922159,COC1CCC2(CC1)Cc1ccc(CCC3CC3)cc1[C@]21N=C(N)N([C@@H](C)c2ccccc2)C1=O,97.8,nM,7.01
CHEMBL3422235,NC1=N[C@@]2(c3ccc(F)cc3F)CO[C@@H](c3ncco3)C[C@H]2CS1,614.0,nM,6.21
CHEMBL5091705,Cl.NC1=N[C@@]2(c3cnccn3)CN(c3ncc(F)cn3)C[C@H]2CS1,470.0,nM,6.33
CHEMBL2349483,CCN1C(=O)C2(CC(C)(C)Oc3ccc(-c4cccc(Cl)c4)cc32)N=C1N,260.0,nM,6.58
CHEMBL2349609,Cc1ccc(C(=O)Nc2ccc3c(c2)C2(CC(C)(C)O3)N=C(N)N(C)C2=O)o1,230.0,nM,6.64
CHEMBL2349501,CN1C(=O)C2(CC(C)(C)Oc3ccc(-c4cccnc4)cc32)N=C1N,113.0,nM,6.95
CHEMBL2349495,CSc1cccc(-c2ccc3c(c2)C2(CC(C)(C)O3)N=C(N)N(C)C2=O)c1,344.0,nM,6.46
CHEMBL2349612,CN1C(=O)C2(CC(C)(C)Oc3ccc(-c4cccc(Cl)c4)cc32)N=C1N,24.0,nM,7.62
CHEMBL3747766,CC(C)(C)OC(=O)N1C[C@H](Nc2nc3cc(F)ccc3[nH]2)[C@@H](OCc2ccc(-c3ccccc3)cc2)C1,120.0,nM,6.92
CHEMBL3746656,CC(C)c1ccc(CO[C@H]2CN(C(=O)OC(C)(C)C)C[C@@H]2Nc2nc3cc(F)ccc3[nH]2)cc1,730.0,nM,6.14
CHEMBL3354716,CC(C)(F)COc1cc(F)c2c(c1)[C@]1(COC(N)=N1)c1cc(-c3cccnc3F)ccc1O2,9.0,nM,8.05
CHEMBL3355143,NC1=N[C@@]2(CO1)c1cc(-c3cccnc3F)ccc1Oc1c(F)cc(-c3ccccn3)cc12,12.0,nM,7.92
CHEMBL3915868,CC1=N[C@@]2(C[C@H]([C@H]3CCCOC3)Oc3ccc(-c4cccc(Cl)c4)cc32)N=C1N,14.0,nM,7.85
CHEMBL3597548,CN(Cc1ccccc1)Cc1ccc(/C=C2\Cc3ccc(OCCCCCN4CCC(c5ccccc5)CC4)cc3C2=O)cc1,13400.0,nM,4.87
CHEMBL4585811,Cc1onc(-c2ccccc2)c1[C@@H]1C[C@@](C)(c2ccc(F)cc2F)N=C(N)S1,160.0,nM,6.8
CHEMBL3672719,CC1=NC2(N=C1N)c1cc(-c3cc(F)cc(F)c3)ccc1CCC21CC1,130.0,nM,6.89
CHEMBL3968748,COc1cnc(C(=O)Nc2ccc3c(c2)C2(CCSC(N)=N2)c2cc(C4=CCCOC4)nc(F)c2O3)cn1,1.8,nM,8.74
CHEMBL3670925,CC1(C)OCC(N)=N[C@](C)(c2cc(Nc3cccnc3)ccc2F)C1(F)F,1100.0,nM,5.96
CHEMBL3670905,C[C@]1(c2cc(NCc3nn(C(F)F)cc3Cl)ccc2F)N=C(N)COC[C@@H]1F,40.0,nM,7.4
CHEMBL3261051,CC#CCOc1cnc(C(=O)Nc2ccc(F)c(C34COCC3COC(N)=N4)c2)cn1,27.0,nM,7.57
CHEMBL1957468,COc1cccc(-c2cccc(C3(c4ccncc4)N=C(N)N4CCCN=C43)c2)c1F,90.0,nM,7.05
CHEMBL3799879,CNc1nc(N2C[C@H]3C(=O)N(C)C(=N)N[C@@]3(c3ccc(C#N)s3)C2)nc(C)c1F,157.0,nM,6.8
CHEMBL3797680,CSc1nc(N2C[C@H]3C(=O)N(C)C(=N)N[C@@]3(c3ccc(C#N)s3)C2)nc(C)c1F,36.0,nM,7.44
CHEMBL3747556,Cc1ccc2[nH]c(N[C@H]3CN(C(=O)c4ccccc4)C[C@@H]3OC(=O)c3ccc(-c4ccccc4)cc3)nc2c1,390.0,nM,6.41
CHEMBL3797321,CCc1nc(N2C[C@H]3C(=O)N(C)C(=N)N[C@@]3(c3ccc(Cl)s3)C2)nc(OC)c1F,203.0,nM,6.69
CHEMBL3800447,COc1nc(N2C[C@H]3C(=O)N(C)C(=N)N[C@@]3(c3ccc(C#N)s3)C2)ncc1F,238.0,nM,6.62
CHEMBL4107875,COCC#Cc1cnc(C(=O)Nc2ccc(F)c([C@@]3(C)N=C(N)OCC3(F)F)n2)c(Cl)c1,83.0,nM,7.08
CHEMBL3905149,CN1C(=O)C2(N=C1N)c1cc(C#N)ccc1CC21CCc2ccccc2CC1,43.0,nM,7.37
CHEMBL4113931,CN1C(=O)[C@]2(N=C1N)c1cc(C#CC3CC3)ccc1C[C@]21CC[C@@H](OC(F)F)CC1,2.4,nM,8.62
CHEMBL2151179,CC#Cc1cncc(-c2ccc([C@]3(C)CC(=O)N(C)C(=N)N3)s2)c1,42.0,nM,7.38
CHEMBL2151134,CN1C(=N)N[C@](C)(c2cccc(-c3cccc(C#N)c3)c2)CC1=O,450.0,nM,6.35
CHEMBL3703211,C[C@H]1Oc2ccc(Br)cc2[C@@]2(COC(N)=N2)C12COC2,39000.0,nM,4.41
CHEMBL3806215,Cc1noc(C)c1[C@@H]1C[C@@](C)(c2cc(F)cc(NC(=O)c3ccc(Cl)cn3)c2)N=C(N)S1,2.3,nM,8.64
CHEMBL5170536,COc1cnc(-c2ccc(F)c([C@]3(C)CC[C@@](C)(C#N)C(N)=N3)c2)cn1,9.8,nM,8.01
CHEMBL3701715,Cl.N#Cc1ccc([C@]23CN(c4ncc(F)cn4)C[C@H]2CSC(N)=N3)s1,110.0,nM,6.96
CHEMBL3586196,C[C@@]12CC[C@@H]3[C@](C)(CC[C@H](OC(=O)/C=C/c4ccc(O)cc4)[C@]3(C)C(=O)O)[C@H]1CC[C@H]1C(=CC[C@@H]3[C@]1(C)CC[C@@H](O)[C@]3(C)CO)C2,1070.0,nM,5.97
CHEMBL3586204,C[C@@]12CC[C@@H]3[C@](C)(CC[C@H](OC(=O)c4ccc(O)cc4)[C@]3(C)C(=O)O)[C@H]1CC[C@@H]1[C@@]3(C)CC[C@@H](O)[C@](C)(CO)[C@@H]3C[C@H](O)[C@@]1(O)C2,310.0,nM,6.51
CHEMBL5932570,COC[C@]12C[C@H]1[C@@](C)(c1cc(/C=C(\F)c3cnc(OCC4CC4)cn3)ccc1F)N=C(N)S2,660.0,nM,6.18
CHEMBL5779650,C#CCOc1cnc(/C(F)=C/c2cnc(F)c([C@@]3(C)N=C(N)S[C@@]4(C(=O)N(C)C)C[C@H]43)c2)cn1,1.9,nM,8.72
CHEMBL5937419,CNC(=O)[C@]12C[C@H]1[C@@](C)(c1cc(/C=C(\F)c3cnc(Cl)cn3)ccc1F)N=C(N)S2,7.0,nM,8.15
CHEMBL5968061,CNC(=O)[C@]12C[C@H]1[C@@](C)(c1cc(/C=C(\F)c3cnc(C#N)cn3)ccc1F)N=C(N)S2,1.8,nM,8.74
CHEMBL6037505,C[C@]1(c2cc(/C=C(\F)c3cnc(OCC(F)(F)F)cn3)ccc2F)N=C(N)S[C@@]2(S(C)(=O)=O)C[C@H]21,14.7,nM,7.83
CHEMBL4127412,N#Cc1c(-c2cccc(C(F)(F)F)c2)nc(SCC(=O)Nc2nc(-c3cc(Cl)c(N)c(Cl)c3)cs2)[nH]c1=O,13400.0,nM,4.87
CHEMBL4127550,N#Cc1c(-c2cccc(OC(F)(F)F)c2)nc(SC(C(N)=O)c2nc(-c3ccccc3)cs2)[nH]c1=O,29600.0,nM,4.53
CHEMBL4592239,C[C@]1(c2cc(NC(=O)c3cnc(OCF)cn3)ccc2F)N=C(N)SCC12CC(F)(F)C2,5.5,nM,8.26
CHEMBL4582946,C[C@@]1(c2cc(NC(=O)c3ccc(F)cn3)ccc2F)CCSC(N)=N1,16.0,nM,7.8
CHEMBL4845832,O=C(CC(c1ccccc1)c1ccccc1)N[C@@H](Cc1ccccc1)[C@@H](O)CNCc1ccccc1,17400.0,nM,4.76
CHEMBL4874266,CC(C)(C)c1cccc(CNC[C@@H](O)[C@H](Cc2ccccc2)NC(=O)C(c2ccccc2)c2ccccc2)c1,5900.0,nM,5.23
CHEMBL438691,CCS(=O)(=O)N(C)c1cc2cc(c1)C(=O)N[C@@H](c1ccccc1)CCc1cccc(c1)C[C@@](C)(N)COC2,56.0,nM,7.25
CHEMBL248884,C[C@]1(N)COCc2cc(cc(N(c3ccccc3)S(C)(=O)=O)c2)C(=O)N[C@@H](c2ccccc2)CCc2cccc(c2)C1,12.0,nM,7.92
CHEMBL3653488,NC1=N[C@@](c2cc(NC(=O)c3ncc(Br)cc3N)ccc2F)(C(F)F)COC1,8.0,nM,8.1
CHEMBL3916731,CO[C@H]1CC[C@@]2(Cc3ccc(C#N)cc3[C@]23N=C(N)N(Cc2ncccn2)C3=O)C[C@@H]1C,11.0,nM,7.96
CHEMBL3672685,CC1=N[C@@]2(N=C1N)c1cc(OCC(C)C)ccc1C[C@]21CC[C@@H](O)CC1,13.0,nM,7.89
CHEMBL3898248,CO[C@H]1CC[C@]2(CC1)Cc1ccc(OCCC(F)(F)F)cc1[C@@]21N=C(C)C(N)=N1,4.7,nM,8.33
CHEMBL3899321,CO[C@H]1CC[C@]2(CC1)Cc1ccc(OCC(C)F)cc1C21N=C(C)C(N)=N1,6.7,nM,8.17
CHEMBL1916166,CCC(C)[C@@]1(NC(C)=O)CCN([C@@H](CCc2ccccc2)C(=O)N[C@@H](Cc2cc(F)cc(F)c2)[C@H](O)[C@H]2C[C@@H](OCc3cccc(C(F)(F)F)c3)CN2)C1=O,2.7,nM,8.57
CHEMBL4856391,CC#C[C@@]1(c2cc(NC(=O)c3cnc(OCF)cn3)ccc2F)CCOC(N)=N1,145.0,nM,6.84
CHEMBL5184529,CC(C)C[C@H](NC(=O)C[C@H](O)[C@H](Cc1ccccc1)NC(=O)[C@H](CCC(N)=O)N(C)C(=O)[C@@H](NC(=O)OCc1ccccc1)C(C)C)C(=O)N[C@@H](C)C(=O)N(C)[C@H](Cc1ccc(O)cc1)C(=O)N1CCC[C@H]1C(=O)NCCOCCOCCn1cc(CNC(=O)[C@H](CCCCNC(=O)[C@H](CCCCN)NC(=O)[C@H](CCCCN)NC(=O)[C@H](CCC(N)=O)NC(=O)[C@H](CO)NC(=O)CCN2c3ccccc3C(C)(C)[C@]23C=Cc2cc([N+](=O)[O-])ccc2O3)NC(=O)[C@H](CCCCN)NC(=O)[C@H](CCCCN)NC(=O)C(CCC(N)=O)NC(=O)[C@H](CO)NC(=O)CCN2c3ccccc3C(C)(C)[C@]23CCc2cc([N+](=O)[O-])ccc2O3)nn1,828.0,nM,6.08
CHEMBL3919005,Cc1noc2c1CC1(CC2)Cc2ccc(-c3cccnc3)cc2C12N=C(N)N(C)O2,58.6,nM,7.23
CHEMBL3977679,CN1OC2(N=C1N)c1cc(-c3cccc(C#N)c3)ccc1CC21CCc2cnncc2CC1,877.2,nM,6.06
CHEMBL5776789,Cl.NC1=NC(CF)(c2cc(NC(=O)c3ccc(Br)cn3)cnc2Cl)COC1,140.0,nM,6.85
CHEMBL1952315,O=C(Nc1ccc(N(CCO)CCO)cc1)c1cnc2cc(Cl)cc(Cl)c2c1O,2270.0,nM,5.64
CHEMBL271710,CCN(Cc1ccccc1)Cc1ccc(-c2cc3ccc(OCCNC(=O)CCc4ccc(F)c(F)c4)cc3oc2=O)cc1,114.0,nM,6.94
CHEMBL4108431,COCC[C@]1(c2nc(NC(=O)c3ncc(C(F)(F)F)cc3Cl)ccc2F)N=C(N)OCC1(F)F,650.0,nM,6.19
CHEMBL2386725,C[C@]1(c2nc(NC(=O)c3ncc(OCC(F)F)nc3N)ccc2F)N=C(N)OCC1(F)F,830.0,nM,6.08
CHEMBL4111654,COc1cnc(C(=O)Nc2ccc(F)c([C@@]3(C)N=C(N)OCC3(F)F)n2)c(C)c1,270.0,nM,6.57
CHEMBL4110172,C[C@]1(c2nc(NC(=O)c3ncc(OCF)nc3N)ccc2F)N=C(N)OCC1(F)F,110.0,nM,6.96
CHEMBL2386726,C[C@]1(c2nc(NC(=O)c3nn(C(F)F)cc3Cl)ccc2F)N=C(N)OCC1(F)F,19.0,nM,7.72
CHEMBL404369,CCCCN1C[C@@H](C(=O)N[C@@H](Cc2cc(F)cc(F)c2)[C@H](O)[C@H]2C[C@@H](OCc3ccccc3)CN2)[C@H](CCC)C1=O,110.0,nM,6.96
CHEMBL430039,O=C(N[C@@H](Cc1cc(F)cc(F)c1)[C@H](O)[C@H]1C[C@@H](OCc2ccccc2)CN1)[C@H]1CC(=O)N(Cc2nccs2)C1,1200.0,nM,5.92
CHEMBL402754,O=C(N[C@@H](Cc1cc(F)cc(F)c1)[C@H](O)[C@H]1C[C@@H](OCc2ccccc2)CN1)[C@H]1CC(=O)N(Cc2cccs2)C1,303.0,nM,6.52
CHEMBL402374,O=C(N[C@@H](Cc1cc(F)cc(F)c1)[C@H](O)[C@H]1C[C@@H](OCc2ccccc2)CN1)[C@H]1CC(=O)N(Cc2cccc(F)c2)C1,338.0,nM,6.47
CHEMBL255540,CCCC(CCC)N1C[C@@H](C(=O)N[C@@H](Cc2cc(F)cc(F)c2)[C@H](O)[C@H]2C[C@@H](OCc3ccccc3)CN2)CC1=O,71.0,nM,7.15
CHEMBL258351,CCCN1C[C@@H](C(=O)N[C@@H](Cc2cc(F)cc(F)c2)[C@H](O)[C@H]2C[C@@H](OCc3ccccc3)CN2)CC1=O,900.0,nM,6.05
CHEMBL273186,CCCOc1ccc(-c2ccc(-c3ccccc3Cl)n2CC(=O)/N=C(/N)NCCCC(=O)O)cc1,130.0,nM,6.89
CHEMBL3948874,CN1C(=O)C2(N=C1N)c1cc(C#N)ccc1CC21CCC(O)CC1,7.4,nM,8.13
CHEMBL3935455,COC(=O)c1cccc(CN2C(=O)C3(N=C2N)c2cc(Br)ccc2CC32CCC(OC)CC2)c1,10.4,nM,7.98
CHEMBL300657,CSCC[C@H](NC(=O)[C@@H](NC(=O)OC(C)(C)C)C(C)C)C(=O)NC(CC(C)C)[C@@H](O)CC(=O)N[C@@H](C(=O)NCc1cccc(C(=O)O)c1)C(C)C,4000.0,nM,5.4
CHEMBL3973282,COC1CCC2(CC1)Cc1ccc(Br)cc1C21CN(CC(F)(F)F)C(N)=N1,4327.0,nM,5.36
CHEMBL3703235,CC1(C)Oc2ccc(NC(=O)c3ncc(Cl)cc3F)cc2C2(COC(N)=N2)C12COC2,97.5,nM,7.01
CHEMBL1923701,COc1ccc2[nH]c(-c3cc(C(=O)N[C@@H](C)c4ccccc4)cc(N(C)S(C)(=O)=O)c3)nc2c1,545.0,nM,6.26
CHEMBL1923750,COc1ccc2nc(-c3cccc(-c4nc5ccccn5c4NC(C)(C)C)c3)[nH]c2c1,178.0,nM,6.75
CHEMBL1923754,Fc1ccc2nc(-c3cccc(-c4cn5ccc(F)cc5n4)c3)[nH]c2c1,18.0,nM,7.75
CHEMBL3703310,NC1=NC2(CO1)c1cc(-c3cncc(C(F)F)c3)ccc1OC1(CCC1)C21COC1,990.0,nM,6.0
CHEMBL2031141,CC(=O)N[C@@H](Cc1ccc(F)cc1)[C@H](O)CN[C@H]1C[C@]2(C[C@H](C)C2)Oc2ncc(CC(C)(C)C)cc21,4.0,nM,8.4
CHEMBL2030994,CC(=O)N[C@@H](Cc1cccc(F)c1)[C@H](O)CN[C@H]1C[C@]2(C[C@@H](F)C2)Oc2ncc(CC(C)(C)C)cc21,2.0,nM,8.7
CHEMBL3949520,COC1CCC2(CC1)Cc1ccc(C#CC3CC3)cc1C21C=C(N)N(C)O1,4.5,nM,8.35
CHEMBL3956746,C#Cc1ccc2c(c1)C1(N=C(N)N(C)C1=O)C1(CCC(OC)CC1)C2,9.9,nM,8.0
CHEMBL2011991,CN1C(=N)NC(c2cccc(-c3cccc(Cl)c3)c2)(C2CCCCC2)C1=O,11000.0,nM,4.96
CHEMBL5287811,C(=N/Nc1nnc(-c2cccs2)c(-c2cccs2)n1)\c1cc2ccccc2[nH]1,690.0,nM,6.16
CHEMBL1917914,CCCS(=O)(=O)[C@@H]1CN[C@@H]([C@@H](O)[C@H](Cc2cc(F)cc(F)c2)NC(=O)[C@H](CCc2ccccc2)N2CC[C@](NC(C)=O)(C(C)CC)C2=O)C1,45.0,nM,7.35
CHEMBL2181021,COC(=O)[C@@H]1CCCN1C(=O)[C@@H](Cc1ccccc1)NC(=O)[C@H](C)NC(=O)[C@H](CC(C)C)NC(=O)C[C@H](O)[C@H](Cc1ccccc1)NC(=O)[C@H](CCC(N)=O)N(C)C(=O)[C@@H](NC(=O)[C@H](C)O)C(C)C,5430.0,nM,5.26
CHEMBL5983752,CC#Cc1cncc(-c2cc([C@]3(C)CC4(CCOCC4)OC(N)=N3)sc2C)c1,1120.0,nM,5.95
CHEMBL6029114,C[C@@]1(c2cc(NC(=O)c3ccc(Cl)cn3)ccc2F)CC2(CCOCC2)OC(N)=N1,59.0,nM,7.23
CHEMBL2152901,C[C@@]1(c2cc(NC(=O)c3ccn(C(F)F)n3)ccc2F)Cn2cc(C(F)(F)F)nc2C(N)=N1,46.77,nM,7.33
CHEMBL4106537,CO[C@H]1[C@H](C)C[C@@]2(Cc3ccc(C#N)cc3[C@]23N=C(N)N(CCC2COC2)C3=O)C[C@@H]1C,6.0,nM,8.22
CHEMBL3980437,CO[C@H]1[C@H](C)C[C@@]2(Cc3ccc(C#N)cc3[C@]23N=C(N)N(C[C@H]2COCCO2)C3=O)C[C@@H]1C,8.0,nM,8.1
CHEMBL2048206,O=C(O)c1cc(C(=O)N[C@@H](Cc2ccccc2)[C@H](O)C(=O)Nc2cccc(-c3nn[nH]n3)c2)cc(C(=O)N2COC[C@@H]2c2ccccc2)c1,122.0,nM,6.91
CHEMBL1091592,Nc1cccc(Cn2c(-c3ccc(Oc4ccccn4)cc3)ccc2-c2ccccc2Cl)n1,810.0,nM,6.09
CHEMBL1090119,CCCCOc1ccc(-c2ccc(-c3ccccc3Cl)n2Cc2cccc(N)n2)cc1,1650.0,nM,5.78
CHEMBL6012387,C[C@H]1C[C@H]2CSC(N)=N[C@@]2(c2nc(NC(=O)c3ncnn3C)cs2)CO1,4560.0,nM,5.34
CHEMBL4483673,C[C@H]1C[C@H]2CSC(N)=N[C@@]2(c2cc(NC(=O)c3ccc(OC(F)F)cn3)ccc2F)CO1,3.0,nM,8.52
CHEMBL5826779,CC#CCOc1cnc(/C(F)=C/c2ccc(F)c([C@@]3(C)N=C(N)S[C@@]4(COC)C[C@H]43)c2)cn1,17.9,nM,7.75
CHEMBL3946217,CCC(F)(F)Oc1ccc(C(=O)Nc2csc([C@]34CO[C@@H](C)C[C@H]3CSC(N)=N4)n2)nc1,308.0,nM,6.51
CHEMBL3394046,NC1=N[C@@]2(CO1)c1cc(-c3cccnc3F)ccc1Oc1cnc(N3CCOCC3)cc12,20.5,nM,7.69
CHEMBL3394051,NC1=N[C@@]2(CO1)c1cc(-c3cccnc3F)ccc1Oc1cnc(N3CC[C@@H](F)C3)cc12,4.9,nM,8.31
CHEMBL5555930,O=C(Cn1nc(-c2ccccc2)c(-c2ccccc2)nc1=O)Nc1cccc([N+](=O)[O-])c1,1247.0,nM,5.9
CHEMBL5512503,N#Cc1cccc(NC(=O)Cn2nc(-c3ccccc3)c(-c3ccccc3)nc2=O)c1,1102.0,nM,5.96
CHEMBL5550021,Cc1ccccc1NC(=O)Cn1nc(-c2ccccc2)c(-c2ccccc2)nc1=O,742.0,nM,6.13
CHEMBL3937998,CCOc1cccnc1Nc1ccc2c(c1)C1(CCSC(N)=N1)c1cc(OC)cc(F)c1O2,48.6,nM,7.31
CHEMBL3754357,COc1ccc(/C=C/C(=N/NC(=N)N)c2ccc(Cl)cc2)cc1OC,6423.0,nM,5.19
CHEMBL4112303,COc1cccc2c1OCC[C@]21CNC[C@H]1C(=O)N1CC[C@@H](c2ccccc2)C[C@H]1C1CCCC(F)(F)C1,2190.0,nM,5.66
CHEMBL3961245,NC1=N[C@@]2(c3ccc(F)cc3F)CO[C@@H](C3CCO3)C[C@H]2CS1,1310.0,nM,5.88
CHEMBL3944997,NC1=N[C@]2(c3ccc(F)cc3)CO[C@H](C3CC3)C[C@@H]2CS1,15630.0,nM,4.81
CHEMBL4127672,COc1cccc(-c2nc(SC(C(N)=O)c3nc(-c4ccccc4)c[nH]3)[nH]c(=O)c2C#N)c1,4200.0,nM,5.38
CHEMBL4128447,COc1cccc(-c2nc(SCC(=O)Nc3nc(-c4cc(Cl)c(N)c(Cl)c4)c[nH]3)[nH]c(=O)c2C#N)c1,3200.0,nM,5.5
CHEMBL4215348,Cc1ccn2c(NC3CCCCC3)c(-c3ccc(OCCCN4C(=O)c5ccccc5C4=O)cc3)nc2c1,2840.0,nM,5.55
CHEMBL4208354,COc1cc(-c2nc3ccc(Cl)cn3c2NC2CCCCC2)ccc1OCCCN1C(=O)c2ccccc2C1=O,14900.0,nM,4.83
CHEMBL4564735,NC1=N[C@@]2(CO1)c1cc(-c3cccnc3F)ccc1Oc1c2cc(C2=CCCOC2)nc1F,3.0,nM,8.52
CHEMBL4566976,COc1ccc2nc3c(c(NCCCCCCCCNC(=S)NC45CC6CC(CC(C6)C4)C5)c2c1)CCCC3,18400.0,nM,4.74
CHEMBL3680891,C[C@]1(F)COC(N)=N[C@]1(C)c1cc(NC(=O)c2nn(C(F)F)cc2Cl)ccc1F,2.0,nM,8.7
CHEMBL3680854,C[C@]1(c2cc(NC(=O)c3ccc(Cl)cn3)ccc2F)N=C(N)OC[C@@H]1F,0.4,nM,9.4
CHEMBL4561792,Oc1ccc(CNC2CCN(Cc3ccccc3)CC2)cc1,9900.0,nM,5.0
CHEMBL4067413,[2H]C1([2H])OC(N)=N[C@]12c1cc(-c3cncnc3)ccc1C[C@@]21CC[C@H](OC)[C@@H](CC)C1,2.0,nM,8.7
CHEMBL1087609,CC(C)CNC(=O)[C@H](C)C[C@H](O)[C@H](CC(C)C)NC(=O)[C@H](Cc1ccccc1)NC(=O)c1ccccc1,6930.0,nM,5.16
CHEMBL3809897,CC(C)(C)CCNC(=O)CCc1cc2cc(-c3ccccc3C#Cc3ccc(NC(=O)c4ccc(F)cc4)cn3)ccc2nc1N,458.0,nM,6.34
CHEMBL4111029,CCOc1cnc(C(=O)Nc2ccc(F)c([C@@]3(C)N=C(N)OCC3(F)F)n2)c(N)n1,1900.0,nM,5.72
CHEMBL62083,Nc1nccc2ccccc12,2000000.0,nM,2.7
CHEMBL3798760,CCCc1nc(N2C[C@H]3C(=O)N(C)C(=N)N[C@@]3(c3ccc(Cl)s3)C2)nc(OC)c1F,190.0,nM,6.72
CHEMBL3900213,COC1CCC2(CC1)Cc1ccc(CCC3CC3)cc1C21N=C(NCCCN(C)C)N(CCCN(C)C)C1=O,21970.0,nM,4.66
CHEMBL3974319,COC1CCC2(CC1)Cc1ccc(C#N)cc1C21N=C(N)N(CC(N)(F)F)C1=O,316.1,nM,6.5
CHEMBL3236225,Cc1ccccc1-c1ccc2[nH]cc(C(=O)NCc3cccc(Br)c3)c(=O)c2c1,1890.0,nM,5.72
CHEMBL3236228,Cc1ccccc1-c1ccc2[nH]cc(C(=O)NC3CCCCC3)c(=O)c2c1,11530.0,nM,4.94
CHEMBL3898249,[C-]#[N+]c1cccc(-c2ccc3c(c2)C2(N=C(N)N(C)O2)C2(CCC(O)CC2)C3)c1,28.3,nM,7.55
CHEMBL3958997,COC1CCC2(CC1)Oc1ccc(-c3ccccc3)cc1C21N=C(N)N(C)C1=O,31.6,nM,7.5
CHEMBL3984225,CCN1C(=O)C2(N=C1N)c1cc(-c3cccc(C#N)c3)ccc1CC21CCC(OC)CC1,7.3,nM,8.14
CHEMBL3906599,COC1CCC2(CC1)Cc1ccccc1C21N=C(N)N(C(C)C)C1=O,342.7,nM,6.46
CHEMBL3604598,CCC[C@H](NC(=O)[C@H](O)[C@H](Cc1ccccc1)NC(=O)[C@H](Cc1cccs1)NC(=O)[C@@H](NC(=O)[C@@H](N)CCC(=O)O)[C@@H](C)CC)C(=O)O,34000.0,nM,4.47
CHEMBL1270833,C#Cc1cccc([C@@]2(c3ccc(OC(F)F)cc3)N=C(N)N(C)C2=O)c1,260.0,nM,6.58
CHEMBL391144,CCCCS(=O)(=O)C[C@@H](NC(=O)c1ncc[nH]1)C(=O)N[C@@H](Cc1cc(F)cc(F)c1)[C@H](O)CNCc1cccc(CC)c1,4.0,nM,8.4
CHEMBL231863,CCCC(CCC)S(=O)(=O)C[C@@H](NC(=O)OCc1ccccc1)C(=O)N[C@@H](Cc1cc(F)cc(F)c1)[C@H](O)CNCc1cccc(CC)c1,3.0,nM,8.52
CHEMBL1097330,CCCN(CCC)C(=O)c1cc(C)cc(C(=O)N[C@@H](Cc2cc(F)cc(F)c2)[C@H](O)[C@H]2CN(S(=O)(=O)c3ccc(OC)c(OC)c3)CCN2)c1,1300.0,nM,5.89
CHEMBL1097331,CCCN(CCC)C(=O)c1cc(C)cc(C(=O)N[C@@H](Cc2cc(F)cc(F)c2)[C@H](O)[C@H]2CN(S(=O)(=O)c3cnc(C)n3C)CCN2)c1,57.0,nM,7.24
CHEMBL1221921,COn1c(-c2ccccc2)nc2ncccc21,928000.0,nM,3.03
CHEMBL1222367,CC[C@@H](CC(=O)N[C@H](COC(C)(C)C)C(=O)OC)n1c(N)nc2cc(Cl)ccc21,75000.0,nM,4.12
CHEMBL440957,CCCC[C@H](N)[C@H](Cc1ccsc1)NC(=O)c1cc(NCC2CC2C)nc(N(C)S(C)(=O)=O)c1,11.0,nM,7.96
CHEMBL453841,CCNc1cc(C(=O)N[C@@H](Cc2ccccc2)[C@H](O)CNCc2cccc(C(F)(F)F)c2)cc(N2CCCC2=O)c1C,63.0,nM,7.2
CHEMBL447120,CCc1coc2c(N3CCCC3=O)cc(C(=O)N[C@@H](Cc3ccccc3)[C@H](O)CNCc3cccc(C(F)(F)F)c3)cc12,87.0,nM,7.06
CHEMBL3688800,NC1=N[C@](CF)(c2cc(NCc3nn(C(F)F)cc3Cl)ccc2F)[C@H]2C[C@H]2O1,159.0,nM,6.8
CHEMBL3657454,CC1=NC2(CCOc3ccc(-c4cccc(F)c4F)cc32)N=C1N,4250.0,nM,5.37
CHEMBL3586197,CC1(C)C(=O)CC[C@@]2(C)[C@H]1CC[C@@]1(C)CC3=CC(=O)[C@H]4C(C)(C)[C@H](O)CC[C@]4(C)[C@H]3CC[C@@H]12,230.0,nM,6.64
CHEMBL3586198,COc1ccc(C(=O)O[C@H]2CC[C@@]3(C)[C@@H](CC[C@@]4(C)C[C@@]5(O)[C@H](CC[C@@H]43)[C@@]3(C)CC[C@@H](O)C(C)(C)[C@@H]3C[C@@H]5O)[C@@]2(C)C(=O)O)cc1O,980.0,nM,6.01
CHEMBL4861746,CC(C)c1cccc(CNC[C@@H](O)[C@H](Cc2ccccc2)NCCC(c2ccccc2)c2ccccc2)c1,6600.0,nM,5.18
CHEMBL4868077,CC(C)c1cccc(CNC[C@H](O)[C@H](Cc2ccccc2)NC(=O)C(c2ccccc2)c2ccccc2)c1,3400.0,nM,5.47
CHEMBL2171304,CC(C)(C)Cc1cnc2c(c1)[C@@H](NC[C@@H](O)[C@H](Cc1ccc(F)cc1)NC(=O)c1cccnc1)CC1(CCC1)O2,33.0,nM,7.48
CHEMBL255964,CC(C)CNc1cc(C(=O)N[C@@H](Cc2ccccc2)[C@H](O)CN[C@@H](C)C(=O)NC2CCCCC2)cc(N2CCCC2=O)c1,180.0,nM,6.75
CHEMBL403533,CCOc1cc(C(=O)N[C@@H](Cc2ccccc2)[C@H](O)CN[C@@H](C)C(=O)NC2CCCCC2)cc(N2CCCC2)c1,1450.0,nM,5.84
CHEMBL252190,COc1cccc(C(=O)Nc2ccc(-c3ccc(-c4ccccc4)n3CC(=O)NC(=N)N)cc2)c1,1800.0,nM,5.75
CHEMBL2047231,COc1cc(CNc2ccnc(NC3CCN(Cc4ccccc4)CC3)n2)cc(OC)c1OC,8900.0,nM,5.05
CHEMBL2047227,Fc1ccc(CNc2ccnc(NC3CCN(Cc4ccccc4)CC3)n2)cc1,700.0,nM,6.16
CHEMBL212925,CC(C)C[C@H](NC(=O)[C@@H](NC(=O)[C@@H](N)CNC(=O)c1nc(O)nc(O)c1F)C(C)C)C(=O)N[C@@H](Cc1ccccc1)[C@@H](O)C(=O)Nc1cccc(C(=O)O)c1,26.0,nM,7.58
CHEMBL2047663,CC(C)C[C@H](NC(=O)[C@@H](NC(=O)[C@@H](N)CNC(=O)c1[nH]c(=O)[nH]c(=O)c1F)C(C)C)C(=O)N[C@@H](Cc1ccccc1)C(=O)N[C@@H](C(=O)O)C(C)C,82.0,nM,7.09
CHEMBL2047662,CC(C)C[C@H](NC(=O)[C@@H](NC(=O)[C@@H](N)CNC(=O)c1[nH]c(=O)[nH]c(=O)c1F)C(C)C)C(=O)N[C@@H](Cc1ccccc1)C(=O)N[C@H](C)C(=O)O,169.0,nM,6.77
CHEMBL3653367,COc1ccc(C(=O)Nc2cccc([C@]3(C)COCC(N)=N3)c2)nc1,330.0,nM,6.48
CHEMBL3653371,NC1=NC(c2cccc(NC(=O)c3ccc(Br)cn3)c2)(C(F)F)COC1,560.0,nM,6.25
CHEMBL3653404,C[C@@]1(c2cc(NC(=O)c3ncc(Br)cn3)ccc2F)CO[C@@](C)(C(F)(F)F)C(N)=N1,16.0,nM,7.8
CHEMBL3915935,CO[C@H]1CC[C@]2(CC1)Cc1ccc(OCC3(C)CC3)cc1C21N=C(C)C(N)=N1,18.0,nM,7.75
CHEMBL1915751,COc1cccc(CNC[C@@H](O)[C@H](Cc2cc(F)cc(F)c2)NC(=O)[C@H](CCc2ccccc2)N2CC[C@@](CC3CC3)(NC(C)=O)C2=O)c1,11.0,nM,7.96
CHEMBL1163414,COC(=O)CN1C(C)=C(C(=O)NOCc2ccccc2)C(C)C(C(=O)N[C@@H](Cc2ccccc2)[C@H](O)CNC2CC2)=C1C,15200.0,nM,4.82
CHEMBL1163422,CCCC1C(C(C)=O)=C(C)N(CC(=O)OC(C)C)C(C)=C1C(=O)N[C@@H](Cc1ccccc1)[C@H](O)CNc1cccc(OC)c1,26600.0,nM,4.58
CHEMBL1165490,CC(=O)OCCCN1C(C)=C(C(=O)N[C@@H](Cc2ccccc2)[C@H](O)CNC2CC2)C(C)C(C(=O)OCc2ccccc2)=C1C,26900.0,nM,4.57
CHEMBL561217,CCc1cn2c3c(cc(C(=O)N[C@@H](Cc4ccccc4)[C@H](O)CNC4CC4)cc13)NS(=O)(=O)CCC2,490.0,nM,6.31
CHEMBL3261078,CC1(C)C(N)=N[C@](C)(c2cc(NC(=O)c3ccc(Cl)cn3)ccc2F)CS1(=O)=O,1.0,nM,9.0
CHEMBL3261073,CC1(c2cc(NC(=O)c3ccc(Cl)cn3)ccc2F)N=C(N)CO[C@@]1(F)C(F)(F)F,25.0,nM,7.6
CHEMBL4454571,Oc1ccc(/C=N/C2CCN(Cc3ccccc3)CC2)cc1,12000.0,nM,4.92
CHEMBL1788375,Br.CS(=O)(=O)N(c1cccc(C(=O)N[C@@H](Cc2ccccc2)[C@H](O)CNCc2cccc(C(F)(F)F)c2)c1)c1ccccn1,4570.0,nM,5.34
CHEMBL1210335,C[C@H](NC[C@@H](O)[C@H](Cc1ccccc1)NC(=O)c1cccc(NS(=O)(=O)Cc2ccccc2)c1)C(=O)NC1CCCCC1,5500.0,nM,5.26
CHEMBL1210331,CC(=O)N(c1ccccc1)c1cccc(C(=O)N[C@@H](Cc2ccccc2)[C@H](O)CN[C@@H](C)C(=O)NC2CCCCC2)c1,1300.0,nM,5.89
CHEMBL1210433,CS(=O)(=O)N(c1ccccc1)c1cccc(C(=O)N[C@@H](Cc2ccccc2)[C@H](O)CNC2CC2)c1,440.0,nM,6.36
CHEMBL220741,O=C1C[C@@H](c2ccc(O)c(-c3c(O)cc(O)c4c(=O)cc(-c5ccc(O)cc5)oc34)c2)Oc2cc(O)cc(O)c21,750.0,nM,6.12
CHEMBL1209105,CC(=O)N[C@@H](Cc1cc(F)cc(F)c1)[C@H](O)CNC1(c2cccc(C3CCCO3)c2)CCCCC1,180.0,nM,6.75
CHEMBL1097320,CCCN(CCC)C(=O)c1cc(C)cc(C(=O)N[C@@H](Cc2cc(F)cc(F)c2)[C@H](O)[C@H]2CN(S(=O)(=O)c3ccccc3C)CCN2)c1,64.0,nM,7.19
CHEMBL1097345,CCNc1cc(C(=O)N[C@@H](Cc2cc(F)cc(F)c2)[C@H](O)[C@H]2CN(S(=O)(=O)c3cccc(C)c3)CCN2)cc(N2CCCCS2(=O)=O)c1,62.0,nM,7.21
CHEMBL3925462,Cc1c(C(=O)Nc2ccc(F)c([C@]3(CF)C[C@@H](C(F)(F)F)OC(N)=N3)c2)nc2ccc(Cl)cn12,52.2,nM,7.28
CHEMBL3673211,COC1CCC2(CC1)Cc1ccc(-c3cccnc3)cc1C21N=C(N)N2CCCN=C21,14.0,nM,7.85
CHEMBL3673218,COc1ccc2c(c1)C1(N=C(N)N3C(C(F)(F)F)CCCC31)C1(CCC(OC)CC1)C2,50000.0,nM,4.3
CHEMBL1091219,Nc1cccc(Cn2c(-c3ccc(Oc4ccncc4)cc3)ccc2-c2ccccc2Cl)n1,590.0,nM,6.23
CHEMBL3974225,CO[C@H]1CC[C@]2(CC1)Cc1ccc(-c3cc(Cl)c(F)c(C#N)c3)cc1[C@@]21N=C(C)C(N)=N1,0.72,nM,9.14
CHEMBL3917335,CO[C@H]1CC[C@]2(CC1)Cc1ccc(-c3ccc4[nH]cc(C)c4c3)cc1C21N=C(C)C(N)=N1,37.0,nM,7.43
CHEMBL3703294,NC1=NC2(CO1)c1cc(-c3cncnc3)ccc1OCC21CC1,2620.0,nM,5.58
CHEMBL3650791,CC1(C)Oc2ccc(-c3ccnc(Cl)c3Cl)cc2C2(COC(N)=N2)C12COC2,2120.0,nM,5.67
CHEMBL3985554,Cc1noc2c1CC1(CC2)Cc2ccc(Br)cc2C12N=C(N)N(C)O2,206.8,nM,6.68
CHEMBL3933430,[C-]#[N+]c1cc(C#N)cc(-c2ccc3c(c2)C2(N=C(N)N(C)C2=O)C2(CCC(OC)CC2)C3)c1,1.1,nM,8.96
CHEMBL4115329,C[C@]1(c2nc(NC(=O)c3ncc(Cl)cc3N)ccc2F)N=C(N)OCC1(F)F,60.0,nM,7.22
CHEMBL3653415,COc1cc(Br)cnc1C(=O)Nc1cc(C2(C(F)F)COCC(N)=N2)c(F)cc1F,2900.0,nM,5.54
CHEMBL3653418,NC1=NC(CF)(c2cc(NC(=O)c3ccc(Br)cn3)ccc2F)COC1,44.0,nM,7.36
CHEMBL3890713,COC1CCC2(CC1)Cc1ccc(C#CC3CC3)cc1C21N=C(N)N(C[C@H](OC)c2ccccc2)C1=O,12.0,nM,7.92
CHEMBL3913101,CO[C@H]1CC[C@]2(CC1)Cc1ccc(C#N)cc1C21N=C(N)N(Cc2ccccc2)C1=O,26.1,nM,7.58
CHEMBL3966505,COC1CCC2(CC1)Cc1ccc(C#CC3CC3)cc1C21CCSC(N)=N1,79.1,nM,7.1
CHEMBL3963104,CN1C(=O)C2(N=C1N)c1cc(Br)ccc1CC21CCC(Cc2ccccc2)CC1,634.1,nM,6.2
CHEMBL3903027,[C-]#[N+]c1ccccc1CN1C(=O)C2(NC1N)c1cc(CCC3CC3)ccc1CC21CCC(OC)CC1,17.3,nM,7.76
CHEMBL3670909,C[C@]1(c2cc(NCc3nn(C(F)F)cc3Cl)ccc2F)N=C(N)COCC1(F)F,30.0,nM,7.52
CHEMBL3680867,C[C@]1(c2cc(NC(=O)c3cnc(C(F)F)cn3)ccc2F)N=C(N)OC[C@@H]1F,5.0,nM,8.3
CHEMBL3672402,COc1ccc(/C=C/C(=O)CC(=O)/C=C/c2ccc(O)cc2OC)cc1O,2100.0,nM,5.68
CHEMBL3672433,COCOc1c(O)cccc1/C=C/C(=O)CC(=O)/C=C/c1ccc(O)cc1,2400.0,nM,5.62
CHEMBL3677218,COc1ccc(/C=C/C(=O)CC(=O)/C=C/c2c[nH]c3cccc([N+](=O)[O-])c23)cc1O,1400.0,nM,5.85
CHEMBL3677219,O=C(/C=C/c1ccc(O)cc1)CC(=O)/C=C/c1cccc(Br)c1,3100.0,nM,5.51
CHEMBL3677221,O=C(/C=C/c1ccc(O)cc1)CC(=O)/C=C/c1ccccc1C(F)(F)F,850.0,nM,6.07
CHEMBL3677234,CN(C)c1ccc(/C=C/C(=O)CC(=O)CCc2ccc(O)cc2)c(Cl)c1,2400.0,nM,5.62
CHEMBL3677242,COc1cc(/C=C/C(=O)CC(=O)/C=C/c2ccc(O)cc2)c(Br)cc1O,1400.0,nM,5.85
CHEMBL3640251,CCOc1nc(N2C[C@H]3C(=O)N(C)C(N)=N[C@@]3(c3ccccc3)C2)nc(C)c1F,323.0,nM,6.49
CHEMBL3670301,CC(C)=C1C[C@@](C)(c2cc(NC(=O)c3cnc(C)cn3)ccc2F)N=C(N)S1,95.0,nM,7.02
CHEMBL3670311,NC1=NC(c2cccc(NC(=O)c3cnc(OCCF)cn3)c2)(C(F)(F)F)CCS1,611.0,nM,6.21
CHEMBL3670313,COc1cnc(C(=O)Nc2cccc(C3(C(F)(F)F)CCSC(N)=N3)c2)cn1,273.0,nM,6.56
CHEMBL3930199,CC1(c2cccc(NC3CCc4cc(Cl)ccc43)c2)COCC(N)=N1,180.0,nM,6.75
CHEMBL399423,Cc1cccc(-c2ccc(-c3ccccc3)n2CC(=O)NC(=N)N)c1,4600.0,nM,5.34
CHEMBL252057,CCNc1cc(C(=O)N[C@@H](Cc2ccccc2)[C@H](O)CNC2CCCCC2)cc(N2CCCC2=O)c1,180.0,nM,6.75
CHEMBL253719,CCNc1cc(C(=O)N[C@@H](Cc2ccccc2)[C@H](O)CNCc2cccc(Cl)c2)cc(N2CCCC2=O)c1,83.0,nM,7.08
CHEMBL252656,CCNc1cc(C(=O)N[C@@H](Cc2ccccc2)[C@H](O)CNCc2cccc(OC)c2)cc(N2CCCC2=O)c1,43.0,nM,7.37
CHEMBL1094663,CC(C)C[C@H](NC(=O)[C@@H](NC(=O)[C@@H](N)CNC(=O)c1[nH]c(=O)[nH]c(=O)c1F)C(C)C)C(=O)N[C@@H](Cc1ccccc1)[C@@H](O)C(=O)Nc1cccc(-c2noc(=S)[nH]2)c1,10.2,nM,7.99
CHEMBL3680871,C[C@]1(c2cc(NC(=O)c3cnc(OCC(F)F)cn3)ccc2F)N=C(N)OC[C@@H]1F,8.0,nM,8.1
CHEMBL2380820,CC#Cc1cscc1CC(NC1=NC(C)(C)Cc2cc(Cl)ccc21)C(=O)O,510.0,nM,6.29
CHEMBL2380819,C#Cc1cscc1CC(NC1=NC(C)(C)Cc2cc(Cl)ccc21)C(=O)O,760.0,nM,6.12
CHEMBL2177319,CC(=O)N[C@@H](Cc1ccccc1)[C@H](O)CN[C@H]1CC2(CCC2)Oc2ncccc21,804.0,nM,6.09
CHEMBL2437435,COc1cccc(-c2cccc(CC[C@]3(C)CC(=O)N(C)C(N)=N3)c2)c1.O=C(O)C(F)(F)F,160.0,nM,6.8
CHEMBL2437436,CN1C(=O)C[C@@](C)([C@@H]2C[C@H]2c2cccc(CCc3ccccc3)c2)N=C1N.O=C(O)C(F)(F)F,4000.0,nM,5.4
CHEMBL2437440,CN1C(=O)C[C@@](C)([C@@H]2C[C@H]2c2cccc(-c3cccc(CO)c3)c2)N=C1N.O=C(O)C(F)(F)F,20800.0,nM,4.68
CHEMBL2408739,CCc1ccc2c(c1)[C@@H](NC[C@@H](O)[C@H](Cc1cc(F)cc(F)c1)NC(C)=O)CS(=O)(=O)C2,116.0,nM,6.94
CHEMBL2408752,CCC[C@]1(C)C[C@H](NC[C@@H](O)[C@H](Cc2cc(F)cc(F)c2)NC(C)=O)c2cc(CC(C)(C)C)ccc2O1,15.0,nM,7.82
CHEMBL2408742,CC(=O)N[C@@H](Cc1cc(F)cc(F)c1)[C@H](O)CN[C@H]1CCOc2ccc(CC(C)(C)F)cc21,148.0,nM,6.83
CHEMBL2408753,COC[C@@]1(C)C[C@H](NC[C@@H](O)[C@H](Cc2cc(F)cc(F)c2)NC(C)=O)c2cc(CC(C)(C)C)ccc2O1,9.0,nM,8.05
CHEMBL2011992,CN1C(=N)NC(c2cccc(-c3cccc(Cl)c3)c2)(C2(C)CC2)C1=O,6000.0,nM,5.22
CHEMBL2058777,Cc1ccc(OCC(=O)N[C@H]2c3cc(NC(=O)COc4ccc(C#N)cc4C)ccc3C[C@@H]2O)cc1,142.0,nM,6.85
CHEMBL1271246,CN1C(=O)[C@@](c2ccc(OC(F)F)cc2)(c2cccc(C#CC3CC3)c2)N=C1N,20.0,nM,7.7
CHEMBL1270436,CN1C(=O)[C@@](c2ccc(OC(F)F)cc2)(c2ccc(F)c(OCCC=C(F)F)c2)N=C1N,30.0,nM,7.52
CHEMBL1270529,CN1C(=O)[C@@](c2ccc(OC(F)F)cc2)(c2cccc(OCCC=C(F)F)c2)N=C1N,30.0,nM,7.52
CHEMBL1270238,CN1C(=O)[C@@](c2ccc(OC(F)F)cc2)(c2cccc(CCCC#N)c2)N=C1N,50.0,nM,7.3
CHEMBL1270336,CN1C(=O)[C@@](c2ccc(OC(F)F)cc2)(c2cccc(C(F)CCCF)c2)N=C1N,80.0,nM,7.1
CHEMBL2180015,CC#Cc1ccnc(-c2cc(C3(C4CC4)N=C(C)C(N)=N3)ccc2O)c1,100.0,nM,7.0
CHEMBL3670372,C[C@@]1(c2nc(NC(=O)c3ncc(Cl)cc3Cl)ccc2F)CO[C@@](C)(C(F)(F)F)C(N)=N1,7.0,nM,8.15
CHEMBL5220695,CC(C)(C)OC(=O)Nc1ccc(O)c(C(=O)NCCCN2CCCCC2)c1,15.1,nM,7.82
CHEMBL5219239,CC1CCCCN1CCCNC(=O)c1cc(NC(=O)OC(C)(C)C)ccc1O,15.4,nM,7.81
CHEMBL3127075,C[C@]12CCOC[C@@H]1[C@]1(COC(N)=N1)c1cc(-c3cccnc3F)ccc1O2,92.0,nM,7.04
CHEMBL3127097,NC1=N[C@@]2(CS1)c1cc(-c3cncc(Cl)c3)ccc1O[C@@H]1CCOC[C@H]12,79.0,nM,7.1
CHEMBL2443369,CC(C)C[C@H](NC(=O)[C@H](CC(N)=O)NC(=O)[C@@H](NC(=O)[C@@H](N)CCC(=O)O)C(C)C)C(=O)N[C@@H](C)CN[C@@H](C)C(=O)N[C@@H](CCC(=O)O)C(=O)N[C@@H](Cc1ccccc1)C(=O)O,3.0,nM,8.52
CHEMBL2380456,COc1cccc(-c2cccc(C3(c4ccncc4)N=C(N)CS3)c2)c1,2500.0,nM,5.6
CHEMBL4516189,O=C(CN1CCC(C(c2ccccc2)c2ccccc2)CC1)NC1CCN(Cc2ccccc2)C1,55200.0,nM,4.26
CHEMBL3127105,CN1C(=O)[C@]2(N=C1N)c1cc(-c3cc(F)cc(Cl)c3)ccc1O[C@H]1CCOC[C@@H]12,31.0,nM,7.51
CHEMBL3127080,CN1C(=O)[C@]2(N=C1N)c1cc(-c3cccnc3F)ccc1O[C@H]1CCOC[C@@]12C,24.0,nM,7.62
CHEMBL3127085,CN1C(=O)[C@@]2(N=C1N)c1cc(-c3cccnc3F)ccc1O[C@@H]1CCOC[C@H]12,550.0,nM,6.26
CHEMBL3127072,C[C@]12CCOC[C@@H]1[C@]1(COC(N)=N1)c1cc(-c3cccnc3F)c(F)cc1O2,90.0,nM,7.05
CHEMBL3261060,CC1(c2cccc(-c3cncnc3)c2)COCC(N)=N1,710.0,nM,6.15
CHEMBL3653501,COCCOc1cnc(C(=O)Nc2ccc(F)c([C@]3(C(F)F)COCC(N)=N3)c2)c(C)n1,170.0,nM,6.77
CHEMBL3653384,C[C@@]1(c2cc(Br)cc(NC(=O)c3ncc(Br)cn3)c2)COCC(N)=N1,230.0,nM,6.64
CHEMBL3653392,Cc1nc(C(=O)Nc2cc(Br)cc([C@]3(C)COCC(N)=N3)c2)co1,240.0,nM,6.62
CHEMBL3653393,CC1(c2cc(NC(=O)c3ccc(Br)cn3)ccc2F)COCC(N)=N1,58.0,nM,7.24
CHEMBL3893021,CO[C@H]1CC[C@]2(CC1)Cc1ccc(C#CC(C)C)cc1[C@@]21N=C(C)C(N)=N1,4.7,nM,8.33
CHEMBL3672699,CC1=N[C@@]2(N=C1N)c1cc(-c3cc(Cl)cc(C#N)c3)ccc1C[C@]21CC[C@@H](O)CC1,780.0,nM,6.11
CHEMBL3672702,CC[C@@H](C)Oc1ccc2c(c1)C1(N=C(C)C(N)=N1)[C@]1(CC[C@H](OC)CC1)C2,89.0,nM,7.05
CHEMBL3667409,NC1=N[C@@]2(c3cccc(NC(=O)c4cnc(CO)cn4)c3)CN(c3ncc(F)cn3)C[C@H]2CS1,0.482,nM,9.32
CHEMBL3932872,COc1cnc(C(=O)Nc2ccc3c(c2)C2(CCSC(N)=N2)c2cc(C4=CCOCC4)cc(F)c2O3)cn1,6.2,nM,8.21
CHEMBL3654219,C[C@H]1SC(N)=N[C@@]2(c3ccc(F)cc3F)CO[C@@H](c3ncco3)C[C@@H]12,198.0,nM,6.7
CHEMBL3980894,COc1cnc(C(=O)Nc2ccc(F)c([C@]3(CF)C[C@@H](C(F)(F)F)OC(N)=N3)c2)c(C)n1,73.6,nM,7.13
CHEMBL3907442,COc1cccc(-c2cccc(C3(C4CC4)NC(=N)N(C4CCOCC4)C3=O)c2)c1,3600.0,nM,5.44
CHEMBL3893067,CC[C@@H]1C[C@@]2(Cc3ccc(C#N)cc3[C@]23N=C(N)N(CC(C)(C)F)C3=O)C[C@H](C)[C@H]1O,3.4,nM,8.47
CHEMBL4109880,CC[C@@H]1C[C@]2(CC[C@H]1O)Cc1ccc(C#N)cc1[C@]21N=C(N)N(CC(C)(C)F)C1=O,10.7,nM,7.97
CHEMBL4537415,COC[C@H]1SC(N)=N[C@](C)(c2cc(NC(=O)c3ccc(C#N)cn3)ccc2F)[C@H]1F,1.0,nM,9.0
CHEMBL4561476,C[C@H]1SC(N)=N[C@](C)(c2cc(NC(=O)c3ccc(OC(F)F)cn3)ccc2F)[C@H]1F,1.2,nM,8.92
CHEMBL4449985,CN=[S@@]1(=O)C[C@@](C)(c2cc(-c3cc(-c4ncc(OC)cn4)no3)ccc2F)N=C(N)N1C,22.0,nM,7.66
CHEMBL1821814,Cc1ccccc1-c1ccc2nc(N)c(CC(C)C(=O)NCC3CCCCC3)cc2c1,3.7,nM,8.43
CHEMBL89703,CSCC[C@H](NC(=O)[C@@H](NC(C)=O)C(C)C)C(=O)NC(CC(C)C)C(O)CC(=O)N[C@@H](Cc1ccccc1)C(=O)N[C@@H](C)C(=O)N[C@@H](CCC(=O)O)C(=O)N[C@@H](Cc1ccccc1)C(=O)O,15000.0,nM,4.82
CHEMBL251310,C[C@@]1(N)Cc2ccc(F)c(c2)CC[C@H](c2ccc(F)cc2)NC(=O)c2cc(cc(-c3ccccc3C#N)c2)COC1=O,46.0,nM,7.34
CHEMBL251533,CC(C)S(=O)(=O)N(C)c1cc2cc(c1)C(=O)N[C@@H](c1ccccc1)CCc1cccc(c1)C[C@@](C)(N)COC2,196.0,nM,6.71
CHEMBL5093303,C[C@@]1(c2cc(NC(=O)c3ccc(OC(F)F)cn3)ccc2F)Cn2nc(C#N)cc2C(N)=N1,1.4,nM,8.85
CHEMBL5086065,CCC[C@@H]1NC(=O)[C@@H](NC(=O)[C@@H](N)CCC(=O)O)[C@H](C)OC/C=C\C[C@@H]([C@H](O)CNc2ccc(C)cc2)NC1=O,11700.0,nM,4.93
CHEMBL5093447,CCC[C@@H]1NC(=O)[C@@H](NC(=O)[C@@H](N)CCC(=O)O)C(C)(C)OCCCC[C@@H]([C@H](O)CNc2ccc(C)cc2)NC1=O,6100.0,nM,5.21
CHEMBL390159,Cc1nc(C(C)NC(=O)c2cc(C(=O)N[C@@H](CC(C)C)[C@@H](O)C[C@@H](C)C(=O)N[C@H](C(=O)NC(C)C)C(C)C)cc(N(C)S(C)(=O)=O)c2)c(C)o1,10300.0,nM,4.99
CHEMBL3965117,COC1CCC2(CC1)Cc1ccc(-c3cccc(Cl)c3)cc1C21N=C(N)N(C)C1=O,1.5,nM,8.82
CHEMBL3897052,COC1CCC2(CC1)Cc1ccc(-c3ccc(F)c(C#N)c3)cc1C21N=C(N)N(C)C1=O,2.6,nM,8.59
CHEMBL3909862,COC(=O)c1ccc2c(c1)C1(N=C(N)N(C)C1=O)C1(CCC(OC)CC1)C2,30.3,nM,7.52
CHEMBL253929,C[C@@H](NC(=O)c1cc(C(=O)N[C@@H](Cc2ccccc2)[C@H](O)CNCc2ccc3cc[nH]c3c2)cc(N(C)S(C)(=O)=O)c1)c1ccccc1,620.0,nM,6.21
CHEMBL3670906,C[C@]1(c2cc(NC3CCOC3)ccc2F)N=C(N)COC[C@@H]1F,580.0,nM,6.24
CHEMBL3741792,C[C@@]1(c2cc(NC(=O)c3ncc(C#N)cc3Cl)ccc2F)C[S@@]2(=O)=NCCCCN2C(N)=N1,1.0,nM,9.0
CHEMBL3747381,CC(C)c1ccc(C(=O)O[C@H]2CN(S(=O)(=O)c3ccccc3)C[C@@H]2Nc2nc3cc(F)ccc3[nH]2)cc1,720.0,nM,6.14
CHEMBL3746131,CCCS(=O)(=O)N1C[C@H](Nc2nc3cc(F)ccc3[nH]2)[C@@H](OC(=O)c2ccc(N(C)C)cc2)C1,3150.0,nM,5.5
CHEMBL4574899,FC(F)(F)c1ccc2nc(-c3cccc(N4CCc5ccccc5C4)n3)[nH]c2c1,3600.0,nM,5.44
CHEMBL405204,COc1cc(CN2C[C@@H](C(=O)N[C@@H](Cc3ccccc3)[C@H](O)CNCc3cccc(N(C)C)c3)NC2=O)cc(OC)c1,36480.0,nM,4.44
CHEMBL5933363,C[C@@H]1C[C@H]2OC(N)=N[C@](CF)(c3cc(NC(=O)c4cnc(OCF)cn4)ccc3F)[C@H]2CO1,14.8,nM,7.83
CHEMBL5802667,CC[C@@H]1OCC[C@H]2OC(N)=N[C@](CF)(c3cc(NC(=O)c4cnc(OCF)cn4)ccc3F)[C@@H]12,15.5,nM,7.81
CHEMBL6034413,NC1=N[C@](CF)(c2cc(NC(=O)c3cnc(OCF)cn3)ccc2F)[C@H]2[C@H](CF)OCC[C@H]2O1,10.7,nM,7.97
CHEMBL5864114,COc1cnc(C(=O)Nc2ccc(Cl)c([C@@]3(CF)N=C(N)O[C@@H]4C[C@@H](C)OC[C@@H]43)c2)cn1,11.2,nM,7.95
CHEMBL6064050,C[C@@H]1COC[C@H]2[C@@H]1OC(N)=N[C@]2(CF)c1cc(NC(=O)c2cnc(OCF)cn2)ccc1F,26.0,nM,7.58
CHEMBL6152881,O=C(NCCCN1CCOCC1)c1cc2ccc(OCc3cn(Cc4cccc(Cl)c4Cl)nn3)cc2oc1=O,21130.0,nM,4.67
CHEMBL237063,CCCOc1ccc(-c2scc(-c3ccccc3Cl)c2CC(=O)/N=C(/N)NCCCO)cc1,150.0,nM,6.82
CHEMBL266531,CCCCS(=O)(=O)C[C@@H](NC(=O)c1cnccc1O)C(=O)N[C@@H](Cc1cc(F)cc(F)c1)[C@H](O)CNCc1cccc(CC)c1,5.0,nM,8.3
CHEMBL393140,CCCC(CCC)S(=O)(=O)C[C@@H](NC(=O)c1ccccc1C)C(=O)N[C@@H](Cc1cc(F)cc(F)c1)[C@H](O)CNCc1cccc(CC)c1,15.0,nM,7.82
CHEMBL392564,CN(c1cc2cc(c1)C(C(F)(F)F)N[C@@H](c1ccccc1)CCc1cccc(c1)C[C@@](C)(N)C(=O)OC2)S(C)(=O)=O,3700.0,nM,5.43
CHEMBL4107314,C[C@]1(c2nc(NC(=O)c3ncc(C#CCO)cc3N)ccc2F)N=C(N)OCC1(F)F,240.0,nM,6.62
CHEMBL3653475,Cn1cc([N+](=O)[O-])c(C(=O)Nc2ccc(F)c([C@]3(C(F)F)COCC(N)=N3)c2)n1,1200.0,nM,5.92
CHEMBL3653481,COCCOc1cnc(C(=O)Nc2ccc(F)c([C@]3(C(F)F)COCC(N)=N3)c2)c(N)n1,18.0,nM,7.75
CHEMBL3653485,NC1=N[C@@](c2cc(NC(=O)c3ccc(=O)[nH]c3)ccc2F)(C(F)F)COC1,8500.0,nM,5.07
CHEMBL3931613,COC1CCC2(CC1)Cc1ccc(C#CC3CC3)cc1C21NC(N)N(CCN(C)S(C)(=O)=O)C1=O,9.3,nM,8.03
CHEMBL3900416,CN1OC2(N=C1N)c1cc(-c3cccnc3)ccc1CC21CCc2ccccc2CC1,5.3,nM,8.28
CHEMBL3957556,COc1cc(Cl)cnc1C(=O)Nc1cc(F)c(F)c([C@]2(C)C[C@@H](C(F)(F)F)OC(N)=N2)c1,11.0,nM,7.96
CHEMBL3968489,C[C@@]1(c2cc(NC(=O)c3cnc(OCC(F)(F)F)cn3)cc(F)c2F)C[C@@H](C(F)(F)F)OC(N)=N1,15.0,nM,7.82
CHEMBL3894515,NC1=N[C@](CF)(c2cc(NC(=S)c3ccc(Cl)cn3)ccc2F)C[C@@H](C(F)(F)F)O1,548.0,nM,6.26
CHEMBL3965566,NC1=N[C@](CF)(c2cc(Oc3cc(-c4ccccc4)cc(Cl)n3)ccc2F)C[C@@H](C(F)(F)F)O1,8170.0,nM,5.09
CHEMBL4107763,CN(C)/N=C(/C[C@](CF)(N[S@+]([O-])C(C)(C)C)c1cccc(F)c1F)C(F)(F)F,57.0,nM,7.24
CHEMBL3937600,O=C(NC1=N[C@](c2nc(NC(=O)c3ccc(Cl)cn3)ccc2F)(C(F)F)C[C@@H](C(F)(F)F)O1)c1ccccc1,2.0,nM,8.7
CHEMBL3896886,COc1cnc(C(=O)Nc2cc(C)c(F)c([C@]3(CF)C[C@@H](C(F)(F)F)OC(N)=N3)c2)cn1,23.0,nM,7.64
CHEMBL3984830,Cn1nc(Nc2cccc(C3(C)COCC(N)=N3)c2)c2ccc(Br)cc21,5200.0,nM,5.28
CHEMBL3949524,COc1cncnc1Nc1ccc(F)c([C@]2(C(F)F)COCC(N)=N2)c1,1500.0,nM,5.82
CHEMBL3897635,COc1cccnc1Nc1ccc(F)c([C@]2(C)CO[C@@](C)(C(F)(F)F)C(N)=N2)c1,210.0,nM,6.68
CHEMBL3891237,COc1ccc(C2(c3ccc(OC)cc3)NC(=N)N(C3CCN(C(C)=O)CC3)C2=O)cc1,2600.0,nM,5.58
CHEMBL3962299,NC1=N[C@](CF)(c2cc(C(=O)NC3CC3)ccc2F)C[C@@H](C(F)(F)F)O1,11400.0,nM,4.94
CHEMBL3949134,NC1=N[C@](CF)(c2nc(NC(=O)c3ccc(Cl)cn3)ccc2F)C[C@@H](C(F)(F)F)O1,169.0,nM,6.77
CHEMBL253799,C=CCNC[C@@H](O)[C@H](Cc1ccccc1)NC(=O)c1cc(C(=O)N[C@H](C)c2ccccc2)cc(-c2ccccc2C(C)=O)c1,223.0,nM,6.65
CHEMBL252756,COc1cccc(CNC[C@@H](O)[C@H](Cc2ccccc2)NC(=O)CCCS(=O)(=O)N2CCCCC2)c1,6461.0,nM,5.19
CHEMBL1163545,C[C@@]12CC[C@H](O)[C@@H]3COC(=C31)C(=O)c1cc3ccccc3cc12,98000.0,nM,4.01
CHEMBL555054,CC(C)[C@H](NC(=O)CCC(O)(Cc1ccccc1)C(=O)Nc1cc(C(=O)N[C@H](C)c2ccc(F)cc2)cc(N(C)S(C)(=O)=O)c1)C(=O)NCc1ccccc1,5900.0,nM,5.23
CHEMBL541999,CC(C)[C@H](NC(=O)C(O)(CCC(=O)Nc1cc(C(=O)N[C@H](C)c2ccccc2)cc(N(C)S(C)(=O)=O)c1)CCc1ccccc1)C(=O)NCc1ccccc1,450.0,nM,6.35
CHEMBL1824345,CN1C(=O)C(c2cccc(-c3cccnc3F)c2)(c2cnn(C3CCCC3)c2)N=C1N,20.0,nM,7.7
CHEMBL220895,CCCOc1cncc(-c2cccc(CNc3cccnc3N)c2)c1,24000.0,nM,4.62
CHEMBL231542,CCCN(CCC)C(=O)c1cc(C)cc(C(=O)N[C@@H](Cc2ccccc2)[C@H](O)CNCc2cccc(OC)c2)c1,100.0,nM,7.0
CHEMBL396010,CCCNC(=O)c1cc(C(N)=O)cc(C(=O)N[C@@H](Cc2ccccc2)[C@H](O)CNCc2cccc(OC)c2)c1,1900.0,nM,5.72
CHEMBL6057043,CCc1cc(C(=O)Nc2csc([C@]34CO[C@@H](C)C[C@H]3CSC(N)=N4)n2)on1,9260.0,nM,5.03
CHEMBL6037001,C[C@H]1C[C@H]2CSC(N)=N[C@@]2(c2nc(NC(=O)c3ccn(C4CC4)n3)cs2)CO1,1660.0,nM,5.78
CHEMBL3922075,CC#CCOc1ccc(C(=O)Nc2csc([C@]34CO[C@@H](C)C[C@H]3CSC(N)=N4)n2)nc1,18.0,nM,7.75
CHEMBL3919298,C[C@H]1C[C@H]2CSC(N)=N[C@@]2(c2nc(NC(=O)c3ncc(OC(F)F)cn3)cs2)CO1,177.0,nM,6.75
CHEMBL4637913,CCNC(=O)[C@@H]1C[C@H]1[C@]12COC[C@H]1CSC(N)=N2,58000.0,nM,4.24
CHEMBL191129,CCCCNC(=O)[C@@H](NC(=O)[C@@H]1CC(=O)C[C@H]1[C@H](O)[C@H](CC(C)C)NC(=O)[C@H](CCSC)NC(=O)[C@H](CC(C)C)NC(C)=O)C(C)C,10.0,nM,8.0
CHEMBL5961377,Cc1cc(OC(F)F)cnc1C(=O)Nc1csc([C@]23CO[C@@H](C(F)(F)F)C[C@H]2COC(N)=N3)n1,155.0,nM,6.81
CHEMBL5780298,Cc1nc(OC(F)F)cnc1C(=O)Nc1csc([C@]23CO[C@@H](C(F)(F)F)C[C@H]2COC(N)=N3)n1,13.0,nM,7.89
CHEMBL218846,C[C@@H](NC(=O)c1cc(C(=O)NC(CO)(CO)Cc2ccccc2)cc(N(C)S(C)(=O)=O)c1)c1ccc(F)cc1,2700.0,nM,5.57
CHEMBL5803935,COC1CCC2(CC1)Cc1ccc(CCC3CC3)cc1C21N=C(N)N([C@H](C)c2ccccc2)C1=O,81.1,nM,7.09
CHEMBL1258686,CC(=O)N[C@@H](Cc1cc(F)cc(F)c1)[C@H](O)CNC1(c2cc(C(C)(C)C)no2)CCCCC1,4457.0,nM,5.35
CHEMBL1258802,CC(=O)N[C@@H](Cc1cc(F)cc(F)c1)[C@H](O)CNC1(c2ncc(C(C)(C)C)o2)CCCCC1,1580.0,nM,5.8
CHEMBL1258918,CC(=O)N[C@@H](Cc1cc(F)cc(F)c1)[C@H](O)CNC1(c2cnn(CC(C)(C)C)c2)CCCCC1,210.0,nM,6.68
CHEMBL1257418,CC(=O)N[C@@H](Cc1cc(F)cc(F)c1)[C@H](O)CNC1(c2cc(C(C)(C)C)ccn2)CC1,640.0,nM,6.19
CHEMBL1257774,CC(=O)N[C@@H](Cc1cc(F)cc(F)c1)[C@H](O)CNC1(c2ncc(C(C)(C)C)o2)CC1,4900.0,nM,5.31
CHEMBL1258003,CC(=O)N[C@@H](Cc1cc(F)cc(F)c1)[C@H](O)CNC1(c2ccn(CC(C)(C)C)n2)CC1,870.0,nM,6.06
CHEMBL1222031,Nc1nc2cc(Cl)ccc2n1CCCC(=O)NCC1CCCCC1,83000.0,nM,4.08
CHEMBL1222142,CC[C@@H](CC(=O)NCc1ccccc1)n1c(N)nc2cc(Cl)ccc21,72000.0,nM,4.14
CHEMBL3672430,COc1cc(/C=C/C(=O)CC(=O)/C=C/c2ccc(O)cc2)cc(OC)c1OC,4000.0,nM,5.4
CHEMBL3677227,O=C(/C=C/c1ccc(O)cc1)CC(=O)/C=C/c1ccccc1[N+](=O)[O-],1900.0,nM,5.72
CHEMBL3677231,O=C(/C=C/c1ccc2ccn(Cc3ccccc3)c2c1)CC(=O)CCc1ccc(O)cc1,610.0,nM,6.21
CHEMBL3677236,O=C(/C=C/c1ccc(O)cc1)CC(=O)/C=C/c1cc(OCc2ccccc2)ccc1-c1ccccc1,480.0,nM,6.32
CHEMBL3677277,NC1=N[C@]2(c3cc(-c4cccnc4F)ccc3Oc3c(F)cc(N4CCOCC4)cc32)c2nccn21,189.0,nM,6.72
CHEMBL4109723,NC1=N[C@]2(c3cc(-c4cccnc4F)ccc3Oc3c(F)cc([N+]4=CCC(F)(F)CC4)cc32)c2nccn21,0.7,nM,9.15
CHEMBL4113458,COC1CCC2(CC1)Cc1ccc(-c3cncc(C(F)(F)F)c3)cc1[C@]21N=C(N)N(C(C)C)C1=O,4.8,nM,8.32
CHEMBL6031089,COC1CCC2(CC1)Cc1ccc(OCC3CCCC3)cc1C21NC(=S)N(C)C1=O,8.9,nM,8.05
CHEMBL3967730,COC1CCC2(CC1)Cc1ccc(OCC3CC3)cc1C21N=C(N)N(C)C1=O,3.5,nM,8.46
CHEMBL3917401,C=C(c1ccc2c(c1)C1(N=C(N)N(C)C1=O)C1(CCC(OC)CC1)C2)C(F)(F)F,1071.0,nM,5.97
CHEMBL5785139,CN1C(=O)C2(NC1=S)c1cc(Br)ccc1CC21CCC(Cc2ccccc2)CC1,634.0,nM,6.2
CHEMBL5754399,COC(=O)c1cccc(CSC2NC3(C(=O)N2Cc2cccc(C(=O)OC)c2)c2cc(Br)ccc2CC32CCC(OC)CC2)c1,10.4,nM,7.98
CHEMBL398315,N=C(N)NC(=O)Cn1c(-c2ccc(Oc3ccccc3)cc2)ccc1-c1ccccc1Cl,1100.0,nM,5.96
CHEMBL400087,CC(=O)c1ccc(Oc2ccc(-c3ccc(-c4cccc(C#N)c4)n3CC(=O)NC(=N)N)cc2)cc1,800.0,nM,6.1
CHEMBL253031,N=C(N)NC(=O)Cn1c(-c2ccc(Oc3ccccc3)cc2)ccc1-c1cccc(F)c1,1400.0,nM,5.85
CHEMBL252219,COc1ccccc1-c1ccc(-c2ccc(Oc3ccc(C(C)=O)cc3)cc2)n1CC(=O)NC(=N)N,1600.0,nM,5.8
CHEMBL5855454,C#CCOc1cnc(/C(F)=C/c2ccc(F)c([C@@]3(C)N=C(N)S[C@@]4(C(C)=O)C[C@H]43)c2)cn1,5.9,nM,8.23
CHEMBL3898181,COC1CCC2(CC1)Cc1ccc(CCC3CC3)cc1C21N=C(N)N(CC2CCOC2)C1=O,3.5,nM,8.46
CHEMBL428587,CCNc1cc(C(=O)N[C@@H](Cc2ccccc2)[C@H](O)CNCCCCC(C)C)cc(N2CCCC2=O)c1,305.0,nM,6.52
CHEMBL6028428,C#C[C@H](C)Oc1cnc(/C(F)=C/c2ccc(F)c([C@@]3(C)N=C(N)[C@@]4(CF)CC[C@@H]3S4(=O)=O)c2)cn1,4.0,nM,8.4
CHEMBL2434994,CC(=O)Nc1cccc(-c2cccc([C@@H]3C[C@H]3[C@]3(C)CC(=O)N(C)C(N)=N3)c2)c1.O=C(O)C(F)(F)F,16600.0,nM,4.78
CHEMBL5892206,CN1C(N)=N[C@](C)(c2cc(/C=C(\F)c3ncc(C(F)(F)F)cc3Cl)ccc2F)CS1(=O)=O,5.0,nM,8.3
CHEMBL3923202,CC(C)(C)OC(=O)N(C(=O)c1ccccc1)C1=N[C@](C)(c2cc(Br)cnc2F)C[C@@H](C(F)(F)F)O1,132.0,nM,6.88
CHEMBL2437438,CN1C(=O)C[C@@](C)([C@@H]2C[C@H]2c2cccc(-c3ccsc3)c2)N=C1N.O=C(O)C(F)(F)F,7500.0,nM,5.12
CHEMBL3650780,Cc1cc(F)cc(-c2ccc3c(c2)C2(COC(N)=N2)C2(COC2)C(C)(C)O3)c1,614.0,nM,6.21
CHEMBL2440151,CC1=C(C(=O)Nc2nc(C)cs2)C(c2ccccc2[N+](=O)[O-])C(C(=O)Nc2nc(C)cs2)=C(C)N1,4660.0,nM,5.33
CHEMBL2443380,CC1=C(C(=O)Nc2nc3ccccc3s2)C(c2ccccc2[N+](=O)[O-])C(C(=O)Nc2nc3ccccc3s2)=C(C)N1,4270.0,nM,5.37
CHEMBL2180017,CC(C)C1=NC(C)(c2cccc(-c3cccnc3)c2)N=C1N,32000.0,nM,4.5
CHEMBL3703290,NC1=NC2(CO1)c1cc(-c3cncnc3)ccc1OC(CCC(F)(F)F)C21CCC1,740.0,nM,6.13
CHEMBL3703299,COc1cncc(-c2ccc3c(c2)C2(COC(N)=N2)C2(CC2)CO3)c1,2940.0,nM,5.53
CHEMBL3650793,COc1cc(-c2ccc3c(c2)C2(COC(N)=N2)C2(COC2)C(C)(C)O3)c(F)cn1,1410.0,nM,5.85
CHEMBL3917225,NC1=NC2(CCO1)c1cc(NC(=O)c3ccc(Cl)cn3)ccc1Oc1ncc(C3=CCCOC3)cc12,5.1,nM,8.29
CHEMBL3967607,Cc1cccnc1Nc1ccc2c(c1)[C@@]1(CCOC(N)=N1)c1cc(Cl)nc(F)c1O2,254.0,nM,6.59
CHEMBL3917445,COc1cnc(C(=O)Nc2ccc3c(c2)C2(CCSC(N)=N2)c2cc(C4=CCOCC4)nc(F)c2O3)cn1,1.6,nM,8.8
CHEMBL3908016,COc1cc(F)c2c(c1)C1(CCOC(N)=N1)c1cc(NC(=O)c3ccc(Cl)cc3F)ccc1O2,181.5,nM,6.74
CHEMBL3945386,Cc1nc(C(=O)Nc2ccc3c(c2)C2(CCOC(N)=N2)c2cc(-c4cncc(F)c4)nc(F)c2O3)cs1,0.6,nM,9.22
CHEMBL3897241,NC1=N[C@@](c2cc(Nc3nccn4c(Br)cnc34)ccc2F)(C(F)F)COC1,570.0,nM,6.24
CHEMBL3951851,COc1cccnc1Nc1ccc(F)c([C@]2(C(F)F)COCC(N)=N2)c1,300.0,nM,6.52
CHEMBL3907163,CCCCNc1ccc(F)c([C@]2(C)COCC(N)=N2)c1,340.0,nM,6.47
CHEMBL3919475,C[C@@]1(c2cc(Nc3cccc4cc(OC(F)F)cnc34)ccc2F)COCC(N)=N1,270.0,nM,6.57
CHEMBL3109549,COc1ccc(C2(c3ccc(OC)cc3)NC(=N)N(CC3CCCCC3)C2=O)cc1,6010.0,nM,5.22
CHEMBL3960302,COc1ccc(C2(c3ccc(OC)cc3)NC(=N)N(C3CCN(C(=O)c4ccccc4)CC3)C2=O)cc1,6800.0,nM,5.17
CHEMBL3691368,NC1=N[C@@]2(c3c(F)cccc3F)COCC[C@H]2CS1,13800.0,nM,4.86
CHEMBL3691373,NC1=N[C@@]2(c3ccccc3F)CO[C@@H](COc3cnccn3)C[C@H]2CS1,2030.0,nM,5.69
CHEMBL3921844,COC1CCC2(CC1)Cc1ccc(CCC3CC3)cc1C21N=C(N)N(CCc2nccs2)C1=O,19.6,nM,7.71
CHEMBL4110527,COC1CCC2(CC1)Cc1ccc(-c3cc(Cl)cc(Cl)c3)cc1[C@]21N=C(N)N(C)C1=O,4.2,nM,8.38
CHEMBL3688613,NC1=N[C@@](c2cc(NC(=O)c3csc(Cl)c3)ccc2F)(C(F)F)[C@H]2C[C@H]2O1,1400.0,nM,5.85
CHEMBL3639827,NC1=N[C@](c2cc(NC(=O)c3nn(C(F)F)cc3Cl)cc(F)c2F)(C(F)F)[C@@H]2C[C@@H]2O1,26194.0,nM,4.58
CHEMBL5984760,CC#Cc1ccc2c(c1)c1cc([C@]3(C)CC(=O)N(C)C(=N)N3)ccc1[s+]2[O-],48.0,nM,7.32
CHEMBL5993106,CN(C)C(=O)[C@]12C[C@H]1[C@@](C)(c1cc(/C=C(\F)c3ccc(C#N)cn3)cnc1F)N=C(N)S2,5.44,nM,8.26
CHEMBL5839479,CC1(C)C(N)=N[C@](C)(c2cc(C(=O)Nc3ccc(C#N)cc3O)ccc2F)CS1(=O)=O,2290.0,nM,5.64
CHEMBL5759684,CC1(C)C(=N)N[C@](C)(c2cc(NC(=O)c3ccc(Cl)cc3)ccc2F)CS1(=O)=O,10.2,nM,7.99
CHEMBL3673214,CCC1CN=C2N(C1)C(N)=NC21c2cc(-c3cc(F)cc(Cl)c3)ccc2CC12CCC(OC)CC2,7.5,nM,8.12
CHEMBL3683805,COc1cc(C#N)cnc1C(=O)Nc1ccc(F)c([C@@]2(C(F)F)N=C(N)O[C@@H]3C[C@@H]32)c1,55.5,nM,7.26
CHEMBL3683811,Cc1cc(C(F)(F)F)cnc1C(=O)Nc1cc(F)c(F)c([C@@]2(CF)N=C(N)O[C@@H]3C[C@@H]32)c1,62.7,nM,7.2
CHEMBL3683815,NC1=N[C@](c2cc(NC(=O)c3ccc(Cl)cn3)ccc2F)(C(F)F)[C@@H]2C[C@@H]2O1,36.2,nM,7.44
CHEMBL3683902,Cc1cc(OC(F)F)cnc1C(=O)Nc1cc(F)c(Cl)c([C@]2(CF)N=C(N)O[C@H]3C[C@H]32)c1,28314.0,nM,4.55
CHEMBL5928063,CC1(C)C(N)=N[C@@](C)(c2cc(Nc3nccc4nc(O)cnc34)cc(F)c2F)CS1(=O)=O,505.0,nM,6.3
CHEMBL5947936,CC1(C)C(N)=N[C@](C)(c2cc(Oc3cc(F)cc(C(F)(F)F)c3)ccc2F)CS1(=O)=O,135.0,nM,6.87
CHEMBL5955920,CCc1cc(Oc2ccc(F)c([C@]3(C)CS(=O)(=O)C(C)(C)C(N)=N3)c2)ccc1Cl,1550.0,nM,5.81
CHEMBL377745,O=C(Nc1cc(Br)ccc1N1CCNCC1)c1ccc2ccccc2n1.O=C(O)C(F)(F)F,3500.0,nM,5.46
CHEMBL3944485,COC1CCC2(CC1)Cc1ccc(-c3cccnc3)cc1C21N=C(N)N(Cc2ccccc2)C1=O,13.6,nM,7.87
CHEMBL3659647,COc1ccc(C(Cc2ccc(C(F)(F)F)cc2)c2[nH]c(N)nc2C(O)c2ccccc2)cc1,5000.0,nM,5.3
CHEMBL3670351,Cc1cc(C#N)cnc1C(=O)Nc1cccc(C2(CF)COCC(N)=N2)n1,270.0,nM,6.57
CHEMBL3691384,NC1=N[C@@]2(c3ccccc3F)CO[C@@H](CF)C[C@H]2CS1,838.0,nM,6.08
CHEMBL3691362,CCOC[C@H]1C[C@H]2CSC(N)=N[C@@]2(c2ccccc2F)CO1,914.0,nM,6.04
CHEMBL3691367,NC1=N[C@@]2(c3ccccc3F)CO[C@@H](COC(=O)c3ccccc3)C[C@H]2CS1,13000.0,nM,4.89
CHEMBL3672717,CC1=NC2(N=C1N)c1cc(Br)ccc1CCC21CC1,4870.0,nM,5.31
CHEMBL3672722,CO[C@H]1CC[C@]2(CCc3ccc(Br)cc3C23N=C(C)C(N)=N3)CC1,8920.0,nM,5.05
CHEMBL3891403,CO[C@H]1CC[C@]2(CC1)Cc1ccc(OCC3CC(F)(F)C3)cc1C21N=C(C)C(N)=N1,50.0,nM,7.3
CHEMBL3964240,CC[C@H]1C[C@@]2(CC[C@@H]1OC)Cc1ccc(C#N)cc1[C@]21N=C(N)N(C[C@H]2CCCO2)C1=O,8.0,nM,8.1
CHEMBL5093088,C#CCOc1cnc(C(=O)Nc2cc(F)c(F)c([C@@]3(C)N=C(N)S[C@@]4(COC)CC43)c2)cn1,0.4,nM,9.4
CHEMBL405889,CN(C)c1cccc(CNC[C@@H](O)[C@H](Cc2cc(F)cc(F)c2)NC(=O)[C@@H]2CN(Cc3ccccc3)C(=O)N2)c1,1290.0,nM,5.89
CHEMBL265953,CN(C)c1cccc(CNC[C@@H](O)[C@H](Cc2ccccc2)NC(=O)[C@@H]2CN(Cc3ccc(F)cc3F)C(=O)N2)c1,9950.0,nM,5.0
CHEMBL84249,CC[C@H](C[C@H](O)[C@H](Cc1ccccc1)NC(=O)[C@H](C)NC(=O)[C@@H](O)C(C)C)C(=O)N[C@H](C(=O)N[C@@H](C)c1ccccc1)C(C)C,60.0,nM,7.22
CHEMBL332948,CCC(C)C[C@H](NC(=O)[C@H](CC(C)C)NC(C)=O)[C@@H](O)CC(=O)N[C@@H](Cc1ccccc1)[C@@H](O)CC(=O)N[C@H](C(=O)NCc1ccc(C(=O)O)cc1)C(C)C,21.0,nM,7.68
CHEMBL311262,CC(C)[C@H](NC(=O)[C@@H](N)CCC(=O)O)C(=O)N[C@@H](CC(N)=O)C(=O)N[C@@H](CC1CCCCC1)[C@@H](O)C[C@H](C(=O)N[C@H](C)C(=O)N[C@H](CCC(=O)O)C(=O)N[C@H](Cc1ccccc1)C(=O)O)C(C)(C)O,49.0,nM,7.31
CHEMBL234762,CCCC(CCC)S(=O)(=O)C[C@@H](NC(=O)c1ccccc1)C(=O)N[C@@H](Cc1cc(F)cc(F)c1)[C@H](O)CNCc1cccc(CC)c1,495.0,nM,6.3
CHEMBL409949,CCCCS(=O)(=O)C[C@@H](NC(=O)OCc1cccnc1)C(=O)N[C@@H](Cc1cc(F)cc(F)c1)[C@H](O)CNCc1cccc(CC)c1,10.0,nM,8.0
CHEMBL231862,CCCC(CCC)S(=O)(=O)C[C@@H](NC(=O)c1cccnc1)C(=O)N[C@@H](Cc1cc(F)cc(F)c1)[C@H](O)CNCc1cccc(CC)c1,1.0,nM,9.0
CHEMBL266566,CCCC(CCC)S(=O)(=O)C[C@@H](NC(=O)c1cccc(O)c1)C(=O)N[C@@H](Cc1cc(F)cc(F)c1)[C@H](O)CNCc1cccc(CC)c1,2.0,nM,8.7
CHEMBL310452,CSCC[C@H](NC(=O)[C@@H](NC(=O)OC(C)(C)C)C(C)C)C(=O)N[C@@H](Cc1ccccc1)[C@@H](O)C[C@@H](C)C(=O)N[C@H](C(=O)NCc1ccncc1)C(C)C,70.0,nM,7.16
CHEMBL4475802,CC(F)(F)[C@@H]1C[C@@](C)(c2cc(NC(=O)c3ccc(OCF)cn3)ccc2F)N=C(N)S1,6.13,nM,8.21
CHEMBL5843017,C[C@]1(c2cc(/C=C(\F)c3ccc(C#N)cn3)ccc2F)N=C(N)S[C@@]2(C(=O)N3CC4CC3CO4)C[C@H]21,2.67,nM,8.57
CHEMBL5891745,CC(C)Cc1cc(C(=O)Nc2csc([C@]34CO[C@@H](C)C[C@H]3CSC(N)=N4)n2)no1,9690.0,nM,5.01
CHEMBL5911399,CC(C)c1cc(C(=O)Nc2csc([C@]34CO[C@@H](C)C[C@H]3CSC(N)=N4)n2)n(C)n1,10400.0,nM,4.98
CHEMBL3892254,C[C@H]1C[C@H]2CSC(N)=N[C@@]2(c2nc(NC(=O)c3cc(C4CCC4)nn3C)cs2)CO1,1480.0,nM,5.83
CHEMBL3683858,COc1cnc(C(=O)Nc2ccc(Cl)c([C@@]3(C(F)F)N=C(N)O[C@@H]4C[C@@H]43)c2)nc1,87.3,nM,7.06
CHEMBL5758008,COc1cc(C#N)cc(-c2ccc3c(c2)C2(N=C(C)C(N)=N2)[C@]2(CC[C@H](OC(F)F)CC2)C3)c1,1.0,nM,9.0
CHEMBL5765372,COC1CCC2(CC1)Cc1ccc(OCCCF)cc1C21C=C(F)C(N)=N1,37.0,nM,7.43
CHEMBL3688808,NC1=N[C@@](c2cc(N[C@H]3CCCc4cc(Br)cnc43)ccc2F)(C(F)F)[C@H]2C[C@H]2O1,3070.0,nM,5.51
CHEMBL3673231,COC1CCC2(CC1)Cc1ccc(Br)cc1C21N=C(N)c2ccc(C(F)(F)F)cc21,65.0,nM,7.19
CHEMBL3688716,NC1=N[C@@](c2cc(NC(=O)c3ccccn3)ccc2F)(C(F)F)[C@H]2C[C@H]2O1,300.5,nM,6.52
CHEMBL3683842,COc1cc(C#N)cnc1C(=O)Nc1cc(Cl)c(F)c([C@@]2(CF)N=C(N)O[C@@H]3C[C@@H]32)c1,75.9,nM,7.12
CHEMBL3693236,NC1=N[C@](CF)(c2cc(NC(=O)c3ncc(Cl)cc3CO)ccc2Cl)[C@H]2C[C@H]2O1,51.5,nM,7.29
CHEMBL3683803,Cc1cc(Cl)cnc1C(=O)Nc1ccc(F)c([C@@]2(C(F)F)N=C(N)O[C@@H]3C[C@@H]32)c1,22.5,nM,7.65
CHEMBL3683838,COC[C@]1(c2cc(NC(=O)c3ccc(Cl)cn3)ccc2F)N=C(N)O[C@@H]2C[C@@H]21,2740.0,nM,5.56
CHEMBL3683840,COc1cnc(C(=O)Nc2ccc(F)c([C@@]3(C(F)F)N=C(N)O[C@@H]4C[C@@H]43)c2)c(OC)n1,494.0,nM,6.31
CHEMBL5906237,CC#Cc1ccc2sc3cc(F)c([C@]4(C)CS(=O)(=O)C(C)(C)C(=N)N4)cc3c2c1,25.0,nM,7.6
CHEMBL5834095,CN1C(N)=N[C@](C)(c2cc(/C=C(\F)c3cc4cc(Cl)ccc4cn3)ccc2F)CS1(=O)=O,552.0,nM,6.26
CHEMBL5881641,CC1(C)C(N)=N[C@](C)(c2cc(/C=C(\F)c3ccc(F)cn3)ccc2F)CS1(=O)=O,180.0,nM,6.75
CHEMBL5815792,Cc1cc(C#N)cnc1/C(F)=C/c1ccc(F)c([C@]2(C)CS(=O)(=O)C(C)(C)C(N)=N2)c1,51.0,nM,7.29
CHEMBL399595,CN(c1cc2cc(n1)CCCCCc1cccc(c1)C[C@@](C)(N)C(=O)OC2)S(C)(=O)=O,15000.0,nM,4.82
CHEMBL3921841,C[C@H]1C[C@H]2CSC(N)=NC2(c2nc(NC(=O)c3cc(Cl)n(C)n3)cs2)CO1,3380.0,nM,5.47
CHEMBL3974373,CCN1C(=O)C2(N=C1N)c1cc(C#CC3CC3)ccc1CC21CCC(OC)CC1,15.6,nM,7.81
CHEMBL5555683,O=C(Cn1nc(-c2ccccc2)c(-c2ccccc2)nc1=O)Nc1ccc(Br)cc1,1858.0,nM,5.73
CHEMBL3921080,CN1C(=O)C2(N=C1N)c1cc(C#CC3CC3)ccc1CC21CCC(O)CC1,3.0,nM,8.52
CHEMBL3650764,N#C/C=C/c1cccc(-c2ccc3c(c2)C2(COC(N)=N2)C2(COC2)C2(CCC2)O3)c1,1200.0,nM,5.92
CHEMBL3922515,COC1CCC2(CC1)Cc1ccc(OCC3CC3(F)F)cc1C21N=C(N)N(C(C)C)C1=O,21.2,nM,7.67
CHEMBL4114413,CC[Si](CC)(CC)c1cc(Br)nc([C@@](CC(=O)OC(C)(C)C)(N[S@+]([O-])C(C)(C)C)C(F)F)c1F,38.0,nM,7.42
CHEMBL3672413,COc1cc(/C=C/C(=O)CC(=O)/C=C/c2cc(O)ccc2[N+](=O)[O-])ccc1O,790.0,nM,6.1
CHEMBL3672419,COc1cc(N(C)C)ccc1/C=C/C(=O)CC(=O)/C=C/c1ccc(O)cc1,1100.0,nM,5.96
CHEMBL3971881,COc1ccc(C2(C3CCCCC3)NC(=N)N(C3CCOCC3)C2=O)cc1,10000.0,nM,5.0
CHEMBL461814,CCCCNC(=O)[C@H](C)C[C@H](O)[C@H](CC(C)C)NC(=O)[C@H](C)N(C)C(=O)CCC(C)C,2400.0,nM,5.62
CHEMBL5802354,Cc1cnc(C(=O)Nc2ccc(F)c([C@]3(C)CS(=O)(=O)C(C)(C)C(=N)N3)c2)cn1,20.2,nM,7.7
CHEMBL5852162,C[C@]1(c2cc(NC(=O)c3ccc(Cl)cn3)ccc2F)N=C(N)C2(CCC2)S(=O)(=O)[C@@H]1F,1.6,nM,8.8
CHEMBL6053886,Cc1cc(OC(F)F)cnc1C(=O)Nc1ccc(F)c([C@@]2(C)N=C(N)C3(CCC3)S(=O)(=O)[C@@H]2F)c1,2.97,nM,8.53
CHEMBL5954128,COc1cnc(C(=O)Nc2ccc(F)c([C@]3(C)CS(=O)(=O)[C@]4(C[C@H](OC)C4)C(N)=N3)c2)c(C)c1,15.7,nM,7.8
CHEMBL5805437,CC1(C)C(N)=N[C@](C)(c2cc(Nc3ncc(CO)c4cc(Cl)cnc34)ccc2F)CS1(=O)=O,4.47,nM,8.35
CHEMBL5829050,CC1(C)C(N)=N[C@](C)(c2cc(NC(=O)c3ncc(Cl)cc3F)ccc2F)CS1(=O)=O,0.6,nM,9.22
CHEMBL6045555,C[C@]1(F)C(N)=N[C@](C)(c2cc(Nc3nccc4cc(Cl)cnc34)ccc2F)CS1(=O)=O,0.33,nM,9.48
CHEMBL5888253,Nc1nc(Nc2ccc(OCCN3CCCCC3)cc2)nn1-c1cccc(Cl)n1,51000.0,nM,4.29
CHEMBL5811509,C[C@@]1(c2cc(NC(=O)c3ccc(C#N)cn3)ccc2F)C[S@@]2(=O)=NCCCCN2C(N)=N1,2.0,nM,8.7
CHEMBL6056370,C[C@H]1C[C@H]2CSC(N)=N[C@@]2(c2nc(NC(=O)c3nn(C(F)F)cc3Cl)cs2)CO1,4.0,nM,8.4
CHEMBL3683852,CC#CCOc1cnc(C(=O)Nc2ccc(F)c([C@@]3(C(F)F)N=C(N)O[C@@H]4C[C@@H]43)c2)cn1,1.0,nM,9.0
CHEMBL5090563,C[C@@]1(c2cc(NC(=O)c3ncc(C#N)cc3N)ccc2F)CO[C@@](C)(C(F)(F)F)C(N)=N1,5.0,nM,8.3
CHEMBL3680885,C[C@]1(c2cc(NC(=O)c3ccc(Cl)cn3)ccc2F)N=C(N)OC[C@H]1F,42.0,nM,7.38
CHEMBL3680902,[C-]#[N+]c1ccc(C(=O)Nc2ccc(F)c([C@@]3(CF)N=C(N)OC[C@H]3F)c2)nc1,39.0,nM,7.41
CHEMBL3680877,C[C@]1(c2cc(NC(=O)c3ccc(OCC(F)(F)C(F)(F)F)cn3)ccc2F)N=C(N)OC[C@@H]1F,52.0,nM,7.28
CHEMBL4758638,c1ccc(CNC2CCN(Cc3ccccc3)C2)cc1,2419.0,nM,5.62
CHEMBL3691361,NC1=N[C@@]2(c3ccccc3F)CO[C@@H](COc3ccccn3)C[C@H]2CS1,2380.0,nM,5.62
CHEMBL3673197,Cc1coc([C@H]2C[C@H]3CSC(N)=NC3(c3cc(C#N)ccc3F)CO2)n1,107.0,nM,6.97
CHEMBL3673212,COC1CCC2(CC1)Cc1ccc(-c3cc(F)cc(Cl)c3)cc1C21N=C(N)N2CC(F)(F)CN=C21,5.0,nM,8.3
CHEMBL3673220,COC1CCC2(CC1)Cc1ccc(C#CC3CC3)cc1C21N=C(N)c2ccccc21,14.5,nM,7.84
CHEMBL3672732,CO[C@H]1CC[C@]2(CCc3ccc(-c4cc(Cl)cc(C#N)c4)cc3C23N=C(C)C(N)=N3)CC1,3.6,nM,8.44
CHEMBL5075933,C[C@@]1(c2cc(NC(=O)c3ccc(Cl)cn3)ccc2F)Cn2c(C#N)cnc2C(N)=N1,2.6,nM,8.59
CHEMBL5077699,C[C@@]1(c2cc(NC(=O)c3cnc(C(F)F)cn3)ccc2F)Cn2nc(C#N)cc2C(N)=N1,3.7,nM,8.43
CHEMBL460835,CCn1ccc2c(N3CCCC3=O)cc(C(=O)N[C@@H](Cc3ccccc3)[C@H](O)CNC(C)(C)c3cccc(OC)c3)cc21,35000.0,nM,4.46
CHEMBL3650159,COC(C)(C)C1CCCCN1C(=O)[C@@H]1CNCC12CCCc1ccccc12,20000.0,nM,4.7
CHEMBL3673236,COC1CCC2(CC1)Cc1ccc(Br)cc1C21N=C(N)c2cc(C#N)ccc21,24.8,nM,7.61
CHEMBL3693225,NC1=N[C@@](c2cc(Nc3ncc(F)c4cc(C#CC5CC5)cnc34)ccc2F)(C(F)F)[C@H]2C[C@H]2O1,46.3,nM,7.33
CHEMBL3683871,NC1=N[C@@](c2cc(NC(=O)c3ncc(Cl)cn3)ccc2F)(C(F)F)[C@H]2C[C@H]2O1,55.9,nM,7.25
CHEMBL6011711,CN1C(N)=N[C@](C)(c2cc(/C=C(\F)c3ncc(C#N)cc3Cl)ccc2F)CS1(=O)=O,2.0,nM,8.7
CHEMBL4081363,CC(=O)N[C@@H](Cc1cc(F)cc(F)c1)[C@H](O)[C@H]1CO[C@@H](OCC2CCCCC2)[C@H](C)N1.Cl,99.0,nM,7.0
CHEMBL3951405,NC1=NC2(COCC1)c1cc(-c3cccnc3F)ccc1Oc1cnc(-c3ccnc(F)c3)cc12,1.0,nM,9.0
CHEMBL4112636,NC1=N[C@]2(COCC1)c1cc(-c3cccnc3F)ccc1Oc1cnc(-c3ccnc(F)c3)cc12,369.0,nM,6.43
CHEMBL5820925,COC(=O)[C@H]1C[C@@](C)(c2cc(/C=C(\F)c3ccc(Cl)cn3)ccc2F)N=C(N)S1,212.0,nM,6.67
CHEMBL5760826,C#CCOc1cnc(/C(F)=C/c2ccc(F)c([C@]3(C)C[C@](C)(C(=O)NC)SC(N)=N3)c2)cn1,37.0,nM,7.43
CHEMBL5814834,COC[C@@]12SC(N)=N[C@](C)(c3cc(/C=C(\F)c4ccc(C#N)cn4)ccc3F)[C@@H]1C2(F)F,11.9,nM,7.92
CHEMBL5559062,O=C(Cn1nc(-c2ccccc2)c(-c2ccccc2)nc1=O)Nc1ccc(O)cc1,1621.0,nM,5.79
CHEMBL5532603,O=C(Cn1nc(-c2ccccc2)c(-c2ccccc2)nc1=O)Nc1ccccc1Cl,609.0,nM,6.21
CHEMBL561021,CCNc1cc(C(=O)N[C@@H](Cc2ccccc2)[C@H](O)CNC2CC2)cc(N2CCCCS2(=O)=O)c1,120.0,nM,6.92
CHEMBL4100768,Fc1ccc(-c2cnc(-c3cccc(-c4cnc(-c5c[nH]c6cc(F)ccc56)[nH]4)c3)[nH]2)cc1,75.0,nM,7.12
CHEMBL3918558,COC1CCC2(CC1)Cc1ccc(OCC3CC3)cc1[C@@]21N=C(N)N(C(C)C)C1=O,850.9,nM,6.07
CHEMBL3976150,COCCN1C(=O)C2(N=C1N)c1cc(-c3cccc(C#N)c3)ccc1CC21CCC(OC)CC1,7.4,nM,8.13
CHEMBL3968144,COCCCN1C(=O)C2(N=C1N)c1cc(CCC3CC3)ccc1CC21CCC(OC)CC1,7.4,nM,8.13
CHEMBL4109927,COC1CCC2(CC1)Cc1ccc(C#CC3CC3)cc1C21N=C(N)N([C@H](C)c2ccccc2)C1=O,37.5,nM,7.43
CHEMBL3947627,COC1CCC2(CC1)Cc1ccc(CCC3CC3)cc1C21N=C(N)N(CC(F)(F)F)C1=O,61.5,nM,7.21
CHEMBL3650773,CC1(C)Oc2ccc(-c3cccc(C(F)(F)F)c3)cc2C2(COC(N)=N2)C12COC2,1300.0,nM,5.89
CHEMBL4093123,[2H]C1([2H])OC(N)=N[C@]12c1cc(-c3cncc(C)c3)ccc1C[C@]21CC[C@@H](OC)CC1,5.9,nM,8.23
CHEMBL3672409,O=C(/C=C/c1ccc(O)cc1)CC(=O)/C=C/c1ccc(O)cc1Cl,1000.0,nM,6.0
CHEMBL3677211,CCN(CC)c1ccc(/C=C/C(=O)CC(=O)/C=C/c2ccc(O)cc2)c(OCc2ccccc2)c1,3400.0,nM,5.47
CHEMBL3677220,O=C(/C=C/c1ccc(O)cc1)CC(=O)/C=C/c1cc(Cl)ccc1[N+](=O)[O-],1500.0,nM,5.82
CHEMBL4062101,CC(=O)N[C@@H](Cc1cc(F)cc(F)c1)[C@H](O)[C@H]1CC[C@@H](OCC2CCCCC2)CN1.Cl,530.0,nM,6.28
CHEMBL1210349,C[C@H](NC[C@@H](O)[C@H](Cc1ccccc1)NC(=O)c1cccc(N(c2cc(Cl)cc(Cl)c2)S(C)(=O)=O)c1)C(=O)NC1CCCCC1,11.0,nM,7.96
CHEMBL1209104,CC(=O)N[C@@H](Cc1cc(F)cc(F)c1)[C@H](O)CNC1(c2cccc(C3CCCC3)c2)CCCCC1,940.0,nM,6.03
CHEMBL1208999,CC(=O)N[C@@H](Cc1cc(F)cc(F)c1)[C@H](O)CNC1(c2cccc(-c3ccsc3)c2)CCCCC1,44.0,nM,7.36
CHEMBL3983783,COC1CCC2(CC1)Cc1ccc(OCC3CC3)cc1C21N=C(N)N(C)O1,14.6,nM,7.84
CHEMBL3892530,CC1(c2cc(NCc3ccco3)ccc2F)COCC(N)=N1,1900.0,nM,5.72
CHEMBL3901477,NC1=NC(c2cc(NCc3cc(Br)co3)ccc2F)(C(F)F)COC1,6200.0,nM,5.21
CHEMBL3970982,COc1nccnc1Nc1ccc(F)c([C@]2(C(F)F)COCC(N)=N2)c1,2400.0,nM,5.62
CHEMBL3972309,N=C1NC(c2cccc(-c3cccnc3)c2)(C2CCCCC2)C(=O)N1C1CCOCC1,14700.0,nM,4.83
CHEMBL3948443,COc1ccc(C(=O)Nc2ccc3c(c2)[C@@]2(CCOC(N)=N2)c2cc(C4=CCOCC4)nc(F)c2O3)nc1,1.5,nM,8.82
CHEMBL3950676,NC1=NC2(CCO1)c1cc(NC(=O)c3ccc(Cl)cn3)ccc1Oc1ncc(-c3ccnc(F)c3)cc12,3.4,nM,8.47
CHEMBL4218591,O=S(=O)(c1ccccc1)N(CC(O)Cn1c2ccccc2c2ccccc21)C1CCCCC1,4100.0,nM,5.39
CHEMBL4218068,Cc1ccc(S(=O)(=O)N(Cc2ccccc2)CC(O)Cn2c3ccccc3c3ccccc32)cc1,2700.0,nM,5.57
CHEMBL4207174,Cc1ccc(S(=O)(=O)N(CC(O)Cn2c3ccccc3c3ccccc32)c2ccccc2)cc1,2600.0,nM,5.58
CHEMBL6049944,Cc1c(F)cccc1[C@@]1(C(F)F)N=C(NC(=O)c2ccccc2)O[C@@H]2C[C@@H]21,118.0,nM,6.93
CHEMBL1097322,CCCN(CCC)C(=O)c1cc(C)cc(C(=O)N[C@@H](Cc2cc(F)cc(F)c2)[C@H](O)[C@H]2CN(S(=O)(=O)c3ccc(C)cc3)CCN2)c1,1300.0,nM,5.89
CHEMBL1097335,CCCN(CCC)C(=O)c1cc(C)cc(C(=O)N[C@@H](Cc2cc(F)cc(F)c2)[C@H](O)[C@H]2CN(S(=O)(=O)c3cnoc3C)CCN2)c1,2900.0,nM,5.54
CHEMBL1097346,CCNc1cc(C(=O)N[C@@H](Cc2cc(F)cc(F)c2)[C@H](O)[C@H]2CN(S(=O)(=O)c3cccc(C)c3)CCN2)cc(N(C)S(C)(=O)=O)c1,38.0,nM,7.42
CHEMBL1097352,COC[C@H]1CCCN1C(=O)c1cc(C)cc(C(=O)N[C@@H](Cc2cc(F)cc(F)c2)[C@H](O)[C@H]2CN(S(=O)(=O)c3cn(C)cn3)CCN2)c1,53.0,nM,7.28
CHEMBL1097356,CCCN(CCC)C(=O)c1cc(C)cc(C(=O)N[C@@H](Cc2cc(F)cc(F)c2)[C@H](O)[C@H]2CN(Cc3ccccc3)CCN2)c1,120.0,nM,6.92
CHEMBL4474090,Cc1ccc(-c2cccc(C3(c4ccccc4)N=C(N)N(C)C3=O)c2)c(F)c1,141.4,nM,6.85
CHEMBL5085521,C[C@@]1(c2cc(NC(=O)c3ccc(C#N)cn3)ccc2F)Cn2cc(C#N)nc2C(N)=N1,13.0,nM,7.89
CHEMBL3670380,Cc1cc(C#N)cnc1C(=O)Nc1ccc(F)c([C@@]2(C(F)F)COCC(N)=N2)n1,1500.0,nM,5.82
CHEMBL2181891,COCC(=O)N[C@@H](Cc1cccc(-c2nccn2C)c1)[C@H](O)CN[C@H]1CC2(CCC2)Oc2ncc(CC(C)(C)C)cc21,5.5,nM,8.26
CHEMBL3672401,COc1cc(/C=C/C(=O)CC(=O)/C=C/c2ccc(O)cc2OC)ccc1O,1200.0,nM,5.92
CHEMBL3672417,COc1cc(/C=C/C(=O)CC(=O)/C=C/c2c[nH]c3ccccc23)ccc1O,1300.0,nM,5.89
CHEMBL3672441,O=C(/C=C/c1ccc(O)cc1)CC(=O)/C=C/c1cc(Cl)cc(Cl)c1O,9900.0,nM,5.0
CHEMBL3672444,O=C(/C=C/c1ccc(O)cc1)CC(=O)/C=C/c1cn(Cc2ccccc2)c2ccccc12,2300.0,nM,5.64
CHEMBL3672448,O=C(/C=C/c1cc(O)ccc1[N+](=O)[O-])CC(=O)/C=C/c1cc(O)ccc1[N+](=O)[O-],790.0,nM,6.1
CHEMBL3913966,COC1CCC2(CC1)Cc1ccc(-c3cnccn3)cc1C21N=C(N)N(C)O1,23.6,nM,7.63
CHEMBL3898481,COC1CCC2(CC1)Cc1ccc(C#CC(C)(C)C)cc1C21N=C(N)N(C)C1=O,7.9,nM,8.1
CHEMBL3903080,CC#Cc1cncc(-c2ccc3c(c2)C2(N=C(N)N(C(C)C)C2=O)C2(CCC(OC)CC2)C3)c1,11.5,nM,7.94
CHEMBL3971949,COC1CCC2(CC1)Cc1ccc(-c3cnc(C4CC4)s3)cc1C21N=C(N)N(C)C1=O,39.9,nM,7.4
CHEMBL3903793,COC1CCC2(CC1)Cc1cc(F)c(-c3cccc(C#N)c3)cc1C21N=C(N)N(C)C1=O,20.4,nM,7.69
CHEMBL3981106,COC1CCC2(CC1)Cc1cc(F)c(C#CC3CC3)cc1C21N=C(N)N(C)C1=O,618.0,nM,6.21
CHEMBL3947797,CN1C(=O)C2(N=C1N)c1cc(Br)ccc1C[C@]21CC[C@@H](O)CC1,26.1,nM,7.58
CHEMBL3903153,CC(C)N1C(=O)C2(N=C1N)c1cc(OCC3CC3)ccc1CC21CCC(OC(F)F)CC1,15.7,nM,7.8
CHEMBL3925759,CN1C(=O)C2(N=C1N)c1cc(C#CC3CC3)ccc1CC21CCC(F)(F)CC1,91.1,nM,7.04
CHEMBL3980268,COC1CCC2(CC1)Cc1ccc(CCC3CC3)cc1C21NC(N)N(Cc2cccc(NS(C)(=O)=O)c2)C1=O,35.2,nM,7.45
CHEMBL3915130,COC1CCC2(CC1)Cc1ccc(CCC3CC3)cc1C21NC(N)N(CCN(C)C)C1=O,12.3,nM,7.91
CHEMBL3911294,COC1CCC2(CC1)Cc1ccc(C#CC3CC3)cc1C21N=C(N)N(Cc2nncn2C)C1=O,17.0,nM,7.77
CHEMBL3910855,CCCCN1C(=O)C2(N=C1N)c1cc(C#CC3CC3)ccc1CC21CCC(OC)CC1,7.1,nM,8.15
CHEMBL3926999,COC1CCC2(CC1)Cc1ccc(C#N)cc1C21N=C(N)N(CC2CCCO2)C1=O,34.9,nM,7.46
CHEMBL4110833,COC1CCC2(CC1)Cc1ccc(C#CC3CC3)cc1[C@@]21N=C(N)N(C[C@H]2CCCO2)C1=O,262.2,nM,6.58
CHEMBL3937946,COC1CCC2(CC1)Cc1ccc(CCC3CC3)cc1C21N=C(N)N(Cc2ccc(S(C)(=O)=O)cc2)C1=O,22.9,nM,7.64
CHEMBL3920773,COC1CCC2(CC1)Cc1ccc(CCC3CC3)cc1C21N=C(N)N(CC(F)F)C1=O,28.9,nM,7.54
CHEMBL3892288,CN1C(=O)[C@@]2(N=C1N)c1cc(-c3cccnc3F)ccc1CC21CCc2ccccc2CC1,213.0,nM,6.67
CHEMBL3943052,CN1C(=O)C2(N=C1N)c1cc(CCC3CC3)ccc1CC21CCc2ccccc2CC1,25.6,nM,7.59
CHEMBL4113098,CN1C(=O)[C@]2(N=C1N)c1cc(OCC3CC3)ccc1CC21CCc2ccccc2CC1,9.7,nM,8.01
CHEMBL3938722,CC(C)N1C(=O)C2(NC1N)c1ccccc1CC21CCc2ccccc2CC1,566.0,nM,6.25
CHEMBL3930915,CN1C(=O)C2(N=C1N)c1cc(-c3ccccc3)ccc1OC21CCc2ccccc2CC1,23.1,nM,7.64
CHEMBL3920806,CO[C@H]1CC[C@]2(CC1)Cc1ccc(CCC(C)C)cc1C21N=C(N)N(C)O1,15.8,nM,7.8
CHEMBL4209994,C[C@H]1C[C@H]2CSC(N)=N[C@@]2(c2ccccc2C(F)(F)F)CO1,2920.0,nM,5.54
CHEMBL3653493,CC(C)Oc1cnc(C(=O)Nc2ccc(F)c([C@]3(C(F)F)COCC(N)=N3)c2)cn1,340.0,nM,6.47
CHEMBL3653499,Cc1cc(OC(F)F)cnc1C(=O)Nc1ccc(F)c([C@]2(C(F)F)COCC(N)=N2)c1,18.0,nM,7.75
CHEMBL3653502,COc1cnc(C(=O)Nc2ccc(F)c([C@]3(C(F)F)COCC(N)=N3)c2)c(OC)c1,920.0,nM,6.04
CHEMBL3985480,CO[C@H]1CC[C@]2(CC1)Cc1ccc(Oc3ccccc3)cc1[C@@]21N=C(N)N(C)C1=O,247.6,nM,6.61
CHEMBL3890041,CO[C@H]1CC[C@]2(CC1)Cc1ccc(Br)cc1[C@]21N=C(N)N(C)C1=O,15.9,nM,7.8
CHEMBL5278221,CC(C)=CCC/C(C)=C/CC/C(C)=C\Cc1c(O)cc(O)c(CC=C(C)C)c1-c1cc2ccc(O)cc2o1,2030.0,nM,5.69
CHEMBL2235239,COc1cc(O)c2c(=O)cc(-c3ccccc3)oc2c1OC,2910.0,nM,5.54
CHEMBL443626,Oc1cc(O)cc(Oc2c(O)cc(O)c3c2Oc2c(cc(O)c(-c4c(O)cc5c(c4O)Oc4c(Oc6cc(O)cc(O)c6)c(O)cc(O)c4O5)c2O)O3)c1,1620.0,nM,5.79
CHEMBL6020703,C#CCOc1cnc(/C(F)=C/c2cnc(F)c([C@]3(C)CS(=O)(=O)C(C)(C)C(N)=N3)c2)cn1,5.0,nM,8.3
CHEMBL269158,Nc1nc2ccc(Cl)cc2[nH]1,731000.0,nM,3.14
CHEMBL1221923,Clc1cccc(-c2cnc3ncccn23)c1,862000.0,nM,3.06
CHEMBL3650829,NC1=NC2(c3cc(-c4cncnc4)ccc3OCC23CC3)C(F)(F)CS1,14900.0,nM,4.83
CHEMBL4792691,FC(F)(F)c1ccc(/C=N\C2CCN(Cc3ccccc3)C2)cc1,683.0,nM,6.17
CHEMBL3695738,CN1C(=O)C[C@]2(N=C1N)c1cc(-c3cccnc3F)ccc1Oc1cnc(C3=CCOCC3)cc12,9.3,nM,8.03
CHEMBL3695743,CN1C(=O)C[C@]2(N=C1N)c1cc(-c3cccnc3F)ccc1Oc1cnc(-c3ccnc(F)c3)cc12,12.2,nM,7.91
CHEMBL3695732,Cc1ccc(-c2cc(F)c3c(c2)[C@]2(N=C(N)N(C)C2=O)c2cc(-c4cccc(Cl)c4)ccc2O3)cc1,4.1,nM,8.39
CHEMBL90043,CSCC[C@H](NC(=O)[C@@H](NC(C)=O)C(C)C)C(=O)N[C@@H](CC(C)C)C(O)C[C@H](C(=O)N[C@@H](C)C(=O)N[C@@H](CCC(=O)O)C(=O)N[C@@H](Cc1ccccc1)C(=O)O)C(C)C,20.0,nM,7.7
CHEMBL4108208,COC1CCC2(CC1)Cc1ccc(CCC3CC3)cc1[C@]21N=C(N)N(CC2CCO2)C1=O,415.5,nM,6.38
CHEMBL4114553,C[C@]1(c2nc(NC(=O)c3ncc(OCCCl)nc3N)ccc2F)N=C(N)OCC1(F)F,8700.0,nM,5.06
CHEMBL4112589,C[C@]1(c2nc(NC(=O)c3ncc(C(F)F)cc3N)ccc2F)N=C(N)OCC1(F)F,140.0,nM,6.85
CHEMBL3977392,COc1cc(C#N)cnc1C(=O)Nc1ccc(F)c([C@]2(CF)C[C@@H](C(F)(F)F)OC(N)=N2)c1,32.2,nM,7.49
CHEMBL3931973,CCOC[C@H]1C[C@H]2[C@@H](C)SC(N)=N[C@@]2(c2ccc(F)cc2F)CO1,613.0,nM,6.21
CHEMBL3914462,CO[C@H]1CC[C@]2(CC1)Cc1c(F)cccc1C21N=C(N)N(C)C1=O,493.0,nM,6.31
CHEMBL3942260,COC1CCC2(CC1)Cc1ccc(C#CC3CC3)cc1C21N=C(N)NC1=O,29.2,nM,7.54
CHEMBL3670360,NC1=NC(CF)(c2cc(NC(=O)c3ccc(Br)cn3)cnc2Cl)COC1,140.0,nM,6.85
CHEMBL3670369,C[C@]1(c2nc(NC(=O)c3ncc(C#N)cc3Cl)ccc2F)CO[C@@](C)(C(F)(F)F)C(N)=N1,1100.0,nM,5.96
CHEMBL3640226,C[C@@]1(c2cc(NC(=O)c3ccc(OCCO)cn3)ccc2F)CCSC(N)=N1,160.0,nM,6.8
CHEMBL5557719,O=C(Cn1nc(-c2ccccc2)c(-c2ccccc2)nc1=O)Nc1ccc(F)cc1F,1436.0,nM,5.84
CHEMBL90615,CSCC[C@H](NC(=O)[C@@H](NC(C)=O)C(C)C)C(=O)NC(CC(C)C)C(O)CC(=O)N[C@@H](C)C(=O)N[C@@H](C)C(=O)N[C@@H](CCC(=O)O)C(=O)N[C@@H](Cc1ccccc1)C(=O)O,5000.0,nM,5.3
CHEMBL4169060,C[C@]1(c2cc(NC(=O)c3ncc(C#N)cc3Cl)ccc2F)N=C(N)CO[C@H]1C(F)(F)F,28.5,nM,7.54
CHEMBL258939,CC(C)=CC(O)C/C(C)=C/COc1c2ccoc2cc2oc(=O)ccc12,26010.0,nM,4.58
CHEMBL5396142,O=c1cc(OCCCNC2CCN(Cc3ccccc3)CC2)c2ccc(-c3cccnc3)cc2o1,1227.0,nM,5.91
CHEMBL5412274,CCCN1CCOc2cccc(c2)C[C@@H]([C@H](O)CNC(C)(C)c2cccc(OC)c2)NC(=O)c2cccc(c2)C1=O,1850.0,nM,5.73
CHEMBL4740873,CN=[S@@]1(=O)C[C@@](C)(c2cc(NC(=O)c3ncc(C#N)cc3C)ccc2F)N=C(N)N1CC(F)(F)F,0.59,nM,9.23
CHEMBL4114267,Cc1cc(C#N)cnc1C(=O)Nc1ccc(F)c([C@@]2(C)N=C(N)OCC2(F)F)n1,12.0,nM,7.92
CHEMBL4111699,C[C@]1(c2nc(NC(=O)c3ncc(OCF)cc3Cl)ccc2F)N=C(N)OCC1(F)F,110.0,nM,6.96
CHEMBL4110279,C[C@]1(c2nc(NC(=O)c3ncc(C(F)(F)F)nc3N)ccc2F)N=C(N)OCC1(F)F,160.0,nM,6.8
CHEMBL2178146,CN1C(=N)N[C@@]2(c3cc(-c4ccc(F)c(C#N)c4)cs3)CN(C(=O)c3cccc(F)c3)C[C@H]2C1=O,20.0,nM,7.7
CHEMBL4568474,N#Cc1ccc(C(=O)Nc2ccc(F)c([C@]34COC[C@@]3(F)COC(N)=N4)c2)nc1,45.0,nM,7.35
CHEMBL4462314,C[C@]1(c2cc(NC(=O)c3ccc(C#N)cn3)ccc2F)N=C(N)O[C@@H]2CCC(F)(F)[C@@H]21,1.5,nM,8.82
CHEMBL4584131,C[C@]1(c2cc(NC(=O)c3ccc(C#N)cn3)ccc2F)N=C(N)OC2(COC2)[C@H]1F,20.7,nM,7.68
CHEMBL4538160,C[C@@]1(c2cc(NC(=O)c3ccc(C#N)cn3)ccc2F)CCC(N)=N1,1047.0,nM,5.98
CHEMBL4443976,C/C(=C\CC/C(C)=C/Cc1cc(C(=O)O)ccc1O)CC/C=C(\C)CC/C=C(\C)C(=O)O,2000.0,nM,5.7
CHEMBL2171305,CC(C)(C)Cc1cnc2c(c1)[C@@H](NC[C@@H](O)[C@H](Cc1ccc(F)cc1)NC(=O)c1cccnc1F)CC1(CCC1)O2,30.0,nM,7.52
CHEMBL2171306,CO[C@H](C)C(=O)N[C@@H](Cc1ccc(F)cc1)[C@H](O)CN[C@H]1CC2(CCC2)Oc2ncc(CC(C)(C)C)cc21,28.0,nM,7.55
CHEMBL5742445,CC1(C)C(N)=N[C@](C)(c2cc(/C=C(\F)c3ncc(C(F)(F)F)cc3Cl)ccc2F)CS1(=O)=O,75.0,nM,7.12
CHEMBL6007924,CC1(C)C(N)=N[C@](C)(c2cc(/C=C(\F)c3ccc(C(F)(F)F)cn3)ccc2F)CS1(=O)=O,8.0,nM,8.1
CHEMBL4648883,C[C@H]1C[C@H]2CC(F)(F)C(N)=N[C@@]2(c2cc(NC(=O)c3cnc(OCF)cn3)ccc2F)CO1,1.5,nM,8.82
CHEMBL4445450,COc1cccc(-c2cccc(C3(c4ccccc4)N=C(N)N(C)C3=O)c2)c1F,220.4,nM,6.66
CHEMBL5774887,CN1C(N)=N[C@](C)(c2cc(/C=C(\F)c3cnc(OCc4cscn4)cn3)cc(F)c2F)CS1(=O)=O,14.0,nM,7.85
CHEMBL6017754,Cc1cc(COc2cnc(/C(F)=C/c3cc(F)c(F)c([C@]4(C)CS(=O)(=O)N(C)C(N)=N4)c3)cn2)on1,38.0,nM,7.42
CHEMBL5895448,C[C@@]1(c2nc(NC(=O)c3ccc(C#N)cn3)ccc2F)C[S@@]2(=O)=NCCCCN2C(N)=N1,49.0,nM,7.31
CHEMBL2407489,CCc1ccc2c(c1)[C@@H](NC[C@@H](O)[C@@H]1Cc3cccc(c3)CCCCn3cc(cc(-c4ccccn4)c3=O)C(=O)N1)CC1(CCC1)O2,5.9,nM,8.23
CHEMBL3670912,C[C@]1(c2cc(N[C@@H]3CCc4cc(Cl)cnc43)ccc2F)N=C(N)COCC1(F)F,2100.0,nM,5.68
CHEMBL4794098,COc1cccc(/C=N/NC(=O)N2CCN(c3ccccn3)CC2)c1OC,6820.0,nM,5.17
CHEMBL4758274,O=C(N/N=C/c1ccccc1O)N1CCN(c2ccccn2)CC1,5880.0,nM,5.23
CHEMBL4740676,O=C(N/N=C/c1ccc(Cl)cc1)N1CCN(c2ccccn2)CC1,2960.0,nM,5.53
CHEMBL4752466,Cc1cccc(-c2nnc(N3CCN(c4ccccn4)CC3)o2)c1,2640.0,nM,5.58
CHEMBL5750829,COC[C@]12C[C@H]1[C@@](C)(c1cc(/C=C(\F)c3cnc(OCC4CCO4)cn3)ccc1F)N=C(N)S2,1310.0,nM,5.88
CHEMBL5810676,CN(C)C(=O)[C@]12C[C@H]1[C@@](C)(c1cc(/C=C(\F)c3cnc(C#N)cn3)cnc1F)N=C(N)S2,11.9,nM,7.92
CHEMBL5853691,COC[C@]12C[C@H]1[C@@](C)(c1cc(/C=C(\F)c3cnc(C#N)cn3)ccc1F)N=C(N)S2,7.3,nM,8.14
CHEMBL1762689,COc1ccc(-c2cc(O)cc(-c3ccccc3)c2OC(C)=O)cc1,11290.0,nM,4.95
CHEMBL1762686,CC(=O)Oc1cc(-c2ccc(C(F)(F)F)cc2)c(OC(C)=O)cc1-c1ccccc1,12120.0,nM,4.92
CHEMBL5785557,C[C@@H]1COC[C@@H](C)N1C(=O)[C@]12C[C@H]1[C@@](C)(c1cc(/C=C(\F)c3ccc(C#N)cn3)ccc1F)N=C(N)S2,4.7,nM,8.33
CHEMBL5853314,COC1CCC2(CC1)Cc1ccc(C#CC3CC3)cc1C21N=C(S[C@@H](C)c2ccccc2)N([C@H](C)c2ccccc2)C1=O,37.5,nM,7.43
CHEMBL3923089,COC1CCC2(CC1)Cc1ccc(CCC3CC3)cc1C21N=C(N)N(CC2CCN(C(C)=O)CC2)C1=O,9.7,nM,8.01
CHEMBL5859431,CCC(CC)CSC1=NC2(C(=O)N1CC(CC)CC)c1cc(CCC3CC3)ccc1CC21CCC(OC)CC1,16.3,nM,7.79
CHEMBL1821800,Nc1ccc2c(Br)cccc2n1,400000.0,nM,3.4
CHEMBL5896685,CC1=NC2(N=C1N)c1cc(-c3cc(F)cc(C#N)c3)ccc1C[C@]21CC[C@@H](OC(F)F)CC1,22.0,nM,7.66
CHEMBL5858194,CN1C(=O)C2(N=C1N)c1cc(C#N)ccc1OC21CCc2ccccc2CC1,53.6,nM,7.27
CHEMBL3918779,NC1=NC2(CS1)c1cc(Br)ccc1CC21CCC(O)CC1,1446.0,nM,5.84
CHEMBL6064779,CCN1CC2(N=C1N)c1cc(-c3cc(F)cc(Cl)c3)ccc1CC21CCC(OC)CC1,340.0,nM,6.47
CHEMBL6016460,CN(C)C(=O)[C@]12C[C@H]1[C@@](C)(c1cc(/C=C(\F)c3ccc(C#N)nn3)ccc1F)N=C(N)S2,209.0,nM,6.68
CHEMBL5768491,CNC(=O)[C@]12C[C@H]1[C@@](C)(c1cc(/C=C(\F)c3ccc(Cl)cn3)ccc1F)N=C(N)S2,12.1,nM,7.92
CHEMBL6045349,CN(C)C(=O)[C@]12C[C@H]1[C@@](C)(c1cc(/C=C(/F)c3ccc(Cl)cn3)cnc1F)N=C(N)S2,112.0,nM,6.95
CHEMBL5744105,C#CCOc1cnc(/C(F)=C/c2ccc(F)c([C@@]3(C)N=C(N)S[C@@]4(C(N)=O)C[C@H]43)c2)cn1,1.3,nM,8.89
CHEMBL4092083,O=C(Nc1ccc(F)cc1)c1cccc(-c2cnc(-c3c[nH]c4ccccc34)[nH]2)c1,98.0,nM,7.01
CHEMBL5849519,CO[C@H]1CC[C@@]2(CC1)Cc1ccc(C#CC(C)(C)C)cc1C21N=C(C)C(N)=N1,21.0,nM,7.68
CHEMBL5980723,C#Cc1cnc(/C(F)=C/c2ccc(F)c([C@@]3(C)N=C(N)S[C@@]4(C(=O)NC)C[C@H]43)c2)cn1,9.78,nM,8.01
CHEMBL5853871,CC#Cc1cncc(-c2ccc3c(c2)[C@@]2(N=C(C)C(N)=N2)C2(CCC2)C3)c1,27600.0,nM,4.56
CHEMBL3928831,COC1CCC2(CC1)Cc1ccc(C#Cc3ccsc3)cc1C21N=C(N)N(C)C1=O,17.4,nM,7.76
CHEMBL3926119,COC1CCC2(CC1)Cc1ccc(C#CC3(O)CCCC3)cc1C21N=C(N)N(C)C1=O,49.7,nM,7.3
CHEMBL3921657,CC(C)N1C(=O)C2(N=C1N)c1cc(-c3cncc(C(F)(F)F)c3)ccc1C[C@]21CC[C@@H](OC(F)F)CC1,18.2,nM,7.74
CHEMBL5929619,COC1CCC2(CC1)Cc1ccc(C#CC3CC3)cc1C21N=C(SCc2cccc(-c3nccs3)c2)N(Cc2cccc(-c3nccs3)c2)C1=O,10.3,nM,7.99
CHEMBL5812884,COC1CCC2(CC1)Cc1ccc(C#CC3CC3)cc1C21N=C(SCCC(F)(F)F)N(CCC(F)(F)F)C1=O,16.1,nM,7.79
CHEMBL5858603,C#CCOc1cnc(/C(F)=C/c2ccc(F)c([C@@]3(C)N=C(N)S[C@@]4(C(=O)N(C)C)C[C@H]43)c2)cn1,3.93,nM,8.41
CHEMBL5875479,CN(C)C(=O)[C@]12C[C@H]1[C@@](C)(c1cc(/C=C(\F)c3cnc(OCc4ncco4)cn3)ccc1F)N=C(N)S2,7.98,nM,8.1
CHEMBL453641,C=C(C)[C@H](CC=C(C)C)Cc1c(O)cc(OC)c2c1O[C@H](c1ccc(O)cc1O)CC2=O,24500.0,nM,4.61
CHEMBL5517663,COc1cc2ncnc(N3CCN(Cc4ccccc4)CC3)c2cc1OC,231.0,nM,6.64
CHEMBL1090543,Nc1nc(Cn2c(-c3ccc(Oc4cncnc4)cc3)ccc2-c2ccccc2Cl)ccc1NCCO,70.0,nM,7.16
CHEMBL1089204,CCCCCOc1ccc(-c2ccc(-c3ccccc3Cl)n2Cc2ccc(NCCCO)c(N)n2)cc1,220.0,nM,6.66
CHEMBL1089186,CCCCCOc1ccc(-c2ccc(-c3ccccc3Cl)n2Cc2ccc(NCCO)c(N)n2)cc1,170.0,nM,6.77
CHEMBL1093807,CCCCCOc1ccc(-c2ccc(-c3ccccc3Cl)n2Cc2ccc(OCCO)c(N)n2)cc1,110.0,nM,6.96
CHEMBL1092912,Nc1cccc(Cn2c(-c3ccc(Oc4cccnn4)cc3)ccc2-c2ccccc2Cl)n1,410.0,nM,6.39
CHEMBL1090146,CCCNC(=O)c1ccc(-c2ccc(-c3ccccc3)n2Cc2cccc(N)n2)cc1,3000.0,nM,5.52
CHEMBL1091441,CN1C(=O)C(c2ccncc2)(c2cccc(-c3ccsc3)c2)N=C1N,240.0,nM,6.62
CHEMBL1824352,Cc1cc(C2(c3cccc(-c4cncnc4)c3)N=C(N)N(C)C2=O)c(Cl)s1,470.0,nM,6.33
CHEMBL1824353,CCC(=O)c1cc(C2(c3cccc(-c4cncnc4)c3)N=C(N)N(C)C2=O)cs1,15.0,nM,7.82
CHEMBL1824355,CN1C(=O)C(c2ccsc2)(c2cccc(-c3cccnc3F)c2)N=C1N,40.0,nM,7.4
CHEMBL5189604,Cn1c(N/N=C/c2ccc(O)cc2O)nc2ccccc2c1=O,27600.0,nM,4.56
CHEMBL1824135,CCn1cc(C2(c3ccc(F)c(-c4cncnc4)c3)N=C(N)N(C)C2=O)cn1,40.0,nM,7.4
CHEMBL5430322,O=c1cc(OCCCN2CCC(NCc3ccc(F)c(F)c3)CC2)c2ccc(-c3cccnc3)cc2o1,1806.0,nM,5.74
CHEMBL4793006,O=C(N/N=C/c1ccc(O)cc1)N1CCN(c2ccccn2)CC1,4680.0,nM,5.33
CHEMBL5270454,COc1nc(N)nc(Nc2ccccc2)c1/N=C/Cc1ccccc1Cl,75000.0,nM,4.12
CHEMBL4518938,Fc1ccc(/C=N/C2CCN(Cc3ccccc3)CC2)cc1,1500.0,nM,5.82
CHEMBL5931741,Nc1nc(Nc2ccc(OCCN3CCCC3)cc2)nn1-c1ccc(Br)cn1,1490.0,nM,5.83
CHEMBL3965056,COc1cnc2c(Nc3ccc(F)c([C@]4(CF)C[C@@H](C(F)(F)F)OC(N)=N4)c3)nccc2n1,50.0,nM,7.3
CHEMBL3688723,COc1cnc(C(=O)Nc2cc(C)c(F)c([C@@]3(C(F)F)N=C(N)O[C@@H]4C[C@@H]43)c2)cn1,30.5,nM,7.52
CHEMBL3693233,CCOc1cnc(C(=O)Nc2ccc(F)c([C@@]3(C(F)F)N=C(N)O[C@@H]4C[C@@H]43)c2)cn1,115.0,nM,6.94
CHEMBL3688687,C[C@H](C#N)Oc1ccc(C(=O)Nc2ccc(F)c([C@@]3(C(F)F)N=C(N)O[C@@H]4C[C@@H]43)c2)nc1,660.0,nM,6.18
CHEMBL3975536,COCC(F)(F)c1ccc(C(=O)Nc2csc([C@]34CO[C@@H](C)C[C@H]3CSC(N)=N4)n2)nc1,282.0,nM,6.55
CHEMBL3915646,COc1cnc(C(=O)Nc2cc(F)c(F)c([C@]3(C)C[C@@H](C(F)(F)F)OC(N)=N3)c2)cn1,78.0,nM,7.11
CHEMBL6049971,C[C@@]1(c2cc(NC(=O)c3ccc(OCCO)cn3)ccc2F)C=CSC(N)=N1,73.0,nM,7.14
CHEMBL5861092,Cc1cc(OC(F)F)cnc1C(=O)Nc1cc([C@]2(C)CS(=O)(=O)C(C)(C)C(N)=N2)c(=O)n(C)c1,9.27,nM,8.03
CHEMBL5949809,Cc1cc(OC(F)F)cnc1C(=O)Nc1ccc(F)c([C@@]2(CF)CS(=O)(=O)C3(CC3)C(N)=N2)c1,150.0,nM,6.82
CHEMBL6004716,CC(C)(C)OC(=O)N=C1OC2C[C@@H]2[C@@](CF)(c2cc(-c3cncc(F)c3)c(CO)cc2F)N1C(=O)OC(C)(C)C,23099.0,nM,4.64
CHEMBL362378,CC1(C)C=Cc2c(ccc(C(=O)/C=C/c3ccc(O)cc3)c2O)O1,9800.0,nM,5.01
CHEMBL3688827,N#Cc1cnc2c(c1)CCC[C@H]2Nc1ccc(F)c([C@@]2(C(F)F)N=C(N)O[C@@H]3C[C@@H]32)c1,2855.0,nM,5.54
CHEMBL3109544,COc1ccc(C2(c3ccc(OC)cc3)NC(=N)N(C3CCOCC3)C2=O)cc1,10100.0,nM,5.0
CHEMBL3680860,C[C@]1(c2cc(NC(=O)c3ncc(Cl)cc3F)ccc2F)N=C(N)OC[C@@H]1F,2.0,nM,8.7
CHEMBL3901712,CC1(c2cccc(Nc3noc4ccccc34)c2)COCC(N)=N1,8900.0,nM,5.05
CHEMBL3913980,NC1=N[C@@](c2cc(Nc3nccc4cc(Br)cnc34)ccc2F)(C(F)F)COC1,21.0,nM,7.68
CHEMBL3967875,COc1ccc(C2(c3ccc(OC)cc3)NC(=N)N(Cc3ccccc3C#N)C2=O)cc1,6700.0,nM,5.17
CHEMBL3645148,Cc1cc(C(=O)Nc2cccc([C@]3(C)CCSC(N)=N3)c2)c(C)s1,170.0,nM,6.77
CHEMBL3640281,COc1nc(N2C[C@H]3C(=O)N(C)C(N)=N[C@@]3(c3cc(F)ccc3F)C2)nc(C2CC2)c1Cl,90.0,nM,7.05
CHEMBL3640287,COc1nc(N2C[C@H]3C(=O)N(C)C(N)=N[C@@]3(c3ccc(F)cc3F)C2)nc(C(F)(F)F)c1F,67.0,nM,7.17
CHEMBL5800260,C[C@@]1(c2cc(NCc3ccc(F)cn3)ccc2F)CC2(CCC2)OC(N)=N1,3720.0,nM,5.43
CHEMBL5949783,CC#Cc1cncc(-c2csc(C3(C)CC4(CCOCC4)SC(N)=N3)c2)c1,160.0,nM,6.8
CHEMBL5832408,COc1cnc(C(=O)Nc2ccc(F)c([C@]3(C)CC4(CCOCC4)SC(N)=N3)c2)cn1,33.0,nM,7.48
CHEMBL6030300,C[C@@]1(c2cc(NC(=O)c3ccc(Cl)cn3)ccc2F)CC2(CC2)OC(N)=N1,113.0,nM,6.95
CHEMBL3359763,CC1(C#Cc2cnc3c(c2)[C@]2(COC(N)=N2)c2cc(-c4cccnc4F)ccc2O3)COC1,4.4,nM,8.36
CHEMBL2012006,CN1C(=N)NC(c2cccc(-c3cncc(F)c3)c2)(C2CC2)C1=O,800.0,nM,6.1
CHEMBL3688828,N#Cc1cnc2c(c1)CC[C@H]2Nc1ccc(F)c([C@@]2(C(F)F)N=C(N)O[C@@H]3C[C@@H]32)c1,291.0,nM,6.54
CHEMBL3693247,CC#Cc1cncc(-c2cc(C3(CF)N=C(N)OC4CC43)c(F)cc2CO)c1,33135.0,nM,4.48
CHEMBL3688792,NC1=N[C@@](c2cc(Nc3ncnc4cc(C(F)(F)F)cnc34)ccc2F)(C(F)F)[C@H]2C[C@H]2O1,124.5,nM,6.91
CHEMBL3954909,C[C@@H]1Oc2ccc(-c3cccnc3F)cc2[C@]2(COC(=N)N2)C12COC2,1430.0,nM,5.84
CHEMBL3904137,COc1cccc2c1OCC[C@@]21CNC[C@@H]1C(=O)N1CC[C@H](c2ccccc2)C[C@@H]1C1CCCC(F)(F)C1,2190.0,nM,5.66
CHEMBL3650179,NC1=N[C@@]2(c3ccc(F)cc3F)CO[C@@H](c3cnn(CC(F)(F)F)c3)C[C@H]2CS1,72.8,nM,7.14
CHEMBL3654217,Cn1cccc1[C@H]1C[C@H]2CSC(N)=N[C@@]2(c2ccc(F)cc2F)CO1,7780.0,nM,5.11
CHEMBL1099023,COc1ccc(C(=O)N[C@@H](Cc2ccc([N+](=O)[O-])cc2)C(=O)N[C@@H](CC(C)C)[C@@H](O)C[C@@H](C)C(=O)NCC(C)C)cc1OC,3810.0,nM,5.42
CHEMBL3975488,CC(C)(C)COc1cc(F)c2c(c1)C1(COCCC(N)=N1)c1cc(-c3cccnc3F)ccc1O2,1.0,nM,9.0
CHEMBL4070299,[2H]C1([2H])OC(N)=N[C@]12c1cc(-c3cncnc3)ccc1C[C@@]21CC[C@H](OC)[C@@H](C)C1,1.1,nM,8.96
CHEMBL2370115,CSCC[C@H](NC(=O)[C@@H](NC(C)=O)C(C)C)C(=O)N[C@@H](CC(C)C)C(O)CC(=O)N[C@H](C(=O)N[C@@H](C)C(=O)N[C@@H](CCC(=O)O)C(=O)N[C@@H](C)C(=O)O)C(C)(C)C,20000.0,nM,4.7
CHEMBL4112944,CC(C)[C@@H]1C[C@H](c2ccccc2)CCN1C(=O)[C@@H]1CNC[C@]12CCCc1ccccc12,22000.0,nM,4.66
CHEMBL1795872,C[C@@H](NC(=O)c1cc(-c2cn([C@H](CNCc3cccc(Br)c3)Cc3ccccc3)nn2)cc(N(C)S(C)(=O)=O)c1)c1ccccc1,2000.0,nM,5.7
CHEMBL1589705,COc1ccc(-n2nc3cc(C)c(NC(=O)CC(C)C)cc3n2)cc1,165.0,nM,6.78
CHEMBL1601822,Fc1ccccc1CSc1nc2ccc[nH]c-2n1,264.0,nM,6.58
CHEMBL1312649,CC(=O)N1CCN(C(=S)c2ccc(N(C)C)cc2)CC1,1288.0,nM,5.89
CHEMBL3645169,NC1=NC(c2cccc(NC(=O)c3ccc(Cl)cn3)c2)CCS1,505.0,nM,6.3
CHEMBL3953190,COC1CCC2(CC1)Cc1ccc(-c3cncs3)cc1C21N=C(N)N(Cc2ccccc2)C1=O,12.9,nM,7.89
CHEMBL3925451,CC#Cc1csc(-c2ccc3c(c2)C2(N=C(N)N(C(C)C)C2=O)C2(CCC(OC)CC2)C3)c1,20.3,nM,7.69
CHEMBL3945502,CC#Cc1csc(-c2ccc3c(c2)C2(N=C(N)N(C(C)C)C2=O)C2(CCC(OC)CC2)C3)n1,55.8,nM,7.25
CHEMBL3703240,COCCCc1ccc2c(c1)C1(COC(N)=N1)C1(COC1)CO2,26000.0,nM,4.58
CHEMBL3683881,COc1ccc(C(=O)Nc2ccc(F)c([C@@]3(C(F)F)N=C(N)O[C@@H]4C[C@@H]43)c2)nc1,84.5,nM,7.07
CHEMBL3806048,COc1ccc([C@@H]2C[C@@H](c3cc(-c4cncnc4)c(F)cc3F)N=C(N)S2)cc1OC,290.0,nM,6.54
CHEMBL3657429,COc1cc(C#N)cc(-c2ccc3c(c2)[C@@]2(N=C(C)C(N)=N2)[C@]2(CC[C@H](OC(F)F)CC2)C3)c1,1.0,nM,9.0
CHEMBL3653699,CC1=NC2(CC3(CCCOC3)Oc3ccc(-c4cccc(Cl)c4)cc32)N=C1N,124.0,nM,6.91
CHEMBL3653704,CC1=N[C@]2(C[C@H]([C@H]3CCCOC3)Oc3ccc(-c4cccc(Cl)c4)cc32)N=C1N,803.0,nM,6.09
CHEMBL3653712,CC1=NC2(N=C1N)c1cc(Br)ccc1CC21CCC1,6610.0,nM,5.18
CHEMBL3916726,COc1cccc(-c2ccc3c(c2)[C@@]2(N=C(C)C(N)=N2)[C@]2(CC[C@H](OC)CC2)C3)c1F,3.3,nM,8.48
CHEMBL3673191,COC[C@H]1C[C@H]2CSC(N)=NC2(c2cc(C#N)c(F)cc2F)CO1,320.0,nM,6.5
CHEMBL3673202,Cn1cc([C@H]2C[C@H]3CSC(N)=N[C@@]3(c3cc(CNCC(F)(F)F)ccc3F)CO2)cn1,19.0,nM,7.72
CHEMBL3673203,Cc1cc([C@H]2C[C@H]3[C@@H](C)SC(N)=NC3(c3cc(C#N)ccc3F)CO2)on1,82.0,nM,7.09
CHEMBL3673207,COC1CCC2(CC1)Cc1ccc(-c3cc(F)cc(Cl)c3)cc1C21N=C(N)N2CCON=C21,1.1,nM,8.96
CHEMBL3911056,CO[C@H]1CC[C@]2(CC1)Cc1ccc(C#CC3CC3)cc1C21N=C(N)c2ccc(C#N)cc21,4.6,nM,8.34
CHEMBL3683799,NC1=N[C@](CF)(c2cc(NC(=O)c3ccc(Br)cn3)cc(F)c2F)[C@H]2C[C@H]2O1,46.9,nM,7.33
CHEMBL3683861,NC1=N[C@@](c2cc(NC(=O)c3ccc(Cl)cn3)cc(F)c2F)(C(F)F)[C@H]2C[C@H]2O1,19.6,nM,7.71
CHEMBL2347873,COc1ccc(CN2CCN(c3ccc(Br)cc3NC(=O)c3cc4ccccc4o/c3=N\c3ccccc3)CC2)cc1,578.0,nM,6.24
CHEMBL2347870,O=C(Nc1cc(Br)ccc1N1CCN(CCO)CC1)c1cc2ccccc2o/c1=N\c1ccccc1,849.0,nM,6.07
CHEMBL2349484,CC1(C)CC2(N=C(N)N(CC(F)(F)F)C2=O)c2cc(-c3cccc(Cl)c3)ccc2O1,604.0,nM,6.22
CHEMBL4455013,COc1ccc(CNC(=O)C2CCN(C(=O)c3ccccc3)CC2)cc1OC,18.3,nM,7.74
CHEMBL4464129,NC1=N[C@@]2(COc3ccc(NC(=O)c4cnc(OCC(F)(F)F)cn4)cc32)[C@H](C(F)(F)F)C1,7079.0,nM,5.15
CHEMBL4764465,Oc1ccc(CNC2CCN(Cc3ccccc3)C2)cc1,968.0,nM,6.01
CHEMBL4535864,COc1nc(N2C[C@H]3CSC(N)=N[C@@]3(c3ccns3)C2)nc(C)c1F,172.0,nM,6.76
CHEMBL4558124,C[C@@]1(c2nc(NC(=O)c3ccc(C#N)cn3)ccc2F)C[C@@H](C(F)(F)F)OC(N)=N1,3.4,nM,8.47
CHEMBL4453767,CC#CCOc1cnc(C2=Nc3cc([C@]4(C)C[C@@H](C(F)(F)F)OC(N)=N4)c(F)cc3CN2)cn1,9.0,nM,8.05
CHEMBL4573117,Cc1cc(C#N)cnc1C(=O)Nc1ccc(F)c([C@]2(C)C[S@@](=O)(=NCC(F)(F)F)N(C)C(N)=N2)c1,0.99,nM,9.0
CHEMBL4574605,C[C@]1(c2cc(NC(=O)c3ccc(C#N)cn3)ccc2F)N=C(N)O[C@@H]2CCCC(F)(F)[C@@H]21,2.2,nM,8.66
CHEMBL4469173,C[C@]1(c2cc(NC(=O)c3ccc(C#N)cn3)ccc2F)N=C(N)C[C@H]1C(F)(F)F,182.0,nM,6.74
CHEMBL3691360,NC1=N[C@@]2(c3ccccc3F)CO[C@@H](COc3ccccc3)C[C@H]2CS1,826.0,nM,6.08
CHEMBL3688659,NC1=N[C@](CF)(c2cc(NC(=O)c3ccc(Cl)cn3)cnc2F)[C@H]2C[C@H]2O1,165.0,nM,6.78
CHEMBL4204985,COc1ccc(CN(CC(O)Cn2c3ccccc3c3ccccc32)S(=O)(=O)c2ccccc2)cc1,5700.0,nM,5.24
CHEMBL4204085,Cc1ccc(N(CC(O)Cn2c3ccccc3c3ccccc32)S(=O)(=O)c2ccccc2)cc1,7100.0,nM,5.15
CHEMBL4456778,C#CCOc1ccc(C(=O)Nc2cc(F)c(F)c([C@@]3(C)N=C(N)S[C@@]4(COC)C[C@H]43)c2)nc1,2.2,nM,8.66
CHEMBL5278850,CN1C(=O)C[C@@](C)(Cc2ccccc2)N=C1N,34000.0,nM,4.47
CHEMBL1270631,Cc1cc([C@]2(c3ccc(F)c(C#CCF)c3)N=C(N)N(C)C2=O)ccc1OC(F)F,20.0,nM,7.7
CHEMBL1271244,CN1C(=O)[C@@](c2ccc(OC(F)F)cc2)(c2cccc(-c3cccnc3F)c2)N=C1N,10.0,nM,8.0
CHEMBL1269918,CN1C(=O)[C@](c2ccccc2)(c2ccc(OCCF)cc2)N=C1N,1240.0,nM,5.91
CHEMBL1270133,CCC(C)Cc1cccc([C@@]2(c3ccc(OC(F)F)cc3)N=C(N)N(C)C2=O)c1,110.0,nM,6.96
CHEMBL1270434,CN1C(=O)[C@@](c2ccc(OC(F)F)cc2)(c2cccc(/C=C/C3CC3)c2)N=C1N,90.0,nM,7.05
CHEMBL1270729,COCCC/C=C/c1cccc([C@@]2(c3ccc(OC(F)F)cc3)N=C(N)N(C)C2=O)c1,50.0,nM,7.3
CHEMBL1271142,CN1C(=O)[C@@](c2ccc(OC(F)F)cc2)(c2cccc(C#CCCCCF)c2)N=C1N,40.0,nM,7.4
CHEMBL1271452,COCCC#Cc1cccc([C@@]2(c3ccc(OC(F)F)cc3)N=C(N)N(C)C2=O)c1,20.0,nM,7.7
CHEMBL1270028,CN1C(=O)[C@@](c2ccc(OC(F)F)cc2)(c2ccc(F)c(OCCF)c2)N=C1N,120.0,nM,6.92
CHEMBL1270338,CN1C(=O)[C@@](c2ccc(OC(F)F)cc2)(c2cccc(OCC(F)F)c2)N=C1N,30.0,nM,7.52
CHEMBL1270334,COCC#Cc1cc([C@@]2(c3ccc(OC(F)F)c(C)c3)N=C(N)N(C)C2=O)ccc1F,13.0,nM,7.89
CHEMBL590730,CCc1cc([C@]2(c3cccc(-c4cncnc4)c3)N=C(N)N(C)C2=O)cc(CC)n1,30.0,nM,7.52
CHEMBL517247,CC(C)=CCC/C(C)=C/Cc1c(O)ccc2cc(-c3cc(O)cc(O)c3CC=C(C)C)oc12,3740.0,nM,5.43
CHEMBL3707021,COc1ccc2c(c1)CCC2(Cc1ccc(C(F)(F)F)cc1)c1cn(C)c(N)n1,350.0,nM,6.46
CHEMBL5910089,Cc1nc(COc2cnc(/C(F)=C/c3cc(F)c(F)c([C@]4(C)CS(=O)(=O)N(C)C(N)=N4)c3)cn2)no1,10.0,nM,8.0
CHEMBL5842528,CN1C(N)=N[C@](C)(c2cc(/C=C(\F)c3ncc4c(n3)OCCO4)ccc2F)CS1(=O)=O,99.0,nM,7.0
CHEMBL6037740,Cc1c(C(=O)Nc2ccc(F)c([C@]3(CF)CS(=O)(=O)C(C)(C)C(N)=N3)c2)nc2ccc(Cl)cn12,3.03,nM,8.52
CHEMBL3927541,C[C@H]1SC(N)=N[C@@]2(c3ccc(F)cc3F)CO[C@@H](c3ccc(C#N)cc3)C[C@@H]12,11.0,nM,7.96
CHEMBL3890548,C[C@H]1SC(N)=N[C@@]2(c3ccc(F)cc3F)CO[C@@H](c3cccc(C#N)c3)C[C@@H]12,14.0,nM,7.85
CHEMBL3653353,CC1(c2cccc(NC(=O)c3cnc(-n4ccc(C(F)(F)F)n4)cn3)c2)COCC(N)=N1,9100.0,nM,5.04
CHEMBL3653355,CC1(c2cccc(NC(=O)c3ncc(C(F)(F)F)cc3Cl)c2)COCC(N)=N1,400.0,nM,6.4
CHEMBL3653364,Cc1ccc(C(=O)Nc2cccc(C3(C)COCC(N)=N3)c2)nc1,1400.0,nM,5.85
CHEMBL3925196,CO[C@H]1CC[C@]2(CC1)Cc1cc(F)c(OCCCF)cc1C21N=C(C)C(N)=N1,39.0,nM,7.41
CHEMBL3893167,COC1CCC2(CC1)Cc1ccc(CCC3CC3)cc1C21NC(N)N(Cc2ncco2)C1=O,11.2,nM,7.95
CHEMBL3942750,CCC(C)N1C(=O)C2(N=C1N)c1cc(C#CC3CC3)ccc1CC21CCC(OC)CC1,22.2,nM,7.65
CHEMBL3958023,CCCN1C(=O)C2(N=C1N)c1cc(C#CC3CC3)ccc1CC21CCC(OC)CC1,5.2,nM,8.28
CHEMBL3975061,COC1CCC2(CC1)Cc1ccc(OCC3CC3)cc1C21NC(N)N(CC(F)F)C1=O,9.0,nM,8.05
CHEMBL4106556,C[C@]1(c2nc(NC(=O)c3ncccc3Cl)ccc2F)N=C(N)OCC1(F)F,360.0,nM,6.44
CHEMBL4115141,C[C@]1(c2nc(NC(=O)c3ncc(OCC(F)F)cc3Cl)ccc2F)N=C(N)OCC1(F)F,240.0,nM,6.62
CHEMBL3964525,NC1=N[C@](CF)(c2cc(NC(=O)c3ccc(C(F)F)cn3)ccc2F)C[C@@H](C(F)(F)F)O1,88.0,nM,7.06
CHEMBL3946502,NC1=N[C@](CF)(c2cc(Nc3ncc(F)c4cc(C#CC5CC5)cnc34)ccc2F)C[C@@H](C(F)(F)F)O1,2330.0,nM,5.63
CHEMBL3951561,COc1cc(Cl)cnc1C(=O)Nc1ccc(F)c([C@]2(CF)C[C@@H](C(F)(F)F)OC(N)=N2)c1,56.4,nM,7.25
CHEMBL3938934,[C-]#[N+]c1ccc(C(=O)Nc2ccc(F)c([C@]3(C)C[C@@H](C(F)(F)F)OC(N)=N3)c2)nc1,13.2,nM,7.88
CHEMBL3949737,C[C@@]1(c2cc(NC(=O)c3ncc(Cl)cc3Cl)cnc2F)C[C@@H](C(F)(F)F)OC(N)=N1,75.1,nM,7.12
CHEMBL3956399,NC1=N[C@](CF)(c2cc(Oc3ncccc3F)ccc2F)C[C@@H](C(F)(F)F)O1,398.0,nM,6.4
CHEMBL3901216,COc1cnc(C(=O)Nc2cc(F)c(F)c([C@]3(CF)C[C@@H](C(F)(F)F)OC(N)=N3)c2)cn1,50.0,nM,7.3
CHEMBL3906925,COc1ccc(C2(c3ccc(OC)cc3)NC(=N)N(CC3CCN(C(=O)OC(C)(C)C)CC3)C2=O)cc1,2200.0,nM,5.66
CHEMBL3983294,N=C1NC(c2cccc(-c3cccnc3)c2)(C2CC2)C(=O)N1C1CCOCC1,8650.0,nM,5.06
CHEMBL3691376,COC[C@H]1C[C@H]2CSC(N)=N[C@@]2(c2ccccc2F)CO1,1240.0,nM,5.91
CHEMBL3261057,Cc1cc([C@H]2CC3CSC(N)=N[C@@]3(c3ccc(F)cc3F)CO2)on1,59.0,nM,7.23
CHEMBL3968738,C[C@@]1(c2cc(Nc3ccccc3OCC(F)(F)F)ccc2F)COCC(N)=N1,5200.0,nM,5.28
CHEMBL588662,CCC(CN1C(=N)NC(c2ccccc2)(c2ccccc2)C1=O)c1ccccc1,2300.0,nM,5.64
CHEMBL3688668,COCC(=O)Nc1ccc(F)c([C@@]2(C(F)F)N=C(N)O[C@@H]3C[C@@H]32)c1,821.0,nM,6.09
CHEMBL5761952,CCc1cc(Cl)cnc1C(=O)Nc1ccc(F)c([C@]2(CF)CS(=O)(=O)C(C)(C)C(N)=N2)c1,1.46,nM,8.84
CHEMBL5936051,COc1cnc2c(Nc3ccc(F)c(C4(CF)CS(=O)(=O)C(C)(C)C(N)=N4)c3)nccc2c1,6.5,nM,8.19
CHEMBL6057481,CC1(C)C(N)=N[C@](C)(c2cc(NCc3nn(CC(F)(F)F)cc3Cl)ccc2F)CS1(=O)=O,45.2,nM,7.34
CHEMBL583034,CC(=O)N[C@@H](Cc1cc(F)cc(F)c1)[C@H](O)CN[C@@]1(c2cccc(C(C)(C)C)c2)CC[C@H](NO)NC1,19.0,nM,7.72
CHEMBL609987,CC(=O)N[C@@H](Cc1cc(F)cc(F)c1)[C@H](O)CNC1(c2cccc(C(C)(C)C)c2)CCc2n[nH]cc2C1,12.0,nM,7.92
CHEMBL1270527,CN1C(=O)[C@@](c2ccc(OC(F)F)cc2)(c2cccc(/C(F)=C\C3CC3)c2)N=C1N,20.0,nM,7.7
CHEMBL1270240,CN1C(=O)[C@@](c2ccc(OC(F)F)cc2)(c2cccc(OCC3CC3)c2)N=C1N,20.0,nM,7.7
CHEMBL6040260,Cc1nc(F)c([C@]2(C)CS(=O)(=O)C(C)(C)C(N)=N2)cc1Br,8110.0,nM,5.09
CHEMBL3976883,C[C@@]1(c2cc(N[C@H]3CCC[C@@H]3O)ccc2F)COCC(N)=N1,1210.0,nM,5.92
CHEMBL3907448,C[C@@]1(c2cc(Nc3cccc4cc(Cl)cnc34)ccc2F)COCC(N)=N1,160.0,nM,6.8
CHEMBL3672916,CN1C(=N)N[C@](C)(c2cc(NC(=O)c3ccc(Cl)cn3)ccc2F)CS1(=O)=O,6.4,nM,8.19
CHEMBL3673187,COc1cc(F)c(C23CO[C@@H](COCc4ccccc4)C[C@H]2CSC(N)=N3)cc1C#N,1220.0,nM,5.91
CHEMBL3673198,Cn1cc([C@H]2C[C@H]3CSC(N)=NC3(c3cc(C#N)ccc3F)CO2)cn1,60.0,nM,7.22
CHEMBL3673199,N#Cc1ccc(F)c(C23CO[C@@H](C4CC4)C[C@H]2CSC(N)=N3)c1,342.0,nM,6.47
CHEMBL3905816,CO[C@H]1CC[C@]2(CC1)Cc1ccc(OCC3CC3(F)F)cc1C21N=C(C)C(N)=N1,13.0,nM,7.89
CHEMBL3902664,Cc1cccc2c1CCC1(CCc3ccc(-c4cccc(C#N)c4)cc3C13N=C(N)N(C)O3)C2,617.9,nM,6.21
CHEMBL3934108,CN1OC2(N=C1N)c1cc(-c3cccc(C#N)c3)ccc1CC21Cc2cccc3cccc(c23)C1,3262.1,nM,5.49
CHEMBL3916549,COC1CCC2(CC1)Cc1ccc(-c3cncc(F)c3)cc1C21N=C(N)N(Cc2ccccc2)C1=O,4.5,nM,8.35
CHEMBL3972883,COC1CCC2(CC1)Cc1ccc(-c3cc(F)cc(C#N)c3)cc1C21N=C(N)N(C)C1=O,0.96,nM,9.02
CHEMBL3973849,CN1C(=O)C2(N=C1N)c1cc(C#CC3CC3)ccc1CC21CCC(OC(F)F)CC1,8.4,nM,8.08
CHEMBL3985282,COC1CCC2(CC1)Cc1ccc(C#CC3CC3)cc1C21N=C(N)N(Cc2cncnc2)C1=O,15.2,nM,7.82
CHEMBL3968186,COC1CCC2(CC1)Cc1ccc(C#CC3CC3)cc1[C@]21N=C(N)N(C[C@@H]2CCCO2)C1=O,1.7,nM,8.77
CHEMBL3896833,COC1CCC2(CC1)Cc1ccc(C#CC3CC3)cc1[C@@]21N=C(N)N(C[C@@H]2CCCO2)C1=O,206.9,nM,6.68
CHEMBL3944604,COC1CCC2(CC1)Cc1ccc(CCC3CC3)cc1C21N=C(N)N(Cc2ccc(F)cc2)C1=O,14.1,nM,7.85
CHEMBL3909268,COC1CCC2(CC1)Cc1ccc(CCC3CC3)cc1C21N=C(N)N(Cc2cscn2)C1=O,8.8,nM,8.06
CHEMBL3905234,COC1CCC2(CC1)Cc1ccc(OCc3ccccc3)cc1C21N=C(N)N(C)O1,890.0,nM,6.05
CHEMBL3703277,C[C@H]1Oc2ccc(-c3cncnc3)cc2[C@@]2(COC(N)=N2)C12COC2,2050.0,nM,5.69
CHEMBL3976447,COc1cnc(C(=O)Nc2ccc3c(c2)C2(CCOC(N)=N2)c2cc(C4=CCCOC4)cc(F)c2O3)cn1,6.8,nM,8.17
CHEMBL3695736,CN1C(=O)[C@@]2(N=C1N)c1cc(-c3cccnc3F)ccc1Oc1c(F)cc(-c3ccnc(F)c3)cc12,169.0,nM,6.77
CHEMBL5411394,N=c1oc2ccccc2cc1C(=O)Nc1cc(Br)ccc1N1CCN(Cc2ccc(F)cc2)CC1,6310.0,nM,5.2
CHEMBL5875827,Cc1cc(Cl)cnc1C(=O)Nc1ccc(F)c([C@]2(CF)CS(=O)(=O)C3(CC3)C(N)=N2)c1,0.54,nM,9.27
CHEMBL5762275,Cc1c(C(=O)Nc2ccc(F)c([C@]3(C)CS(=O)(=O)[C@]4(C[C@@H](F)C4)C(N)=N3)c2)nc2ccc(Cl)cn12,4.0,nM,8.4
CHEMBL5892071,C=C(C)c1cc(Cl)cnc1C(=O)Nc1ccc(F)c([C@]2(C)CS(=O)(=O)C(C)(C)C(N)=N2)c1,5.18,nM,8.29
CHEMBL5862340,C=Cc1cc(Cl)cnc1C(=O)Nc1ccc(F)c([C@]2(C)CS(=O)(=O)C(C)(C)C(N)=N2)c1,0.59,nM,9.23
CHEMBL5764268,COc1cnc(C(=O)Nc2ccc(F)c(C3(CF)CS(=O)(=O)C(C)(C)C(N)=N3)c2)cn1,3.8,nM,8.42
CHEMBL1087736,CC(C)CNC(=O)[C@H](C)C[C@H](O)[C@H](CC(C)C)NC(=O)[C@H](Cc1ccccc1)NC(=O)c1ccc([N+](=O)[O-])cc1,15730.0,nM,4.8
CHEMBL4097477,[2H]C1([2H])OC(N)=N[C@]12c1cc(-c3cncnc3)ccc1C[C@]21CC[C@@H](OC)[C@H](CC)C1,0.91,nM,9.04
CHEMBL3920732,Cc1cc(Cl)cnc1C(=O)Nc1ccc(F)c([C@]2(CF)C[C@@H](C(F)(F)F)OC(N)=N2)c1,31.0,nM,7.51
CHEMBL3968046,CCCCOC(=O)C[C@](C)(N[S@+]([O-])C(C)(C)C)c1cc(Br)ccc1F,3260.0,nM,5.49
CHEMBL3926622,NC1=N[C@](CF)(c2cc(Nc3ncnc4sc(C(F)F)nc34)ccc2F)C[C@@H](C(F)(F)F)O1,506.0,nM,6.3
CHEMBL3976796,COC1CCC2(CC1)Cc1ccccc1C21N=C(N)N(C)C1=O,161.0,nM,6.79
CHEMBL3943420,COC1CCC2(CC1)Cc1ccc(OCCC3CC3)cc1C21N=C(N)N(C)C1=O,10.0,nM,8.0
CHEMBL4107172,COC1CCC2(CC1)Cc1ccc(OC(F)(F)C(F)F)cc1[C@]21N=C(N)N(C)C1=O,6.5,nM,8.19
CHEMBL3703257,CC#Cc1ccnc(-c2ccc3c(c2)C2(COC(N)=N2)C2(COC2)CO3)c1,740.0,nM,6.13
CHEMBL261063,CC(C)=CCC/C(=C/CC/C(C)=C/CC/C(C)=C/Cc1cc(O)cc(C)c1O)C(=O)O,4400.0,nM,5.36
CHEMBL3670310,Cc1cnc(C(=O)Nc2cccc(C3(C(F)(F)F)CCSC(N)=N3)c2)cn1,2130.0,nM,5.67
CHEMBL3933666,C[C@H]1C[C@H]2CSC(N)=NC2(c2nc(NC(=O)c3coc(CF)n3)cs2)CO1,7.0,nM,8.15
CHEMBL3955347,C[C@H]1C[C@H]2CSC(N)=N[C@@]2(c2nc(NC(=O)c3ccc(F)cc3)cs2)CO1,866.0,nM,6.06
CHEMBL3948402,C[C@H]1C[C@H]2CSC(N)=N[C@@]2(c2nc(NC(=O)c3ncn(C)n3)cs2)CO1,435.0,nM,6.36
CHEMBL3891939,Cc1cc(C(=O)Nc2csc(C34CO[C@@H](C)C[C@H]3CSC(N)=N4)n2)no1,2620.0,nM,5.58
CHEMBL3947063,CC(C)c1cc(C(=O)Nc2csc(C34CO[C@@H](C)C[C@H]3CSC(N)=N4)n2)n(C)n1,10400.0,nM,4.98
CHEMBL3946857,Cc1cc(C(=O)Nc2csc(C34CO[C@@H](C)C[C@H]3CSC(N)=N4)n2)nn1C,12400.0,nM,4.91
CHEMBL5399890,COc1cccc(C(C)(C)NC[C@@H](O)[C@@H]2Cc3cccc(c3)OCCCCNC(=O)c3cccc(c3)C(=O)N2)c1,910.0,nM,6.04
CHEMBL5860302,CC1(C)C(N)=N[C@](C)(c2cc(/C=C(\F)c3ncc(C#N)cc3Cl)ccc2F)CS1(=O)=O,35.0,nM,7.46
CHEMBL5833604,C[C@@]1(c2cc(/C=C(\F)c3ccc(C#N)cn3)ccc2F)CS(=O)(=O)C2(CCC2)C(N)=N1,39.0,nM,7.41
CHEMBL5973315,Cc1nnc(COc2cnc(/C(F)=C/c3ccc(F)c([C@]4(C)CS(=O)(=O)C(C)(C)C(N)=N4)c3)cn2)o1,111.0,nM,6.96
CHEMBL5948258,CN1C(N)=N[C@](C)(c2cc(/C=C(\F)c3cnc(C#N)cn3)ccc2F)C(C)(C)S1(=O)=O,28.0,nM,7.55
CHEMBL5910060,C#C[C@H](C)Oc1cnc(/C(F)=C/c2ccc(F)c([C@@]3(C)N=C(N)N(C)S(=O)(=O)C3(C)C)c2)cn1,24.0,nM,7.62
CHEMBL5909980,CC1(C)C(N)=N[C@](C)(c2cc(/C=C(\F)c3cnc(Cl)cn3)ccc2F)C(F)(F)S1(=O)=O,5090.0,nM,5.29
CHEMBL6043577,CC1(C)C(N)=N[C@](C)(c2cc(/C=C(\F)c3ccc(C#N)cn3)cc(F)c2F)CS1(=O)=O,12.0,nM,7.92
CHEMBL5849062,C#C[C@H](C)Oc1cnc(/C(F)=C/c2ccc(F)c([C@]3(CF)CS(=O)(=O)C(C)(C)C(N)=N3)c2)cn1,188.0,nM,6.73
CHEMBL5929020,CC#C[C@H](CC)Oc1cnc(/C(F)=C/c2ccc(F)c([C@]3(C)CS(=O)(=O)C(C)(C)C(N)=N3)c2)cn1,113.0,nM,6.95
CHEMBL3400758,COC(=O)[C@H](CC(C)C)NC(=O)C[C@H](O)[C@H](Cc1ccccc1)NC(=O)[C@H](CCC(N)=O)N(C)C(=O)[C@@H](NC(=O)OCc1ccccc1)C(C)C,4460.0,nM,5.35
CHEMBL4457091,Cn1nccc1[C@@H]1C[C@@](C)(c2ccc(F)cc2F)N=C(N)S1,350.0,nM,6.46
CHEMBL4437720,Cc1onc(-c2cccnc2)c1[C@@H]1C[C@@](C)(c2ccc(F)cc2F)N=C(N)S1,180.0,nM,6.75
CHEMBL6063149,N#Cc1ccc(C#Cc2ccc(F)c([C@@]3(CF)N=C(N)S[C@@]4(CCC(=O)N5CCOCC5)C[C@H]43)c2)nc1,49.0,nM,7.31
CHEMBL5854147,Cc1cc(C#N)cnc1C#Cc1ccc(F)c([C@@]2(CF)N=C(N)S[C@@]3(CCC(=O)N4CCOCC4)C[C@H]32)c1,11.0,nM,7.96
CHEMBL5961660,COc1nc(N2C[C@H]3CSC(N)=N[C@@]3(c3cc(/C=C(\F)c4ccc(C#N)cn4)ccc3F)C2)ncc1F,1.4,nM,8.85
CHEMBL3972123,C[C@@]1(c2cc(NCC(F)F)ccc2F)COCC(N)=N1,410.0,nM,6.39
CHEMBL3962268,C[C@@]1(c2cc(NC3CCOC3)ccc2F)COCC(N)=N1,320.0,nM,6.5
CHEMBL4779761,N#Cc1ccc(C(=O)Nc2ccc(F)c([C@]3(CF)C[S@@]4(=O)=NCCCCN4C(N)=N3)c2)nc1,28.0,nM,7.55
CHEMBL4740498,C[C@]1(c2cc(/C=C(\F)c3ccc(C#N)cn3)ccc2F)N=C(N)S[C@@]2(C(=O)N3CCCC3)C[C@H]21,0.9,nM,9.05
CHEMBL6151669,CN(Cc1ccccc1)Cc1ccc(/C=C2/Cc3ccc(OCCCCCN4CCN(C(c5ccc(F)cc5)c5ccc(F)cc5)CC4)cc3C2=O)cc1,341.0,nM,6.47
CHEMBL4240861,COc1ccc2c(c1)C/C(=C/c1ccccc1-c1ccc3nc(N)ccc3c1)C2=O,13.1,nM,7.88
CHEMBL3683806,NC1=N[C@](CF)(c2cc(NC(=O)c3nn(C(F)F)cc3Cl)cc(F)c2F)[C@H]2C[C@H]2O1,18.0,nM,7.75
CHEMBL3683832,NC1=N[C@@](c2cc(NC(=O)c3ccc(Cl)cn3)ccc2F)(C(F)F)[C@H]2C[C@H]2O1,26.6,nM,7.58
CHEMBL3683898,NC1=N[C@@](c2cc(NC(=O)c3csc(C(F)F)n3)ccc2F)(C(F)F)[C@H]2C[C@H]2O1,194.5,nM,6.71
CHEMBL3683915,NC1=N[C@@](c2cc(NC(=O)c3cnc(OCc4cscn4)cn3)ccc2F)(C(F)F)[C@H]2C[C@H]2O1,36.6,nM,7.44
CHEMBL3672427,COc1cc(/C=C/C(=O)CC(=O)/C=C/c2ccc(N(C)C)cc2Cl)ccc1O,2000.0,nM,5.7
CHEMBL3672429,COc1ccc(/C=C/C(=O)CC(=O)/C=C/c2ccc(N(C)C)cc2Cl)cc1O,1800.0,nM,5.75
CHEMBL3677215,CCN(CC)c1ccc(/C=C/C(=O)CC(=O)/C=C/c2ccc(O)cc2)c(OC(C)C)c1,1100.0,nM,5.96
CHEMBL3677222,O=C(/C=C/c1ccc(O)cc1)CC(=O)/C=C/c1cc(F)cc(F)c1,2300.0,nM,5.64
CHEMBL3677223,O=C(/C=C/c1ccc(O)cc1)CC(=O)/C=C/c1ccccc1-c1ccccc1,880.0,nM,6.06
CHEMBL6005884,CN(C)C(=O)[C@]12C[C@H]1[C@@](C)(c1cc(/C(F)=C/c3ccc(C#N)cc3)ccc1F)N=C(N)S2,128.0,nM,6.89
CHEMBL5753260,C#Cc1cnc(/C(F)=C/c2ccc(F)c([C@@]3(C)N=C(N)S[C@@]4(C(=O)N(C)C)C[C@H]43)c2)cn1,2.0,nM,8.7
CHEMBL5758381,CN(C)C(=O)[C@]12C[C@H]1[C@@](C)(c1cc(/C=C\F)ccc1F)N=C(N)S2,309.0,nM,6.51
CHEMBL5973253,C#CCOc1cnc(/C(F)=C/c2ccc(F)c([C@@]3(C)N=C(N)S[C@@]4(S(C)(=O)=O)C[C@H]43)c2)cn1,0.6,nM,9.22
CHEMBL5850783,COC1CCC2(CC1)Cc1ccc(C#CC3CC3)cc1C21NC(=S)N(C2CCC2)C1=O,37.8,nM,7.42
CHEMBL3265334,NC1=N[C@@]2(CO1)c1cc(-c3cc(F)cc(Cl)c3)ccc1O[C@@H]1COCC[C@H]12,60.0,nM,7.22
CHEMBL3265336,C[C@]12COCC[C@@H]1[C@]1(COC(N)=N1)c1cc(-c3cncc(Cl)c3)ccc1O2,16000.0,nM,4.8
CHEMBL327386,CSCC[C@H](NC(=O)[C@@H](NC(C)=O)C(C)C)C(=O)NC(CC(C)C)C(O)CC(=O)N[C@H](C(=O)N[C@@H](C)C(=O)N[C@@H](CCC(=O)O)C(=O)O)C(C)C,1000.0,nM,6.0
CHEMBL5964909,CN1C(N(C(=O)OC(C)(C)C)C(=O)OC(C)(C)C)=N[C@](C)(c2cc(/C=C(\F)c3ccc(F)cn3)ccc2F)CS1(=O)=O,34.0,nM,7.47
CHEMBL3912883,COc1ccccc1[C@H]1C[C@H]2CSC(N)=N[C@@]2(c2ccc(F)cc2F)CO1,2212.0,nM,5.66
CHEMBL3962877,COc1cc(F)cc([C@H]2C[C@H]3CSC(N)=N[C@@]3(c3ccc(F)cc3F)CO2)c1,335.0,nM,6.47
CHEMBL4743485,O=C(N/N=C/c1ccccc1)N1CCN(c2ccccn2)CC1,7690.0,nM,5.11
CHEMBL4798846,Cc1ccc(/C=N/NC(=O)N2CCN(c3ccccn3)CC2)cc1,3920.0,nM,5.41
CHEMBL4744191,COc1cccc(-c2nnc(N3CCN(c4ccccn4)CC3)o2)c1OC,2160.0,nM,5.67
CHEMBL4782180,Oc1ccccc1-c1nnc(N2CCN(c3ccccn3)CC2)o1,2230.0,nM,5.65
CHEMBL4754304,O=[N+]([O-])c1ccc(-c2nnc(N3CCN(c4ccccn4)CC3)o2)cc1,1340.0,nM,5.87
CHEMBL4756730,Clc1ccc(-c2nnc(N3CCN(c4ccccn4)CC3)o2)cc1,1320.0,nM,5.88
CHEMBL4796307,C(=N\C1CCN(Cc2ccccc2)C1)\c1ccccc1,4381.0,nM,5.36
CHEMBL4755226,FC(F)(F)Oc1ccc(/C=N\C2CCN(Cc3ccccc3)C2)cc1,2089.0,nM,5.68
CHEMBL4761542,FC(F)(F)c1ccc(CNC2CCN(Cc3ccccc3)C2)cc1,975.0,nM,6.01
CHEMBL5845246,C[C@]1(C(=O)N2CCOCC2)C[C@@](C)(c2cc(/C=C(\F)c3ccc(C#N)cn3)ccc2F)N=C(N)S1,98.0,nM,7.01
CHEMBL5845454,C[C@H]1C[C@H]2CSC(NC(=O)c3ccccc3)=N[C@@]2(c2nc(NC(=O)c3ccc(C#N)cn3)cs2)CO1,22.0,nM,7.66
CHEMBL3923755,C[C@H]1C[C@H]2CSC(N)=N[C@@]2(c2nc(NC(=O)c3cn(C4CCC4)cn3)cs2)CO1,34100.0,nM,4.47
CHEMBL6025613,CC1(C)C(N)=N[C@](C)(c2cc(Nc3ncc(C#C[Si](C)(C)C)c4cc(Cl)cnc34)ccc2F)CS1(=O)=O,6.8,nM,8.17
CHEMBL6042376,CC1(C)C(N)=N[C@](C)(c2cc(Nc3nccc4nc(C(F)(F)F)cnc34)ccc2F)CS1(=O)=O,5.2,nM,8.28
CHEMBL5837889,CC1(C)C(N)=N[C@](CF)(c2cc(NC(=O)c3cnc(OCC4CC4)cn3)ccc2F)CS1(=O)=O,0.5,nM,9.3
CHEMBL5772436,C[C@]1(F)C(N)=N[C@](C)(c2cc(Nc3ncc(F)c4cc(Cl)cnc34)ccc2F)CS1(=O)=O,0.38,nM,9.42
CHEMBL5775687,CC(C)(C)[S+]([O-])N[C@@](C)(CS(=O)(=O)C1(C#N)CC1)c1cc(Br)cnc1F,2.4,nM,8.62
CHEMBL5995200,CC1(C)C(N)=N[C@](C)(c2cc(Br)ccc2F)C2(CC2)S1(=O)=O,30700.0,nM,4.51
CHEMBL5967122,CC#Cc1cncc(-c2csc(C3(C)CC4(COC4)OC(N)=N3)c2)c1,227.0,nM,6.64
CHEMBL6017879,COC1CCC2(CC1)Cc1ccc(Cl)cc1[C@@]21N=C(N)N(C)C1=O,32.4,nM,7.49
CHEMBL5971819,C#Cc1ccc2c(c1)[C@]1(N=C(N)N(C)C1=O)C1(CCC(OC)CC1)C2,30.9,nM,7.51
CHEMBL3670929,CC1(C)OCC(N)=N[C@](C)(c2cc(Nc3ccc(OCC(F)(F)F)nc3)ccc2F)C1(F)F,12700.0,nM,4.9
CHEMBL4764740,FC(F)(F)c1ccc(-c2nnc(N3CCN(c4ccccn4)CC3)o2)cc1,465.0,nM,6.33
CHEMBL4761911,Fc1ccc(-c2nnc(N3CCN(c4ccccn4)CC3)o2)cc1,1480.0,nM,5.83
CHEMBL3956054,CC(C)OC[C@H]1C[C@H]2[C@@H](C)SC(N)=N[C@@]2(c2ccc(F)cc2F)CO1,718.0,nM,6.14
CHEMBL4748077,O=C(N/N=C/c1ccc(C(F)(F)F)cc1)N1CCN(c2ccccn2)CC1,1820.0,nM,5.74
CHEMBL4746898,O=C(N/N=C/c1ccc(Br)cc1)N1CCN(c2ccccn2)CC1,296.0,nM,6.53
CHEMBL3929428,NC1=NC(CF)(c2cc(NCc3ccc(Br)cc3Cl)ccc2F)COC1,3600.0,nM,5.44
CHEMBL3914008,Cc1cn2ccnc(Nc3ccc(F)c([C@]4(C(F)F)COCC(N)=N4)c3)c2n1,350.0,nM,6.46
CHEMBL3918326,NC1=N[C@@](c2cc(Nc3ncccc3OCC(F)F)ccc2F)(C(F)F)COC1,1300.0,nM,5.89
CHEMBL3948180,NC1=N[C@@](c2cc(Nc3ncccc3OC(F)F)ccc2F)(C(F)F)COC1,970.0,nM,6.01
CHEMBL3973309,C[C@@]1(c2cc(Nc3ncnc4cc(Cl)cnc34)ccc2F)CO[C@@](C)(C(F)(F)F)C(N)=N1,40.0,nM,7.4
CHEMBL3912076,C[C@@]1(c2nc(Nc3ncnc4cc(C(F)(F)F)cnc34)ccc2F)CO[C@@](C)(C(F)(F)F)C(N)=N1,68.0,nM,7.17
CHEMBL3905742,CC(C)(O)c1nc(N2C[C@H]3CSC(N)=N[C@@]3(c3cccnc3)C2)ncc1F,93.5,nM,7.03
CHEMBL3894969,C[C@@]1(c2cc(Nc3cc(F)cc4cc(Cl)cnc34)ccc2F)COCC(N)=N1,44.0,nM,7.36
CHEMBL3900661,CC1(c2cccc(Nc3ccccc3OC(F)F)c2)COCC(N)=N1,890.0,nM,6.05
CHEMBL566112,NC1=NC(c2ccc(OC(F)(F)F)cc2)(c2cccc(-c3cccnc3F)c2)C2=NCCN12,80.0,nM,7.1
CHEMBL3105738,COc1cc(C(=O)N[C@@H](Cc2ccccc2)[C@H](O)C(=O)Nc2cccc(-c3nn[nH]n3)c2)nc(C(=O)N2COC[C@@H]2c2ccccc2)c1,151.0,nM,6.82
CHEMBL1957479,COc1ccc(C2(c3cccc(Br)c3)N=C(N)N3CC(F)(F)CN=C32)cc1,3388.44,nM,5.47
CHEMBL4593386,Cc1noc(C)c1[C@@H]1C[C@@](C)(c2ccc(F)cc2)N=C(N)S1,600.0,nM,6.22
CHEMBL565550,CC(=O)N[C@@H](Cc1cc(F)cc(F)c1)[C@H](O)CN[C@@]1(c2cccc(C(C)(C)C)c2)CC[C@H](Nc2cccnc2)NC1,500.0,nM,6.3
CHEMBL5542397,COc1cc2ncnc(N3CCN(C(c4ccccc4)c4ccccc4)CC3)c2cc1OC,662.0,nM,6.18
CHEMBL5555203,COc1cc2ncnc(N3CCN(c4ccc(C)cc4)CC3)c2cc1OC,1881.0,nM,5.73
CHEMBL5425367,COc1cccc(C(C)(C)NC[C@@H](O)[C@@H]2Cc3cccc(c3)OCCCCN(CCC(F)(F)F)C(=O)c3cccc(c3)C(=O)N2)c1,2100.0,nM,5.68
CHEMBL5411166,COc1cccc(C(C)(C)NC[C@@H](O)[C@@H]2Cc3cccc(c3)OCCCCN(CC(C)(C)C)C(=O)c3cccc(c3)C(=O)N2)c1,1900.0,nM,5.72
CHEMBL5409955,COc1cccc(C(C)(C)NC[C@@H](O)[C@@H]2Cc3cccc(c3)OCCCCN(CCN(C)C)C(=O)c3cccc(c3)C(=O)N2)c1,52400.0,nM,4.28
CHEMBL5432126,CCCN1CCOCCc2cccc(c2)C[C@@H]([C@H](O)CNC(C)(C)c2cccc(OC)c2)NC(=O)c2cccc(c2)C1=O,22700.0,nM,4.64
CHEMBL5811005,CC1(c2cc(NC(=O)c3ccc(F)cn3)ccc2F)CC2(CCOCC2)OC(N)=N1,19.0,nM,7.72
CHEMBL3794321,CC(=O)Nc1ccc(S(=O)(=O)NCC(=O)Nc2ccc(C)cc2C)cc1,7900.0,nM,5.1
CHEMBL4435826,COc1cccc(CNC2CCN(Cc3ccccc3)CC2)c1OC,5300.0,nM,5.28
CHEMBL5919860,COc1cnc2c(Nc3ccc(F)c([C@]4(C)CS(=O)(=O)CC(N)=N4)c3)nccc2c1,62.7,nM,7.2
CHEMBL5808371,Cc1cc(OCCF)cnc1C(=O)Nc1ccc(F)c([C@]2(CF)CS(=O)(=O)C(C)(C)C(N)=N2)c1,2.71,nM,8.57
CHEMBL5992050,COc1cnc2c(Nc3ccc(F)c([C@]4(C)CS(=O)(=O)C(C)(C)C(N)=N4)c3)ncnc2c1,2.7,nM,8.57
CHEMBL6064738,CC12OC(N)N[C@](CF)(c3cc(NC(=O)c4ccc(C#N)cn4)ccc3F)C1O2,77.3,nM,7.11
CHEMBL5940817,CC1(C)C(N)=N[C@](C)(c2cc(N)ccc2F)[C@@H](F)S1(=O)=O,3720.0,nM,5.43
CHEMBL5959201,CC1(C)C(N)=N[C@](C)(c2cc(Nc3nccc4cc(Cl)cnc34)ccc2F)[C@@H](F)S1(=O)=O,0.92,nM,9.04
CHEMBL5914182,COc1cnc2c(Nc3ccc(F)c([C@]4(C)CS(=O)(=O)C5(CCCC5)C(N)=N4)c3)nccc2c1,23.4,nM,7.63
CHEMBL6006434,CC1(c2cc(NC(=O)c3ccc(Cl)cn3)cc(F)c2F)CS(=O)(=O)C(C)(C)C(N)=N1,2.7,nM,8.57
CHEMBL5825820,C[C@@]1(c2cc(NC(=O)c3ccc(C#N)cn3)ccc2F)CC2(COC2)OC(N)=N1,25.0,nM,7.6
CHEMBL4848236,CC[C@H](C)[C@H](NC(=O)[C@@H](N)CCC(=O)O)C(=O)N[C@@H](Cc1cccs1)C(=O)N[C@@H](CC(C)C)[C@H](O)CNc1cccc(CC(=O)O)c1,2500.0,nM,5.6
CHEMBL4877632,CC[C@H](C)[C@H](NC(=O)[C@@H](N)CCC(=O)O)C(=O)N[C@@H](Cc1cccs1)C(=O)N[C@@H](CC(C)C)[C@H](O)CNc1cccc(C(=O)OC)c1,93000.0,nM,4.03
CHEMBL2408754,CC(=O)N[C@@H](Cc1cc(F)cc(F)c1)[C@H](O)CN[C@H]1CC2(COC2)Oc2ccc(CC(C)(C)C)cc21,27105.0,nM,4.57
CHEMBL2408759,CC(=O)N[C@@H](Cc1cc(F)cc(F)c1)[C@H](O)CN[C@H]1CC(C)(C)Oc2ccc(OC(C)(C)C)cc21,690.0,nM,6.16
CHEMBL2408762,CCc1ccc2c(c1)[C@@H](NC[C@@H](O)[C@H](Cc1cc(F)cc(F)c1)NC(C)=O)CCC2,538.0,nM,6.27
CHEMBL2408740,CC(=O)N[C@@H](Cc1cc(F)cc(F)c1)[C@H](O)CN[C@H]1CS(=O)(=O)Cc2ccc(C(C)C)cc21,127.0,nM,6.9
CHEMBL2408737,CC(=O)N[C@@H](Cc1cc(F)cc(F)c1)[C@H](O)CN[C@H]1CCOc2ccc(CC(C)(C)C)cc21,46.0,nM,7.34
CHEMBL3688662,Cc1cc(C(F)F)cnc1C(=O)Nc1cnc(F)c([C@@]2(CF)N=C(N)O[C@@H]3C[C@@H]32)c1,283.0,nM,6.55
CHEMBL3639797,C[C@]1(F)COC(N)=N[C@]1(C)c1cc(NC(=O)c2nn(CC(F)F)cc2Cl)ccc1F,183.0,nM,6.74
CHEMBL2425606,COC[C@@H](Oc1cc(C[C@@H]2C[S@@+]([O-])C[C@H](NCc3cc(CC(C)(C)C)on3)[C@H]2O)cc(F)c1N)C(F)(F)F,764.0,nM,6.12
CHEMBL5781076,CC1CCCN1CCOc1ccc(Nc2nc(N)n(-c3ccccc3F)n2)cc1,12400.0,nM,4.91
CHEMBL466025,COc1ccc(C(Cc2cc([N+](=O)[O-])ccc2OC)c2csc(N)n2)cc1,1100.0,nM,5.96
CHEMBL466782,COc1ccc(C(Cc2ccccc2)c2csc(N)n2)cc1,32000.0,nM,4.5
CHEMBL448459,Nc1nc(C2(c3ccc(Cl)cc3)CCCC2)cs1,38000.0,nM,4.42
CHEMBL2169946,Cc1csc(-c2ccc([C@@H]3C[C@@H]3c3cc(=O)n(C)c(N)n3)cc2)c1,50700.0,nM,4.29
CHEMBL1270884,O=C(CSc1nc2ccc(Nc3nc(N4CCCC4)nc(N4CCCC4)n3)cc2s1)Nc1ccccc1,120.0,nM,6.92
CHEMBL1270082,O=C(CSc1nc2ccc(Nc3nc(N4CCOCC4)nc(N4CCOCC4)n3)cc2s1)Nc1ccccc1Cl,50000.0,nM,4.3
CHEMBL3650777,CCSc1cccc(-c2ccc3c(c2)C2(COC(N)=N2)C2(COC2)C(C)(C)O3)c1,933.0,nM,6.03
CHEMBL3640256,COc1nc(N2C[C@H]3C(=O)N(C)C(N)=N[C@@]3(c3cc(F)ccc3F)C2)nc(OC)c1F,66.0,nM,7.18
CHEMBL3640277,CCc1nc(N2C[C@H]3C(=O)N(C)C(N)=N[C@@]3(c3cc(F)ccc3F)C2)nc(OC)c1F,31.0,nM,7.51
CHEMBL3640260,COc1nc(N2C[C@H]3C(=O)N(C)C(N)=N[C@@]3(c3c(F)cc(F)cc3F)C2)nc(C)c1F,21.0,nM,7.68
CHEMBL5965431,CC#C[C@@H](C)Oc1cnc(/C(F)=C/c2ccc(F)c([C@]3(C)CS(=O)(=O)C(C)(C)C(N)=N3)c2)cn1,5.0,nM,8.3
CHEMBL6020630,Cc1cnc(C(=O)Nc2cccc([C@]34CO[C@@H](C)C[C@@]3(F)CSC(N)=N4)c2)cn1,225.0,nM,6.65
CHEMBL5962703,NC1=N[C@](c2nc(NC(=O)c3ccc(Cl)cn3)ccc2F)(C(F)F)[C@H]2C[C@H]2O1,339.0,nM,6.47
CHEMBL467014,Cc1ccc(Nc2cc(-c3ccc4c(c3)OCCO4)ncn2)cc1NS(C)(=O)=O,21000.0,nM,4.68
CHEMBL5532467,O=C(Cn1nc(-c2ccccc2)c(-c2ccccc2)nc1=O)Nc1ccccc1O,953.0,nM,6.02
CHEMBL6017579,CNC(=O)[C@]1(C)C[C@@](C)(c2cc(/C=C(\F)c3ccc(C#N)cn3)ccc2F)N=C(N)S1,25.0,nM,7.6
CHEMBL5893407,N#Cc1ccc(C#Cc2ccc(F)c([C@@]3(CF)N=C(N)S[C@@]4(CO)C[C@H]43)c2)nc1,80.0,nM,7.1
CHEMBL6026805,Cc1cc(C#N)cnc1C#Cc1ccc(F)c([C@@]2(C)N=C(N)S[C@@]3(C(=O)N4CCCC4)C[C@H]32)c1,2.0,nM,8.7
CHEMBL5765621,C#Cc1ccc(F)c([C@@]2(C)N=C(N)S[C@@]3(C(=O)N(C)C)C[C@H]32)c1,378.0,nM,6.42
CHEMBL5763992,CN(C)C(=O)[C@]12C[C@H]1[C@@](C)(c1cc(C#Cc3ccc(C#N)cc3)ccc1F)N=C(N)S2,7.0,nM,8.15
CHEMBL5850244,COC[C@]12CC1[C@@](C)(c1cc(C#Cc3ncc(Cl)cc3C)ccc1F)N=C(N)S2,129.0,nM,6.89
CHEMBL5873773,Cc1cc(C#N)cnc1C#Cc1cnc(F)c([C@@]2(C)N=C(N)S[C@@]3(C(=O)N4CCOCC4)CC32)c1,37.0,nM,7.43
CHEMBL5074068,COc1cnc(C(=O)Nc2ccc(F)c([C@]3(C)Cn4nc(C#N)cc4C(N)=N3)c2)cn1,2.9,nM,8.54
CHEMBL1791011,CC[C@H](C)[C@H](NC(C)=O)C(=O)N[C@@H](CCSC)C(=O)N[C@@H](CC(C)C)[C@@H](O)CC(=O)N[C@@H](Cc1ccccc1)C(=O)NCc1cccc(C(=O)O)c1,140.0,nM,6.85
CHEMBL3752926,COc1cccc2cc(C(=O)NCCCCCCCNc3c4c(nc5ccccc35)CCCC4)oc12,430.0,nM,6.37
CHEMBL6019589,C[C@@H]1C[C@H]2OC(N)=N[C@](CF)(c3cc(NC(=O)c4cnc(-n5cncn5)cn4)ccc3F)[C@H]2CO1,8.7,nM,8.06
CHEMBL5845861,C[C@H]1COC[C@H]2[C@@H]1OC(N)=N[C@]2(CF)c1cc(NC(=O)c2cnc(OCF)cn2)ccc1F,4.3,nM,8.37
CHEMBL5920661,NC1=N[C@](CF)(c2cc(NC(=O)c3cnc(OCC(F)(F)F)cn3)ccc2F)[C@H]2COCC[C@H]2O1,8.1,nM,8.09
CHEMBL6024403,C[C@@H]1C[C@H]2OC(N)=N[C@](CF)(c3cc(NC(=O)c4ncc(C(F)(F)F)cc4Cl)ccc3F)[C@H]2CO1,28.2,nM,7.55
CHEMBL4851168,CC[C@H](C)[C@H](NC(=O)[C@@H](N)CCC(=O)O)C(=O)N[C@@H](Cc1cccs1)C(=O)N[C@@H](CC(C)C)[C@H](O)CNc1ccc(C2CCCC2)cc1,6500.0,nM,5.19
CHEMBL4879047,CC[C@H](C)[C@H](NC(=O)[C@@H](N)CCC(=O)O)C(=O)N[C@@H](Cc1cccs1)C(=O)N[C@@H](CC(C)C)[C@H](O)CNc1ccc(C(C)(C)C)cc1,2400.0,nM,5.62
CHEMBL5093426,C[C@@]1(c2cccc(NC(=O)c3ccc(Br)cn3)c2)CCSC(N)=N1,44.0,nM,7.36
CHEMBL432560,CC[C@H](C)[C@H](O)C(=O)N[C@@H](CCC(F)F)C(=O)N[C@@H](Cc1ccccc1)[C@@H](O)C[C@@H](CCC(F)F)C(=O)N[C@H](C(=O)NCc1ccncc1)C(C)C,45.0,nM,7.35
CHEMBL3688611,NC1=N[C@@](c2cc(NC(=O)c3ccc(Cl)s3)ccc2F)(C(F)F)[C@H]2C[C@H]2O1,870.0,nM,6.06
CHEMBL5434858,CCCN1CCCCCOc2cccc(c2)C[C@@H]([C@H](O)CNC(C)(C)c2cccc(OC)c2)NC(=O)c2cccc(c2)C1=O,6000.0,nM,5.22
CHEMBL84022,CC(C)[C@H](NC(=O)[C@H](C)C[C@H](O)[C@H](Cc1ccccc1)NC(=O)[C@H](C)NC(=O)[C@@H](O)CC(F)(F)F)C(=O)NCc1ccncc1,220.0,nM,6.66
CHEMBL3640257,COc1nc(N2C[C@H]3C(=O)N(C)C(N)=N[C@@]3(c3ccc(F)cc3F)C2)nc(OC)c1F,7.5,nM,8.12
CHEMBL81518,CC(C)[C@H](NC(=O)[C@H](C)C[C@H](O)[C@H](Cc1ccccc1)NC(=O)[C@H](C)NC(=O)[C@H](CCN(C)C)NC(=O)OC(C)(C)C)C(=O)NCc1ccncc1,89000.0,nM,4.05
CHEMBL5763602,NC1=N[C@]2(c3nc(NC(=O)c4ncc(OC(F)F)cc4Cl)cs3)CO[C@H](C(F)(F)F)C[C@@H]2CO1,6970.0,nM,5.16
CHEMBL5797460,Cc1cc(C#N)cnc1C(=O)Nc1csc([C@]23COC4(CCC4)C[C@H]2COC(N)=N3)n1,185.0,nM,6.73
CHEMBL4763376,Cc1cccc(/C=N/NC(=O)N2CCN(c3ccccn3)CC2)c1,4370.0,nM,5.36
CHEMBL5423337,CN(CCOCCN1c2ccccc2Sc2ccccc21)C(CCN)C(=O)NCc1ccccc1Cl,5170.0,nM,5.29
CHEMBL3747191,CC(C)(C)OC(=O)N1C[C@H](Nc2nc3cc(Cl)ccc3[nH]2)[C@@H](OC(=O)c2ccc(-c3ccccc3)cc2)C1,440.0,nM,6.36
CHEMBL4868987,CN(CCC=C1c2ccccc2-c2ccccc21)C(CCO)C(=O)NCc1ccccc1,19500.0,nM,4.71
CHEMBL3965118,CC(C)(O)c1nc(N2C[C@H]3CSC(N)=N[C@@]3(c3ccc(F)cn3)C2)ncc1F,73.4,nM,7.13
CHEMBL3658608,C=C1C[C@@](C)(c2cc(NC(=O)c3ccc(C#N)cn3)ccc2F)N=C(N)O1,47.3,nM,7.33
CHEMBL3680898,C[C@]1(c2cc(NC(=O)c3ncc(Cl)cc3Cl)ccc2F)N=C(N)OC[C@@H]1OCC(F)(F)F,3.0,nM,8.52
CHEMBL4846858,C/C(=C\Cc1c(O)cc(C)c(C(=O)O)c1O)CCCC1=C/C(=C\C(C)(C)O)OC1=O,10500.0,nM,4.98
CHEMBL487804,CC(C)=CCC/C(C)=C/CC/C(C)=C/Cc1c(O)cc(C)cc1O,6100.0,nM,5.21
CHEMBL4526561,COc1ccc(Cc2cnc(OC)c3c2C[C@H]2CSC(N)=N[C@@]2(c2ccc(F)cc2F)C3)cc1,22.91,nM,7.64
CHEMBL5963811,C[C@@H]1OCC[C@H]2OC(N)=N[C@](CF)(c3cc(NC(=O)c4cnc(OCF)cn4)ccc3F)[C@@H]12,13.2,nM,7.88
CHEMBL4865251,N#Cc1ccc(C(=O)Nc2ccc(F)c([C@]3(CF)CCSC(N)=N3)c2)nc1,16.0,nM,7.8
CHEMBL2403776,C[C@@]1(c2cc(NC(=O)c3ccc(Cl)cn3)ccc2F)CCCOC(N)=N1,14.0,nM,7.85
CHEMBL4797109,Fc1ccc(/C=N\C2CCN(Cc3ccccc3)C2)cc1,1959.0,nM,5.71
CHEMBL4747185,COc1cccc(CNC2CCN(Cc3ccccc3)C2)c1OC,2856.0,nM,5.54
CHEMBL4778302,Oc1ccccc1CNC1CCN(Cc2ccccc2)C1,2374.0,nM,5.62
CHEMBL4755117,Oc1ccc(/C=N\C2CCN(Cc3ccccc3)C2)cc1,4584.0,nM,5.34
CHEMBL4785769,Clc1ccc(/C=N\C2CCN(Cc3ccccc3)C2)cc1,1262.0,nM,5.9
CHEMBL4794000,Brc1ccc(/C=N\C2CCN(Cc3ccccc3)C2)cc1,1752.0,nM,5.76
CHEMBL4756849,Oc1ccc(CNC2CCN(Cc3ccccc3)C2)c(O)c1,482.0,nM,6.32
CHEMBL5896747,COC1CCC2(CC1)Cc1ccc(-c3ccn(C)c(=S)c3)cc1C21NC(=S)N(C)C1=O,269.0,nM,6.57
CHEMBL5892903,COC1CCC2(CC1)Cc1ccc(Br)cc1C21NC(=O)N(C)C1=O,79.8,nM,7.1
CHEMBL5913165,COC(=O)CCC1(CCC(=O)OC)Cc2ccc(OC(F)(F)F)cc2C1=O,161.0,nM,6.79
CHEMBL5938819,COC1CCC2(CC1)Cc1ccc(C#CC3CC3)cc1C21NC(=S)NC1=O,29.2,nM,7.54
CHEMBL6009246,CN1C(=O)NC2(C1=O)c1cc(Br)ccc1C[C@]21CC[C@H](N(C)C)CC1,1000.0,nM,6.0
CHEMBL5972041,COC1CCC2(CC1)Cc1ccc(C#CC3CC3)cc1C21NC(=S)N(Cc2nccs2)C1=O,17.4,nM,7.76
CHEMBL5790983,CN1OC2(N=C1N)c1cc(Br)ccc1CC21CCC(Cc2ccccc2)CC1,2312.0,nM,5.64
CHEMBL5867269,COC1CCC2(CC1)Oc1ccc(OCC(F)(F)F)cc1C21NC(=S)N(C)C1=O,38.5,nM,7.42
CHEMBL5930663,COC1CCC2(CC1)Cc1ccc(OCC(F)(F)F)cc1C21N=C(SC)N(C)C1=O,14.4,nM,7.84
CHEMBL6005217,CC1(C)C(N)=N[C@](C)(c2cc(Sc3ccccn3)ccc2F)CS1(=O)=O,3250.0,nM,5.49
CHEMBL5830553,C[C@]1(c2cc(NC(=O)c3ccc(Cl)cn3)ccc2F)N=C(N)C2(CC2)S(=O)(=O)[C@@H]1F,1.3,nM,8.89
CHEMBL5977725,C[C@]1(c2cc(NC(=O)c3ccc(Cl)cn3)ccc2F)N=C(N)C2(CC2)S(=O)(=O)[C@H]1F,0.62,nM,9.21
CHEMBL5967490,Cc1cc(C(F)F)cnc1C(=O)Nc1ccc(F)c([C@@]2(C)N=C(N)C3(CC3)S(=O)(=O)[C@H]2F)c1,0.92,nM,9.04
CHEMBL2059613,OC(CSc1ccc2ccccc2c1)Cn1c(-c2ccccc2)cc2ccccc21,6660.0,nM,5.18
CHEMBL2059626,Oc1ccc(SCC(O)COc2ccc(Cc3ccccc3)cc2)cc1,10700.0,nM,4.97
CHEMBL2059100,OC(CSc1ccc2ccccc2c1)C(O)Cn1c2ccccc2c2ccccc21,10100.0,nM,5.0
CHEMBL3688685,CO[C@H](C)C(=O)Nc1ccc(F)c([C@@]2(C(F)F)N=C(N)O[C@@H]3C[C@@H]32)c1,1840.0,nM,5.74
CHEMBL5875174,COc1cnc2c(Nc3ccc(F)c([C@]4(C)CS(=O)(=O)C(C)(C)C(N)=N4)c3)nccc2c1,5.4,nM,8.27
CHEMBL5746081,CC1(C)C(N)=N[C@](C)(c2cc(Nc3nccc4cc(C#N)cnc34)ccc2F)CS1(=O)=O,0.54,nM,9.27
CHEMBL3670922,CC1(C)OCC(N)=N[C@](C)(c2cc(N[C@H]3CCc4cc(C#N)cnc43)c(F)cc2F)C1(F)F,1900.0,nM,5.72
CHEMBL3688686,NC1=N[C@@](c2cc(NC(=O)C3CC(=O)C3)ccc2F)(C(F)F)[C@H]2C[C@H]2O1,20054.0,nM,4.7
CHEMBL3680862,C[C@]1(c2cc(NC(=O)c3cnc(OCF)cn3)ccc2F)N=C(N)OC[C@@H]1F,24.0,nM,7.62
CHEMBL4859850,CN(CCC=C1c2ccccc2CCc2ccccc21)C(CCN)C(=O)NCc1ccccc1Cl,5130.0,nM,5.29
CHEMBL5559310,COc1cc2ncnc(N3CCN(c4ccccn4)CC3)c2cc1OC,1561.0,nM,5.81
CHEMBL5766671,C[C@@]1(c2cc(Br)ccc2F)CS(=O)(=O)C2(CCOC2)C(N)=N1,16300.0,nM,4.79
CHEMBL6014458,C[C@H]1C[C@H]2CSC(N)=N[C@@]2(c2nc(NC(=O)C3CC(F)(F)C3)cs2)CO1,1490.0,nM,5.83
CHEMBL5788825,C[C@]1(F)C(N)=N[C@](C)(c2cc(Nc3ncnc4cc(Cl)cnc34)ccc2F)CS1(=O)=O,3.88,nM,8.41
CHEMBL510512,O=C(OC1O[C@@H]2COC(=O)c3cc(O)c(O)c(O)c3-c3c(cc(O)c(O)c3O)C(=O)O[C@H]2[C@H](OC(=O)c2cc(O)c(O)c(O)c2)[C@H]1OC(=O)c1cc(O)c(O)c(O)c1)c1cc(O)c(O)c(O)c1,20230.0,nM,4.69
CHEMBL6041667,CC1(c2cc(NC(=O)c3ccc(Cl)cn3)ccc2F)N=C(N)OC2(CCOCC2)C1(F)F,15.0,nM,7.82
CHEMBL6063853,CC#Cc1cncc(-c2csc(C3(C)CC4(CCC(F)(F)CC4)OC(N)=N3)c2)c1,1160.0,nM,5.94
CHEMBL2152907,CN1C(=O)CC2(N=C1N)c1cc(-c3cc(F)cc(Cl)c3)ccc1OC1CC3(CC[C@@H]12)OCCO3,3083.85,nM,5.51
CHEMBL5806875,CC1(C)C(N)=N[C@](C)(c2cc(Sc3cccc4ccccc34)ccc2F)CS1(=O)=O,2500.0,nM,5.6
CHEMBL5773912,COc1cnc(C(=O)Nc2ccc(F)c([C@]3(C)CSCC(N)=N3)c2)cn1,23.6,nM,7.63
CHEMBL2058872,NCCNC(CSc1ccc2ccccc2c1)Cn1c2ccccc2c2ccccc21,7380.0,nM,5.13
CHEMBL5750929,NC1=N[C@](CF)(c2cc(NC(=O)c3cnc(-n4cncn4)cn3)ccc2F)[C@H]2COCC[C@H]2O1,17.0,nM,7.77
CHEMBL6170003,N=C(N)N1C[C@H](OCc2cccc(-c3cccc(Br)c3)c2)C[C@H]1C(=O)Nc1cccc(-c2ccccc2)c1,61000.0,nM,4.21
CHEMBL3688658,NC1=N[C@@](CF)(c2cc(NC(=O)c3ccc(Cl)cn3)cnc2F)[C@@H]2C[C@@H]2O1,11950.0,nM,4.92
CHEMBL3688671,NC1=N[C@@](c2cc(NC(=O)C3=CCCCC3)ccc2F)(C(F)F)[C@H]2C[C@H]2O1,24421.0,nM,4.61
CHEMBL4107985,COC1CCC2(CC1)Cc1ccc(CCC3CC3)cc1C21NC(N)N([C@H](C)c2ccccc2)C1=O,81.1,nM,7.09
CHEMBL3950945,COC1CCC2(CC1)Cc1ccc(OCCN(C)C)cc1C21N=C(N)N(C)C1=O,368.5,nM,6.43
CHEMBL3912399,COC1CCC2(CC1)Cc1ccc(OCC3CC3)cc1[C@@]21N=C(N)N(C)C1=O,423.4,nM,6.37
CHEMBL3949357,CC(C)N1C(=O)C2(N=C1N)c1cc(Br)ccc1C[C@]21CC[C@@H](O)CC1,1580.0,nM,5.8
CHEMBL3931806,COCC(C)N1C(=O)C2(N=C1N)c1cc(C#CC3CC3)ccc1CC21CCC(OC)CC1,18.1,nM,7.74
CHEMBL3968709,COC1CCC2(CC1)Cc1ccc(-c3cccnc3F)cc1C21N=C(N)N(C)C1=O,2.9,nM,8.54
CHEMBL3916393,COC1CCC2(CC1)Cc1ccc(-c3cncs3)cc1C21N=C(N)N(C)C1=O,11.5,nM,7.94
CHEMBL3969124,COC1CCC2(CC1)Cc1ccc(-c3cnn(C)c(=O)c3)cc1C21N=C(N)N(C)C1=O,32.3,nM,7.49
CHEMBL4114398,COC1CCC2(CC1)Cc1ccc(C#N)cc1[C@]21N=C(N)N(C)C1=O,24.0,nM,7.62
CHEMBL3965611,[C-]#[N+]c1cccc(-c2ccc3c(c2)C2(N=C(N)N(C4CC4)C2=O)C2(CCC(OC)CC2)C3)c1,12.0,nM,7.92
CHEMBL3672400,COc1ccc(/C=C/C(=O)CC(=O)/C=C/c2ccc(O)cc2)c(OC)c1,970.0,nM,6.01
CHEMBL3672403,O=C(/C=C/c1ccc(O)cc1)CC(=O)/C=C/c1cc(O)ccc1O,2200.0,nM,5.66
CHEMBL3677237,O=C(/C=C/c1ccc(O)cc1)CC(=O)/C=C/c1ccccc1-c1cccc2ccccc12,490.0,nM,6.31
CHEMBL3677269,COc1cc(F)c2c(c1)C1(N=C(N)n3ccnc31)c1cc(-c3cccnc3F)ccc1O2,9.0,nM,8.05
CHEMBL3677275,Cc1ccc(-c2cc(F)c3c(c2)[C@@]2(N=C(N)n4ccnc42)c2cc(-c4cccnc4F)ccc2O3)cc1,0.4,nM,9.4
CHEMBL252755,CCCC(C)S(=O)(=O)CCC(=O)N[C@@H](Cc1ccccc1)[C@H](O)CNCc1cccc(OC)c1,5614.0,nM,5.25
CHEMBL1097341,CCCN(CCC)C(=O)c1cc(C)cc(C(=O)N[C@@H](Cc2cc(F)cc(F)c2)[C@H](O)[C@H]2CN(S(=O)(=O)CCC)CCN2)c1,1800.0,nM,5.75
CHEMBL208060,CC(C)C[C@H](NC(=O)[C@@H](NC(=O)[C@@H](N)CNC(=O)c1nn[nH]n1)C(C)C)C(=O)N[C@@H](Cc1ccccc1)[C@@H](O)C(=O)Nc1cccc(-c2noc(S)n2)c1,6.4,nM,8.19
CHEMBL5951335,Cc1cc(C#N)cnc1/C(F)=C/c1ccc(F)c([C@]23CO[C@H](C(F)(F)F)[C@H]2CSC(N)=N3)c1,27.2,nM,7.57
CHEMBL6004148,COc1cnc(/C(F)=C/c2ccc(F)c([C@]3(C)CS(=O)(=O)C(C)(C)C(N)=N3)c2)cn1,189.0,nM,6.72
CHEMBL5849348,C[C@]1(c2cc(/C=C(\F)c3cnc(C#N)cn3)ccc2F)N=C(N)S[C@@]2(C(=O)N3CC[C@@H](F)C3)C[C@H]21,1.0,nM,9.0
CHEMBL5986481,COCc1cccc(C2(c3ccc(OC(F)I)c(C)c3)N=C(N)N(C)C2=O)c1,300.0,nM,6.52
CHEMBL5961448,Cc1cc(C2(c3ccnc(F)c3)N=C(N)N(C)C2=O)ccc1OC(F)F,1200.0,nM,5.92
CHEMBL5842804,CC#CCOc1ccc(C#Cc2ccc(F)c([C@@]3(CF)N=C(N)S[C@@]4(CF)C[C@H]43)c2)nc1,96.0,nM,7.02
CHEMBL5886131,N#Cc1ccc(C#Cc2ccc(F)c([C@@]3(CF)N=C(N)S[C@@]4(/C=C/C(=O)N5CCOCC5)C[C@H]43)c2)cc1,10.0,nM,8.0
CHEMBL5756656,C[C@@]1(c2cc(/C=C(\F)c3ccc(Cl)cn3)ccc2F)C=CSC(N)=N1,220.0,nM,6.66
CHEMBL5800331,COC(=O)[C@]1(C)C[C@@](C)(c2cc(/C=C(\F)c3ccc(Cl)cn3)ccc2F)N=C(N)S1,54.0,nM,7.27
CHEMBL3105743,[N-]=[N+]=Nc1cc(C(=O)N[C@@H](Cc2ccccc2)[C@H](O)C(=O)Nc2cccc(-c3nn[nH]n3)c2)nc(C(=O)N2COC[C@@H]2c2ccccc2)c1,79.0,nM,7.1
CHEMBL5860833,COC[C@]12CC1[C@@](C)(c1cc(C#Cc3ncc(C#N)cc3C)ccc1F)N=C(N)S2,23.0,nM,7.64
CHEMBL5929468,NC1=N[C@](CF)(c2cc(C#Cc3cc(Cl)ccn3)ccc2F)[C@@H]2C[C@]2(CF)S1,1123.0,nM,5.95
CHEMBL6064294,C[C@@]1(c2cc(NC(=O)c3ccc(OCC(F)(F)F)cn3)ccc2F)C[S@@]2(=O)=NCCCCN2C(N)=N1,10.0,nM,8.0
CHEMBL5988864,Nc1nc(Nc2ccc(OCCN3CCCC3)cc2)nn1-c1nc2ccccc2[nH]1,777.0,nM,6.11
CHEMBL5986022,CN(C)c1cccc(-n2nc(Nc3ccc(OCCN4CCCCC4)cc3)nc2N)n1,1080.0,nM,5.97
CHEMBL6004298,Nc1nc(Nc2ccc(OCCN3CCCC3)cc2)nn1-c1cccc(Cl)n1,9690.0,nM,5.01
CHEMBL5898718,C[C@H]1C[C@H]2CSC(N)=N[C@@]2(c2nc(NC(=O)c3coc(CF)n3)cs2)CO1,0.7,nM,9.15
CHEMBL6003333,CC1(C)COc2ccc(-c3cc(F)cc(F)c3)cc2C12C=C(F)C(N)=N2,640.0,nM,6.19
CHEMBL1270163,CC(=O)N[C@@H](Cc1cc(F)cc(F)c1)[C@H](O)CNC1(c2cccc(-n3cccn3)c2)CC1,980.0,nM,6.01
CHEMBL3680879,Cn1nc(C(F)(F)F)cc1C(=O)Nc1ccc(F)c([C@@]2(C)N=C(N)OC[C@@H]2F)c1,90.0,nM,7.05
CHEMBL5822539,CC1(C)C(N)=N[C@](C)(c2cc(NC(=O)c3ccc(F)cn3)ccc2F)CS1(=O)=O,1.9,nM,8.72
CHEMBL5985718,Cc1cc(C(F)F)cnc1C(=O)Nc1ccc(F)c([C@@]2(C)N=C(N)C3(CCC3)S(=O)(=O)[C@@H]2F)c1,2.1,nM,8.68
CHEMBL5992796,CNC(=O)[C@]12C[C@H]1[C@@](C)(c1cc(/C=C(\F)c3ccc(OC(F)(F)F)cn3)ccc1F)N=C(N)S2,8.0,nM,8.1
CHEMBL5980224,C[C@@H]1COC[C@H](C)N1C(=O)[C@]12C[C@H]1[C@@](C)(c1cc(/C=C(\F)c3ccc(C#N)cn3)ccc1F)N=C(N)S2,1.9,nM,8.72
CHEMBL5762374,C[C@]1(c2cc(/C=C(\F)c3ccc(C#N)cn3)ccc2F)N=C(N)S[C@@]2(C(=O)N3CCCC(F)(F)C3)C[C@H]21,1.1,nM,8.96
CHEMBL5799326,C[C@]1(c2cc(/C=C(\F)c3ccc(C#N)cn3)ccc2F)N=C(N)S[C@@]2(C(=O)N3CCCC3c3ccccc3)C[C@H]21,4.4,nM,8.36
CHEMBL5974574,CC#CCOc1cnc(/C(F)=C/c2ccc(F)c([C@@]3(C)N=C(N)S[C@@]4(C(N)=O)C[C@H]43)c2)cn1,0.4,nM,9.4
CHEMBL5828281,CC[C@@H]1C[C@]2(CC[C@H]1OC)Cc1ccc(C#N)cc1[C@]21N=C(N)N(C[C@H]2CCCO2)C1=O,8.0,nM,8.1
CHEMBL3672405,COc1cc(/C=C/C(=O)CC(=O)/C=C/c2ccc(O)c(OC)c2)cc(OC)c1,3400.0,nM,5.47
CHEMBL3677212,N[C@@H](Cc1ccccc1)C(=O)Nc1ccc(/C=C/C(=O)CC(=O)/C=C/c2ccc(O)cc2)cc1,2100.0,nM,5.68
CHEMBL3677213,N[C@H](Cc1ccccc1)C(=O)Nc1ccc(/C=C/C(=O)CC(=O)/C=C/c2ccc(O)cc2)cc1,2200.0,nM,5.66
CHEMBL3642626,CC1(c2cc(NC(=O)c3ccc(Cl)cn3)cc(C(F)(F)F)c2)CCSC(N)=N1,264.0,nM,6.58
CHEMBL3642628,CC1(c2cccc(NC(=O)c3ccc(Cl)cc3Cl)c2)CCSC(N)=N1,1288.0,nM,5.89
CHEMBL3642629,CC1(c2cccc(NC(=O)c3ccc(C#N)cc3)c2)CCSC(N)=N1,930.0,nM,6.03
CHEMBL3639523,NC1=N[C@@](c2cc(NC(=O)c3cnc(O)cn3)ccc2F)(C(F)F)COC1,340.0,nM,6.47
CHEMBL3653472,Cc1nc(C(=O)Nc2ccc(F)c([C@]3(C(F)F)COCC(N)=N3)c2)cs1,940.0,nM,6.03
CHEMBL3891797,COc1cc(F)c2c(c1)C1(CCOC(N)=N1)c1cc(Nc3ncccc3OCc3ccccc3)ccc1O2,7290.0,nM,5.14
CHEMBL3903132,NC1=NC2(CCS1)c1cc(NC(=O)c3ccc(F)cn3)ccc1Oc1c2cc(C2=CCOCC2)nc1F,1.0,nM,9.0
CHEMBL3984545,C[C@H]1C[C@H]2CSC(N)=N[C@@]2(c2nc(NC(=O)c3cc(C(F)(F)F)on3)cs2)CO1,1400.0,nM,5.85
CHEMBL3928341,CC(C)Cc1cc(C(=O)Nc2csc(C34CO[C@@H](C)C[C@H]3CSC(N)=N4)n2)no1,9690.0,nM,5.01
CHEMBL3911537,CCc1cc(C(=O)Nc2csc(C34CO[C@@H](C)C[C@H]3CSC(N)=N4)n2)on1,9260.0,nM,5.03
CHEMBL3932565,C[C@H]1C[C@H]2CSC(N)=NC2(c2nc(NC(=O)c3ccon3)cs2)CO1,777.0,nM,6.11
CHEMBL3901075,C[C@H]1C[C@H]2CSC(N)=NC2(c2nc(NC(=O)C3CC(F)(F)C3)cs2)CO1,1490.0,nM,5.83
CHEMBL3923614,C[C@H]1C[C@H]2CSC(N)=NC2(c2nc(NC(=O)c3ncccn3)cs2)CO1,1080.0,nM,5.97
CHEMBL3913443,C[C@H]1C[C@H]2CSC(N)=NC2(c2nc(NC(=O)c3ccn(C4CC4)n3)cs2)CO1,1660.0,nM,5.78
CHEMBL3961254,[C-]#[N+]COc1ccc(C(=O)Nc2csc([C@]34CO[C@@H](C)C[C@H]3CSC(N)=N4)n2)nc1,447.0,nM,6.35
CHEMBL3890696,NC1=N[C@@](c2cc(Nc3ncnc4cc(Cl)cnc34)ccc2F)(C(F)F)COC1,36.0,nM,7.44
CHEMBL3977872,COCCOc1cnc2c(Nc3ccc(F)c([C@]4(C(F)F)COCC(N)=N4)c3)nccc2c1,600.0,nM,6.22
CHEMBL3980775,COc1cccnc1Nc1ccc(F)c([C@]2(C)CO[C@@](C)(C(F)(F)F)C(N)=N2)n1,6400.0,nM,5.19
CHEMBL3924457,N#Cc1ccc(C(=O)Nc2ccc3c(c2)C2(CCOC(N)=N2)c2cc(Cl)nc(F)c2O3)nc1,7.0,nM,8.15
CHEMBL3897373,COc1cnc(C(=O)Nc2ccc3c(c2)C2(CCOC(N)=N2)c2cc(Cl)nc(F)c2O3)cn1,26.7,nM,7.57
CHEMBL3909521,NC1=NC2(CCO1)c1cc(NC(=O)c3ccc(Cl)cn3)ccc1Oc1ncccc12,45.1,nM,7.35
CHEMBL3966377,COc1cnc(C(=O)Nc2ccc3c(c2)C2(CCOC(N)=N2)c2cc(C4=CCCOC4)nc(F)c2O3)cn1,2.7,nM,8.57
CHEMBL3986979,COc1cnc(C(=O)Nc2ccc3c(c2)C2(CCOC(N)=N2)c2cc(C4CC4)nc(F)c2O3)cn1,5.0,nM,8.3
CHEMBL3893589,COc1cnc(C(=O)Nc2ccc3c(c2)C2(CCOC(N)=N2)c2cc(C4CC4)ncc2O3)cn1,6.8,nM,8.17
CHEMBL3950477,COc1ccc(C(=O)Nc2ccc3c(c2)C2(CCSC(N)=N2)c2cc(C4=CCCOC4)nc(F)c2O3)nc1,2.5,nM,8.6
CHEMBL3902076,COc1cnc(C(=O)Nc2ccc3c(c2)C2(CCSC(N)=N2)c2cc(C4=CCOCC4)nc(F)c2O3)c(C)c1,5.4,nM,8.27
CHEMBL3937966,Cc1cc(Cl)cnc1C(=O)Nc1ccc2c(c1)C1(CCSC(N)=N1)c1cc(C3=CCOCC3)nc(F)c1O2,2.9,nM,8.54
CHEMBL3960162,N#Cc1cncc(-c2cccc(C3(C4CC4)NC(=N)N(C4CCOCC4)C3=O)c2)c1,2980.0,nM,5.53
CHEMBL3985353,N=C1NC(c2cccc(-c3cncc(Cl)c3)c2)(C2CC2)C(=O)N1C1CCOCC1,1160.0,nM,5.94
CHEMBL3977267,N=C1NC(c2cccc(-c3cccnc3)c2)(C2CC2)C(=O)N1C1CCCCC1,16800.0,nM,4.78
CHEMBL5285805,COc1cnc(C(=O)Nc2ccc(F)c([C@]3(C)C=C(CF)OC(N)=N3)c2)c(C)n1,491.0,nM,6.31
CHEMBL3680881,C[C@]1(c2cc(NC(=O)c3cncs3)ccc2F)N=C(N)OC[C@@H]1F,250.0,nM,6.6
CHEMBL3986044,CC1(c2cccc(Nc3cccc4cc(Cl)cnc34)c2)COCC(N)=N1,250.0,nM,6.6
CHEMBL3969614,C[C@@]1(c2cc(Nc3cc(Cl)cc4cc(Cl)cnc34)ccc2F)COCC(N)=N1,660.0,nM,6.18
CHEMBL3894989,C[C@@]1(c2cc(Nc3cccc4cc(OCCF)cnc34)ccc2F)COCC(N)=N1,4770.0,nM,5.32
CHEMBL3897096,CC1(c2cccc(NCc3ccc(Cl)cc3)c2)COCC(N)=N1,450.0,nM,6.35
CHEMBL6039958,N#Cc1cnc2c(c1)CCC[C@@H]2Nc1ccc(F)c([C@@]2(C(F)F)N=C(N)O[C@@H]3C[C@@H]32)c1,2855.0,nM,5.54
CHEMBL5907237,CC1(C)C(N)=N[C@](C)(c2cc(Nc3csc4cc(C#N)cnc34)ccc2F)CS1(=O)=O,2.0,nM,8.7
CHEMBL5849849,CC#Cc1cncc(-c2ccc(F)c([C@@]3(CF)N=C(N)O[C@@H]4C[C@@H]43)c2)c1,4685.0,nM,5.33
CHEMBL6006808,CC#Cc1cncc(-c2cc([C@@]3(CF)N=C(N)OC4C[C@@H]43)c(F)cc2COCc2ccc(OC)cc2)c1,33135.0,nM,4.48
CHEMBL3747247,CC(=O)N1C[C@H](Nc2nc3cc(C)ccc3[nH]2)[C@@H](OC(=O)c2ccc(-c3ccccc3)cc2)C1,720.0,nM,6.14
CHEMBL6051038,Nc1nc(Nc2ccc(OCCN3CCCC3)cc2)nn1-c1ncccc1Cl,2620.0,nM,5.58
CHEMBL5980029,NC1=N[C@@](c2cc(Nc3coc4cc(Cl)cnc34)ccc2F)(C(F)F)[C@H]2C[C@H]2O1,253.0,nM,6.6
CHEMBL1923749,CC(C)(C)Nc1c(-c2cccc(-c3nc4ccc(F)cc4[nH]3)c2)nc2ccccn12,312.0,nM,6.51
CHEMBL1923753,COc1ccc2nc(-c3cccc(-c4cn5ccccc5n4)c3)[nH]c2c1,26.0,nM,7.58
CHEMBL2058869,O[C@@H](CSc1ccc2ccccc2c1)Cn1c2ccccc2c2ccccc21,7980.0,nM,5.1
CHEMBL4444849,COc1cccc(/C=N/C2CCN(Cc3ccccc3)CC2)c1OC,6300.0,nM,5.2
CHEMBL5423316,CN(CCOCCN1c2ccccc2Sc2ccccc21)C(CCN)C(=O)NCc1ccc(Cl)cc1,1570.0,nM,5.8
CHEMBL3670927,CC1(C)OCC(N)=N[C@](C)(c2cc(Nc3cncc(C(F)(F)F)c3)ccc2F)C1(F)F,1900.0,nM,5.72
CHEMBL3680876,C[C@]1(c2cc(NC(=O)c3ccc(OCC(F)(F)C(F)F)cn3)ccc2F)N=C(N)OC[C@@H]1F,17.0,nM,7.77
CHEMBL3764465,O=C(/C=C(O)/C=C/c1ccc(OCc2ccc(F)cc2)cc1)/C=C/c1ccc(OCc2ccc(F)cc2)cc1,1040.0,nM,5.98
CHEMBL3764532,O=C(/C=C(O)/C=C/c1ccc(OCc2ccc(F)cc2F)cc1)/C=C/c1ccc(OCc2ccc(F)cc2F)cc1,400.0,nM,6.4
CHEMBL2380813,CC1(C)Cc2cc(Cl)ccc2C(NC(Cc2cscc2-c2cn[nH]c2)C(=O)O)=N1,450.0,nM,6.35
CHEMBL5888477,Cc1cc(OC(F)F)cnc1C(=O)Nc1ccc(F)c([C@@]2(C)N=C(N)C3(CC3)S(=O)(=O)[C@@H]2F)c1,1.5,nM,8.82
CHEMBL5891177,CC1(C)C(N)=N[C@](C)(c2cc(NC(=O)c3nn(C(F)F)cc3Cl)ccc2F)CS1(=O)=O,1.74,nM,8.76
CHEMBL3680872,C[C@]1(c2cc(NC(=O)c3ccc(F)cn3)ccc2F)N=C(N)OC[C@@H]1F,10.0,nM,8.0
CHEMBL4643511,NC1=N[C@](CF)(c2cc(NC(=O)c3cnc(OCF)cn3)ccc2F)CCC1(F)F,93.3,nM,7.03
CHEMBL4637358,NC1=N[C@@]2(c3cc(NC(=O)c4cnc(OCF)cn4)ccc3F)COCC[C@H]2CC1(F)F,3.5,nM,8.46
CHEMBL3653350,CC1(c2cccc(NC(=O)c3ccc(O)nn3)c2)COCC(N)=N1,850.0,nM,6.07
CHEMBL3653357,CC1(c2cccc(NC(=O)c3cnc(O)cn3)c2)COCC(N)=N1,2000.0,nM,5.7
CHEMBL3653360,CC1(c2cccc(NC(=O)c3coc(C(F)(F)F)c3)c2)COCC(N)=N1,11000.0,nM,4.96
CHEMBL3653374,NC1=NC(c2cccc(NC(=O)c3ccc(C(F)(F)F)cn3)c2)(C(F)F)COC1,780.0,nM,6.11
CHEMBL3653378,NC1=NC(c2cc(NC(=O)c3ccc(Cl)cn3)ccc2F)(C(F)F)COC1,62.0,nM,7.21
CHEMBL3653379,NC1=N[C@@](c2cc(NC(=O)c3ncc(C(F)(F)F)cc3Cl)ccc2F)(C(F)F)COC1,71.0,nM,7.15
CHEMBL3653383,NC1=NC(c2cccc(NC(=O)c3ccc(Br)cn3)c2)(C(F)(F)F)COC1,420.0,nM,6.38
CHEMBL3653397,Cc1cc(Br)cnc1C(=O)Nc1ccc(F)c(C2(C)COCC(N)=N2)c1,40.0,nM,7.4
CHEMBL3653412,CC1(C)OCC(c2cc(NC(=O)c3ccc(Br)cn3)ccc2F)(C(F)F)N=C1N,74.0,nM,7.13
CHEMBL3653423,Cc1cc(Br)cnc1C(=O)Nc1ccc(F)c([C@]2(CF)COCC(N)=N2)c1,15.0,nM,7.82
CHEMBL3653434,Cc1nc(C(=O)Nc2cccc(C3(C(F)F)COCC(N)=N3)c2)co1,1500.0,nM,5.82
CHEMBL3653435,CCc1nc(C(=O)Nc2cccc(C3(C(F)F)COCC(N)=N3)c2)co1,5200.0,nM,5.28
CHEMBL3653439,COCCOc1cnc(C(=O)Nc2cccc(C3(C(F)F)COCC(N)=N3)c2)cn1,1200.0,nM,5.92
CHEMBL3659640,COc1ccc(C(Cc2cccc(-c3ccc(C(F)(F)F)cc3Cl)c2)c2cn(C)c(N)n2)cc1,11000.0,nM,4.96
CHEMBL3900965,CO[C@H]1[C@H](C)CC2(Cc3ccc(Br)cc3[C@@]23N=C(C)C(N)=N3)C[C@@H]1C,4.0,nM,8.4
CHEMBL3672408,COc1cc(/C=C/C(=O)CC(=O)/C=C/c2ccc(OC)c3ccccc23)ccc1O,1200.0,nM,5.92
CHEMBL3672442,COCOc1cccc(O)c1/C=C/C(=O)CC(=O)/C=C/c1ccc(OC)c(O)c1,1200.0,nM,5.92
CHEMBL3653448,NC1=N[C@@](c2cc(NC(=O)c3ncc(Br)cn3)ccc2F)(C(F)F)COC1,36.0,nM,7.44
CHEMBL3653456,NC1=N[C@@](c2cc(NC(=O)c3cn4ccccc4n3)ccc2F)(C(F)F)COC1,2200.0,nM,5.66
CHEMBL3656181,CN1OC2(N=C1N)c1cc(Br)ccc1OC21CCc2ccccc2CC1,138.5,nM,6.86
CHEMBL3978473,NC1=NC2(CCO1)c1cc(NC(=O)c3ccc(Cl)cn3)ccc1Oc1ncc(Br)cc12,13.6,nM,7.87
CHEMBL3973477,COc1ccc(C(=O)Nc2ccc3c(c2)C2(CCOC(N)=N2)c2cc(C4=CCCOC4)nc(F)c2O3)nc1,0.9,nM,9.05
CHEMBL3919324,COc1cnc(C(=O)Nc2ccc3c(c2)C2(CCOC(N)=N2)c2cc(C4CCOCC4)cc(F)c2O3)cn1,32.0,nM,7.5
CHEMBL3959278,COc1ccc(C(=O)Nc2ccc3c(c2)C2(CCSC(N)=N2)c2cc(O)cc(F)c2O3)nc1,29.4,nM,7.53
CHEMBL6063951,COC1CCC2(CC1)Cc1ccc(Br)cc1C21N=C(NC(=O)OC(C)(C)C)N(C)C1=O,39.9,nM,7.4
CHEMBL6039773,CCOC1CCC2(CC1)Cc1ccc(C#CC3CC3)cc1C21N=C(SC)N(C)C1=O,4.8,nM,8.32
CHEMBL6031595,CO[C@H]1CC[C@]2(CC1)Cc1c(F)cccc1C21NC(=O)NC1=O,493.0,nM,6.31
CHEMBL5763516,CC1CCCN1CCOc1ccc(Nc2nc(N)n(-c3nc4ccccc4[nH]3)n2)cc1,10400.0,nM,4.98
CHEMBL3109550,COc1ccc(C2(c3ccc(OC)cc3)NC(=N)N(CC3CCOCC3)C2=O)cc1,2070.0,nM,5.68
CHEMBL3922940,COc1cccc(-c2cccc(C3(C4CC4)NC(=N)N(C4CCCCC4)C3=O)c2)c1,7000.0,nM,5.16
CHEMBL3673232,COC1CCC2(CC1)Cc1ccc(C#CC3CC3)cc1C21N=C(N)c2ccc(C(F)(F)F)cc21,6.5,nM,8.19
CHEMBL5786870,COC1CCC2(CC1)Cc1ccc(N3CCC(F)(F)C3)cc1C21NC(=S)N(C)C1=O,30.0,nM,7.52
CHEMBL131770,O=C(/C=C(O)/C=C/c1ccc(O)cc1)/C=C/c1ccc(O)cc1,2540.0,nM,5.59
CHEMBL3763318,COc1cc(/C=C/C(O)=C/C(=O)/C=C/c2ccc(C)cc2)ccc1O,140.0,nM,6.85
CHEMBL3739843,C[C@@]1(c2cc(NC(=O)c3ccc(C#N)cn3)ccc2F)C[S@]2(=O)=NCCCCN2C(N)=N1,2.0,nM,8.7
CHEMBL335837,CSCC[C@H](NC(=O)[C@@H](NC(=O)[C@@H](N)CCC(=O)O)C(C)C)C(=O)N[C@@H](CC(C)C)[C@@H](O)CC(=O)N[C@H](C(=O)N[C@@H](C)C(=O)N[C@@H](CCC(=O)O)C(=O)N[C@@H](Cc1ccccc1)C(=O)O)C(C)C,58.0,nM,7.24
CHEMBL1791016,CCC[C@H](NC(=O)C[C@H](O)[C@H](CC(C)C)NC(=O)[C@H](CCSC)NC(=O)[C@@H](NC(C)=O)[C@@H](C)CC)C(=O)NCc1cccc(C(=O)O)c1,130.0,nM,6.89
CHEMBL4760651,Clc1ccc(CNC2CCN(Cc3ccccc3)C2)cc1,163.0,nM,6.79
CHEMBL4749704,Fc1ccc(CNC2CCN(Cc3ccccc3)C2)cc1,824.0,nM,6.08
CHEMBL4862298,CN1C(N)=N[C@](C)(c2cc(-n3[se]c4ccc(C(F)(F)F)cc4c3=O)ccc2F)CS1(=O)=O,1600.0,nM,5.8
CHEMBL5760035,Cc1cc(C2(c3ccc(OC(F)F)c(C)c3)N=C(N)N(C)C2=O)ccn1,1400.0,nM,5.85
CHEMBL3673188,N#Cc1cc(C23CO[C@@H](COCc4ccccc4)C[C@H]2CSC(N)=N3)c(F)cc1F,445.0,nM,6.35
CHEMBL3673205,C[C@H]1C[C@H]2[C@@H](CF)SC(N)=N[C@@]2(c2cc(CNCC(F)(F)F)ccc2F)CO1,150.0,nM,6.82
CHEMBL3928706,CO[C@H]1CC[C@]2(CC1)Cc1cc(C)c(Br)cc1C21N=C(C)C(N)=N1,1659.0,nM,5.78
CHEMBL4108836,C[C@@H]1C[C@@]2(Cc3ccc(C#N)cc3[C@]23N=C(N)N(CC(C)(C)Cl)C3=O)C[C@H](C)[C@H]1O,3.0,nM,8.52
CHEMBL4109077,C[C@@H]1CC2(Cc3ccc(Cl)cc3[C@]23N=C(N)N(Cc2ncccn2)C3=O)C[C@H](C)[C@H]1O,14.6,nM,7.84
CHEMBL3672723,COc1cc(C#N)cc(-c2ccc3c(c2)C2(N=C(C)C(N)=N2)[C@]2(CC3)CC[C@@H](OC)CC2)c1,5.0,nM,8.3
CHEMBL3929995,CC[C@@H]1C[C@@]2(Cc3ccc(C#N)cc3[C@]23N=C(N)N(CC2COCCO2)C3=O)C[C@H](C)[C@H]1O,1.9,nM,8.72
CHEMBL3695754,COc1ccc2c(c1)C1(N=C(N)N(C)C1=O)c1cc(NC(=O)c3ccc(Cl)cn3)ccc1O2,6.7,nM,8.17
CHEMBL4177357,COC(=O)c1cc(C)nc2sc3cccc(OC)c3c12,600.0,nM,6.22
CHEMBL4876288,CC(C)c1cccc(CNC[C@@H](O)[C@H](Cc2ccccc2)NC(=O)CC(c2ccccc2)c2ccccc2)c1,4600.0,nM,5.34
CHEMBL4857355,O=C(N[C@@H](Cc1ccccc1)[C@H](O)CNCC(F)(F)F)C(c1ccccc1)c1ccccc1,15400.0,nM,4.81
CHEMBL6028516,CC(C)c1nc(C(=O)Nc2csc([C@]34CO[C@@H](C)C[C@H]3CSC(N)=N4)n2)co1,16200.0,nM,4.79
CHEMBL3937515,COc1cnc(C(=O)Nc2ccc(F)c([C@]3(C)CS(=O)(=O)C(C)(C)C(N)=N3)c2)cn1,2.0,nM,8.7
CHEMBL5190011,Cc1cc(C#N)cnc1C(=O)Nc1ccc(F)c([C@]2(C)CS(=O)(=O)[C@@](C)(CF)C(=N)N2)n1,1.0,nM,9.0
CHEMBL4859103,CC1=CC2Cc3nc4cc(Cl)ccc4c(NCCCCCCCCCNC(=O)c4cc(O)cc(O)c4)c3C(C1)C2,2710.0,nM,5.57
CHEMBL6024223,CC#C[C@H](C)Oc1cnc(/C(F)=C/c2ccc(F)c([C@]3(C)CS(=O)(=O)C(C)(C)C(N)=N3)c2)cn1,2530.0,nM,5.6
CHEMBL4871409,CN1C(N)=N[C@](C)(c2cc(-n3[se]c4cc(F)c(F)cc4c3=O)ccc2F)CS1(=O)=O,1120.0,nM,5.95
CHEMBL3688632,Cc1cc(C(F)F)cnc1C(=O)Nc1ccc(F)c([C@@]2(CF)N=C(N)O[C@@H]3C[C@@H]32)c1,63.8,nM,7.2
CHEMBL4456928,c1ccc2c(NCc3ccc(-c4ccc(CNc5c6c(nc7ccccc57)CCCC6)cc4)cc3)c3c(nc2c1)CCCC3,2770.0,nM,5.56
CHEMBL5829069,CC1(C)C(N)=N[C@](C)(c2cc(Nc3ncnc4cc(Cl)cnc34)ccc2F)CS1(=O)=O,2.0,nM,8.7
CHEMBL5176213,CN(C)C(=O)[C@]1(C)CC[C@@](CF)(c2cc(-c3ccc(F)cn3)ccc2F)N=C1N,66.0,nM,7.18
CHEMBL3914410,N#Cc1cnc(C(=O)Nc2cc(F)c(F)c([C@]3(CF)C[C@@H](C(F)(F)F)OC(N)=N3)c2)c(F)c1,38.0,nM,7.42
CHEMBL3898813,N#Cc1cnc2c(Nc3ccc(F)c([C@]4(C(F)F)COCC(N)=N4)c3)nccc2c1,18.0,nM,7.75
CHEMBL3688624,NC1=N[C@](CF)(c2cc(NC(=O)c3ncc(Cl)cc3Cl)ccc2F)[C@H]2C[C@H]2O1,44.9,nM,7.35
CHEMBL5966370,N#Cc1ccc(C(=O)Nc2csc([C@]34COCC[C@H]3CSC(N)=N4)c2)nc1,19.0,nM,7.72
CHEMBL6005585,C#CCOc1cnc(/C(F)=C/c2ccc(F)c([C@@]3(C)N=C(N)S[C@@]4(C(=O)NC)C[C@H]43)c2)cn1,5.77,nM,8.24
CHEMBL6031118,Cc1c(CNc2ccc(F)c([C@]3(C)CS(=O)(=O)C(C)(C)C(N)=N3)c2)nc2ccc(Cl)cn12,2940.0,nM,5.53
CHEMBL4097388,Cc1cc2c(c(C)c1CCO[C@@H]1O[C@H](CO)[C@@H](O)[C@H](O)[C@H]1O)C(=O)C(C)(C)[C@H]2O,10700.0,nM,4.97
CHEMBL145,O=C(O)/C=C/c1ccc(O)c(O)c1,16670.0,nM,4.78
CHEMBL5268019,COc1ccc(NC(=O)C2CCN(C(=O)c3ccccc3)CC2)cc1,19.1,nM,7.72
CHEMBL5557905,O=C(Cn1nc(-c2ccccc2)c(-c2ccccc2)nc1=O)Nc1cc(Br)cc(Br)c1,1251.0,nM,5.9
CHEMBL6048956,N#Cc1ccc(C(=O)Nc2ccc(F)c(C3(C(F)F)C=C(N)OCCC3)c2)nc1,153.0,nM,6.82
CHEMBL5917723,N#Cc1ccc(C(=O)Nc2ccc(F)c([C@]3(C#N)CCOC(N)=N3)c2)nc1,96.8,nM,7.01
CHEMBL5286699,COc1nc(N)nc(Nc2ccccc2)c1/N=C/Cc1ccccc1[N+](=O)[O-],50000.0,nM,4.3
CHEMBL3672942,COc1cnc(C(=O)Nc2ccc(F)c([C@]34COC[C@@]3(F)CSC(N)=N4)c2)cn1,13.2,nM,7.88
CHEMBL3921286,NC1=N[C@@]2(COCC1)c1cc(-c3cccnc3F)ccc1Oc1cnc(N3CCC(F)(F)C3)cc12,3.0,nM,8.52
CHEMBL5762300,CC1(C)C(N)=N[C@](C)(c2cc(Nc3ncc(Br)c4cc(Cl)cnc34)ccc2F)CS1(=O)=O,0.83,nM,9.08
CHEMBL5809643,CC1(C)C(N)=N[C@](C)(c2cc(Nc3ncc(Cl)c4cc(Cl)cnc34)ccc2F)CS1(=O)=O,0.7,nM,9.15
CHEMBL3672404,COc1ccc(/C=C/C(=O)CC(=O)/C=C/c2cc(O)ccc2O)cc1O,1400.0,nM,5.85
CHEMBL3672425,CN(C)c1ccc(/C=C/C(=O)CC(=O)/C=C/c2ccc(O)cc2)c([N+](=O)[O-])c1,1200.0,nM,5.92
CHEMBL3677214,CCN(CC)c1ccc(/C=C/C(=O)CC(=O)/C=C/c2ccc(O)cc2)c(OCC=C(C)C)c1,1000.0,nM,6.0
CHEMBL3677216,COCOc1ccc(OC)cc1/C=C/C(=O)CC(=O)/C=C/c1cc(OC)ccc1O,2200.0,nM,5.66
CHEMBL1762684,COc1ccc(-c2cc(O)cc(-c3ccccc3)c2O)cc1,9100.0,nM,5.04
CHEMBL1762683,Oc1cc(-c2ccccc2)c(O)cc1-c1ccccc1,15960.0,nM,4.8
CHEMBL3653436,Cc1nc(C(=O)Nc2cccc(C3(C(F)F)COCC(N)=N3)c2)c(C)o1,4000.0,nM,5.4
CHEMBL3917982,CO[C@H]1CC[C@]2(CC1)Cc1ccc(CCc3ccccc3)cc1C21N=C(N)N(C(C)C)C1=O,187.8,nM,6.73
CHEMBL3690085,C#CCOc1cnc(C(=O)Nc2cccc(C3(C)CC(=O)N(C)C(N)=N3)c2)cn1,56.0,nM,7.25
CHEMBL540685,CCc1cn2c3c(cc(C(=O)N[C@@H](Cc4ccccc4)[C@H](O)CNCc4cccc(OC)c4)cc13)NS(=O)(=O)CC2,260.0,nM,6.58
CHEMBL3707005,CCNc1cc(C(=O)N[C@@H](Cc2ccccc2)[C@H](O)CNC2CC2)cc2c1CCCS(=O)(=O)N2C,1574.0,nM,5.8
CHEMBL5892717,CC1CC(C)CN(C(=O)[C@]23C[C@H]2[C@@](C)(c2cc(/C=C(\F)c4ccc(C#N)cn4)ccc2F)N=C(N)S3)C1,8.71,nM,8.06
CHEMBL3900160,NC1=N[C@@]2(COCC1)c1cc(-c3cccnc3F)ccc1Oc1cnc(-c3ccc(F)c(F)c3)cc12,2.0,nM,8.7
CHEMBL5961520,C[C@]1(c2cc(/C=C(\F)c3ccc(C#N)cn3)ccc2F)N=C(N)S[C@@]2(C(=O)N3CCN(CC4CC4)CC3)C[C@H]21,57.5,nM,7.24
CHEMBL1917902,CCC(C)[C@@]1(NC(C)=O)CCN([C@@H](CCc2ccccc2)C(=O)N[C@@H](Cc2ccccc2)[C@H](O)CNCc2cccc(OC)c2)C1=O,5.0,nM,8.3
CHEMBL1917913,CCCS(=O)(=O)[C@H]1CN[C@@H]([C@@H](O)[C@H](Cc2cc(F)cc(F)c2)NC(=O)[C@H](CCc2ccccc2)N2CC[C@](NC(C)=O)(C(C)CC)C2=O)C1,5.0,nM,8.3
CHEMBL3903067,C[C@H]1SC(N)=N[C@@]2(c3ccc(F)cc3F)CO[C@@H](c3ccc(F)cc3)C[C@@H]12,15.0,nM,7.82
CHEMBL1916003,CCC(C)[C@@]1(NC(C)=O)CCN([C@@H](CCc2ccccc2)C(=O)N[C@@H](Cc2cc(F)cc(F)c2)[C@H](O)[C@H]2C[C@H](O)CN2)C1=O,0.89,nM,9.05
CHEMBL5864266,Cc1cc(F)ccc1C(=O)Nc1csc([C@]23CO[C@@H](C)C[C@H]2CSC(N)=N3)n1,866.0,nM,6.06
CHEMBL5950692,C[C@H]1C[C@H]2CSC(NC(=O)c3ccccc3)=N[C@@]2(c2nc(N)cs2)CO1,11.0,nM,7.96
CHEMBL5954836,C[C@H]1C[C@H]2CSC(N)=N[C@@]2(c2nc(NC(=O)c3cn(C)nn3)cs2)CO1,28100.0,nM,4.55
CHEMBL5961477,C[C@H]1C[C@H]2CSC(NC(=O)c3ccccc3)=N[C@@]2(c2nc(NC(=O)c3nn(C(F)F)cc3Cl)cs2)CO1,4.0,nM,8.4
CHEMBL5947550,COC1CCC2(CC1)Cc1ccc(OCC3CC3)cc1C21N=C(N)N(CC(F)F)C1=O,9.0,nM,8.05
CHEMBL5883003,COCC#Cc1ccc2sc3ccc([C@]4(C)CC(=O)N(C)C(=N)N4)cc3c2c1,218.0,nM,6.66
CHEMBL5861668,C[C@H]1C[C@H]2COC(N)=N[C@@]2(c2nc(NC(=O)c3ncc(OC(F)F)cc3Cl)cs2)CO1,123.0,nM,6.91
CHEMBL3980312,COC1CCC2(CC1)Cc1ccc(Br)cc1C21NC(N)N(C(C)(C)C)C1=O,1673.5,nM,5.78
CHEMBL2059624,OC(COc1ccc(Cc2ccccc2)cc1)CSc1ccccc1Cl,9600.0,nM,5.02
CHEMBL6023127,Cc1cc(Cl)cnc1C(=O)Nc1ccc(F)c([C@]2(C)CS(=O)(=O)C(C)(C)C(N)=N2)c1,0.3,nM,9.52
CHEMBL5985176,COc1cnc(C(=O)Nc2ccc(F)c([C@]3(C)CS(=O)(=O)C(C)(C)C(N)=N3)n2)cn1,8200.0,nM,5.09
CHEMBL5797041,CC1(C)C(N)=N[C@](C)(c2cc(/C=C(\F)c3cnc(OCc4ccccc4)cn3)cnc2F)CS1(=O)=O,2525.0,nM,5.6
CHEMBL3911876,NC1=N[C@@]2(c3c(F)cc(F)cc3F)CO[C@@H](C3CC3)C[C@H]2CS1,1052.0,nM,5.98
CHEMBL3898116,CO[C@H]1CC[C@@]2(Cc3ccc(Br)cc3C23N=C(C)C(N)=N3)C[C@@H]1C,16.3,nM,7.79
CHEMBL3680868,C[C@]1(c2cc(NC(=O)c3cnc(OCC4CC4)cn3)ccc2F)N=C(N)OC[C@@H]1F,5.0,nM,8.3
CHEMBL4745534,COc1cc(-c2nnc(N3CCN(c4ccccn4)CC3)o2)cc(OC)c1OC,3240.0,nM,5.49
CHEMBL4743358,Cc1ccc(-c2nnc(N3CCN(c4ccccn4)CC3)o2)cc1,2480.0,nM,5.61
CHEMBL3680865,COc1ccc(C(=O)Nc2ccc(F)c([C@@]3(C)N=C(N)OC[C@@H]3F)c2)nc1,4.0,nM,8.4
CHEMBL3966149,C[C@@]1(c2cc(NC(=O)c3ccc(F)cn3)cnc2F)C[C@@H](C(F)(F)F)OC(N)=N1,38.0,nM,7.42
CHEMBL3910073,C[C@@]1(c2cc(NC(=O)c3ccc(Br)cn3)cc(F)c2F)C[C@@H](C(F)(F)F)OC(N)=N1,6.6,nM,8.18
CHEMBL3985595,NC1=N[C@](CF)(c2cc(Oc3ncccn3)ccc2F)C[C@@H](C(F)(F)F)O1,9970.0,nM,5.0
CHEMBL3961455,NC1=N[C@](CF)(c2cc(Oc3cc(-c4ccccc4)ccn3)ccc2F)C[C@@H](C(F)(F)F)O1,830.0,nM,6.08
CHEMBL3971064,C[Si](C)(C)C#Cc1ccc(-c2ccc(F)c([C@]3(CF)C[C@@H](C(F)(F)F)OC(N)=N3)c2)cn1,37200.0,nM,4.43
CHEMBL3966537,COc1cnc(C(=O)Nc2cc(C)c(F)c([C@]3(CF)C[C@@H](C(F)(F)F)OC(N)=N3)c2)c(C)n1,81.0,nM,7.09
CHEMBL3933081,NC1=N[C@@]2(c3ccc(F)cc3F)CO[C@@H](c3cccc(F)c3)C[C@H]2CS1,22.0,nM,7.66
CHEMBL3898392,NC1=N[C@@]2(c3ccc(F)cc3F)CO[C@@H](c3ccc(Cl)cc3)C[C@H]2CS1,15.0,nM,7.82
CHEMBL3974767,NC1=N[C@@]2(c3ccc(F)cc3F)CO[C@@H](c3ccccc3C(F)(F)F)C[C@H]2CS1,97.0,nM,7.01
CHEMBL6058291,C[C@]1(c2cc(/C=C(\F)c3ccc(C#N)cn3)ccc2F)N=C(N)S[C@@]2(C(=O)N3CCC(C(F)(F)F)CC3)C[C@H]21,0.744,nM,9.13
CHEMBL5796158,CC1CCN(C(=O)[C@]23C[C@H]2[C@@](C)(c2cc(/C=C(\F)c4ccc(C#N)cn4)ccc2F)N=C(N)S3)CC1,0.793,nM,9.1
CHEMBL6013486,COC(=O)[C@]12C[C@H]1[C@@](C)(c1cc(/C=C(\F)c3cnc(Br)cn3)ccc1F)N=C(N)S2,375.0,nM,6.43
CHEMBL5780918,COC(=O)[C@]12C[C@H]1[C@@](C)(c1cc(/C=C(\F)c3ccc(Br)cn3)ccc1F)N=C(N)S2,25.8,nM,7.59
CHEMBL5811661,CC1CCN1C(=O)[C@]12C[C@H]1[C@@](C)(c1cc(/C=C(\F)c3ccc(Cl)cn3)ccc1F)N=C(N)S2,6.23,nM,8.21
CHEMBL5912175,C[C@@]1(c2cc(NC(=O)c3ccc(Cl)cn3)ccc2F)CS(=O)(=O)C2(CC(F)(F)C2)C(N)=N1,1.3,nM,8.89
CHEMBL5744660,Cc1cc(Cl)cnc1C(=O)Nc1ccc(F)c([C@]2(C)CS(=O)(=O)C3(CCC3)C(N)=N2)c1,1.6,nM,8.8
CHEMBL5980892,Cc1cnc(C(=O)Nc2ccc(F)c([C@]3(C)CS(=O)(=O)C(C)(C)C(N)=N3)c2)c(C)n1,18.2,nM,7.74
CHEMBL5773698,C#Cc1cnc(Nc2ccc(F)c([C@]3(C)CS(=O)(=O)C(C)(C)C(N)=N3)c2)c2ncc(Cl)cc12,1.3,nM,8.89
CHEMBL5839894,C[C@@H]1CC[C@@H](C)N1C(=O)[C@]12C[C@H]1[C@@](C)(c1cc(/C=C(\F)c3ccc(C#N)cn3)ccc1F)N=C(N)S2,3.62,nM,8.44
CHEMBL6039770,COC(=O)[C@]12C[C@H]1[C@@](C)(c1cc(/C=C(\F)c3cnc(OCc4ncco4)cn3)ccc1F)N=C(N)S2,53.5,nM,7.27
CHEMBL3980763,COC1CCC2(CC1)Cc1ccc(CCC3CC3)cc1C21N=C(N)N(CC2CCC2)C1=O,20.4,nM,7.69
CHEMBL5995824,CC(C)N1C(=O)C2(NC1=S)c1cc(OCC(F)(F)F)ccc1CC21CCc2ccccc2CC1,48.3,nM,7.32
CHEMBL5878448,CN1C(=O)C2(N=C1NC(=O)OC(C)(C)C)c1cc(Br)ccc1OC21CCc2ccccc2CC1,14.8,nM,7.83
CHEMBL5941542,CCn1cc(C(=O)Nc2csc([C@]34CO[C@@H](C)C[C@H]3CSC(N)=N4)n2)cn1,7480.0,nM,5.13
CHEMBL5893521,C[C@H]1C[C@H]2CSC(N)=N[C@@]2(c2nc(NC(=O)c3cn(C)cn3)cs2)CO1,18200.0,nM,4.74
CHEMBL4211219,C=C1C[C@H]2[C@]3(C)CCC(=O)C(C)(C)[C@@H]3C(=O)[C@@H](O)[C@]2(C)[C@H]2C(=O)O[C@](C)(C(=O)OC)C(=O)[C@]12C,3320.0,nM,5.48
CHEMBL4216181,C=C1C[C@H]2[C@]3(C)CCC(=O)C(C)(C)[C@@H]3C(=O)[C@@H](O)[C@]2(C)[C@H]2C(=O)O[C@@H](C)C(=O)[C@]12C,5850.0,nM,5.23
CHEMBL4845912,COc1c(O)c(O)c(C(=O)O)c(C)c1C/C=C(\C)CC/C=C(\C)CCC=C(C)C,1600.0,nM,5.8
CHEMBL4109726,CC1=C[C@H]2Cc3nc4cc(Cl)ccc4c(NCCCCCCCCCNC(=O)c4cc(O)c5c(c4)C(=O)c4cccc(O)c4C5=O)c3[C@@H](C1)C2,80.0,nM,7.1
CHEMBL5270796,CCCCCCCCCCCC1=CC(=O)C=CC1=O,2110.0,nM,5.68
CHEMBL4556855,Oc1ccc(/C=N/C2CCN(Cc3ccccc3)CC2)c(O)c1,10000.0,nM,5.0
CHEMBL4575167,FC(F)(F)c1ccc(/C=N/C2CCN(Cc3ccccc3)CC2)cc1,280.0,nM,6.55
CHEMBL4449445,FC(F)(F)Oc1ccc(/C=N/C2CCN(Cc3ccccc3)CC2)cc1,1800.0,nM,5.75
CHEMBL5277927,COc1ccccc1C(=O)N1Cc2ccc(N3C(=O)c4ccccc4C3=O)cc2CC1=O,2.96,nM,8.53
CHEMBL5289994,COc1ccc(C(=O)N2Cc3ccc(N4C(=O)c5ccccc5C4=O)cc3CC2=O)cc1,1.69,nM,8.77
CHEMBL5272625,COc1cc(/C=C/c2nnc(-c3ccc(Cl)cc3Cl)o2)ccc1O,0.864,nM,9.06
CHEMBL5291052,O=C(/C=C/c1ccc(F)cc1)c1cc(I)c(Br)cc1O,4.703,nM,8.33
CHEMBL5755866,COc1cnc(C(=O)Nc2cc(C3(C)CS(=O)(=O)C(C)(C)C(N)=N3)c(F)cn2)cn1,252.0,nM,6.6
CHEMBL5768977,CCc1cccc(Oc2ccc(F)c([C@]3(C)CS(=O)(=O)C(C)(C)C(N)=N3)c2)c1,1430.0,nM,5.84
CHEMBL5947377,CC1(C)C(N)=N[C@](C)(c2cc(Oc3ccc4ccccc4c3)ccc2F)CS1(=O)=O,2350.0,nM,5.63
CHEMBL6015975,C[C@@]1(c2cc(Br)ccc2F)CS(=O)(=O)C2(CCC2)C(N)=N1,4050.0,nM,5.39
CHEMBL5927021,C[C@]1(F)C(N)=N[C@](C)(c2cc(Nc3ncnc4cc(C#N)cnc34)ccc2F)CS1(=O)=O,1.1,nM,8.96
CHEMBL5911340,Cc1cc(OC2COC2)cnc1C(=O)Nc1ccc(F)c([C@]2(CF)CS(=O)(=O)C(C)(C)C(N)=N2)c1,44.5,nM,7.35
CHEMBL6059938,Cc1nc2c(Nc3ccc(F)c([C@]4(C)CS(=O)(=O)C(C)(C)C(N)=N4)c3)nccc2s1,17.2,nM,7.76
CHEMBL4114265,C[C@@H]1C[C@@]2(Cc3ccc(NC(=O)C(C)(C)F)cc3[C@]23N=C(N)N(CC(C)(C)F)C3=O)C[C@H](C)[C@H]1O,6.3,nM,8.2
CHEMBL4447514,Oc1ccccc1CNC1CCN(Cc2ccccc2)CC1,2000.0,nM,5.7
CHEMBL5879038,Cc1nc2c(Nc3ccc(F)c([C@]4(C)CS(=O)(=O)CC(N)=N4)c3)nccc2s1,190.0,nM,6.72
CHEMBL5976537,COC1CCC2(CC1)Cc1ccc(CCC3CC3)cc1C21N=C(SCC2CCO2)N(CC2CCO2)C1=O,16.5,nM,7.78
CHEMBL3303094,CC1=CC2Cc3nc4cc(Cl)ccc4c(NCCCCCCCCCCNC(=O)c4cc(O)c5c(c4)C(=O)c4cccc(O)c4C5=O)c3C(C1)C2,1190.0,nM,5.92
CHEMBL5761035,C[C@]1(c2cc(/C=C(\F)c3cnc(OCC4COC4)cn3)ccc2F)N=C(N)[C@@]2(CF)CC[C@@H]1S2(=O)=O,138.0,nM,6.86
CHEMBL5997567,CC1(C)C(N)=N[C@](C)(c2cc(/C=C(\F)c3cnc(OCc4ncco4)cn3)ccc2F)CS1(=O)=O,7.0,nM,8.15
CHEMBL5758223,COCCOc1cnc(/C(F)=C/c2ccc(F)c([C@@]3(C)N=C(N)[C@@]4(CF)CC[C@@H]3S4(=O)=O)c2)cn1,33.0,nM,7.48
CHEMBL566969,NC1=NC(c2cccc(-c3cccnc3F)c2)(c2ccc3c(c2)OC(F)(F)O3)C2=NCCCN12,740.0,nM,6.13
CHEMBL3703276,C[C@H]1Oc2ccc(-c3cccnc3F)cc2[C@@]2(COC(N)=N2)C12COC2,1430.0,nM,5.84
CHEMBL3957104,NC1=N[C@@]2(c3ccc(F)cc3F)CO[C@@H](c3ccc(F)cc3)C[C@H]2CS1,14.0,nM,7.85
CHEMBL3673227,COC1CCC2(CC1)Oc1ccc(Cl)cc1C21N=C(N)c2ccccc21,413.0,nM,6.38
CHEMBL3672698,CC1=N[C@]2(N=C1N)c1cc(-c3cc(Cl)cc(C#N)c3)ccc1C[C@]21CC[C@@H](O)CC1,3.2,nM,8.49
CHEMBL4642463,CCCCNC(=O)[C@@H]1C[C@H]1[C@]12COC[C@H]1CSC(N)=N2,6640.0,nM,5.18
CHEMBL4636286,CCCCNC(=O)[C@@H]1C[C@H]1[C@]12CN(c3ncccn3)C[C@H]1CSC(N)=N2,67.0,nM,7.17
CHEMBL5778771,C[C@]1(c2cc(/C=C(\F)c3ccc(C#N)cn3)ccc2F)N=C(N)S[C@@]2(C(=O)N3CCOC4(CC4)C3)C[C@H]21,2.9,nM,8.54
CHEMBL5818916,N#Cc1ccc(C(=O)Nc2ccc(F)c([C@]3(CF)C[S@@]4(=O)=NCCCCN4C(N)=N3)n2)nc1,28.0,nM,7.55
CHEMBL3677217,O=C(/C=C/c1ccc(O)cc1)CC(=O)/C=C/c1c[nH]c2cccc([N+](=O)[O-])c12,830.0,nM,6.08
CHEMBL3677240,O=C(/C=C/c1ccc(O)cc1)CC(=O)/C=C/c1cc(OCc2ccccc2)ccc1Br,370.0,nM,6.43
CHEMBL3673221,COC1CCC2(CC1)Cc1ccc(-c3cccc(C#N)c3)cc1C21N=C(N)c2ccccc21,6.0,nM,8.22
CHEMBL3688721,COc1cc(Cl)cnc1C(=O)Nc1ccc(Cl)c([C@@]2(CF)N=C(N)O[C@@H]3C[C@@H]32)c1,183.5,nM,6.74
CHEMBL3683901,COc1cnc(C(=O)Nc2cc(F)c(Cl)c([C@]3(CF)N=C(N)O[C@H]4C[C@H]43)c2)cn1,127.5,nM,6.89
CHEMBL3672696,CC1=N[C@@]2(N=C1N)c1cc(OCCCF)ccc1C[C@]21CC[C@@H](OC(F)F)CC1,2900.0,nM,5.54
CHEMBL3952111,COc1cnc(C(=O)Nc2ccc3c(c2)C2(CCOC(N)=N2)c2cc(C4=CCOCC4)nc(F)c2O3)cn1,0.9,nM,9.05
CHEMBL5996607,COCC(C)N1C(=O)C2(NC1=S)c1cc(Br)ccc1CC21CCC(OC)CC1,139.0,nM,6.86
CHEMBL3680863,C[C@]1(c2cc(NC(=O)c3ccc(C(F)F)cn3)ccc2F)N=C(N)OC[C@@H]1F,3.0,nM,8.52
CHEMBL5910755,CN(C)C(=O)[C@]12C[C@H]1[C@@](C)(c1cc(/C=C(\F)c3cnc(OCC4COC4)cn3)ccc1F)N=C(N)S2,76.0,nM,7.12
CHEMBL2370094,CC(C)C[C@H](NC(=O)[C@H](CC(N)=O)NC(=O)[C@@H](N)C(C)C)C(O)CC(=O)N[C@H](C(=O)N[C@@H](C)C(=O)N[C@@H](CCC(=O)O)C(=O)N[C@@H](Cc1ccccc1)C(=O)O)C(C)C,9000.0,nM,5.05
CHEMBL3899302,COC1CCC2(CC1)Oc1ccc(-c3cccc(C#N)c3)cc1C21N=C(N)N(C)C1=O,14.9,nM,7.83
CHEMBL3936981,COC1CCC2(CC1)Oc1ccc(-c3cccnc3)cc1C21N=C(N)N(C)C1=O,69.1,nM,7.16
CHEMBL3952868,COC1CCC2(CC1)Cc1ccc(OC(F)(F)C(F)F)cc1C21N=C(N)N(C)C1=O,9.6,nM,8.02
CHEMBL3964951,[C-]#[N+]c1cccc(-c2ccc(F)c3c2C2(N=C(N)N(C)C2=O)[C@]2(CC[C@H](OC)CC2)C3)c1,13500.0,nM,4.87
CHEMBL3659644,COc1ccc2c(c1)CCC2(Cc1ccc(C(F)(F)F)nc1)c1cn(Cc2ccccc2)c(N)n1,63.0,nM,7.2
CHEMBL3639760,C=CC(=O)CC(=O)CC(c1ccc(O)cc1)c1ccc2cc[nH]c2c1,2400.0,nM,5.62
CHEMBL5204704,C[C@@]1(c2nc(NC(=O)c3ccc(C#N)cn3)ccc2F)CS(=O)(=O)[C@@](C)(C(F)F)C(=N)N1,11.0,nM,7.96
CHEMBL5849440,CC(C)(C#N)COc1cnc(/C(F)=C/c2ccc(F)c([C@]3(C)CS(=O)(=O)C(C)(C)C(N)=N3)c2)cn1,2185.0,nM,5.66
CHEMBL6019615,COC1CCC2(CC1)Cc1ccc(-c3cnc(C)s3)cc1[C@@]21N=C(N)N(C)C1=O,14.0,nM,7.85
CHEMBL5832344,CN1C(=N)N[C@](C)(c2ccc3sc4ccc(C#CCO)cc4c3c2)CC1=O,17.0,nM,7.77
CHEMBL5769936,CC#Cc1ccc2sc3cc(F)c([C@]4(C)CC(=O)N(C)C(=N)N4)cc3c2c1,21.0,nM,7.68
CHEMBL5827655,C[C@@]1(c2cc(NC(=O)c3ccc(Cl)cn3)ccc2F)Cn2nncc2C(N)=N1,1.78,nM,8.75
CHEMBL3680896,C[C@]1(c2cc(NC(=O)c3ccc(F)cn3)ccc2F)N=C(N)OC[C@@H]1OCC(F)(F)F,2.0,nM,8.7
CHEMBL6054062,COc1ccc(C2(c3cc(F)cc(F)c3)N=C(N)N(C)C2=O)cn1,1800.0,nM,5.75
CHEMBL5882638,Cc1cc(C2(c3cccc(C4CNC4)c3)N=C(N)N(C)C2=O)ccc1OC(F)CF,3200.0,nM,5.5
CHEMBL6051464,COC(=O)[C@@]1(C)C[C@@](C)(c2cc(/C=C(\F)c3ccc(C#N)cn3)ccc2F)N=C(N)S1,16.0,nM,7.8
CHEMBL5784659,COC(=O)[C@]1(C)C[C@@](C)(c2cc(/C=C(\F)c3ccc(C#N)cn3)ccc2F)N=C(N)S1,16.0,nM,7.8
CHEMBL4587362,C[C@]1(c2cc(NC(=O)c3cnc(OCF)cn3)ccc2F)N=C(N)SC[C@@H]1C1CCOCC1,3.2,nM,8.49
CHEMBL4536643,C[C@@]1(c2cc(NC(=O)c3cnc(OCC(F)(F)F)cn3)ccc2F)CCSC(N)=N1,13.0,nM,7.89
CHEMBL4072118,CO[C@H]1CC[C@]2(CC1)Cc1ccc(-c3cc(Cl)cc(C#N)c3)cc1[C@@]21COC(N)=N1,3.4,nM,8.47
CHEMBL5409365,FC(F)(F)c1ccc(-c2nnc(CNC3CCN(Cc4ccccc4)C3)o2)cc1,143.0,nM,6.84
CHEMBL5754360,CNC(=O)[C@]12C[C@H]1[C@@](C)(c1cc(/C=C(\F)c3cnc(C#C[Si](C)(C)C)cn3)ccc1F)N=C(N)S2,17.1,nM,7.77
CHEMBL4756828,O=C(N/N=C/c1ccc(O)cc1O)N1CCN(c2ccccn2)CC1,4640.0,nM,5.33
CHEMBL4782122,O=C(N/N=C/c1ccc(OC(F)(F)F)cc1)N1CCN(c2ccccn2)CC1,248.0,nM,6.61
CHEMBL5768651,COC(=O)[C@H]1CCCN1C(=O)[C@]12C[C@H]1[C@@](C)(c1cc(/C=C(\F)c3ccc(C#N)cn3)ccc1F)N=C(N)S2,3.4,nM,8.47
CHEMBL5826948,COc1cc(Cl)cnc1C(=O)Nc1ccc(F)c([C@@]2(CF)N=C(N)O[C@@H]3C[C@@H]32)c1,184.0,nM,6.74
CHEMBL5869287,C[C@H]1C[C@H]2CSC(N)=N[C@@]2(c2nc(NC(=O)c3coc(C(F)F)n3)cs2)CO1,11.0,nM,7.96
CHEMBL5850269,COC1CCC2(CC1)Cc1ccc(Br)cc1C21N=C(NC(=O)OC(C)(C)C)N(CC(F)(F)F)C1=O,316.0,nM,6.5
CHEMBL5928073,COC1CCC2(CC1)Cc1ccc(C#CC3CC3)cc1C21N=C(SCCCN(C)C)N(CCCN(C)C)C1=O,21970.0,nM,4.66
CHEMBL6035505,COC1CCC2(CC1)Cc1ccc(CCC3CC3)cc1C21NC(=S)N(Cc2nccs2)C1=O,7.8,nM,8.11
CHEMBL5815926,CC(C)c1cc(Cl)cnc1C(=O)Nc1ccc(F)c([C@]2(CF)CS(=O)(=O)C(C)(C)C(N)=N2)c1,7.99,nM,8.1
CHEMBL5749640,COc1ccc2c(c1)C1(NC(SC)N(C)C1=O)C1(CCC(OC)CC1)C2,145.0,nM,6.84
CHEMBL6003356,COC1CCC2(CC1)Cc1ccc(C#CC3CC3)cc1C21NC(=S)N(Cc2nnc(C)o2)C1=O,4.3,nM,8.37
CHEMBL5972950,CC1(C)C(N)=N[C@](CF)(c2cc(/C=C(\F)c3cnc(Cl)cn3)ccc2F)CS1(=O)=O,2220.0,nM,5.65
CHEMBL5776774,C#CCOc1cnc(/C(F)=C/c2ccc(F)c([C@@]3(C)N=C(N)C(C)(C)S(=O)(=O)[C@@H]3F)c2)cn1,6.0,nM,8.22
CHEMBL6036861,CN1C(N)=N[C@](C)(c2cc(/C=C(\F)c3ccc(OC(F)(F)F)cn3)ccc2F)CS1(=O)=O,6.0,nM,8.22
CHEMBL3680880,C[C@]1(c2cc(NC(=O)c3[nH]ncc3Cl)ccc2F)N=C(N)OC[C@@H]1F,130.0,nM,6.89
CHEMBL3680883,C[C@]1(c2cc(NC(=O)C3(C#N)CC3)ccc2F)N=C(N)OC[C@@H]1F,75.0,nM,7.12
CHEMBL5786797,C#CCOc1cnc(/C(F)=C/c2cnc(F)c([C@@]3(C)N=C(N)S[C@@]4(C(=O)NCC(F)F)C[C@H]43)c2)cn1,2.5,nM,8.6
CHEMBL6021750,C[C@]1(c2cc(/C=C(\F)c3ccc(C#N)cn3)ccc2F)N=C(N)S[C@@]2(C(=O)N3CCOC4(COC4)C3)C[C@H]21,2.1,nM,8.68
CHEMBL3913482,COc1ccc(C2(C3CCCCC3)NC(=N)N(C3CCCCC3)C2=O)cc1,17300.0,nM,4.76
CHEMBL3948015,COc1ccc(C2(C3CC3)NC(=N)N(C3CCOCC3)C2=O)cc1-c1cccc(C#N)c1,8320.0,nM,5.08
CHEMBL3939240,N#Cc1cncc(-c2cccc(C3(C4CC4)NC(=N)N(C4CCCCC4)C3=O)c2)c1,6640.0,nM,5.18
CHEMBL4763434,O=C(N/N=C/c1ccc(F)cc1F)N1CCN(c2ccccn2)CC1,446.0,nM,6.35
CHEMBL4759108,Fc1ccc(-c2nnc(N3CCN(c4ccccn4)CC3)o2)c(F)c1,98.0,nM,7.01
CHEMBL5934725,Cc1cc(Cl)cnc1C(=O)Nc1cccc([C@]2(C)CO[C@@](C)(C(F)(F)F)C(N)=N2)n1,31.0,nM,7.51
CHEMBL6057506,CN1C(N)=N[C@](C)(c2cc(/C=C(\F)c3ccc(Cl)cn3)cc(F)c2F)CS1(=O)=O,15.0,nM,7.82
CHEMBL6041925,CC1(C)C(N)=N[C@](C)(c2cc(/C=C(\F)c3cnc(OCCn4ccnc4)cn3)ccc2F)CS1(=O)=O,985.0,nM,6.01
CHEMBL4591283,COc1cc(CNC2CCN(Cc3ccccc3)CC2)cc(OC)c1OC,13000.0,nM,4.89
CHEMBL4442580,O=[N+]([O-])c1ccc(CNC2CCN(Cc3ccccc3)CC2)cc1,430.0,nM,6.37
CHEMBL4443695,Fc1ccc(CNC2CCN(Cc3ccccc3)CC2)c(F)c1,2900.0,nM,5.54
CHEMBL5907428,C[C@]1(c2cc(C#Cc3ccc(C#N)cn3)ccc2F)N=C(N)S[C@]2(CO)[C@H]1C2(F)F,47.0,nM,7.33
CHEMBL5558447,O=C(Cn1nc(-c2ccccc2)c(-c2ccccc2)nc1=O)Nc1cccc(Cl)c1,1438.0,nM,5.84
CHEMBL5743933,C[C@]1(c2cc(/C=C(\F)c3cnc(N4CCC4)cn3)ccc2F)N=C(N)S[C@@]2(C(=O)N3CCOCC3)C[C@H]21,306.0,nM,6.51
CHEMBL5274069,C[C@@]1(c2cc(NC(=O)c3ncc(C#N)cc3F)ccc2F)C=C(CF)OC(N)=N1,155.0,nM,6.81
CHEMBL5825745,C[C@@H]1C[C@H]2OC(N)=N[C@](CF)(c3cc(NC(=O)c4cnc(OCF)cn4)cc(F)c3F)[C@H]2CO1,17.4,nM,7.76
CHEMBL5875042,CC[C@@H]1OCC[C@H]2OC(N)=N[C@](CF)(c3cc(NC(=O)c4cnc(OC(F)F)cn4)ccc3F)[C@@H]12,5.9,nM,8.23
CHEMBL3650181,Cc1ccc([C@H]2C[C@H]3CSC(N)=N[C@@]3(c3ccc(F)cc3F)CO2)cn1,182.0,nM,6.74
CHEMBL3945580,O=C([C@@H]1CNC[C@]12CCCc1nc(Cl)ccc12)N1CCC2(C=Cc3ccccc32)CC1c1ccccc1,200.0,nM,6.7
CHEMBL3667414,[C-]#[N+]c1ccc(C(=O)Nc2ccc(F)c([C@]34CN(c5ncc(F)cn5)C[C@H]3CSC(N)=N4)c2)nc1,0.358,nM,9.45
CHEMBL3693235,NC1=N[C@@](c2cc(NC(=O)c3ncc(Cl)cc3CO)ccc2F)(C(F)F)[C@H]2C[C@H]2O1,33.2,nM,7.48
CHEMBL3683914,NC1=N[C@@](c2cc(NC(=O)c3coc(CF)n3)ccc2F)(C(F)F)[C@H]2C[C@H]2O1,11.6,nM,7.94
CHEMBL5766049,CC1(C)OC(=O)C(C(=O)c2ccc(C(F)(F)F)cc2)C(=O)O1,321.0,nM,6.49
CHEMBL5821332,C[C@]1(c2cc(/C=C(\F)c3ccc(C#N)cn3)cnc2F)N=C(N)S[C@@]2(C(=O)N3CC[C@H](F)C3)C[C@H]21,2.4,nM,8.62
CHEMBL5964637,C[C@]1(c2cc(/C=C(\F)c3cnc(C#N)cn3)ccc2F)N=C(N)S[C@@]2(C(=O)N3CCCCC3)C[C@H]21,1.0,nM,9.0
CHEMBL3931617,CC(C)N1C(=O)C2(N=C1N)c1cc(C#CC3CC3)ccc1C[C@]21CC[C@@H](OC(F)F)CC1,44.9,nM,7.35
CHEMBL3940036,COC1CCC2(CC1)Cc1ccc(C#CC3CC3)cc1C21NC(N)N(Cc2ncco2)C1=O,14.8,nM,7.83
CHEMBL3944495,COC1CCC2(CC1)Cc1ccc(CCC3CC3)cc1C21N=C(N)N(Cc2ccccc2F)C1=O,47.7,nM,7.32
CHEMBL3910670,COC1CCC2(CC1)Cc1ccc(CCC3CC3)cc1C21N=C(N)N(CC2CCOCC2)C1=O,11.3,nM,7.95
CHEMBL3677238,O=C(/C=C/c1ccc(O)cc1)CC(=O)/C=C/c1ccccc1-c1ccc2ccccc2c1,2700.0,nM,5.57
CHEMBL3890293,CCOc1cccnc1Nc1ccc(F)c([C@]2(C(F)F)COCC(N)=N2)c1,1300.0,nM,5.89
CHEMBL5831118,COC(=O)[C@@]1(C)C[C@@](C)(c2cc(/C=C(\F)c3ccc(Cl)cn3)ccc2F)N=C(N)S1,68.0,nM,7.17
CHEMBL5793993,C[C@]1(c2cc(C#Cc3ccc(C#N)cn3)cnc2F)N=C(N)S[C@@]2(CF)C[C@H]21,637.0,nM,6.2
CHEMBL5809694,C[C@]1(c2cc(/C=C(\F)c3cnc(C#CC4CC4)cn3)ccc2F)N=C(N)S[C@@]2(C(=O)N3CCOCC3)C[C@H]21,2.0,nM,8.7
CHEMBL5887056,CC1=N[C@@]2(C[C@]3(CCCOC3)Oc3ccc(-c4cccc(Cl)c4)cc32)N=C1N,91.0,nM,7.04
CHEMBL5791514,N#Cc1ccc(C(=O)Nc2csc([C@]34COC5(CCC5)C[C@H]3COC(N)=N4)n2)nc1,395.0,nM,6.4
CHEMBL5873215,COC[C@H]1COCCN1C(=O)[C@]12C[C@H]1[C@@](C)(c1cc(/C=C(\F)c3ccc(C#N)cn3)ccc1F)N=C(N)S2,2.3,nM,8.64
CHEMBL5851372,N#Cc1cccc(-c2ccc3c(c2)C2(CCSC(N)=N2)C2(CCc4ccccc4CC2)C3)c1,1166.0,nM,5.93
CHEMBL5828051,COC1CCC2(CC1)Cc1ccc(-c3cc(Br)cs3)cc1C21NC(=S)N(C(C)C)C1=O,29.3,nM,7.53
CHEMBL5917057,CN1C(N)=N[C@](C)(c2cc(/C=C(\F)c3cnc(C4CC4)cn3)ccc2F)CS1(=O)=O,653.0,nM,6.18
CHEMBL5897542,N#Cc1ccc(/C(F)=C/c2ccc(F)c([C@@]3(C(F)F)N=C(N)O[C@@H]4C[C@@H]43)c2)nc1,152.0,nM,6.82
CHEMBL5987777,C[C@]1(c2cc(/C=C(\F)c3cnc(Cl)cn3)ccc2F)N=C(N)OC[C@@H]1OCC(F)(F)F,341.0,nM,6.47
CHEMBL5798574,C#CCOc1cnc(/C(F)=C/c2ccc(F)c([C@@]3(C)N=C(N)OCC3(F)F)c2)cn1,4665.0,nM,5.33
CHEMBL5784142,C[C@]1(c2cc(/C=C(\F)c3ccccn3)ccc2F)N=C(N)S[C@@]2(C(=O)N3CCOCC3)C[C@H]21,220.0,nM,6.66
CHEMBL5788345,CN(C)C(=O)[C@]12C[C@H]1[C@@](C)(c1cc(/C=C(\F)c3cnc(OCC4CC4)cn3)ccc1F)N=C(N)S2,22.0,nM,7.66
CHEMBL5888816,CC1(C)C(N)=N[C@](C)(c2cc(/C=C(\F)c3cnc(OCC4CCCCC4)cn3)ccc2F)CS1(=O)=O,1615.0,nM,5.79
CHEMBL335277,CC(C)C[C@H](NC(=O)[C@H](C)NC(=O)[C@@H](NC(=O)[C@@H](N)CCC(=O)O)C(C)C)[C@@H](O)CC(=O)N[C@H](C(=O)N[C@@H](C)C(=O)N[C@@H](CCC(=O)O)C(=O)N[C@@H](Cc1ccccc1)C(=O)O)C(C)C,110.0,nM,6.96
CHEMBL1791012,CC[C@H](C)[C@H](NC(C)=O)C(=O)N[C@@H](C)C(=O)N[C@@H](CC(C)C)[C@@H](O)CC(=O)N[C@@H](Cc1ccc(O)cc1)C(=O)NCc1cccc(C(=O)O)c1,110.0,nM,6.96
CHEMBL5768399,N#Cc1cnc(C#Cc2ccc(F)c([C@@]3(CF)N=C(N)S[C@@]4(CF)C[C@H]43)c2)s1,57.0,nM,7.24
CHEMBL5970865,N#Cc1ccc(C#Cc2ccc(F)c([C@@]3(CF)N=C(N)S[C@@]4(/C=C/C(=O)N5CCOCC5)C[C@H]43)c2)nc1,19.0,nM,7.72
CHEMBL5747136,N#Cc1cnc(C#Cc2ccc(F)c([C@@]3(CF)N=C(N)S[C@@]4(/C=C/C(=O)N5CCOCC5)C[C@H]43)c2)nc1,9.0,nM,8.05
CHEMBL5790024,Cc1cc(C#N)cnc1C#Cc1ccc(F)c([C@@]2(C)N=C(N)S[C@@]3(C(=O)N(C)C)C[C@H]32)c1,3.0,nM,8.52
CHEMBL5957562,Cc1cc(C2(c3cncnc3)N=C(N)N(C)C2=O)ccc1OC(F)F,10000.0,nM,5.0
CHEMBL5769853,COc1cc(C2(c3ccc(OC(F)F)c(C)c3)N=C(N)N(C)C2=O)ccn1,4800.0,nM,5.32
CHEMBL5929592,Cc1cc(C2(C3CCN(C)CC3)N=C(N)N(C)C2=O)ccc1OC(F)CF,24250.0,nM,4.62
CHEMBL6003414,CN1C(=O)C(c2ccc(OC(F)F)cc2)(c2cccc(-c3cncnc3)c2)N=C1N,10.0,nM,8.0
CHEMBL6026546,Cc1cc(C2(C3CCNCC3)N=C(N)N(C)C2=O)ccc1OC(F)F,17650.0,nM,4.75
CHEMBL4108851,NC1=N[C@]2(COCC1)c1cc(Br)ccc1Oc1cnc(Cl)cc12,9228.0,nM,5.04
CHEMBL5760230,Cc1cc(C2(c3cccc(Cl)c3)N=C(N)N(C)C2=O)ccc1OC(F)F,320.0,nM,6.5
CHEMBL6028670,N#CC[C@]12C[C@H]1[C@@](CF)(c1cc(C#Cc3ccc(C#N)cn3)ccc1F)N=C(N)S2,84.0,nM,7.08
CHEMBL6016750,Cc1csc(COc2cnc(/C(F)=C/c3cc(F)c(F)c([C@]4(C)CS(=O)(=O)N(C)C(N)=N4)c3)cn2)n1,93.0,nM,7.03
CHEMBL5985565,CN1C(NC(=O)OC(C)(C)C)=N[C@](C)(c2cc(/C=C(\F)c3ccc(Cl)cn3)ccc2F)CS1(=O)=O,3.0,nM,8.52
CHEMBL3691375,NC1=N[C@@]2(c3ccccc3OC(F)(F)F)COCC[C@H]2CS1,87900.0,nM,4.06
CHEMBL3982128,CN1OC2(N=C1N)c1cc(-c3ccc(Br)cc3)ccc1CC21CCC(Cc2ccccc2)CC1,2312.0,nM,5.64
CHEMBL3920748,COC1CCC2(CC1)Cc1ccc(CCC3CC3)cc1C21N=C(N)N(Cc2c[nH]cn2)C1=O,7.8,nM,8.11
CHEMBL3978600,COC1CCC2(CC1)Cc1ccc(-c3cccc(C#N)c3)cc1C21C=C(N)N(C)C1=O,4.0,nM,8.4
CHEMBL3893074,COC1CCC2(CC1)Cc1ccc(OC(F)(F)F)cc1C21N=C(N)N(C)C1=O,161.3,nM,6.79
CHEMBL3907588,COc1ccc2c(c1)C1(N=C(N)N(C)C1=O)C1(CCC(OC)CC1)C2,144.8,nM,6.84
CHEMBL3933588,COC1CCC2(CC1)Cc1cc(F)ccc1C21N=C(N)N(C)C1=O,825.3,nM,6.08
CHEMBL3970489,CN1C(=O)C2(N=C1N)c1cc(C#CC3CC3)ccc1CC21CCC(OC(=O)[C@@H](N)Cc2ccc(O)cc2)CC1,639.8,nM,6.19
CHEMBL3926530,CN1C(=O)C2(N=C1N)c1cc(Br)ccc1CC21CCC(N(C)C)CC1,1000.0,nM,6.0
CHEMBL3918630,COCC(C)N1C(=O)C2(NC1N)c1cc(Br)ccc1CC21CCC(OC)CC1,138.6,nM,6.86
CHEMBL3903804,COC1CCC2(CC1)Cc1ccc(C#CC3CC3)cc1C21NC(N)N(CCC(N)=O)C1=O,4.7,nM,8.33
CHEMBL3942229,COCCN1C(=O)C2(N=C1N)c1cc(C#CC3CC3)ccc1CC21CCC(OC)CC1,9.2,nM,8.04
CHEMBL3977850,COC1CCC2(CC1)Cc1ccc(C#CC3CC3)cc1C21N=C(N)N(Cc2cccc(-c3nccs3)c2)C1=O,10.3,nM,7.99
CHEMBL4115606,COC1CCC2(CC1)Cc1ccc(C#CC3CC3)cc1[C@]21N=C(N)N(C[C@H]2CCCO2)C1=O,2.2,nM,8.66
CHEMBL3973939,COC1CCC2(CC1)Cc1ccc(CCC3CC3)cc1C21N=C(N)N(Cc2cccc(F)c2)C1=O,15.8,nM,7.8
CHEMBL3935649,COc1cccc(CN2C(=O)C3(N=C2N)c2cc(CCC4CC4)ccc2CC32CCC(OC)CC2)c1,192.0,nM,6.72
CHEMBL3907226,CC(C)N1C(=O)C2(NC1N)c1cc(OCC3CC3)ccc1CC21CCc2ccccc2CC1,79.3,nM,7.1
CHEMBL3937749,COC1CCC2(CC1)Cc1ccc(Br)cc1C21CON(C)C(N)=N1,2336.0,nM,5.63
CHEMBL3670920,Cn1ccc(Nc2ccc(F)c([C@@]3(C)N=C(N)COC(C)(C)C3(F)F)c2)n1,240.0,nM,6.62
CHEMBL4110087,CO[C@H]1CC[C@]2(CC1)Cc1ccc(C#CC3CC3)cc1[C@]21N=C(N)c2ccc(C#N)cc21,5.9,nM,8.23
CHEMBL3304357,CC1=CC2Cc3nc4cc(Cl)ccc4c(NCCCCCCCCNC(=O)c4cc(O)c5c(c4)C(=O)c4cccc(O)c4C5=O)c3C(C1)C2,980.0,nM,6.01
CHEMBL3941478,CCN1C(=O)C2(N=C1N)c1cc(OCC3CC3)ccc1CC21CCC(OC)CC1,7.8,nM,8.11
CHEMBL3973057,COC1CCC2(CC1)Cc1ccc(CCC3CC3)cc1C21N=C(N)N(C)C1=O,5.4,nM,8.27
CHEMBL3944327,COC1CCC2(CC1)Cc1ccc(-c3cnccn3)cc1C21N=C(N)N(C)C1=O,29.6,nM,7.53
CHEMBL3040557,CN1C(=O)C[C@@](C)(CCc2cccc(-c3ccccc3)c2)N=C1N,1600.0,nM,5.8
CHEMBL3937658,Cc1cccc(C2CC(c3ccccc3)CCN2C(=O)C2CNC[C@]23CCCc2nc(Cl)ccc23)c1,450.0,nM,6.35
CHEMBL3650177,Cn1cc([C@H]2C[C@H]3CSC(N)=N[C@@]3(c3ccc(F)cc3F)CO2)ccc1=O,119.0,nM,6.92
CHEMBL3650183,NC1=N[C@@]2(c3ccc(F)cc3F)CO[C@@H](c3nc4cnccc4o3)C[C@H]2CS1,240.0,nM,6.62
CHEMBL3650169,NC1=N[C@@]2(c3ccc(F)cc3F)CO[C@@H](c3cncnc3)C[C@H]2CS1,1550.0,nM,5.81
CHEMBL3650174,NC1=N[C@@]2(c3ccc(F)cc3F)CO[C@@H](c3cncc(F)c3)C[C@H]2CS1,37.9,nM,7.42
CHEMBL3672432,COc1ccc(/C=C/C(=O)CC(=O)/C=C/c2cccc(Oc3ccccc3)c2)cc1O,2600.0,nM,5.58
CHEMBL3672443,O=C(/C=C/c1ccc(O)cc1)CC(=O)/C=C/c1cccc2cccnc12,2000.0,nM,5.7
CHEMBL3672447,COc1ccc(O)cc1/C=C/C(=O)CC(=O)/C=C/c1cc(O)ccc1OC,1600.0,nM,5.8
CHEMBL3677226,O=C(/C=C/c1ccc(O)cc1)CC(=O)/C=C/c1cc(OCc2ccccc2)ccc1[N+](=O)[O-],740.0,nM,6.13
CHEMBL5281134,Nc1nc(-c2cccc(OCc3ccccc3)c2)cc(-c2ccc(Cl)cc2Cl)n1,6920.0,nM,5.16
CHEMBL3944387,COC1CCC2(CC1)Cc1ccc(CCC(F)(F)F)cc1C21N=C(N)N(C)C1=O,11.6,nM,7.94
CHEMBL3926386,COC1CCC2(CC1)Cc1ccc(C(O)C(F)(F)F)cc1C21N=C(N)N(C)C1=O,2226.0,nM,5.65
CHEMBL5945993,COC1CCC2(CC1)Cc1ccc(Br)cc1C21NC(=S)N(C(C)C)C1=O,104.0,nM,6.98
CHEMBL3895635,COc1cc(F)c2c(c1)C1(CCOC(N)=N1)c1cc(NC(=O)c3cnc(OC)cn3)ccc1O2,95.3,nM,7.02
CHEMBL5854409,COC1CCC2(CC1)Cc1ccc(-c3ccn(C4CC4)c(=S)c3)cc1C21NC(=S)N(C)C1=O,188.0,nM,6.73
CHEMBL5865766,COC1CCC2(CC1)Cc1ccc(-c3cnn(C)c(=S)c3)cc1C21NC(=S)N(C)C1=O,32.3,nM,7.49
CHEMBL6043055,CCCCSC1=NC2(C(=O)N1CCCC)c1cc(C#CC3CC3)ccc1CC21CCC(OC)CC1,7.1,nM,8.15
CHEMBL6014860,CN1C(=O)C2(NC1=S)c1cc(OCC3CC3)ccc1OC21CCc2ccccc2CC1,4.1,nM,8.39
CHEMBL5966607,C#Cc1cccc(-c2ccc3c(c2)C2(N=C(N)N(C)C2=O)C2(CCN(C(C)=O)CC2)O3)c1,1949.0,nM,5.71
CHEMBL5911768,N#Cc1cccc(-c2ccc3c(c2)C(=O)C2(CC=C(OS(=O)(=O)C(F)(F)F)CC2)C3)c1,3703.0,nM,5.43
CHEMBL5271939,COc1nc(N)nc(Nc2ccccc2)c1/N=C/Cc1c(Cl)cccc1Cl,12000.0,nM,4.92
CHEMBL5287890,Cc1cc2c(c(C)c1CCO[C@@H]1O[C@H](CO)[C@@H](O)[C@H](O)[C@H]1O)C(=O)[C@@H](C)[C@H]2O,28900.0,nM,4.54
CHEMBL5268805,O=c1c(/C=N/Nc2ccc(C(F)(F)F)cc2)coc2cc3oc(-c4cccc(Cl)c4)cc3cc12,32800.0,nM,4.48
CHEMBL2158260,CC(=O)N[C@@H](Cc1ccccc1)C(=O)CN[C@H]1CC(C)(C)Cc2nn(CC(C)C)cc21,290.0,nM,6.54
CHEMBL5879182,CCc1cc(Cl)cnc1C(=O)Nc1ccc(F)c([C@]2(C)CS(=O)(=O)C(C)(C)C(N)=N2)c1,1.81,nM,8.74
CHEMBL5963655,CNC(=O)[C@]12C[C@H]1[C@@](C)(c1cc(/C=C(\F)c3ccc(C(F)(F)F)cn3)ccc1F)N=C(N)S2,15.0,nM,7.82
CHEMBL5804713,C[C@@]1(c2cc(NC(=O)c3ccc(F)cn3)cc(F)c2F)Cn2nncc2C(N)=N1,4.37,nM,8.36
CHEMBL5918944,C=CCOc1cnc(/C(F)=C/c2ccc(F)c([C@@]3(C)N=C(N)[C@@]4(CF)CC[C@@H]3S4(=O)=O)c2)cn1,48.0,nM,7.32
CHEMBL5901059,Cc1nnc(COc2cnc(/C(F)=C/c3cc(F)c(F)c([C@]4(C)CS(=O)(=O)N(C)C(N)=N4)c3)cn2)o1,35.0,nM,7.46
CHEMBL5784565,C[C@@H]1COc2nc(/C(F)=C/c3ccc(F)c([C@]4(C)CS(=O)(=O)N(C)C(N)=N4)c3)ncc2O1,128.0,nM,6.89
CHEMBL5881733,Cc1nc(COc2cnc(/C(F)=C/c3cc(F)c(F)c([C@]4(C)CS(=O)(=O)N(C)C(N)=N4)c3)cn2)c(C)o1,42.0,nM,7.38
CHEMBL5739806,CC1(C)C(N)=N[C@](C)(c2cc(/C=C(\F)c3cc4c(cn3)OCCO4)ccc2F)[C@@H](F)S1(=O)=O,5940.0,nM,5.23
CHEMBL5814717,O=C(NC1=N[C@@](c2cc(/C=C(\F)c3ccc(Br)cn3)ccc2F)(C(F)F)[C@H]2C[C@H]2O1)c1ccccc1,948.0,nM,6.02
CHEMBL5831784,CN1C(N)=N[C@](C)(c2cc(/C=C(\F)c3cnc(OCc4ncco4)cn3)ccc2F)CS1(=O)=O,1.0,nM,9.0
CHEMBL5973884,C[C@]1(c2cc(/C=C(\F)c3cnc(OCC4CC4)cn3)ccc2F)N=C(N)[C@@]2(CF)CC[C@@H]1S2(=O)=O,35.0,nM,7.46
CHEMBL6065570,C[C@]1(c2cc(/C=C(\F)c3cnc(OCC4CCC4)cn3)ccc2F)N=C(N)[C@@]2(CF)CC[C@@H]1S2(=O)=O,38.0,nM,7.42
CHEMBL4566555,Cc1ccc(/C=N/C2CCN(Cc3ccccc3)CC2)cc1,19000.0,nM,4.72
CHEMBL4443013,Oc1ccc(CNC2CCN(Cc3ccccc3)CC2)c(O)c1,5900.0,nM,5.23
CHEMBL4458653,Cc1cccc(CNC2CCN(Cc3ccccc3)CC2)c1,2600.0,nM,5.58
CHEMBL4583534,FC(F)(F)c1ccc(CNC2CCN(Cc3ccccc3)CC2)cc1,220.0,nM,6.66
CHEMBL5794570,CN1C(N)=N[C@](C)(c2cc(/C=C(\F)c3cc(C#N)c(Cl)cn3)ccc2F)CS1(=O)=O,84.0,nM,7.08
CHEMBL5866211,CC1(C)C(N)=N[C@](C)(c2cc(/C=C(\F)c3cnc(OCc4ccncc4)cn3)ccc2F)CS1(=O)=O,2230.0,nM,5.65
CHEMBL5998061,C#C[C@@H](CC)Oc1cnc(/C(F)=C/c2ccc(F)c([C@]3(C)CS(=O)(=O)C(C)(C)C(N)=N3)c2)cn1,208.0,nM,6.68
CHEMBL6017112,C[C@H]1C[C@H]2COC(N)=N[C@@]2(c2nc(NC(=O)c3ccc(OC(F)F)cn3)cs2)CO1,214.0,nM,6.67
CHEMBL6046679,Cc1cc(OC(F)F)cnc1C(=O)Nc1csc([C@]23CO[C@@H](C)C[C@H]2CCOC(N)=N3)n1,71.0,nM,7.15
CHEMBL5815170,C[C@]1(c2cc(/C=C(\F)c3cnc(OCCF)cn3)ccc2F)N=C(N)[C@@]2(CF)CC[C@@H]1S2(=O)=O,131.0,nM,6.88
CHEMBL5179569,CC(C)C[C@H](NC(=O)C[C@H](O)[C@H](Cc1ccccc1)NC(=O)[C@H](CCC(N)=O)N(C)C(=O)[C@@H](NC(=O)OCc1ccccc1)C(C)C)C(=O)N[C@@H](C)C(=O)N(C)[C@H](Cc1ccccc1)C(=O)N1CCC[C@H]1C(=O)O,179.0,nM,6.75
CHEMBL5180053,CN(C)S(=O)(=O)[C@]1(C)CC[C@@](CF)(c2cc(-c3ccc(F)cn3)ccc2F)N=C1N,4.0,nM,8.4
CHEMBL5193623,C[C@@]1(c2nc(-c3ccc(F)cn3)cs2)CC[C@@](C)(S(C)(=O)=O)C(N)=N1,25.0,nM,7.6
CHEMBL5195193,C[C@@]1(c2cc(-c3cnc(OCF)cn3)ccc2F)CCC(F)(F)C(N)=N1,12.0,nM,7.92
CHEMBL6019890,COC1CCC2(CC1)Cc1ccc(Br)cc1C21N=C(SCC(F)(F)F)N(CC(F)(F)F)C1=O,19.5,nM,7.71
CHEMBL5945535,COC1CCC2(CC1)Cc1ccc(OCC3CC3)cc1C21N=C(N)N(CCC(F)(F)F)C1=O,10.0,nM,8.0
CHEMBL6041127,CCSC1=NC2(C(=O)N1CC)c1cc(C#CC3CC3)ccc1CC21CCC(OC)CC1,15.6,nM,7.81
CHEMBL6034849,COc1ncc(NC(=O)c2ccc(Cl)cn2)cc1[C@]1(C)CS(=O)(=O)C(C)(C)C(N)=N1,22.5,nM,7.65
CHEMBL6007891,COc1cnc2c(Nc3ccc(F)c([C@]4(C)CS(=O)(=O)[C@@](C)(F)C(N)=N4)c3)nccc2n1,3.3,nM,8.48
CHEMBL6054520,CC1(C)C(N)=N[C@](C)(c2cc(NC(=O)c3ccc(C(F)F)cn3)ccc2F)CS1(=O)=O,2.7,nM,8.57
CHEMBL5909032,CN(C)C(=O)/C=C/[C@]12C[C@H]1[C@@](CF)(c1cc(C#Cc3ccc(C#N)cn3)ccc1F)N=C(N)S2,25.0,nM,7.6
CHEMBL5844898,N#Cc1ccc(C#Cc2ccc(F)c([C@@]3(CF)N=C(N)S[C@@]4(CC(N)=O)C[C@H]43)c2)nc1,116.0,nM,6.94
CHEMBL6025437,C[C@H]1C[C@H]2[C@@H](CF)OC(N)=N[C@@]2(c2nc(NC(=O)c3ccc(OC(F)F)cn3)cs2)CO1,270.0,nM,6.57
CHEMBL5895443,NC1=N[C@@]2(c3nc(NC(=O)c4ccc(OC(F)F)cn4)cs3)COC3(CCC3)C[C@H]2CO1,860.0,nM,6.07
CHEMBL5993263,NC1=N[C@@]2(c3nc(NC(=O)c4ncc(OC(F)F)cc4Cl)cs3)COC3(CCC3)C[C@H]2CO1,561.0,nM,6.25
CHEMBL5938817,CC1(C)C(N)=N[C@](C)(c2cc(Nc3nccc4cc(Cl)cnc34)ccc2F)CS1(=O)=O,0.59,nM,9.23
CHEMBL5755470,CC1(C)C(N)=N[C@](C)(c2cc(/C=C(\F)c3cc4c(cn3)OCCO4)ccc2F)C(F)(F)S1(=O)=O,3135.0,nM,5.5
CHEMBL6032385,C#C[C@]1(c2cc(NC(=O)c3cnc(OCF)cn3)ccc2F)N=C(N)O[C@@H]2COC[C@@H]21,13.6,nM,7.87
CHEMBL6025388,CC1(C)C(N)=N[C@](C)(c2cc(Oc3ccc(C#N)cc3)ccc2F)CS1(=O)=O,1800.0,nM,5.75
CHEMBL5969067,CC1(C)C(N)=N[C@](C)(c2cc(Oc3ccccn3)ccc2F)CS1(=O)=O,119.0,nM,6.92
CHEMBL396338,C[C@H]1C[C@@H]1CNc1cc(C(=O)N[C@H](CO)Cc2cc(F)cc(F)c2)cc(N(C)S(C)(=O)=O)n1,74.0,nM,7.13
CHEMBL247595,CCCC[C@H](O)[C@H](Cc1cc(F)cc(F)c1)NC(=O)c1cc(NCC2CC2C)nc(N(C)S(C)(=O)=O)c1,13.0,nM,7.89
CHEMBL5184970,COC(=O)[C@@H]1CCCN1C(=O)[C@@H](Cc1ccc(OC(C)(C)C)cc1)N(C)C(=O)[C@H](C)NC(=O)[C@H](CC(C)C)NC(=O)C[C@H](O)[C@H](Cc1ccccc1)NC(=O)[C@H](CCC(N)=O)N(C)C(=O)[C@@H](NC(=O)OCc1ccccc1)C(C)C,1348.0,nM,5.87
CHEMBL5990503,NC1=N[C@@](c2cc(N[C@H]3CCc4cc(Br)ccc43)ccc2F)(C(F)F)[C@H]2C[C@H]2O1,315.0,nM,6.5
CHEMBL6009053,COc1cnc2c(Nc3ccc(F)c([C@]4(C)CS(=O)(=O)[C@@](C)(F)C(N)=N4)c3)nccc2c1,13.7,nM,7.86
CHEMBL5411905,CN(CCOCCN1c2ccccc2Sc2ccccc21)C(CCN)C(=O)NCc1ccc(F)cc1,5350.0,nM,5.27
CHEMBL1270164,CC(=O)N[C@@H](Cc1cc(F)cc(F)c1)[C@H](O)CNC1(c2cccc(C3CCOC3)c2)CC1,760.0,nM,6.12
CHEMBL5944580,CN1C(=O)C2(NC1=S)c1cc(OCC3CC3)ccc1CC21CCc2ccccc2CC1,9.7,nM,8.01
CHEMBL5955567,C[C@]1(c2cc(/C=C(\F)c3ccc(C#N)cn3)ccc2F)N=C(N)S[C@@]2(C(=O)N3CCNC(=O)CC3)C[C@H]21,1.78,nM,8.75
CHEMBL6010325,C#CCOc1cnc(/C(F)=C/c2ccc(F)c([C@]3(C)CS(=O)(=O)C4(CCC4)C(N)=N3)c2)cn1,3.0,nM,8.52
CHEMBL5792097,CC#CCOc1cnc(/C(F)=C/c2ccc(F)c([C@]3(C)CS(=O)(=O)C(C)(C)C(N)=N3)c2)cn1,1.0,nM,9.0
CHEMBL5945710,CC1(C)C(N)=N[C@](C)(c2cc(/C=C(\F)c3cnc(OCCn4cc(Br)cn4)cn3)ccc2F)CS1(=O)=O,181.0,nM,6.74
CHEMBL5785877,CN1C(N)=N[C@](C)(c2cc(/C=C(\F)c3cnc(Cl)cn3)cc(F)c2F)CS1(=O)=O,2.0,nM,8.7
CHEMBL5914524,C[C@@]1(c2cc(/C=C(\F)c3ccc(Cl)cn3)ccc2F)CS(=O)(=O)C2(CCC2)C(N)=N1,472.0,nM,6.33
CHEMBL6046243,CN1C(N)=N[C@](C)(c2cc(/C=C(\F)c3ccc(Br)cn3)cc(F)c2F)CS1(=O)=O,12.0,nM,7.92
CHEMBL1791013,CC[C@H](C)[C@H](NC(C)=O)C(=O)N[C@@H](C)C(=O)N[C@@H](CC(C)C)[C@@H](O)CC(=O)N[C@@H](Cc1ccccc1)C(=O)NCc1cccc(C(=O)O)c1,250.0,nM,6.6
CHEMBL5805109,CC1(C)C(N)=N[C@](C)(c2cc(NC(=O)c3ccc(Cl)cc3F)ccc2F)CS1(=O)=O,12.3,nM,7.91
CHEMBL4556276,COC(=O)[C@@H]1C[C@H](NC(=O)[C@@H](NC(=O)C[C@H](O)[C@H](Cc2cc(F)cc(F)c2)NC(=O)C(O)c2ccccc2-c2ccccc2)C(C)C)C[C@H](C(=O)OC)C1,120.0,nM,6.92
CHEMBL5969328,COc1cnc2c(Nc3ccc(F)c([C@@]4(C)N=C(N)C(C)(C)S(=O)(=O)[C@@H]4F)c3)nccc2c1,9.9,nM,8.0
CHEMBL5909890,C[C@]1(c2cc(/C=C(\F)c3ccc(C#N)cn3)ccc2F)N=C(N)S[C@@]2(C(=O)N3C4CCC3COC4)C[C@H]21,1.6,nM,8.8
CHEMBL5818266,C[C@]1(c2cc(/C=C(\F)c3ccc(C#N)cn3)ccc2F)N=C(N)S[C@@]2(C(=O)N3CCOCC34CCC4)C[C@H]21,1.3,nM,8.89
CHEMBL6150674,Nc1ccccc1C(=O)/C=C/c1ccc(Cl)nc1,8340.0,nM,5.08
CHEMBL5817031,COC1CCC2(CC1)Cc1ccc(CCC3CC3)cc1C21N=C(SCc2cscn2)N(Cc2cscn2)C1=O,8.8,nM,8.06
CHEMBL5927190,COc1ccc2c(c1)C1(NC(=S)N(C)C1=O)C1(CCc3ccccc3CC1)C2,46.8,nM,7.33
CHEMBL5802524,Cc1noc2c1CC1(CC2)Cc2ccc(-c3cc(F)cc(Cl)c3)cc2C12N=C(N)N(C)O2,6.2,nM,8.21
CHEMBL6031634,CN1OC2(N=C1N)c1cc(-c3cccc(C#N)c3)ccc1CC21CCCc2cnncc2C1,1351.0,nM,5.87
CHEMBL5875364,Cc1cc(C#Cc2ccc(F)c([C@@]3(CF)N=C(N)S[C@@]4(/C=C/C(=O)N5CCOCC5)C[C@H]43)c2)sn1,6.0,nM,8.22
CHEMBL5997909,C[C@H]1CCN1C(=O)[C@]12C[C@H]1[C@@](C)(c1cc(/C=C(\F)c3ccc(Cl)cn3)ccc1F)N=C(N)S2,3.4,nM,8.47
CHEMBL6010814,C[C@@H]1CCN1C(=O)[C@]12C[C@H]1[C@@](C)(c1cc(/C=C(\F)c3ccc(Cl)cn3)ccc1F)N=C(N)S2,2.75,nM,8.56
CHEMBL5951128,CN(C)[C@@H]1CCN(C(=O)[C@]23C[C@H]2[C@@](C)(c2cc(/C=C(\F)c4ccc(C#N)cn4)ccc2F)N=C(N)S3)C1,20.7,nM,7.68
CHEMBL5934284,C#CCOc1ccc(C#Cc2ccc(F)c([C@@]3(C)N=C(N)S[C@@]4(C(=O)N(C)C)C[C@H]43)c2)nc1,161.0,nM,6.79
CHEMBL5754004,Cn1c(-n2nc(Nc3ccc(OCCN4CCCC4)cc3)nc2N)nc2ccccc21,3840.0,nM,5.42
CHEMBL5968300,CO[C@H]1CC[C@]2(CC1)Oc1ccc(-c3cc(F)cc(C#N)c3)cc1C21C=C(F)C(N)=N1,71.0,nM,7.15
CHEMBL5814799,CC1(C)COc2ccc(-c3cncc(F)c3)cc2C12C=C(F)C(N)=N2,770.0,nM,6.11
CHEMBL5771630,CC1CCCN1CCOc1ccc(Nc2nc(N)n(-c3cnc4ccccc4n3)n2)cc1,5040.0,nM,5.3
CHEMBL3924861,CC1=N[C@@]2(C[C@@H]([C@H]3CCCOC3)Oc3ccc(-c4cccc(Cl)c4)cc32)N=C1N,2570.0,nM,5.59
CHEMBL5803416,CC#Cc1cnc(/C(F)=C/c2ccc(F)c([C@@]3(C)N=C(N)S[C@@]4(C(=O)NC)C[C@H]43)c2)cn1,12.5,nM,7.9
CHEMBL5832115,C[C@]1(c2cc(/C=C(\F)c3ccc(Br)cn3)ccc2F)N=C(N)[C@]2(CF)CC[C@@H]1S2(=O)=O,79.0,nM,7.1
CHEMBL5915228,C[C@]1(c2cc(/C=C(\F)c3ccc(C#N)cn3)ccc2F)N=C(N)S[C@@]2(C(=O)N3CC[C@@H]4CCCC[C@H]4C3)C[C@H]21,0.527,nM,9.28
CHEMBL5924314,CC1(C)C(N)=N[C@](C)(c2cc(/C=C(\F)c3cnc(OCC4CC4)cn3)ccc2F)CS1(=O)=O,69.0,nM,7.16
CHEMBL5960361,CC1(C)C(N)=N[C@](C)(c2cc(/C=C(\F)c3cnc(Oc4ccccc4)cn3)ccc2F)CS1(=O)=O,349.0,nM,6.46
CHEMBL5932163,Cc1cc(C#N)cnc1C#Cc1ccc(F)c([C@@]2(C)N=C(N)S[C@@]3(C#N)C[C@H]32)c1,21.0,nM,7.68
CHEMBL5885636,Cc1cc(C#N)cnc1C#Cc1ccc(F)c([C@@]2(CF)N=C(N)S[C@@]3(C(=O)N(C)C)C[C@H]32)c1,2.0,nM,8.7
CHEMBL5198665,Cc1cc(C#N)cnc1C(=O)Nc1ccc(F)c([C@]2(C)CS(=O)(=O)[C@@](C)(C(F)F)C(=N)N2)n1,3.0,nM,8.52
CHEMBL5195553,Cc1cc(C#N)cnc1C(=O)Nc1ccc(F)c([C@]2(C)CS(=O)(=O)[C@](C)(C(F)F)C(=N)N2)n1,11.0,nM,7.96
CHEMBL5940860,C#CCOc1cnc(/C(F)=C/c2cc(F)c(F)c([C@]3(C)CS(=O)(=O)C(C)(C)C(N)=N3)c2)cn1,9.0,nM,8.05
CHEMBL5200940,NC1=NC(c2ccc(F)cc2)CC(=O)N1,18030.0,nM,4.74
CHEMBL5893528,Cc1cc(C2(c3cccc(-c4cncc(F)c4)c3)N=C(N)N(C)C2=O)ccc1OC(F)F,18.0,nM,7.75
CHEMBL5792168,CN(C)C(=O)[C@]12C[C@H]1[C@@](C)(c1cc(/C=C(\F)c3ccc(C#N)s3)ccc1F)N=C(N)S2,11.0,nM,7.96
CHEMBL136868,CCC[C@H](NC(C)=O)C(=O)N[C@@H](C)C(=O)N[C@@H](CC(C)C)[C@@H](O)CC(=O)N[C@H](C(=O)NCc1cccc(C(=O)O)c1)C(C)C,830.0,nM,6.08
CHEMBL6031670,CN1C(N)=N[C@](C)(c2cc(/C=C(\F)c3cc(=O)c(Cl)c[nH]3)ccc2F)CS1(=O)=O,3110.0,nM,5.51
CHEMBL5758413,C[C@H]1CN(C(=O)[C@]23C[C@H]2[C@@](C)(c2cc(/C=C(\F)c4ccc(C#N)cn4)ccc2F)N=C(N)S3)CCO1,3.5,nM,8.46
CHEMBL5999961,CC(C)[C@@H]1COCCN1C(=O)[C@]12C[C@H]1[C@@](C)(c1cc(/C=C(\F)c3ccc(C#N)cn3)ccc1F)N=C(N)S2,2.1,nM,8.68
CHEMBL5923488,C[C@]1(c2cc(/C=C(\F)c3ccc(C#N)cn3)ccc2F)N=C(N)S[C@@]2(C(=O)N3CCC(F)CC3)C[C@H]21,1.6,nM,8.8
CHEMBL4459963,COc1ncc(C(=O)NC2CC2)c2c1C[C@]1(c3ccc(F)cc3F)N=C(N)SC[C@@H]1C2,9.6,nM,8.02
CHEMBL6020721,C[C@]1(c2cc(/C=C(\F)c3ccc(C#N)cn3)ccc2F)N=C(N)S[C@@]2(C(N)=O)C[C@H]21,3.0,nM,8.52
CHEMBL5901978,CN(C)C(=O)[C@]12C[C@H]1[C@@](C)(c1cc(/C=C(\F)c3cn4cc(C#N)ccc4n3)ccc1F)N=C(N)S2,171.0,nM,6.77
CHEMBL5912989,CN(C)C(=O)[C@]12C[C@H]1[C@@](C)(c1cc(/C=C(\F)c3cc4nccnc4cn3)ccc1F)N=C(N)S2,293.0,nM,6.53
CHEMBL5986138,CN(C)C(=O)[C@]12C[C@H]1[C@@](C)(c1cc(/C=C(\F)c3ccc(C#N)cc3F)ccc1F)N=C(N)S2,32.7,nM,7.49
CHEMBL5759007,CN(C)C(=O)[C@]12C[C@H]1[C@@](C)(c1cc(/C=C(\F)c3cnc(C#N)nc3)ccc1F)N=C(N)S2,150.0,nM,6.82
CHEMBL5900221,CN(C)C(=O)[C@]12C[C@H]1[C@@](C)(c1cc(/C=C(\F)c3cnc(OCC4CC4(F)F)cn3)ccc1F)N=C(N)S2,37.0,nM,7.43
CHEMBL5194897,C[C@]1(CF)C(=N)N[C@](C)(c2nc(NC(=O)c3ccc(C#N)cn3)ccc2F)CS1(=O)=O,3.0,nM,8.52
CHEMBL3890516,COC1CCC2(CC1)Cc1ccc(OCC3CC3)cc1C21N=C(N)N(C(C)C)C1=O,16.7,nM,7.78
CHEMBL4106679,COC1CCC2(CC1)Cc1ccc(OCC3CC3)cc1[C@]21N=C(N)N(C(C)C)C1=O,23.5,nM,7.63
CHEMBL3936780,COC1CCC2(CC1)Cc1ccc(OC3CC3)cc1C21N=C(N)N(C)C1=O,29.3,nM,7.53
CHEMBL5813046,CC#Cc1cncc(-c2ccc3c(c2)C2(N=C(C)C(N)=N2)[C@]2(CC[C@@H](OC)CC2)C3)c1,0.57,nM,9.24
CHEMBL5869894,COC(=O)[C@]12C[C@H]1[C@@](C)(c1cc(/C=C(\F)c3cnc(Cl)cn3)ccc1F)N=C(N)S2,35.2,nM,7.45
CHEMBL6059227,CC(Oc1cnc(/C(F)=C/c2ccc(F)c([C@@]3(C)N=C(N)S[C@@]4(C(=O)N(C)C)C[C@H]43)c2)cn1)c1ncco1,42.4,nM,7.37
CHEMBL5762501,Cc1cc(C(F)(F)F)cnc1C(=O)Nc1ccc(F)c([C@@]2(CF)N=C(N)O[C@@H]3C[C@@H](C)OC[C@@H]32)c1,16.6,nM,7.78
CHEMBL5800358,NC1=N[C@](CF)(c2cc(NC(=O)c3ncc(C(F)(F)F)cc3Cl)ccc2F)[C@H]2COCC[C@H]2O1,20.0,nM,7.7
CHEMBL5863499,C#CCOc1cnc(/C(F)=C/c2ccc(F)c([C@@]34CN(c5ncc(F)cn5)C[C@@H]3CSC(N)=N4)c2)cn1,0.149,nM,9.83
CHEMBL6010169,Cc1noc(COc2cnc(/C(F)=C/c3ccc(F)c([C@@]45CN(c6ncc(F)cn6)C[C@@H]4CSC(N)=N5)c3)cn2)n1,1.56,nM,8.81
CHEMBL5833942,C[C@]1(c2cc(/C=C(\F)c3cnc(N4CCOC4=O)cn3)ccc2F)N=C(N)S[C@@]2(C(=O)N3CCOCC3)C[C@H]21,1400.0,nM,5.85
CHEMBL5851420,C[C@]1(c2cc(/C=C(\F)c3ccc(C#CC4CC4)cn3)ccc2F)N=C(N)S[C@@]2(C(=O)N3CCOCC3)C[C@H]21,15.0,nM,7.82
CHEMBL143239,CC(C)[C@H](NC(=O)C[C@H](O)[C@H](Cc1cc(F)cc(F)c1)NC(=O)C(O)c1ccccc1-c1ccccc1)C(=O)Nc1cc(C(=O)O)cc(C(=O)O)c1,20.0,nM,7.7
CHEMBL5080033,COCCOc1cnc(C(=O)Nc2ccc(F)c([C@]3(C)CO[C@@](C)(C(F)(F)F)C(N)=N3)n2)c(N)n1,71.0,nM,7.15
CHEMBL5073381,COc1cnc(C(=O)Nc2ccc(F)c([C@]3(C)Cn4c(C#N)cnc4C(N)=N3)c2)cn1,5.5,nM,8.26
CHEMBL5826565,C[C@@]1(c2cccc(NC(=O)c3ccc(Cl)cn3)n2)CO[C@@](C)(C(F)(F)F)C(N)=N1,31.0,nM,7.51
CHEMBL5813321,COCCN1CCc2nc(C(=O)Nc3ccc(F)c([C@]4(C)CO[C@@](C)(C(F)(F)F)C(N)=N4)n3)c(Cl)cc21,7300.0,nM,5.14
CHEMBL5955979,C[C@H]1C[C@H]2CSC(N)=N[C@@]2(c2nc(NC(=O)c3cnn(C)c3)cs2)CO1,3940.0,nM,5.41
CHEMBL5828029,CC(C)N1C(=O)NC2(C1=O)c1cc(Br)ccc1C[C@]21CC[C@@H](OC(F)F)CC1,151.0,nM,6.82
CHEMBL5885068,CC(C)N1C(=O)NC2(C1=O)c1cc(B3OC(C)(C)C(C)(C)O3)ccc1CC21CCC(OC(F)F)CC1,15.7,nM,7.8
CHEMBL6016346,COc1cnc(/C(F)=C/c2ccc(F)c([C@@]3(C)N=C(N)[C@@]4(CF)CC[C@@H]3S4(=O)=O)c2)cn1,191.0,nM,6.72
CHEMBL5957521,C#CCOc1cnc(/C(F)=C/c2ccc(F)c([C@@]3(C)N=C(N)N(C)S(=O)(=O)C34CC4)c2)cn1,78.0,nM,7.11
CHEMBL5846923,C[C@H]1C[C@H]2CSC(N)=N[C@@]2(c2nc(NC(=O)c3ncccn3)cs2)CO1,1080.0,nM,5.97
CHEMBL5926164,C[C@H]1C[C@H]2CSC(N)=N[C@@]2(c2nc(NC(=O)c3ccnn3C3CC3)cs2)CO1,4240.0,nM,5.37
CHEMBL6056391,Cc1cc(C(=O)Nc2csc([C@]34CO[C@@H](C)C[C@H]3CSC(N)=N4)n2)no1,2620.0,nM,5.58
CHEMBL4091169,Clc1ccc(CNC2CCN(Cc3ccccc3)CC2)c(Cl)c1,3000.0,nM,5.52
CHEMBL4548789,c1ccc(CN2CCC(NCCN3CCC(C(c4ccccc4)c4ccccc4)CC3)C2)cc1,49800.0,nM,4.3
CHEMBL124380,CCCN(CCC)C(=O)c1cc(C(=O)N[C@@H](Cc2ccccc2)[C@H](O)CNCc2cccc(OC)c2)cc(C(=O)N(CCC)CCC)c1,250.0,nM,6.6
CHEMBL4467620,Oc1ccccc1/C=N/C1CCN(Cc2ccccc2)CC1,2700.0,nM,5.57
CHEMBL4568264,Clc1ccc(/C=N/C2CCN(Cc3ccccc3)CC2)c(Cl)c1,3900.0,nM,5.41
CHEMBL4568615,Fc1ccc(/C=N/C2CCN(Cc3ccccc3)CC2)c(F)c1,3500.0,nM,5.46
CHEMBL5196827,O=C(CCN1CCN(Cc2ccccc2)CC1)Nc1ccc2nc3n(c(=O)c2c1)CCC3,129.0,nM,6.89
CHEMBL2408757,CC(=O)N[C@@H](Cc1cc(F)cc(F)c1)[C@H](O)CN[C@H]1CC(C)(C)Oc2ccc(CC(C)(C)C#N)cc21,6.0,nM,8.22
CHEMBL5878517,C[C@@]1(c2cc(/C=C(\F)c3ccc(Cl)cn3)ccc2F)CO[C@@](C)(C(F)(F)F)C(N)=N1,65.0,nM,7.19
CHEMBL6017049,C[C@]1(c2nc(/C=C(\F)c3ccc(C#N)cn3)ccc2F)N=C(N)COC1(F)F,1050.0,nM,5.98
CHEMBL5981001,CC1(C)C(N)=N[C@@]2(c3cc(/C=C(\F)c4ccc(C#N)cn4)ccc3F)CO[C@H]2S1(=O)=O,34.0,nM,7.47
CHEMBL5898968,COC[C@]12C[C@H]1[C@@](C)(c1cc(/C=C(\F)c3cnc(OCC4CC(F)(F)C4)cn3)ccc1F)N=C(N)S2,2280.0,nM,5.64
CHEMBL5894449,C#CCOc1cnc(/C(F)=C/c2ccc(F)c([C@@]3(C)N=C(N)S[C@@]4(C(=O)N5CCOCC5)C[C@H]43)c2)cn1,0.4,nM,9.4
CHEMBL5858109,CN1C(N)=N[C@](C)(c2cc(/C=C(\F)c3cc(F)c(C#N)cn3)ccc2F)CS1(=O)=O,341.0,nM,6.47
CHEMBL6035751,CN1C(N)=N[C@](C)(c2cc(/C=C(\F)c3ccc(C(F)(F)F)cn3)ccc2F)CS1(=O)=O,8.0,nM,8.1
CHEMBL6055522,C[C@]1(c2cc(/C=C(\F)c3cnc(C#N)cn3)ccc2F)N=C(N)S[C@]2(CO)[C@H]1C2(F)F,7.5,nM,8.12
CHEMBL6051492,CC(C)(O)[C@@]12SC(N)=N[C@](C)(c3cc(/C=C(\F)c4ccc(C#N)cn4)ccc3F)[C@@H]1C2(F)F,17.2,nM,7.76
CHEMBL5775734,C[C@@H]1CN=C([C@]23C[C@H]2[C@@](C)(c2cc(/C=C(\F)c4ccc(C#N)cn4)ccc2F)N=C(N)S3)O1,82.6,nM,7.08
CHEMBL5898060,CC1(C)COCCN1C(=O)[C@]12C[C@H]1[C@@](C)(c1cc(/C=C(\F)c3ccc(C#N)cn3)ccc1F)N=C(N)S2,2.3,nM,8.64
CHEMBL5768167,CN(C)C(=O)[C@]12C[C@H]1[C@@](C)(c1cc(/C=C(\F)c3ncc(C#N)cn3)ccc1F)N=C(N)S2,4.32,nM,8.37
CHEMBL5997899,CC1(C)C(N)=N[C@](C)(c2cc(/C=C(\F)c3ccc(Cl)cn3)ccc2F)CS1(=O)=O,80.0,nM,7.1
CHEMBL5971041,CNC1=NC(c2ccccc2C)NC(=O)N1,50310.0,nM,4.3
CHEMBL1917904,CCC(C)[C@@]1(NC(C)=O)CCN([C@@H](CCc2ccccc2)C(=O)N[C@@H](Cc2cc(F)cc(F)c2)[C@H](O)[C@@H]2Cc3ccccc3CN2)C1=O,600.0,nM,6.22
CHEMBL1917908,CCC(C)[C@@]1(NC(C)=O)CCN([C@@H](CCc2ccccc2)C(=O)N[C@@H](Cc2cc(F)cc(F)c2)[C@H](O)[C@@H]2Cc3cccc(OC)c3CN2)C1=O,140.0,nM,6.85
CHEMBL6022062,CC#CCOc1cnc(/C(F)=C/c2ccc(F)c([C@@]3(C)N=C(N)[C@@]4(CF)CC[C@@H]3S4(=O)=O)c2)cn1,1.0,nM,9.0
CHEMBL5893957,C[C@]1(c2cc(/C=C(\F)c3ccc(Cl)cn3)ccc2F)N=C(N)S[C@@]2(C(=O)N3CCC3)C[C@H]21,1.83,nM,8.74
CHEMBL6042497,C[C@]1(c2cc(/C=C(\F)c3ccc(Cl)cn3)ccc2F)N=C(N)S[C@@]2(CO)C[C@H]21,28.5,nM,7.54
CHEMBL5987772,CC1(C)C(N)=N[C@](C)(c2cc(/C=C(\F)c3cnc(OCC(F)(F)C(F)F)cn3)ccc2F)CS1(=O)=O,229.0,nM,6.64
CHEMBL5940054,C[C@]1(c2cc(/C=C(\F)c3ccc(C#N)cn3)ccc2F)N=C(N)S[C@@]2(C(=O)N3CC[C@H](F)C3)C[C@H]21,0.509,nM,9.29
CHEMBL5073160,C[C@@]1(c2cc(NC(=O)c3ncc(C#N)cc3Cl)ccc2F)CO[C@@](C)(C(F)(F)F)C(N)=N1,6.0,nM,8.22
CHEMBL5086270,Cc1cc(OC(F)F)cnc1C(=O)Nc1ccc(F)c([C@]2(C)CO[C@@](C)(C(F)(F)F)C(N)=N2)c1,14.0,nM,7.85
CHEMBL5822438,C[C@H]1C[C@H]2CSC(NC(=O)c3ccccc3)=N[C@@]2(c2nc(NC(=O)c3ccn(C(F)F)n3)cs2)CO1,9.0,nM,8.05
CHEMBL6051307,CC(C)n1cnc(C(=O)Nc2csc([C@]34CO[C@@H](C)C[C@H]3CSC(N)=N4)n2)c1,1830.0,nM,5.74
CHEMBL5921622,C[C@H]1C[C@H]2CSC(N)=N[C@@]2(c2nc(NC(=O)c3ccncn3)cs2)CO1,575.0,nM,6.24
CHEMBL5892864,CN(C)C(=O)[C@]12C[C@H]1[C@@](C)(c1cc(/C(F)=C/c3ccc(Cl)cn3)ccc1F)N=C(N)S2,132.0,nM,6.88
CHEMBL5559321,O=C(Cn1nc(-c2ccccc2)c(-c2ccccc2)nc1=O)Nc1ccc(Cl)cc1,1926.0,nM,5.71
CHEMBL5555737,COc1cc(NC(=O)Cn2nc(-c3ccccc3)c(-c3ccccc3)nc2=O)cc(OC)c1OC,648.0,nM,6.19
CHEMBL5746511,C[C@]1(F)C(N)=N[C@](C)(c2cc(Nc3ncc(F)c4cc(C#N)cnc34)ccc2F)CS1(=O)=O,0.8,nM,9.1
CHEMBL6029421,COCc1cccc(C2(c3ccc(OC(F)F)c(C)c3)N=C(N)N(C)C2=O)c1,300.0,nM,6.52
CHEMBL6064929,CNCCc1cccc(C2(c3ccc(OC(F)F)c(C)c3)N=C(N)N(C)C2=O)c1,1180.0,nM,5.93
CHEMBL5851665,C[C@]1(c2cc(/C=C(\F)c3cnc(C#C[Si](C)(C)C)cn3)ccc2F)N=C(N)S[C@@]2(C(=O)N3CCOCC3)C[C@H]21,3.0,nM,8.52
CHEMBL5853129,CNC(=O)[C@]12C[C@H]1[C@@](C)(c1cc(/C=C(\F)c3ccc(C#CC4(C)COC4)cn3)ccc1F)N=C(N)S2,150.0,nM,6.82
CHEMBL6008882,COC1CCC2(CC1)Oc1ccc(CCC3CC3)cc1C21NC(=S)N(C)C1=O,21.5,nM,7.67
CHEMBL5879965,COC1CCC2(CC1)Cc1ccc(C#CC3CC3)cc1C21N=C(SCc2nncn2C)N(Cc2nncn2C)C1=O,17.0,nM,7.77
CHEMBL6019250,CCCC#Cc1ccc(/C(F)=C/c2ccc(F)c([C@@]3(C)N=C(N)S[C@@]4(C(=O)NC)C[C@H]43)c2)nc1,58.0,nM,7.24
CHEMBL4871044,C/C(=C\Cc1c(O)cc(C)c(C(=O)O)c1O)CC/C=C(\C)CC[C@H](O)C(C)(C)O,34400.0,nM,4.46
CHEMBL5809271,N#Cc1ccc(C(=O)Nc2ccc(F)c([C@]3(CF)C[S@]4(=O)=NCCCCN4C(N)=N3)n2)nc1,96.0,nM,7.02
CHEMBL6006668,CC1(C)C(N)=N[C@](C)(c2cc(/C=C(\F)c3cnc(OCC(F)(F)F)cn3)ccc2F)CS1(=O)=O,134.0,nM,6.87
CHEMBL5170892,C[C@@]1(c2nc(NC(=O)c3ccc(C#N)cn3)ccc2F)CS(=O)(=O)[C@](C)(CF)C(=N)N1,7.0,nM,8.15
CHEMBL5899871,C[C@]1(c2cc(/C=C(\F)c3ccc(C#N)cn3)cnc2F)N=C(N)S[C@@]2(C(=O)N3CCOCC3)C[C@H]21,16.5,nM,7.78
CHEMBL5979845,COC[C@H](C)Oc1cnc(/C(F)=C/c2ccc(F)c([C@@]3(C)N=C(N)S[C@@]4(C(=O)N(C)C)C[C@H]43)c2)cn1,14.0,nM,7.85
CHEMBL4790308,C[C@]1(c2cc(/C=C(\F)c3ccc(C#N)cn3)ccc2F)N=C(N)S[C@@]2(C(=O)N3CCC3)C[C@H]21,1.36,nM,8.87
CHEMBL5784156,CC(C)N1C(=O)NC2(C1=O)c1cc(B3OC(C)(C)C(C)(C)O3)ccc1CC21CCc2ccccc2CC1,79.3,nM,7.1
CHEMBL5789200,CC1=N[C@]2(C[C@H]([C@H]3CCCOC3)Oc3ccc(Br)cc32)N=C1N,65300.0,nM,4.18
CHEMBL5954877,COC1CCC2(CC1)Cc1cc(F)c(C#CC3CC3)cc1C21NC(=S)N(C)C1=O,618.0,nM,6.21
CHEMBL5988479,COC1CCC2(CC1)Cc1ccc(CCC(F)(F)F)cc1C21NC(=S)N(C)C1=O,11.6,nM,7.94
CHEMBL5819769,C#Cc1ccc(/C(F)=C/c2ccc(F)c([C@@]3(C)N=C(N)S[C@@]4(C(=O)N5CCOCC5)C[C@H]43)c2)nc1,7.0,nM,8.15
CHEMBL168938,COc1cc2c(cc1OC)C(=O)/C(=C/C1CCN(Cc3ccccc3)CC1)C2,697.0,nM,6.16
CHEMBL5965843,C[C@@]1(C(=O)N2CCOCC2)C[C@@](C)(c2cc(/C=C(\F)c3ccc(C#N)cn3)ccc2F)N=C(N)S1,4.0,nM,8.4
CHEMBL5776856,C[C@H]1C[C@H]2CSC(NC(=O)c3ccccc3)=N[C@@]2(c2nc(NC(=O)c3coc(CF)n3)cs2)CO1,7.0,nM,8.15
CHEMBL5968408,COC1CCC2(CC1)Cc1ccc(C#CC3CC3)cc1C21N=C(SCC2CCO2)N(CC2CCO2)C1=O,7.3,nM,8.14
CHEMBL6056210,CCCSC1=NC2(C(=O)N1CCC)c1cc(C#CC3CC3)ccc1CC21CCC(OC)CC1,5.2,nM,8.28
CHEMBL5815002,COC1CCC2(CC1)Cc1ccc(C#CC3CC3)cc1C21N=C(SCC2CCN(C)C2)N(CC2CCN(C)C2)C1=O,24.0,nM,7.62
CHEMBL5857880,CC#Cc1ccc2sc3ccc([C@@]4(C)NC(=N)OCC4(F)F)cc3c2c1,202.0,nM,6.7
CHEMBL4454975,Cc1noc(C(F)F)c1[C@@H]1C[C@@](C)(c2ccc(F)cc2F)N=C(N)S1,420.0,nM,6.38
CHEMBL5839078,Cc1cc(C(=O)Nc2csc([C@]34CO[C@@H](C)C[C@H]3CSC(N)=N4)n2)on1,5040.0,nM,5.3
CHEMBL206651,CC(C)(C)OC(=O)N1CCN(c2ccc(Br)cc2NC(=O)c2ccc3ccccc3n2)CC1,1700.0,nM,5.77
CHEMBL206097,O=C(Nc1cc(Br)ccc1N1CCN(S(=O)(=O)c2cccs2)CC1)c1cc(=O)c2ccccc2o1,2600.0,nM,5.58
CHEMBL205637,COc1ccc2c(CC(=O)Nc3cc(Br)ccc3N3CCN(S(=O)(=O)c4cccs4)CC3)cc(=O)oc2c1,1130.0,nM,5.95
CHEMBL213595,CCCCNC(=O)[C@H](C)C[C@H](O)[C@@H]1COC/C=C/COC[C@H](NC(=O)OC(C)(C)C)C(=O)N[C@@H](C)C(=O)N1,20300.0,nM,4.69
CHEMBL6055062,N#Cc1ccc(C#Cc2ccc(F)c([C@@]3(CF)N=C(N)S[C@@]4(CF)C[C@H]43)c2)nc1,104.0,nM,6.98
CHEMBL5837195,NC1=N[C@](CF)(c2cc(C#Cc3ncc(Cl)cn3)ccc2F)[C@@H]2C[C@]2(/C=C/C(=O)N2CCOCC2)S1,21.0,nM,7.68
CHEMBL6051060,C[C@]1(c2cc(/C=C(\F)c3cnc(C#N)cn3)ccc2F)N=C(N)S[C@@]2(C(=O)N3CC[C@H](F)C3)C[C@H]21,1.0,nM,9.0
CHEMBL5929879,CC#C/C(F)=C/c1ccc(F)c([C@@]2(C)N=C(N)S[C@@]3(C(=O)N(C)C)C[C@H]32)c1,94.0,nM,7.03
CHEMBL397275,CCCN(CCC)C(=O)c1cc(C)cc(C(=O)N[C@@H](Cc2cc(F)cc(F)c2)[C@H](O)CNCc2cccc(CC)c2)c1,2.0,nM,8.7
CHEMBL397715,CCCN(CCC)C(=O)c1cc(C(N)=O)cc(C(=O)N[C@@H](Cc2ccc(O)cc2)[C@H](O)CNCc2cccc(OC)c2)c1,300.0,nM,6.52
CHEMBL5783804,N#Cc1cnc(C#Cc2ccc(F)c([C@@]3(CF)N=C(N)S[C@@]4(/C=C/C(=O)N5CCOCC5)C[C@H]43)c2)c(F)c1,49.0,nM,7.31
CHEMBL5778213,CN1C(=O)C2(N=C1N)c1cc(-c3cccc(C#N)c3)ccc1CC21CCC(O)CC1,7.4,nM,8.13
CHEMBL222533,C=CCN(CC=C)C(=O)c1cc(OCC(=O)NCCCCCN)cc(C(=O)N[C@H](C)c2ccccc2)c1,25000.0,nM,4.6
CHEMBL5930153,COC1CCC2(CC1)Oc1ccc(OCC3CC3)cc1C21NC(=S)N(C)C1=O,24.9,nM,7.6
CHEMBL5790971,CC1(C)C(N)=N[C@@](C)(c2cc(Nc3noc4cc(Cl)cnc34)ccc2F)CS1(=O)=O,13.8,nM,7.86
CHEMBL220396,COc1cncc(-c2cccc(CNc3cccnc3N)c2)c1,40000.0,nM,4.4
CHEMBL6005956,C[C@]1(c2cc(/C=C(\F)c3ccc(C#N)cn3)ccc2F)N=C(N)S[C@@]2(C(=O)N3CC[C@@H](F)C3)C[C@H]21,0.518,nM,9.29
CHEMBL5982064,C[C@]1(c2cc(/C=C(\F)c3ccc(C#N)cn3)ccc2F)N=C(N)S[C@@]2(C(=O)NC3CCOCC3)C[C@H]21,3.31,nM,8.48
CHEMBL6024420,CCCC1CC(C2(c3ccc(OC(F)F)c(C)c3)N=C(N)N(C)C2=O)CCN1,14880.0,nM,4.83
CHEMBL5876200,COC(=O)[C@]12C[C@H]1[C@@](C)(c1cc(/C=C(\F)c3ccc(Cl)cn3)ccc1F)N=C(N)S2,95.9,nM,7.02
CHEMBL6022384,C[C@]1(c2cc(/C=C(\F)c3ccc(Cl)cn3)ccc2F)N=C(N)S[C@@]2(C(=O)Nc3ccccc3)C[C@H]21,29.9,nM,7.52
CHEMBL6034823,C[C@]1(c2cc(/C=C(\F)c3ccc(C#N)cn3)ccc2F)N=C(N)S[C@@]2(C(=O)N3CCNC(=O)C3)C[C@H]21,1.77,nM,8.75
CHEMBL5974789,Cc1cc(C#N)cnc1/C(F)=C/c1ccc(F)c([C@@]2(C)N=C(N)S[C@@]3(C(=O)N4CCOCC4)C[C@H]32)c1,7.34,nM,8.13
CHEMBL6006870,NC1=N[C@](CF)(c2cc(NC(=O)c3cnc(C(F)F)cn3)ccc2F)[C@H]2COCC[C@H]2O1,21.9,nM,7.66
CHEMBL5787787,CNC(=O)[C@]12C[C@H]1[C@@](C)(c1cc(/C=C(\F)c3cnc(OCC(C)=O)cn3)ccc1F)N=C(N)S2,52.0,nM,7.28
CHEMBL5938376,CNC(=O)[C@]12C[C@H]1[C@@](C)(c1cc(/C=C(\F)c3cnc(Br)cn3)ccc1F)N=C(N)S2,24.9,nM,7.6
CHEMBL5956625,CNC(=O)[C@]12C[C@H]1[C@@](C)(c1cc(/C=C(/F)c3ccc(Br)cn3)ccc1F)N=C(N)S2,23.0,nM,7.64
CHEMBL5912710,CN1OC2(N=C1N)c1cc(-c3cccc(C#N)c3)ccc1CC21CCC(Cc2ccccc2)CC1,3505.0,nM,5.46
CHEMBL5761055,COC1CCC2(CC1)Cc1ccc(C#CC3CC3)cc1C21NC(=S)N(CCF)C1=O,5.3,nM,8.28
CHEMBL5933021,C[C@H]1CN(C(=O)[C@]23C[C@H]2[C@@](C)(c2cc(/C=C(\F)c4ccc(C#N)cn4)ccc2F)N=C(N)S3)C[C@H](C)O1,3.1,nM,8.51
CHEMBL5797160,CC1(C)C(N)=N[C@](C)(c2cc(Br)c[nH]c2=O)CS1(=O)=O,21100.0,nM,4.68
CHEMBL5900107,Cc1cc(C(F)F)cnc1C(=O)Nc1ccc(F)c([C@@]2(C)N=C(N)C3(CC3)S(=O)(=O)[C@@H]2F)c1,1.9,nM,8.72
CHEMBL221086,CCCN(CCC)C(=O)c1cc(C)cc(C(=O)N[C@@H](Cc2cc(F)cc(F)c2)[C@H](O)CNCc2ccccc2)c1,130.0,nM,6.89
CHEMBL6050967,CC1(C)C(N)=N[C@](C)(c2cc(/C=C(\F)c3cnc(OCC4CCCC4)cn3)ccc2F)CS1(=O)=O,518.0,nM,6.29
CHEMBL5886045,Cc1nnc(COc2cnc(/C(F)=C/c3ccc(F)c([C@]4(C)CS(=O)(=O)N(C)C(N)=N4)c3)cn2)o1,9.0,nM,8.05
CHEMBL6061946,C[C@]1(c2cc(/C=C(\F)c3ccc(C#N)cn3)ccc2F)N=C(N)OCC1(F)F,2660.0,nM,5.58
CHEMBL5917093,COc1cc(/C(F)=C/c2ccc(F)c([C@]3(C)CS(=O)(=O)N(C)C(N)=N3)c2)ncc1Cl,656.0,nM,6.18
CHEMBL5810371,CN1C(N)=N[C@](C)(c2cc(/C=C(\F)c3cc(F)c(Cl)cn3)ccc2F)CS1(=O)=O,7.0,nM,8.15
CHEMBL5976062,CC1=N[C@@]2(C[C@@H]([C@@H]3CCCOC3)Oc3ccc(Br)cc32)N=C1N,19800.0,nM,4.7
CHEMBL5773881,CC1=N[C@@]2(C[C@@H]([C@@H]3CCCOC3)Oc3ccc(-c4cccc(Cl)c4)cc32)N=C1N,35700.0,nM,4.45
CHEMBL5993140,CC1=N[C@@]2(C[C@H]([C@@H]3CCCOC3)Oc3ccc(-c4cccc(Cl)c4)cc32)N=C1N,10.0,nM,8.0
CHEMBL5925911,COC[C@]12C[C@H]1[C@@](C)(c1cc(/C=C(\F)c3cnc(OCCC(F)(F)F)cn3)ccc1F)N=C(N)S2,2585.0,nM,5.59
CHEMBL5968584,COC[C@]12C[C@H]1[C@@](C)(c1cc(/C=C(\F)c3cnc(OCc4cc(C)on4)cn3)ccc1F)N=C(N)S2,248.0,nM,6.61
CHEMBL5741957,C#CCOc1cnc(/C(F)=C/c2ccc(F)c([C@@]3(C)N=C(N)S[C@@]4(C(=O)N5[C@H]6COC[C@@H]5COC6)C[C@H]43)c2)cn1,1.2,nM,8.92
CHEMBL6010071,C[C@]1(c2cc(/C=C(\F)c3ccc(C#N)cn3)cnc2F)N=C(N)S[C@@]2(C(=O)NCC(F)F)C[C@H]21,21.4,nM,7.67
CHEMBL5741865,C#CCOc1cnc(/C(F)=C/c2cnc(F)c([C@@]3(C)N=C(N)S[C@@]4(C(=O)N5[C@H]6COC[C@@H]5COC6)C[C@H]43)c2)cn1,3.9,nM,8.41
CHEMBL5778209,CC1(C)C(N)=N[C@](C)(c2cc(/C=C(\F)c3cnc(OCCC(F)(F)F)cn3)ccc2F)CS1(=O)=O,739.0,nM,6.13
CHEMBL208681,CCCCNC(=O)[C@@H](NC(=O)[C@H](C)C[C@H](O)[C@@H]1CSC/C=C\CSC[C@H](NC(=O)OC(C)(C)C)C(=O)N[C@@H](C)C(=O)N1)C(C)C,1970.0,nM,5.71
CHEMBL5983491,C[C@@]1(c2cc(NC(=O)c3nn(C(F)F)cc3Cl)ccc2F)Cn2nncc2C(N)=N1,1.91,nM,8.72
CHEMBL5885164,C[C@@]1(c2cc(NC(=O)c3ccc(OCF)cn3)ccc2F)Cn2nncc2C(N)=N1,3.02,nM,8.52
CHEMBL5840593,C[C@H]1C[C@H]2[C@@H](C(F)(F)F)OC(N)=N[C@@]2(c2nc(NC(=O)c3ccc(OC(F)F)cn3)cs2)CO1,112.0,nM,6.95
CHEMBL5772048,NC1=N[C@@]2(c3nc(NC(=O)c4ccc(Cl)cn4)cs3)CO[C@@H](C(F)(F)F)C[C@H]2CO1,310.0,nM,6.51
CHEMBL5858491,Cc1cnc(C(=O)Nc2ccc(F)c([C@]3(C)C=C(C(C)C)SC(N)=N3)c2)cn1,95.0,nM,7.02
CHEMBL5897589,C[C@H](O)COc1cnc(/C(F)=C/c2ccc(F)c([C@]3(C)CS(=O)(=O)C(C)(C)C(N)=N3)c2)cn1,180.0,nM,6.75
CHEMBL5954331,Cc1cc(C(F)(F)F)cnc1C(=O)Nc1ccc(F)c([C@@]2(CF)N=C(N)O[C@@H]3CCOC[C@@H]32)c1,14.2,nM,7.85
CHEMBL5934494,CC1CCCN(C(=O)[C@]23C[C@H]2[C@@](C)(c2cc(/C=C(\F)c4ccc(C#N)cn4)ccc2F)N=C(N)S3)C1,0.867,nM,9.06
CHEMBL5982918,C[C@@H]1C[C@H]2OC(N)=N[C@](CF)(c3cc(NC(=O)c4cnc(OCF)cn4)ccc3Cl)[C@H]2CO1,9.5,nM,8.02
CHEMBL5807385,NC1=N[C@](CF)(c2cc(NC(=O)c3cnc(OCC4(F)CC4)cn3)ccc2F)[C@H]2COCC[C@H]2O1,10.0,nM,8.0
CHEMBL5763486,COc1cnc(C(=O)Nc2ccc(F)c([C@@]3(CF)N=C(N)O[C@@H]4CCOC[C@@H]43)c2)cn1,14.5,nM,7.84
CHEMBL5899724,CN1C(=O)C(c2cc(F)cc(F)c2)(c2ccnc(F)c2)N=C1N,2000.0,nM,5.7
CHEMBL5852165,Cc1cc(C2(c3cccc(F)c3)N=C(N)N(C)C2=O)ccc1OC(F)F,150.0,nM,6.82
CHEMBL5921251,Cc1cc(C2(c3cccc(C(F)(F)F)c3)N=C(N)N(C)C2=O)ccc1OC(F)F,380.0,nM,6.42
CHEMBL5752626,NC1=N[C@](CF)(c2cc(C#Cc3ccc(OCc4ncco4)cn3)ccc2F)[C@@H]2C[C@]2(CF)S1,735.0,nM,6.13
CHEMBL6057728,COC1CCC2(CC1)Cc1ccc(Br)cc1C21N=C(SCC2CCCO2)N(CC2CCCO2)C1=O,30.9,nM,7.51
CHEMBL5853374,C[C@@]1(c2cc(/C=C(\F)c3ccc(C#N)cn3)ccc2F)CCSC(N)=N1,74.0,nM,7.13
CHEMBL5768109,C[C@]1(c2cc(/C=C(\F)c3ccc(Cl)cn3)ccc2F)N=C(N)S[C@@]2(C(=O)N3CCCC3)C[C@H]21,1.2,nM,8.92
CHEMBL5929016,NC1=N[C@](CF)(c2cc(NC(=O)c3cnc(OC(F)F)cn3)ccc2F)[C@H]2COCC[C@H]2O1,2.8,nM,8.55
CHEMBL5814149,NC1=N[C@](CF)(c2cc(NC(=O)c3cnc(C(F)(F)F)cn3)ccc2F)[C@H]2COCC[C@H]2O1,53.7,nM,7.27
CHEMBL5922304,COc1ccc(C2(c3cc(C)c(F)cc3F)N=C(N)N(C)C2=O)cc1C,1400.0,nM,5.85
CHEMBL5855964,CN1C(=O)C(c2cc(F)cc(F)c2)(c2ccc(F)c(F)c2)N=C1N,1500.0,nM,5.82
CHEMBL5814225,Cc1cc(C2(c3cc(F)c(F)c(F)c3)N=C(N)N(C)C2=O)ccc1OC(F)F,960.0,nM,6.02
CHEMBL5937764,C[C@@H]1C[C@H]2OC(N)=N[C@](CF)(c3cc(NC(=O)c4ccc(C(F)(F)F)cn4)ccc3F)[C@H]2CO1,19.1,nM,7.72
CHEMBL5856520,Cc1noc(COc2cnc(/C(F)=C/c3ccc(F)c([C@]4(C)CS(=O)(=O)C(C)(C)C(N)=N4)c3)cn2)n1,53.0,nM,7.28
CHEMBL5911160,N#Cc1ccc(/C(F)=C/c2ccc(F)c([C@]34CN(c5ncccn5)C[C@H]3CSC(N)=N4)c2)nc1,4.3,nM,8.37
CHEMBL5884186,CN1C(N)=N[C@](C)(c2cc(/C=C(\F)c3cc4c(cn3)OCO4)ccc2F)CS1(=O)=O,207.0,nM,6.68
CHEMBL5791696,N#Cc1ccc(/C(F)=C/c2ccc(F)c([C@]34CO[C@H](C(F)(F)F)[C@H]3COC(N)=N4)c2)nc1,86.2,nM,7.06
CHEMBL5915729,NC1=N[C@@]2(c3cc(/C=C(\F)c4ccc(Cl)cn4)ccc3F)COC[C@H]2CS1,64.4,nM,7.19
CHEMBL5999020,N#Cc1ccc(/C(F)=C/c2ccc(F)c([C@@]34COC[C@@H]3CSC(N)=N4)c2)nc1,502.0,nM,6.3
CHEMBL5898243,C#Cc1ccc(/C(F)=C/c2ccc(F)c([C@@]3(C)N=C(N)S[C@@]4(C(=O)N(C)C)C[C@H]43)c2)nc1,3.24,nM,8.49
CHEMBL6144349,COc1ccccc1NC(=O)C1CCN(Cc2ccccc2)CC1,277.0,nM,6.56
CHEMBL4244803,COc1ccc(-c2ccccc2/C=C2/Cc3cc(OC)ccc3C2=O)cc1,99.4,nM,7.0
CHEMBL6141819,O=C(N/N=C/c1ccc([N+](=O)[O-])cc1)c1ccc(Cl)nc1,200.0,nM,6.7
CHEMBL5803071,C[C@]1(c2cc(/C=C(\F)c3ccc(C#N)cn3)ccc2F)N=C(N)S[C@@]2(C(=O)N3CCC4(CCO4)C3)C[C@H]21,0.8,nM,9.1
CHEMBL5753112,C[C@]1(c2cc(/C=C(\F)c3ccc(Cl)cn3)ccc2F)N=C(N)S[C@@]2(C(N)=O)C[C@H]21,16.4,nM,7.79
CHEMBL5889291,Cc1cc(C2(c3cc(F)cc(F)c3)N=C(N)N(C)C2=O)ccc1OC(F)F,530.0,nM,6.28
CHEMBL5770355,CNCc1cccc(C2(c3ccc(OC(F)F)c(C)c3)N=C(N)N(C)C2=O)c1,60.0,nM,7.22
CHEMBL5885479,C[C@]1(c2cc(/C=C(\F)c3ccc(C#N)cn3)cnc2F)N=C(N)S[C@@]2(C(=O)N3CC[C@@H](F)C3)C[C@H]21,2.1,nM,8.68
CHEMBL5939428,C[C@]1(c2cc(/C=C(\F)c3cnc(C#N)cn3)ccc2F)N=C(N)S[C@@]2(C(=O)N3CCCC3)C[C@H]21,1.0,nM,9.0
CHEMBL6008078,Cc1cc(COc2cnc(/C(F)=C/c3ccc(F)c([C@@]4(C)N=C(N)S[C@@]5(C(=O)N(C)C)C[C@H]54)c3)cn2)on1,10.0,nM,8.0
CHEMBL6011926,NC1=N[C@@]2(c3cc(/C=C(\F)c4ncc(C(F)(F)F)cc4Cl)ccc3F)CO[C@H](C(F)(F)F)[C@H]2CS1,15.0,nM,7.82
CHEMBL5972460,N#Cc1cnc(/C(F)=C/c2ccc(F)c([C@]34CN(c5ncc(F)cn5)C[C@H]3CSC(N)=N4)c2)cn1,0.32,nM,9.49
CHEMBL6020187,Cc1cc(C2(c3cccc(-c4ccccc4)c3)N=C(N)N(C)C2=O)ccc1OC(F)F,870.0,nM,6.06
CHEMBL5885746,NC1=N[C@@]2(c3cc(/C=C(\F)c4ccc(C(F)(F)F)cn4)ccc3F)CO[C@H](C(F)(F)F)[C@H]2CS1,15.8,nM,7.8
CHEMBL5903903,Cc1cc(C2(c3cnn(C)c3)N=C(N)N(C)C2=O)ccc1OC(F)F,2000.0,nM,5.7
CHEMBL5747878,Cc1cc(C2(c3cccc(F)c3)N=C(N)N(Cc3ccccc3)C2=O)ccc1OC(F)F,2300.0,nM,5.64
CHEMBL5794140,CCCC1CC(C2(C3=CC(C)=C(OC(F)F)C(C)C3)N=C(N)N(C)C2=O)CCN1C,16100.0,nM,4.79
CHEMBL6023837,COC[C@]12C[C@H]1[C@@](C)(c1cc(/C=C(\F)c3cnc(Cl)cn3)ccc1F)N=C(N)S2,24.8,nM,7.61
CHEMBL5806956,C#C[C@H](C)Oc1cnc(/C(F)=C/c2ccc(F)c([C@@]3(C)N=C(N)S[C@@]4(S(C)(=O)=O)C[C@H]43)c2)cn1,1.0,nM,9.0
CHEMBL5981234,CN(C)C(=O)[C@]12C[C@H]1[C@@](C)(c1cc(/C=C(\F)c3cnc(OCC(F)(F)C(F)F)cn3)cnc1F)N=C(N)S2,40.6,nM,7.39
CHEMBL5740896,C[C@H]1[C@@H](F)CCN1C(=O)[C@]12C[C@H]1[C@@](C)(c1cc(/C=C(\F)c3ccc(C#N)cn3)ccc1F)N=C(N)S2,2.0,nM,8.7
CHEMBL6042818,C[C@]1(c2cc(/C=C(\F)c3ccc(C#N)cn3)ccc2F)N=C(N)S[C@@]2(C(=O)N3CCO[C@H]4C[C@H]43)C[C@H]21,1.8,nM,8.74
CHEMBL5966487,C[C@]1(c2cc(/C=C(\F)c3cnc(Cl)cn3)ccc2F)N=C(N)S[C@]2(CO)[C@H]1C2(F)F,50.9,nM,7.29
CHEMBL5817161,C#CCOc1cnc(/C(F)=C/c2ccc(F)c([C@@]3(C)N=C(N)S[C@]4(CO)[C@H]3C4(F)F)c2)cn1,5.4,nM,8.27
CHEMBL6043173,CC#CCOc1cnc(/C(F)=C/c2ccc(F)c([C@@]3(C)N=C(N)S[C@@]4(S(C)(=O)=O)C[C@H]43)c2)cn1,0.2,nM,9.7
CHEMBL5993841,CC(=O)[C@]12C[C@H]1[C@@](C)(c1cc(/C=C(\F)c3cnc(OCC(F)(F)F)cn3)ccc1F)N=C(N)S2,118.0,nM,6.93
CHEMBL5843014,CNC(=O)[C@]12C[C@H]1[C@@](C)(c1cc(/C=C(\F)c3cnc(C#CC4CC4)cn3)ccc1F)N=C(N)S2,7.07,nM,8.15
CHEMBL5992578,COC[C@]12C[C@H]1[C@@](C)(c1cc(/C=C(\F)c3cnc(OC[C@H](C)OC)cn3)ccc1F)N=C(N)S2,503.0,nM,6.3
CHEMBL5885749,COC[C@]12C[C@H]1[C@@](C)(c1cc(/C=C(\F)c3cnc(OCC4CCC4)cn3)ccc1F)N=C(N)S2,716.0,nM,6.14
CHEMBL5911640,C[C@@H]1COCCN1C(=O)[C@]12C[C@H]1[C@@](C)(c1cc(/C=C(\F)c3ccc(C#N)cn3)cnc1F)N=C(N)S2,15.8,nM,7.8
CHEMBL5747192,C#CCOc1cnc(/C(F)=C/c2ccc(F)c([C@@]3(C)N=C(N)S[C@@]4(C(=O)N5CCOC[C@H]5C)C[C@H]43)c2)cn1,0.6,nM,9.22
CHEMBL5790808,C[C@@H]1[C@H](F)CCN1C(=O)[C@]12C[C@H]1[C@@](C)(c1cc(/C=C(\F)c3ccc(C#N)cn3)ccc1F)N=C(N)S2,2.0,nM,8.7
CHEMBL5744675,CC(C)[C@H]1CN(C(=O)[C@]23C[C@H]2[C@@](C)(c2cc(/C=C(\F)c4ccc(C#N)cn4)ccc2F)N=C(N)S3)CCO1,3.0,nM,8.52
CHEMBL6031739,CN1C(N)=N[C@](C)(c2cc(/C=C(\F)c3cnc(Cl)cn3)ccc2F)C(C)(C)S1(=O)=O,318.0,nM,6.5
CHEMBL5938565,Cc1cc(C2(c3ccccc3)N=C(N)N(C)C2=O)ccc1OC(F)F,180.0,nM,6.75
CHEMBL5908501,C[C@@]1(c2cc(NC(=O)c3cnc(OCC(F)(F)F)cn3)ccc2F)Cn2nncc2C(N)=N1,3.09,nM,8.51
CHEMBL213301,CCCCNC(=O)[C@H](C)C[C@H](O)[C@@H]1CSCCCCSC[C@H](NC(=O)OC(C)(C)C)C(=O)N[C@@H](C)C(=O)N1,20000.0,nM,4.7
CHEMBL5826151,CN(C)C(=O)[C@]12C[C@H]1[C@@](C)(c1cc(/C=C(\F)C#Cc3ccccc3)ccc1F)N=C(N)S2,5.0,nM,8.3
CHEMBL5985225,COCCOc1cnc(/C(F)=C/c2ccc(F)c([C@@]3(C)N=C(N)S[C@@]4(C(=O)N(C)C)C[C@H]43)c2)cn1,11.0,nM,7.96
CHEMBL6060626,CNC(=O)[C@]12C[C@H]1[C@@](C)(c1cc(/C=C(\F)c3cnc(OCc4cnco4)cn3)ccc1F)N=C(N)S2,126.0,nM,6.9
CHEMBL5998924,C[C@]1(c2cc(/C=C(\F)c3ccc(C#N)cn3)cnc2F)N=C(N)S[C@@]2(C(=O)N3CCC(F)(F)C3)C[C@H]21,9.5,nM,8.02
CHEMBL5752921,Cc1cc(OC(F)F)cnc1C(=O)Nc1ccc(F)c([C@]2(C)CS(=O)(=O)C3(CCC3)C(N)=N2)c1,3.11,nM,8.51
CHEMBL5957962,CC1(C)C(N)=N[C@](C)(c2cc(Nc3c(Cl)sc4cc(C#N)cnc34)ccc2F)CS1(=O)=O,13.9,nM,7.86
CHEMBL5844372,Cc1cc(C2(C3CCCCC3)N=C(N)N(C)C2=O)ccc1OC(F)F,1500.0,nM,5.82
CHEMBL5760038,C#CCOc1cnc(/C(F)=C/c2cnc(F)c([C@@]3(C)N=C(N)S[C@@]4(C(=O)N5CCOC[C@H]5C)C[C@H]43)c2)cn1,1.7,nM,8.77
CHEMBL5744251,COC[C@]12C[C@H]1[C@@](C)(c1cc(/C=C(\F)c3ccc(Cl)cn3)ccc1F)N=C(N)S2,71.2,nM,7.15
CHEMBL6000080,CC#CCOc1cnc(/C(F)=C/c2cnc(F)c([C@@]3(C)N=C(N)S[C@@]4(C(=O)N(C)C)C[C@H]43)c2)cn1,0.8,nM,9.1
CHEMBL6054668,C#CCOc1cnc(/C(F)=C/c2ccc(F)c([C@@]3(C)N=C(N)S[C@@]4(C(=O)N5CC[C@@H](F)C5)C[C@H]43)c2)cn1,0.9,nM,9.05
CHEMBL5975476,C[C@]1(c2cc(/C=C(\F)c3ccc(C#N)cn3)cnc2F)N=C(N)S[C@@]2(C(=O)N3[C@H]4COC[C@@H]3COC4)C[C@H]21,12.0,nM,7.92
CHEMBL6134104,O=C1S/C(=C\c2ccccc2)C(=O)N1CNc1nc(-c2cc(Cl)cs2)c(Nc2ccccc2)s1,490.0,nM,6.31
CHEMBL5769564,C#CCOc1cnc(/C(F)=C/c2ccc(F)c([C@]34CN(C(C)=O)C[C@H]3CSC(N)=N4)c2)cn1,7.45,nM,8.13
CHEMBL5840128,C#CCOc1cnc(/C(F)=C/c2ccc(F)c([C@]34CN(C(=O)OC)C[C@H]3CSC(N)=N4)c2)cn1,1.59,nM,8.8
CHEMBL5746038,N#Cc1ccc(/C(F)=C/c2ccc(F)c([C@@]34CO[C@@H](CF)[C@@H]3CSC(N)=N4)c2)nc1,1215.0,nM,5.92
CHEMBL5829579,COc1cnc(/C(F)=C/c2ccc(F)c([C@]34CO[C@H](C(F)(F)F)[C@H]3CSC(N)=N4)c2)cn1,622.0,nM,6.21
CHEMBL5820882,N#Cc1cnc(/C(F)=C/c2ccc(F)c([C@]34CO[C@H](C(F)(F)F)[C@H]3CSC(N)=N4)c2)c(Cl)c1,8.7,nM,8.06
CHEMBL5745495,NC1=N[C@]2(c3cc(/C=C(\F)c4ccc(Cl)cn4)ccc3F)CN(c3ncc(F)cn3)C[C@@H]2CS1,847.0,nM,6.07
CHEMBL5949068,NC1=N[C@]2(c3cc(/C=C(\F)c4ccc(Cl)cn4)ccc3F)COC[C@@H]2CS1,804.0,nM,6.09
CHEMBL6015234,N#Cc1ccc(/C(F)=C/c2ccc(F)c([C@]34COC[C@H]3CSC(N)=N4)c2)nc1,11.7,nM,7.93
CHEMBL5870830,NC1=N[C@@]2(c3cc(/C=C(\F)c4cnc(OCC(F)(F)CF)cn4)ccc3F)CN(c3ncc(F)cn3)C[C@H]2CS1,108.0,nM,6.97
CHEMBL5937378,COc1cnc(C(=O)Nc2ccc(F)c([C@@]3(CF)N=C(N)O[C@@H]4C[C@@H](C)OC[C@@H]43)c2)cn1,11.7,nM,7.93
CHEMBL5803533,NC1=NC(CF)(c2cccc(NC(=O)c3ccccn3)n2)COC1,550.0,nM,6.26
CHEMBL5925547,Cc1cc(OCC(C)(F)F)cnc1C(=O)Nc1ccc(F)c([C@]2(C)CO[C@@](C)(C(F)(F)F)C(N)=N2)n1,400.0,nM,6.4
CHEMBL5995000,Cc1cc(C(F)F)cnc1C(=O)Nc1ccc(F)c([C@]2(C)CO[C@@](C)(C(F)(F)F)C(N)=N2)n1,26.0,nM,7.58
CHEMBL5985725,COC[C@]12CC1[C@@](C)(c1cc(C#Cc3ccc(C#N)cn3)ccc1F)N=C(N)S2,97.0,nM,7.01
CHEMBL5856531,C#CCOc1cnc(/C(F)=C/c2ccc(F)c([C@]3(C)C[C@@](C)(C(=O)NC)SC(N)=N3)c2)cn1,22.0,nM,7.66
CHEMBL5846922,CN1C(N)=N[C@](C)(c2cc(/C=C(\F)c3ccc4c(c3)OCCO4)ccc2F)CS1(=O)=O,583.0,nM,6.23
CHEMBL6047280,NC1=N[C@@]2(c3cc(/C=C(\F)c4cnc(OCC(F)F)cn4)ccc3F)CN(c3ncc(F)cn3)C[C@H]2CS1,22.6,nM,7.65
CHEMBL6037131,N#Cc1ccc(C#Cc2ccc(F)c([C@@]3(CF)N=C(N)S[C@@]4(Cn5ccnc5)C[C@H]43)c2)nc1,583.0,nM,6.23
CHEMBL6017048,N#Cc1ccc(/C(F)=C/c2ccc(F)c([C@@]34CN(c5ncc(F)cn5)C[C@@H]3CSC(N)=N4)c2)nc1,1.86,nM,8.73
CHEMBL5555216,N#Cc1ccccc1NC(=O)Cn1nc(-c2ccccc2)c(-c2ccccc2)nc1=O,1477.0,nM,5.83
CHEMBL6166885,Cc1ccc(-c2cccc(NC(=O)[C@@H]3C[C@@H](OCc4cccc(-c5cccc(C)c5)c4)CN3C(=N)N)c2)cc1,94000.0,nM,4.03
CHEMBL5881535,COC[C@]12C[C@H]1[C@@](C)(c1cc(/C=C(\F)c3cc4c(cn3)OCCO4)ccc1F)N=C(N)S2,1755.0,nM,5.76
CHEMBL6190250,COC(=O)c1cc(C)cc2sc3cccc(OC)c3c12,600.0,nM,6.22
CHEMBL4243474,COc1ccc2c(c1)C/C(=C/c1ccccc1-c1ccccc1)C2=O,125.0,nM,6.9
CHEMBL5779877,C#CCOc1cnc(/C(F)=C/c2ccc(F)c([C@]34CN(C(=O)OC(C)(C)C)C[C@H]3CSC(N)=N4)c2)cn1,2.53,nM,8.6
CHEMBL5838055,NC1=N[C@](CF)(c2cc(NC(=O)c3cnc(OCF)cn3)ccc2F)[C@H]2COC3(CC3)C[C@H]2O1,21.9,nM,7.66
CHEMBL3890737,NC1=N[C@@]2(c3cc(NC(=O)c4ncccc4F)ccc3F)OCC[C@H]2CS1,510.0,nM,6.29
CHEMBL5924195,CC1(C)C(N)=N[C@](C)(c2cc(/C=C/c3ccc(Cl)cc3)ccc2F)CS1(=O)=O,56.0,nM,7.25
CHEMBL5744763,Cc1cccc(C2(c3ccc(OC(F)F)c(C)c3)N=C(N)N(C)C2=O)c1,130.0,nM,6.89
CHEMBL6142321,C/C=C1\SC(=O)N(CNc2nc(-c3cc(Cl)cs3)c(Nc3ccc(S(N)(=O)=O)cc3)s2)C1=O,510.0,nM,6.29
CHEMBL5807587,NC1=N[C@](CF)(c2cc(NC(=O)c3cnc(OCC(F)F)cn3)ccc2F)[C@H]2COCC[C@H]2O1,18.6,nM,7.73
CHEMBL6173795,COc1ccc(NC(=O)C2CCN(Cc3ccccc3)CC2)cc1,253.0,nM,6.6
CHEMBL5981802,NC1=N[C@@]2(c3cc(/C=C(\F)c4ccc(Cl)cn4)ccc3F)CN(c3ncc(F)cn3)C[C@H]2CS1,1.84,nM,8.73
CHEMBL6020648,N#Cc1ccc(/C(F)=C/c2ccc(F)c([C@]34CN(c5ncc(F)cn5)C[C@H]3CSC(N)=N4)c2)nc1,0.241,nM,9.62
CHEMBL5813044,NC1=N[C@@]2(c3cc(/C=C(\F)c4ccc(F)cn4)ccc3F)CO[C@H](C(F)(F)F)[C@H]2CS1,426.0,nM,6.37
CHEMBL6028014,CC[C@@H]1C[C@]2(CC[C@H]1OC)Cc1ccc(C#N)cc1[C@]21N=C(N)N(CC2(F)CCCCC2)C1=O,5.0,nM,8.3
CHEMBL5905447,C#CCOc1cnc(/C(F)=C/c2ccc(F)c([C@]34CN(C(=O)OC(C)C)C[C@H]3CSC(N)=N4)c2)cn1,2.62,nM,8.58
CHEMBL5919992,NC1=N[C@@]2(c3cc(/C=C(\F)c4ccc(OC(F)(F)F)cn4)ccc3F)CO[C@H](C(F)(F)F)[C@H]2CS1,108.0,nM,6.97
CHEMBL6028384,COC[C@H](C)Oc1cnc(/C(F)=C/c2ccc(F)c([C@]34CN(c5ncc(F)cn5)C[C@H]3CSC(N)=N4)c2)cn1,8.96,nM,8.05
CHEMBL5822347,NC1=N[C@](CF)(c2cc(NC(=O)c3ccc(C(F)(F)F)cn3)ccc2F)[C@H]2COCC[C@H]2O1,17.0,nM,7.77
CHEMBL5854272,Cc1cc(C2(c3cocn3)N=C(N)N(C)C2=O)ccc1OC(F)F,15260.0,nM,4.82
CHEMBL5807874,Cc1cc(C2(c3cccc(-c4cncnc4)c3)N=C(N)N(C)C2=O)ccc1OC(F)F,15.0,nM,7.82
CHEMBL6000019,CN1C(N)=N[C@](C)(c2cc(/C=C(\F)c3ccc(C#N)cn3)ccc2F)C(C)(C)S1(=O)=O,7.0,nM,8.15
CHEMBL5749650,C#CCOc1cnc(/C(F)=C/c2ccc(F)c([C@@]3(C)N=C(N)N(C)S(=O)(=O)C3(C)C)c2)cn1,13.0,nM,7.89
CHEMBL5797237,Cc1cc(OCc2ncco2)cnc1C#Cc1ccc(F)c([C@@]2(C)N=C(N)S[C@@]3(C(=O)N(C)C)C[C@H]32)c1,41.0,nM,7.39
CHEMBL5850774,C#CCOc1cnc(/C(F)=C/c2ccc(F)c([C@]3(C)C[C@@](C)(C(=O)N4CCOCC4)SC(N)=N3)c2)cn1,6.0,nM,8.22
CHEMBL6044030,N#Cc1cnc(C#Cc2ccc(F)c([C@@]3(CF)N=C(N)S[C@@]4(CF)C[C@H]43)c2)cn1,86.0,nM,7.07
CHEMBL5769047,Cc1cc(C#N)cnc1C#Cc1ccc(F)c([C@@]2(CF)N=C(N)S[C@@]3(CF)C[C@H]32)c1,38.0,nM,7.42
CHEMBL5755290,N#Cc1ccc(/C(F)=C/c2ccc(F)c([C@@]34CO[C@@H](C(F)F)[C@@H]3CSC(N)=N4)c2)nc1,48.5,nM,7.31
CHEMBL6143056,O=C1S/C(=C\c2c[nH]c3ccccc23)C(=O)N1CNc1nc(-c2ccccc2)cs1,760.0,nM,6.12
CHEMBL5876664,N#Cc1ccc(/C(F)=C/c2ccc(F)c([C@]34CO[C@H](C(F)(F)F)[C@H]3CSC(N)=N4)c2)nc1,20.1,nM,7.7
CHEMBL6053650,NC1=N[C@@]2(c3cc(/C=C(\F)c4cnc(Cl)cn4)ccc3F)CN(c3ncc(F)cn3)C[C@H]2CS1,2.71,nM,8.57
CHEMBL6170111,Cc1cc(=O)oc2cc(Oc3ccc(Nc4c5c(nc6cc(Cl)ccc46)CCC5)cc3)ccc12,7990.0,nM,5.1
CHEMBL6091955,COc1cc(Cn2cc(COc3ccc4ccc(=O)oc4c3C(C)=O)nn2)cc(OC)c1,10650.0,nM,4.97
CHEMBL5800721,CN1C(=O)C(c2ccccc2)(c2cc(F)cc(F)c2)N=C1N,2670.0,nM,5.57
CHEMBL5953243,Cc1cc(C2(c3cccc(-c4cccnc4)c3)N=C(N)N(C)C2=O)ccc1OC(F)F,70.0,nM,7.16
CHEMBL5940574,CC#Cc1cc(C2(c3ccc(OC(F)F)c(C)c3)N=C(N)N(C)C2=O)ccn1,240.0,nM,6.62
CHEMBL6033166,CNCc1cccc(C2(c3ccc(OC(F)CF)c(C)c3)N=C(N)N(C)C2=O)c1,370.0,nM,6.43
CHEMBL5923222,Cc1cc(C2(c3ccncc3)N=C(N)N(C)C2=O)ccc1OC(F)F,2730.0,nM,5.56
CHEMBL5891292,C#CCOc1cnc(/C(F)=C/c2ccc(F)c([C@]34CN(C(=O)CC)C[C@H]3CSC(N)=N4)c2)cn1,2.36,nM,8.63
CHEMBL5870452,C#CCOc1cnc(/C(F)=C/c2ccc(F)c([C@]34CN(C(=O)OCC)C[C@H]3CSC(N)=N4)c2)cn1,4.5,nM,8.35
CHEMBL5898826,C#CCOc1cnc(/C(F)=C/c2ccc(F)c([C@]34CO[C@H](C(F)(F)F)[C@H]3CSC(N)=N4)c2)cn1,103.0,nM,6.99
CHEMBL6151114,COc1cccc(-c2csc(NC(=O)CSc3nc(N)cc(N)n3)n2)c1,1400.0,nM,5.85
CHEMBL6170750,c1ccc2oc(CNCCCCCCCNc3c4c(cc5ccccc35)CCCC4)cc2c1,1350.0,nM,5.87
CHEMBL4242359,COc1ccc2c(c1)C/C(=C/c1ccccc1-c1ccc3ccccc3c1)C2=O,101.0,nM,7.0
CHEMBL6152572,COc1ccc(/C=N/NC(=O)c2ccc(Cl)nc2)cc1OC,400.0,nM,6.4
CHEMBL6172404,COC(=O)c1ccc(/C=N/NC(=O)c2ccc(Cl)nc2)cc1,2800.0,nM,5.55
CHEMBL5818336,CN(C)C(=O)[C@]12C[C@H]1[C@@](C)(c1cc(/C=C(\F)c3ccc(Br)cn3)ccc1F)N=C(N)S2,1.99,nM,8.7
CHEMBL6149620,COc1cc(/C=C/C(=O)Nc2ccc3sc(NCN4C(=O)CSC4=O)nc3c2)ccc1O,2420.0,nM,5.62
CHEMBL5996824,CN1C(=O)C(c2ccc(OC(F)F)cc2)(c2cc(F)cc(F)c2)N=C1N,2130.0,nM,5.67
CHEMBL6046308,Cc1cc(C)cc(C2(c3cc(F)cc(F)c3)N=C(N)N(C)C2=O)c1,6460.0,nM,5.19
CHEMBL5896944,C#C[C@H](C)Oc1cnc(/C(F)=C/c2ccc(F)c([C@]34CN(c5ncc(F)cn5)C[C@H]3CSC(N)=N4)c2)cn1,1.01,nM,9.0
CHEMBL6168950,Nc1ccccc1C(=O)/C=C/c1cccc(Cl)c1Cl,2710.0,nM,5.57
CHEMBL5879510,Cc1cn(C(F)F)nc1C(=O)Nc1ccc(F)c([C@]2(C)CO[C@@](C)(C(F)(F)F)C(N)=N2)n1,10.0,nM,8.0
CHEMBL5788412,Cc1cc(C2(c3cc(N)cc(F)c3)N=C(N)N(C)C2=O)ccc1OC(F)F,530.0,nM,6.28
CHEMBL5959464,N#Cc1ccc(/C(F)=C/c2ccc(F)c([C@]34CO[C@H](CF)[C@H]3CSC(N)=N4)c2)nc1,3.83,nM,8.42
CHEMBL5857457,CC#CCOc1cnc(/C(F)=C/c2ccc(F)c([C@]34CN(c5ncc(F)cn5)C[C@H]3CSC(NC(=O)c3ccccc3)=N4)c2)cn1,0.287,nM,9.54
CHEMBL6016673,C#CCOc1cnc(/C(F)=C/c2ccc(F)c([C@]34CN(C(=O)CC(F)(F)F)C[C@H]3CSC(N)=N4)c2)cn1,9.45,nM,8.03
CHEMBL6009196,C#CCOc1cnc(/C(F)=C/c2ccc(F)c([C@]34CN(c5ncccn5)C[C@H]3CSC(N)=N4)c2)cn1,0.186,nM,9.73
CHEMBL6005885,N#Cc1ccc(/C(F)=C/c2ccc(F)c([C@@]34CO[C@@H](C(F)(F)F)[C@@H]3CSC(N)=N4)c2)nc1,2540.0,nM,5.59
CHEMBL5871539,N#Cc1cnc(/C(F)=C/c2ccc(F)c([C@]34CO[C@H](C(F)(F)F)[C@H]3CSC(N)=N4)c2)cn1,15.3,nM,7.82
CHEMBL5766516,Cc1cc(F)cc(C2(c3ccc(OC(F)F)c(C)c3)N=C(N)N(C)C2=O)c1,710.0,nM,6.15
CHEMBL5849252,CCOc1cnc(C(=O)Nc2ccc(F)c([C@@]3(CF)N=C(N)O[C@@H]4CCOC[C@@H]43)c2)cn1,22.4,nM,7.65
CHEMBL5762224,Cc1cc(C2(c3cc(F)cc(F)c3)N=C(N)N(C)C2=O)ccc1F,1600.0,nM,5.8
CHEMBL5775861,Cc1cc(C2(c3cccc(C(C)C)c3)N=C(N)N(C)C2=O)ccc1OC(F)F,11000.0,nM,4.96
CHEMBL6146623,O=C(O)c1cc2ccc(=O)oc2cc1O,340.0,nM,6.47
CHEMBL244743,O=c1ccc2cc(O)c(O)cc2o1,7670.0,nM,5.12
CHEMBL6165462,COc1cc(/C=N/NC(=O)c2ccc(Cl)nc2)ccc1O,600.0,nM,6.22
CHEMBL6173905,CCOc1cc(/C=N/NC(=O)c2ccc(Cl)nc2)ccc1O,700.0,nM,6.16
CHEMBL6160940,O=C(CN1C(=O)S/C(=C\c2c[nH]c3ccccc23)C1=O)Nc1nc2ccccc2s1,910.0,nM,6.04
CHEMBL6036862,N#Cc1ccc(/C(F)=C/c2ccc(F)c([C@@]34CO[C@@H](C(F)(F)F)[C@@H]3COC(N)=N4)c2)nc1,9010.0,nM,5.04
CHEMBL5853142,N#Cc1ccc(/C(F)=C/c2ccc(F)c([C@]34CO[C@H](C(F)F)[C@H]3CSC(N)=N4)c2)nc1,21.6,nM,7.67
CHEMBL6166087,Nc1ccccc1C(=O)/C=C/c1cnc2ccccc2c1,16930.0,nM,4.77
CHEMBL5912771,C[C@@H]1C[C@H]2OC(N)=N[C@](CF)(c3cc(NC(=O)c4cnc(OC(F)F)cn4)ccc3F)[C@H]2CO1,9.8,nM,8.01
CHEMBL6167102,O=C1S/C(=C\c2c[nH]c3ccccc23)C(=O)N1c1csc(Nc2ccccc2)n1,19210.0,nM,4.72
CHEMBL6035773,CCC#C[C@@H](C)Oc1cnc(/C(F)=C/c2ccc(F)c([C@]3(C)CS(=O)(=O)C(C)(C)C(N)=N3)c2)cn1,9.0,nM,8.05
CHEMBL5849620,NC1=N[C@](CF)(c2cc(NC(=O)c3cnc(OCF)cn3)ccc2F)[C@H]2COCC[C@H]2O1,7.4,nM,8.13
CHEMBL6161618,COc1ccc(NC(=O)C2CCN(Cc3ccccc3)CC2)cc1OC,243.0,nM,6.61
CHEMBL6167518,O=C1S/C(=C\c2ccccc2)C(=O)N1c1csc(Nc2ccccc2)n1,10160.0,nM,4.99
CHEMBL5807126,Cc1cc(C2(c3cccc(F)c3)N=C(N)N(C)C2=O)ccc1OC(C)F,4000.0,nM,5.4
CHEMBL5785587,CN1C(=O)C(c2cc(F)cc(F)c2)(c2cccc(OC(F)F)c2)N=C1N,2230.0,nM,5.65
CHEMBL5886665,NC1=N[C@](CF)(c2cc(NC(=O)c3ccc(OC(F)F)cn3)ccc2F)[C@H]2COCC[C@H]2O1,9.8,nM,8.01
CHEMBL5984696,C[C@@H]1C[C@H]2OC(N)=N[C@](CF)(c3cc(NC(=O)c4cnc(C(F)F)cn4)ccc3F)[C@H]2CO1,55.0,nM,7.26
CHEMBL6120693,O=C(CN1C(=O)S/C(=C\c2c[nH]c3ccccc23)C1=O)Nc1nccs1,1180.0,nM,5.93
CHEMBL6161637,Clc1ccc(-c2nnc(CNC3CCN(Cc4ccccc4)CC3)o2)c(Cl)c1,250.0,nM,6.6
CHEMBL6145969,COc1cccc2cc(C(=O)NCc3cnnn3Cc3ccccc3Cl)c(=O)oc12,96130.0,nM,4.02
CHEMBL5817550,COc1nc(N2C[C@H]3CSC(N)=N[C@@]3(c3cc(/C=C(\F)c4ccc(C#N)cn4)ccc3F)C2)nc(C)c1F,0.405,nM,9.39
CHEMBL6030218,COc1ccc(C2(c3cc(F)cc(F)c3)N=C(N)N(C)C2=O)cc1C,600.0,nM,6.22
CHEMBL6188525,Nc1c2c(nc3c1C(c1cccc([N+](=O)[O-])c1)C1=C(O3)C(=O)c3ccccc3C1=O)CCCC2,19600.0,nM,4.71
